Date,Value,QC_Flag
2003-08-26T00:00:00.000Z,0.13,31
2003-08-26T01:00:00.000Z,-0.098,31
2003-08-26T02:00:00.000Z,-0.325,31
2003-08-26T03:00:00.000Z,-0.43,31
2003-08-26T04:00:00.000Z,-0.383,31
2003-08-26T05:00:00.000Z,-0.172,31
2003-08-26T06:00:00.000Z,0.002,31
2003-08-26T07:00:00.000Z,0.107,31
2003-08-26T08:00:00.000Z,0.066,31
2003-08-26T09:00:00.000Z,0.037,31
2003-08-26T10:00:00.000Z,0.093,31
2003-08-26T11:00:00.000Z,0.139,31
2003-08-26T12:00:00.000Z,0.057,31
2003-08-26T13:00:00.000Z,-0.058,31
2003-08-26T14:00:00.000Z,-0.246,31
2003-08-26T15:00:00.000Z,-0.361,31
2003-08-26T16:00:00.000Z,-0.312,31
2003-08-26T17:00:00.000Z,-0.088,31
2003-08-26T18:00:00.000Z,0.178,31
2003-08-26T19:00:00.000Z,0.326,31
2003-08-26T20:00:00.000Z,0.349,31
2003-08-26T21:00:00.000Z,0.316,31
2003-08-26T22:00:00.000Z,0.311,31
2003-08-26T23:00:00.000Z,0.351,31
2003-08-27T00:00:00.000Z,0.233,31
2003-08-27T01:00:00.000Z,0.009,31
2003-08-27T02:00:00.000Z,-0.279,31
2003-08-27T03:00:00.000Z,-0.494,31
2003-08-27T04:00:00.000Z,-0.517,31
2003-08-27T05:00:00.000Z,-0.335,31
2003-08-27T06:00:00.000Z,-0.062,31
2003-08-27T07:00:00.000Z,0.171,31
2003-08-27T08:00:00.000Z,0.207,31
2003-08-27T09:00:00.000Z,0.163,31
2003-08-27T10:00:00.000Z,0.131,31
2003-08-27T11:00:00.000Z,0.161,31
2003-08-27T12:00:00.000Z,0.114,31
2003-08-27T13:00:00.000Z,-0.025,31
2003-08-27T14:00:00.000Z,-0.244,31
2003-08-27T15:00:00.000Z,-0.403,31
2003-08-27T16:00:00.000Z,-0.375,31
2003-08-27T17:00:00.000Z,-0.189,31
2003-08-27T18:00:00.000Z,0.138,31
2003-08-27T19:00:00.000Z,0.418,31
2003-08-27T20:00:00.000Z,0.523,31
2003-08-27T21:00:00.000Z,0.476,31
2003-08-27T22:00:00.000Z,0.406,31
2003-08-27T23:00:00.000Z,0.423,31
2003-08-28T00:00:00.000Z,0.346,31
2003-08-28T01:00:00.000Z,0.141,31
2003-08-28T02:00:00.000Z,-0.19,31
2003-08-28T03:00:00.000Z,-0.513,31
2003-08-28T04:00:00.000Z,-0.656,31
2003-08-28T05:00:00.000Z,-0.574,31
2003-08-28T06:00:00.000Z,-0.246,31
2003-08-28T07:00:00.000Z,0.085,31
2003-08-28T08:00:00.000Z,0.276,31
2003-08-28T09:00:00.000Z,0.261,31
2003-08-28T10:00:00.000Z,0.179,31
2003-08-28T11:00:00.000Z,0.175,31
2003-08-28T12:00:00.000Z,0.197,31
2003-08-28T13:00:00.000Z,0.062,31
2003-08-28T14:00:00.000Z,-0.134,31
2003-08-28T15:00:00.000Z,-0.398,31
2003-08-28T16:00:00.000Z,-0.532,31
2003-08-28T17:00:00.000Z,-0.422,31
2003-08-28T18:00:00.000Z,-0.1,31
2003-08-28T19:00:00.000Z,0.298,31
2003-08-28T20:00:00.000Z,0.564,31
2003-08-28T21:00:00.000Z,0.618,31
2003-08-28T22:00:00.000Z,0.496,31
2003-08-28T23:00:00.000Z,0.451,31
2003-08-29T00:00:00.000Z,0.421,31
2003-08-29T01:00:00.000Z,0.209,31
2003-08-29T02:00:00.000Z,-0.049,31
2003-08-29T03:00:00.000Z,-0.425,31
2003-08-29T04:00:00.000Z,-0.726,31
2003-08-29T05:00:00.000Z,-0.758,31
2003-08-29T06:00:00.000Z,-0.562,31
2003-08-29T07:00:00.000Z,-0.202,31
2003-08-29T08:00:00.000Z,0.142,31
2003-08-29T09:00:00.000Z,0.28,31
2003-08-29T10:00:00.000Z,0.249,31
2003-08-29T11:00:00.000Z,0.13,31
2003-08-29T12:00:00.000Z,0.123,31
2003-08-29T13:00:00.000Z,0.05,31
2003-08-29T14:00:00.000Z,-0.144,31
2003-08-29T15:00:00.000Z,-0.394,31
2003-08-29T16:00:00.000Z,-0.623,31
2003-08-29T17:00:00.000Z,-0.665,31
2003-08-29T18:00:00.000Z,-0.426,31
2003-08-29T19:00:00.000Z,-0.004,31
2003-08-29T20:00:00.000Z,0.415,31
2003-08-29T21:00:00.000Z,0.618,31
2003-08-29T22:00:00.000Z,0.595,31
2003-08-29T23:00:00.000Z,0.453,31
2003-08-30T00:00:00.000Z,0.402,31
2003-08-30T01:00:00.000Z,0.294,31
2003-08-30T02:00:00.000Z,0.078,31
2003-08-30T03:00:00.000Z,-0.272,31
2003-08-30T04:00:00.000Z,-0.64,31
2003-08-30T05:00:00.000Z,-0.824,31
2003-08-30T06:00:00.000Z,-0.764,31
2003-08-30T07:00:00.000Z,-0.439,31
2003-08-30T08:00:00.000Z,-0.028,31
2003-08-30T09:00:00.000Z,0.267,31
2003-08-30T10:00:00.000Z,0.317,31
2003-08-30T11:00:00.000Z,0.203,31
2003-08-30T12:00:00.000Z,0.141,31
2003-08-30T13:00:00.000Z,0.138,31
2003-08-30T14:00:00.000Z,-0.004,31
2003-08-30T15:00:00.000Z,-0.237,31
2003-08-30T16:00:00.000Z,-0.512,31
2003-08-30T17:00:00.000Z,-0.708,31
2003-08-30T18:00:00.000Z,-0.662,31
2003-08-30T19:00:00.000Z,-0.346,31
2003-08-30T20:00:00.000Z,0.125,31
2003-08-30T21:00:00.000Z,0.461,31
2003-08-30T22:00:00.000Z,0.581,31
2003-08-30T23:00:00.000Z,0.5,31
2003-08-31T00:00:00.000Z,0.371,31
2003-08-31T01:00:00.000Z,0.353,31
2003-08-31T02:00:00.000Z,0.223,31
2003-08-31T03:00:00.000Z,-0.03,31
2003-08-31T04:00:00.000Z,-0.372,31
2003-08-31T05:00:00.000Z,-0.719,31
2003-08-31T06:00:00.000Z,-0.813,31
2003-08-31T07:00:00.000Z,-0.69,31
2003-08-31T08:00:00.000Z,-0.312,31
2003-08-31T09:00:00.000Z,0.065,31
2003-08-31T10:00:00.000Z,0.27,31
2003-08-31T11:00:00.000Z,0.227,31
2003-08-31T12:00:00.000Z,0.103,31
2003-08-31T13:00:00.000Z,0.098,31
2003-08-31T14:00:00.000Z,0.051,31
2003-08-31T15:00:00.000Z,-0.105,31
2003-08-31T16:00:00.000Z,-0.33,31
2003-08-31T17:00:00.000Z,-0.593,31
2003-08-31T18:00:00.000Z,-0.712,31
2003-08-31T19:00:00.000Z,-0.579,31
2003-08-31T20:00:00.000Z,-0.227,31
2003-08-31T21:00:00.000Z,0.199,31
2003-08-31T22:00:00.000Z,0.465,31
2003-08-31T23:00:00.000Z,0.495,31
2003-09-01T00:00:00.000Z,0.378,31
2003-09-01T01:00:00.000Z,0.307,31
2003-09-01T02:00:00.000Z,0.297,31
2003-09-01T03:00:00.000Z,0.155,31
2003-09-01T04:00:00.000Z,-0.098,31
2003-09-01T05:00:00.000Z,-0.428,31
2003-09-01T06:00:00.000Z,-0.704,31
2003-09-01T07:00:00.000Z,-0.753,31
2003-09-01T08:00:00.000Z,-0.591,31
2003-09-01T09:00:00.000Z,-0.225,31
2003-09-01T10:00:00.000Z,0.062,31
2003-09-01T11:00:00.000Z,0.156,31
2003-09-01T12:00:00.000Z,0.101,31
2003-09-01T13:00:00.000Z,0.004,31
2003-09-01T14:00:00.000Z,0.063,31
2003-09-01T15:00:00.000Z,0.028,31
2003-09-01T16:00:00.000Z,-0.112,31
2003-09-01T17:00:00.000Z,-0.316,31
2003-09-01T18:00:00.000Z,-0.565,31
2003-09-01T19:00:00.000Z,-0.646,31
2003-09-01T20:00:00.000Z,-0.508,31
2003-09-01T21:00:00.000Z,-0.18,31
2003-09-01T22:00:00.000Z,0.146,31
2003-09-01T23:00:00.000Z,0.325,31
2003-09-02T00:00:00.000Z,0.306,31
2003-09-02T01:00:00.000Z,0.203,31
2003-09-02T02:00:00.000Z,0.21,31
2003-09-02T03:00:00.000Z,0.23,31
2003-09-02T04:00:00.000Z,0.135,31
2003-09-02T05:00:00.000Z,-0.076,31
2003-09-02T06:00:00.000Z,-0.348,31
2003-09-02T07:00:00.000Z,-0.568,31
2003-09-02T08:00:00.000Z,-0.641,31
2003-09-02T09:00:00.000Z,-0.476,31
2003-09-02T10:00:00.000Z,-0.214,31
2003-09-02T11:00:00.000Z,-0.015,31
2003-09-02T12:00:00.000Z,0.029,31
2003-09-02T13:00:00.000Z,-0.025,31
2003-09-02T14:00:00.000Z,-0.043,31
2003-09-02T15:00:00.000Z,0.041,31
2003-09-02T16:00:00.000Z,0.032,31
2003-09-02T17:00:00.000Z,-0.057,31
2003-09-02T18:00:00.000Z,-0.242,31
2003-09-02T19:00:00.000Z,-0.454,31
2003-09-02T20:00:00.000Z,-0.521,31
2003-09-02T21:00:00.000Z,-0.437,31
2003-09-02T22:00:00.000Z,-0.184,31
2003-09-02T23:00:00.000Z,0.058,31
2003-09-03T00:00:00.000Z,0.159,31
2003-09-03T01:00:00.000Z,0.118,31
2003-09-03T02:00:00.000Z,0.057,31
2003-09-03T03:00:00.000Z,0.135,31
2003-09-03T04:00:00.000Z,0.195,31
2003-09-03T05:00:00.000Z,0.156,31
2003-09-03T06:00:00.000Z,0.038,31
2003-09-03T07:00:00.000Z,-0.23,31
2003-09-03T08:00:00.000Z,-0.431,31
2003-09-03T09:00:00.000Z,-0.52,31
2003-09-03T10:00:00.000Z,-0.431,31
2003-09-03T11:00:00.000Z,-0.253,31
2003-09-03T12:00:00.000Z,-0.11,31
2003-09-03T13:00:00.000Z,-0.087,31
2003-09-03T14:00:00.000Z,-0.12,31
2003-09-03T15:00:00.000Z,-0.09,31
2003-09-03T16:00:00.000Z,0.039,31
2003-09-03T17:00:00.000Z,0.077,31
2003-09-03T18:00:00.000Z,0.046,31
2003-09-03T19:00:00.000Z,-0.107,31
2003-09-03T20:00:00.000Z,-0.317,31
2003-09-03T21:00:00.000Z,-0.417,31
2003-09-03T22:00:00.000Z,-0.394,31
2003-09-03T23:00:00.000Z,-0.258,31
2003-09-04T00:00:00.000Z,-0.098,31
2003-09-04T01:00:00.000Z,-0.025,31
2003-09-04T02:00:00.000Z,-0.064,31
2003-09-04T03:00:00.000Z,-0.071,31
2003-09-04T04:00:00.000Z,0.051,31
2003-09-04T05:00:00.000Z,0.185,31
2003-09-04T06:00:00.000Z,0.246,31
2003-09-04T07:00:00.000Z,0.16,31
2003-09-04T08:00:00.000Z,-0.068,31
2003-09-04T09:00:00.000Z,-0.278,31
2003-09-04T10:00:00.000Z,-0.408,31
2003-09-04T11:00:00.000Z,-0.385,31
2003-09-04T12:00:00.000Z,-0.267,31
2003-09-04T13:00:00.000Z,-0.142,31
2003-09-04T14:00:00.000Z,-0.118,31
2003-09-04T15:00:00.000Z,-0.105,31
2003-09-04T16:00:00.000Z,-0.03,31
2003-09-04T17:00:00.000Z,0.141,31
2003-09-04T18:00:00.000Z,0.263,31
2003-09-04T19:00:00.000Z,0.271,31
2003-09-04T20:00:00.000Z,0.125,31
2003-09-04T21:00:00.000Z,-0.099,31
2003-09-04T22:00:00.000Z,-0.275,31
2003-09-04T23:00:00.000Z,-0.326,31
2003-09-05T00:00:00.000Z,-0.26,31
2003-09-05T01:00:00.000Z,-0.143,31
2003-09-05T02:00:00.000Z,-0.072,31
2003-09-05T03:00:00.000Z,-0.075,31
2003-09-05T04:00:00.000Z,-0.061,31
2003-09-05T05:00:00.000Z,0.069,31
2003-09-05T06:00:00.000Z,0.282,31
2003-09-05T07:00:00.000Z,0.396,31
2003-09-05T08:00:00.000Z,0.373,31
2003-09-05T09:00:00.000Z,0.181,31
2003-09-05T10:00:00.000Z,-0.047,31
2003-09-05T11:00:00.000Z,-0.216,31
2003-09-05T12:00:00.000Z,-0.272,31
2003-09-05T13:00:00.000Z,-0.191,31
2003-09-05T14:00:00.000Z,-0.085,31
2003-09-05T15:00:00.000Z,-0.014,31
2003-09-05T16:00:00.000Z,0.016,31
2003-09-05T17:00:00.000Z,0.085,31
2003-09-05T18:00:00.000Z,0.237,31
2003-09-05T19:00:00.000Z,0.399,31
2003-09-05T20:00:00.000Z,0.397,31
2003-09-05T21:00:00.000Z,0.285,31
2003-09-05T22:00:00.000Z,0.016,31
2003-09-05T23:00:00.000Z,-0.212,31
2003-09-06T00:00:00.000Z,-0.336,31
2003-09-06T01:00:00.000Z,-0.342,31
2003-09-06T02:00:00.000Z,-0.258,31
2003-09-06T03:00:00.000Z,-0.161,31
2003-09-06T04:00:00.000Z,-0.146,31
2003-09-06T05:00:00.000Z,-0.131,31
2003-09-06T06:00:00.000Z,-0.019,31
2003-09-06T07:00:00.000Z,0.179,31
2003-09-06T08:00:00.000Z,0.323,31
2003-09-06T09:00:00.000Z,0.321,31
2003-09-06T10:00:00.000Z,0.165,31
2003-09-06T11:00:00.000Z,-0.038,31
2003-09-06T12:00:00.000Z,-0.219,31
2003-09-06T13:00:00.000Z,-0.297,31
2003-09-06T14:00:00.000Z,-0.217,31
2003-09-06T15:00:00.000Z,-0.08,31
2003-09-06T16:00:00.000Z,0.006,31
2003-09-06T17:00:00.000Z,0.057,31
2003-09-06T18:00:00.000Z,0.093,31
2003-09-06T19:00:00.000Z,0.185,31
2003-09-06T20:00:00.000Z,0.324,31
2003-09-06T21:00:00.000Z,0.343,31
2003-09-06T22:00:00.000Z,0.21,31
2003-09-06T23:00:00.000Z,-0.036,31
2003-09-07T00:00:00.000Z,-0.272,31
2003-09-07T01:00:00.000Z,-0.41,31
2003-09-07T02:00:00.000Z,-0.429,31
2003-09-07T03:00:00.000Z,-0.321,31
2003-09-07T04:00:00.000Z,-0.168,31
2003-09-07T05:00:00.000Z,-0.102,31
2003-09-07T06:00:00.000Z,-0.06,31
2003-09-07T07:00:00.000Z,0.01,31
2003-09-07T08:00:00.000Z,0.157,31
2003-09-07T09:00:00.000Z,0.323,31
2003-09-07T10:00:00.000Z,0.38,31
2003-09-07T11:00:00.000Z,0.231,31
2003-09-07T12:00:00.000Z,0.03,31
2003-09-07T13:00:00.000Z,-0.132,31
2003-09-07T14:00:00.000Z,-0.167,31
2003-09-07T15:00:00.000Z,-0.066,31
2003-09-07T16:00:00.000Z,0.13,31
2003-09-07T17:00:00.000Z,0.265,31
2003-09-07T18:00:00.000Z,0.327,31
2003-09-07T19:00:00.000Z,0.32,31
2003-09-07T20:00:00.000Z,0.358,31
2003-09-07T21:00:00.000Z,0.448,31
2003-09-07T22:00:00.000Z,0.422,31
2003-09-07T23:00:00.000Z,0.267,31
2003-09-08T00:00:00.000Z,0.025,31
2003-09-08T01:00:00.000Z,-0.234,31
2003-09-08T02:00:00.000Z,-0.37,31
2003-09-08T03:00:00.000Z,-0.34,31
2003-09-08T04:00:00.000Z,-0.198,31
2003-09-08T05:00:00.000Z,-0.011,31
2003-09-08T06:00:00.000Z,0.051,31
2003-09-08T07:00:00.000Z,0.062,31
2003-09-08T08:00:00.000Z,0.048,31
2003-09-08T09:00:00.000Z,0.148,31
2003-09-08T10:00:00.000Z,0.244,31
2003-09-08T11:00:00.000Z,0.194,31
2003-09-08T12:00:00.000Z,0.032,31
2003-09-08T13:00:00.000Z,-0.196,31
2003-09-08T14:00:00.000Z,-0.352,31
2003-09-08T15:00:00.000Z,-0.346,31
2003-09-08T16:00:00.000Z,-0.173,31
2003-09-08T17:00:00.000Z,0.073,31
2003-09-08T18:00:00.000Z,0.289,31
2003-09-08T19:00:00.000Z,0.331,31
2003-09-08T20:00:00.000Z,0.317,31
2003-09-08T21:00:00.000Z,0.288,31
2003-09-08T22:00:00.000Z,0.334,31
2003-09-08T23:00:00.000Z,0.226,31
2003-09-09T00:00:00.000Z,0.013,31
2003-09-09T01:00:00.000Z,-0.306,31
2003-09-09T02:00:00.000Z,-0.559,31
2003-09-09T03:00:00.000Z,-0.668,31
2003-09-09T04:00:00.000Z,-0.569,31
2003-09-09T05:00:00.000Z,-0.287,31
2003-09-09T06:00:00.000Z,-0.036,31
2003-09-09T07:00:00.000Z,0.048,31
2003-09-09T08:00:00.000Z,0.032,31
2003-09-09T09:00:00.000Z,-0.016,31
2003-09-09T10:00:00.000Z,0.068,31
2003-09-09T11:00:00.000Z,0.091,31
2003-09-09T12:00:00.000Z,0.034,31
2003-09-09T13:00:00.000Z,-0.176,31
2003-09-09T14:00:00.000Z,-0.377,31
2003-09-09T15:00:00.000Z,-0.49,31
2003-09-09T16:00:00.000Z,-0.41,31
2003-09-09T17:00:00.000Z,-0.106,31
2003-09-09T18:00:00.000Z,0.246,31
2003-09-09T19:00:00.000Z,0.462,31
2003-09-09T20:00:00.000Z,0.476,31
2003-09-09T21:00:00.000Z,0.442,31
2003-09-09T22:00:00.000Z,0.363,31
2003-09-09T23:00:00.000Z,0.381,31
2003-09-10T00:00:00.000Z,0.208,31
2003-09-10T01:00:00.000Z,-0.032,31
2003-09-10T02:00:00.000Z,-0.369,31
2003-09-10T03:00:00.000Z,-0.575,31
2003-09-10T04:00:00.000Z,-0.615,31
2003-09-10T05:00:00.000Z,-0.435,31
2003-09-10T06:00:00.000Z,-0.122,31
2003-09-10T07:00:00.000Z,0.092,31
2003-09-10T08:00:00.000Z,0.135,31
2003-09-10T09:00:00.000Z,0.074,31
2003-09-10T10:00:00.000Z,0.016,31
2003-09-10T11:00:00.000Z,0.08,31
2003-09-10T12:00:00.000Z,0.072,31
2003-09-10T13:00:00.000Z,-0.087,31
2003-09-10T14:00:00.000Z,-0.303,31
2003-09-10T15:00:00.000Z,-0.52,31
2003-09-10T16:00:00.000Z,-0.552,31
2003-09-10T17:00:00.000Z,-0.332,31
2003-09-10T18:00:00.000Z,-0.005,31
2003-09-10T19:00:00.000Z,0.351,31
2003-09-10T20:00:00.000Z,0.503,31
2003-09-10T21:00:00.000Z,0.467,31
2003-09-10T22:00:00.000Z,0.373,31
2003-09-10T23:00:00.000Z,0.381,31
2003-09-11T00:00:00.000Z,0.285,31
2003-09-11T01:00:00.000Z,0.053,31
2003-09-11T02:00:00.000Z,-0.266,31
2003-09-11T03:00:00.000Z,-0.571,31
2003-09-11T04:00:00.000Z,-0.698,31
2003-09-11T05:00:00.000Z,-0.617,31
2003-09-11T06:00:00.000Z,-0.316,31
2003-09-11T07:00:00.000Z,0.05,31
2003-09-11T08:00:00.000Z,0.192,31
2003-09-11T09:00:00.000Z,0.165,31
2003-09-11T10:00:00.000Z,0.069,31
2003-09-11T11:00:00.000Z,0.061,31
2003-09-11T12:00:00.000Z,0.125,31
2003-09-11T13:00:00.000Z,0.017,31
2003-09-11T14:00:00.000Z,-0.156,31
2003-09-11T15:00:00.000Z,-0.408,31
2003-09-11T16:00:00.000Z,-0.556,31
2003-09-11T17:00:00.000Z,-0.434,31
2003-09-11T18:00:00.000Z,-0.13,31
2003-09-11T19:00:00.000Z,0.292,31
2003-09-11T20:00:00.000Z,0.583,31
2003-09-11T21:00:00.000Z,0.632,31
2003-09-11T22:00:00.000Z,0.48,31
2003-09-11T23:00:00.000Z,0.398,31
2003-09-12T00:00:00.000Z,0.341,31
2003-09-12T01:00:00.000Z,0.151,31
2003-09-12T02:00:00.000Z,-0.147,31
2003-09-12T03:00:00.000Z,-0.477,31
2003-09-12T04:00:00.000Z,-0.738,31
2003-09-12T05:00:00.000Z,-0.801,31
2003-09-12T06:00:00.000Z,-0.588,31
2003-09-12T07:00:00.000Z,-0.238,31
2003-09-12T08:00:00.000Z,0.055,31
2003-09-12T09:00:00.000Z,0.146,31
2003-09-12T10:00:00.000Z,0.067,31
2003-09-12T11:00:00.000Z,-0.093,31
2003-09-12T12:00:00.000Z,-0.025,31
2003-09-12T13:00:00.000Z,-0.102,31
2003-09-12T14:00:00.000Z,-0.228,31
2003-09-12T15:00:00.000Z,-0.458,31
2003-09-12T16:00:00.000Z,-0.64,31
2003-09-12T17:00:00.000Z,-0.685,31
2003-09-12T18:00:00.000Z,-0.486,31
2003-09-12T19:00:00.000Z,-0.064,31
2003-09-12T20:00:00.000Z,0.293,31
2003-09-12T21:00:00.000Z,0.5,31
2003-09-12T22:00:00.000Z,0.466,31
2003-09-12T23:00:00.000Z,0.359,31
2003-09-13T00:00:00.000Z,0.277,31
2003-09-13T01:00:00.000Z,0.29,31
2003-09-13T02:00:00.000Z,0.043,31
2003-09-13T03:00:00.000Z,-0.18,31
2003-09-13T04:00:00.000Z,-0.469,31
2003-09-13T05:00:00.000Z,-0.612,31
2003-09-13T06:00:00.000Z,-0.544,31
2003-09-13T07:00:00.000Z,-0.266,31
2003-09-13T08:00:00.000Z,0.083,31
2003-09-13T09:00:00.000Z,0.259,31
2003-09-13T10:00:00.000Z,0.236,31
2003-09-13T11:00:00.000Z,0.103,31
2003-09-13T12:00:00.000Z,0.056,31
2003-09-13T13:00:00.000Z,0.074,31
2003-09-13T14:00:00.000Z,-0.007,31
2003-09-13T15:00:00.000Z,-0.191,31
2003-09-13T16:00:00.000Z,-0.43,31
2003-09-13T17:00:00.000Z,-0.588,31
2003-09-13T18:00:00.000Z,-0.54,31
2003-09-13T19:00:00.000Z,-0.275,31
2003-09-13T20:00:00.000Z,0.095,31
2003-09-13T21:00:00.000Z,0.377,31
2003-09-13T22:00:00.000Z,0.46,31
2003-09-13T23:00:00.000Z,0.378,31
2003-09-14T00:00:00.000Z,0.268,31
2003-09-14T01:00:00.000Z,0.272,31
2003-09-14T02:00:00.000Z,0.164,31
2003-09-14T03:00:00.000Z,-0.046,31
2003-09-14T04:00:00.000Z,-0.283,31
2003-09-14T05:00:00.000Z,-0.491,31
2003-09-14T06:00:00.000Z,-0.571,31
2003-09-14T07:00:00.000Z,-0.437,31
2003-09-14T08:00:00.000Z,-0.146,31
2003-09-14T09:00:00.000Z,0.089,31
2003-09-14T10:00:00.000Z,0.153,31
2003-09-14T11:00:00.000Z,0.085,31
2003-09-14T12:00:00.000Z,-0.052,31
2003-09-14T13:00:00.000Z,-0.028,31
2003-09-14T14:00:00.000Z,-0.041,31
2003-09-14T15:00:00.000Z,-0.157,31
2003-09-14T16:00:00.000Z,-0.285,31
2003-09-14T17:00:00.000Z,-0.472,31
2003-09-14T18:00:00.000Z,-0.542,31
2003-09-14T19:00:00.000Z,-0.448,31
2003-09-14T20:00:00.000Z,-0.162,31
2003-09-14T21:00:00.000Z,0.129,31
2003-09-14T22:00:00.000Z,0.277,31
2003-09-14T23:00:00.000Z,0.269,31
2003-09-15T00:00:00.000Z,0.183,31
2003-09-15T01:00:00.000Z,0.177,31
2003-09-15T02:00:00.000Z,0.176,31
2003-09-15T03:00:00.000Z,0.067,31
2003-09-15T04:00:00.000Z,-0.094,31
2003-09-15T05:00:00.000Z,-0.307,31
2003-09-15T06:00:00.000Z,-0.45,31
2003-09-15T07:00:00.000Z,-0.468,31
2003-09-15T08:00:00.000Z,-0.266,31
2003-09-15T09:00:00.000Z,-0.039,31
2003-09-15T10:00:00.000Z,0.09,31
2003-09-15T11:00:00.000Z,0.064,31
2003-09-15T12:00:00.000Z,-0.02,31
2003-09-15T13:00:00.000Z,-0.054,31
2003-09-15T14:00:00.000Z,0.019,31
2003-09-15T15:00:00.000Z,0.015,31
2003-09-15T16:00:00.000Z,-0.07,31
2003-09-15T17:00:00.000Z,-0.212,31
2003-09-15T18:00:00.000Z,-0.366,31
2003-09-15T19:00:00.000Z,-0.39,31
2003-09-15T20:00:00.000Z,-0.253,31
2003-09-15T21:00:00.000Z,-0.006,31
2003-09-15T22:00:00.000Z,0.134,31
2003-09-15T23:00:00.000Z,0.215,31
2003-09-16T00:00:00.000Z,0.163,31
2003-09-16T01:00:00.000Z,0.139,31
2003-09-16T02:00:00.000Z,0.2,31
2003-09-16T03:00:00.000Z,0.173,31
2003-09-16T04:00:00.000Z,0.086,31
2003-09-16T05:00:00.000Z,-0.063,31
2003-09-16T06:00:00.000Z,-0.243,31
2003-09-16T07:00:00.000Z,-0.341,31
2003-09-16T08:00:00.000Z,-0.312,31
2003-09-16T09:00:00.000Z,-0.15,31
2003-09-16T10:00:00.000Z,-0.021,31
2003-09-16T11:00:00.000Z,0.024,31
2003-09-16T12:00:00.000Z,-0.025,31
2003-09-16T13:00:00.000Z,-0.091,31
2003-09-16T14:00:00.000Z,-0.011,31
2003-09-16T15:00:00.000Z,0.057,31
2003-09-16T16:00:00.000Z,0.056,31
2003-09-16T17:00:00.000Z,-0.03,31
2003-09-16T18:00:00.000Z,-0.186,31
2003-09-16T19:00:00.000Z,-0.28,31
2003-09-16T20:00:00.000Z,-0.292,31
2003-09-16T21:00:00.000Z,-0.167,31
2003-09-16T22:00:00.000Z,-0.02,31
2003-09-16T23:00:00.000Z,0.084,31
2003-09-17T00:00:00.000Z,0.077,31
2003-09-17T01:00:00.000Z,0.044,31
2003-09-17T02:00:00.000Z,0.113,31
2003-09-17T03:00:00.000Z,0.198,31
2003-09-17T04:00:00.000Z,0.207,31
2003-09-17T05:00:00.000Z,0.162,31
2003-09-17T06:00:00.000Z,0.022,31
2003-09-17T07:00:00.000Z,-0.13,31
2003-09-17T08:00:00.000Z,-0.201,31
2003-09-17T09:00:00.000Z,-0.155,31
2003-09-17T10:00:00.000Z,-0.066,31
2003-09-17T11:00:00.000Z,0.015,31
2003-09-17T12:00:00.000Z,0.043,31
2003-09-17T13:00:00.000Z,0.004,31
2003-09-17T14:00:00.000Z,0.044,31
2003-09-17T15:00:00.000Z,0.186,31
2003-09-17T16:00:00.000Z,0.263,31
2003-09-17T17:00:00.000Z,0.287,31
2003-09-17T18:00:00.000Z,0.214,31
2003-09-17T19:00:00.000Z,0.056,31
2003-09-17T20:00:00.000Z,-0.047,31
2003-09-17T21:00:00.000Z,-0.078,31
2003-09-17T22:00:00.000Z,-0.048,31
2003-09-17T23:00:00.000Z,0.042,31
2003-09-18T00:00:00.000Z,0.067,31
2003-09-18T01:00:00.000Z,0.032,31
2003-09-18T02:00:00.000Z,0.038,31
2003-09-18T03:00:00.000Z,0.13,31
2003-09-18T04:00:00.000Z,0.212,31
2003-09-18T05:00:00.000Z,0.265,31
2003-09-18T06:00:00.000Z,0.232,31
2003-09-18T07:00:00.000Z,0.102,31
2003-09-18T08:00:00.000Z,-0.02,31
2003-09-18T09:00:00.000Z,-0.11,31
2003-09-18T10:00:00.000Z,-0.09,31
2003-09-18T11:00:00.000Z,-0.051,31
2003-09-18T12:00:00.000Z,0.007,31
2003-09-18T13:00:00.000Z,0.005,31
2003-09-18T14:00:00.000Z,0.019,31
2003-09-18T15:00:00.000Z,0.078,31
2003-09-18T16:00:00.000Z,0.264,31
2003-09-18T17:00:00.000Z,0.376,31
2003-09-18T18:00:00.000Z,0.404,31
2003-09-18T19:00:00.000Z,0.336,31
2003-09-18T20:00:00.000Z,0.19,31
2003-09-18T21:00:00.000Z,0.056,31
2003-09-18T22:00:00.000Z,-0.01,31
2003-09-18T23:00:00.000Z,-0.015,31
2003-09-19T00:00:00.000Z,0.022,31
2003-09-19T01:00:00.000Z,0.011,31
2003-09-19T02:00:00.000Z,0.022,31
2003-09-19T03:00:00.000Z,0.062,31
2003-09-19T04:00:00.000Z,0.203,31
2003-09-19T05:00:00.000Z,0.349,31
2003-09-19T06:00:00.000Z,0.377,31
2003-09-19T07:00:00.000Z,0.318,31
2003-09-19T08:00:00.000Z,0.204,31
2003-09-19T09:00:00.000Z,0.048,31
2003-09-19T10:00:00.000Z,-0.071,31
2003-09-19T11:00:00.000Z,-0.111,31
2003-09-19T12:00:00.000Z,-0.073,31
2003-09-19T13:00:00.000Z,-0.071,31
2003-09-19T14:00:00.000Z,-0.068,31
2003-09-19T15:00:00.000Z,-0.039,31
2003-09-19T16:00:00.000Z,0.1,31
2003-09-19T17:00:00.000Z,0.291,31
2003-09-19T18:00:00.000Z,0.372,31
2003-09-19T19:00:00.000Z,0.411,31
2003-09-19T20:00:00.000Z,0.303,31
2003-09-19T21:00:00.000Z,0.156,31
2003-09-19T22:00:00.000Z,-0.07,31
2003-09-19T23:00:00.000Z,-0.182,31
2003-09-20T00:00:00.000Z,-0.23,31
2003-09-20T01:00:00.000Z,-0.23,31
2003-09-20T02:00:00.000Z,-0.219,31
2003-09-20T03:00:00.000Z,-0.17,31
2003-09-20T04:00:00.000Z,-0.114,31
2003-09-20T05:00:00.000Z,0.061,31
2003-09-20T06:00:00.000Z,0.193,31
2003-09-20T07:00:00.000Z,0.328,31
2003-09-20T08:00:00.000Z,0.28,31
2003-09-20T09:00:00.000Z,0.164,31
2003-09-20T10:00:00.000Z,0.026,31
2003-09-20T11:00:00.000Z,-0.068,31
2003-09-20T12:00:00.000Z,-0.146,31
2003-09-20T13:00:00.000Z,-0.119,31
2003-09-20T14:00:00.000Z,-0.077,31
2003-09-20T15:00:00.000Z,-0.076,31
2003-09-20T16:00:00.000Z,-0.002,31
2003-09-20T17:00:00.000Z,0.078,31
2003-09-20T18:00:00.000Z,0.239,31
2003-09-20T19:00:00.000Z,0.355,31
2003-09-20T20:00:00.000Z,0.381,31
2003-09-20T21:00:00.000Z,0.267,31
2003-09-20T22:00:00.000Z,0.119,31
2003-09-20T23:00:00.000Z,-0.096,31
2003-09-21T00:00:00.000Z,-0.193,31
2003-09-21T01:00:00.000Z,-0.283,31
2003-09-21T02:00:00.000Z,-0.24,31
2003-09-21T03:00:00.000Z,-0.194,31
2003-09-21T04:00:00.000Z,-0.126,31
2003-09-21T05:00:00.000Z,-0.025,31
2003-09-21T06:00:00.000Z,0.089,31
2003-09-21T07:00:00.000Z,0.262,31
2003-09-21T08:00:00.000Z,0.361,31
2003-09-21T09:00:00.000Z,0.35,31
2003-09-21T10:00:00.000Z,0.268,31
2003-09-21T11:00:00.000Z,0.159,31
2003-09-21T12:00:00.000Z,0.034,31
2003-09-21T13:00:00.000Z,0.019,31
2003-09-21T14:00:00.000Z,0.051,31
2003-09-21T15:00:00.000Z,0.115,31
2003-09-21T16:00:00.000Z,0.151,31
2003-09-21T17:00:00.000Z,0.21,31
2003-09-21T18:00:00.000Z,0.248,31
2003-09-21T19:00:00.000Z,0.409,31
2003-09-21T20:00:00.000Z,0.519,31
2003-09-21T21:00:00.000Z,0.554,31
2003-09-21T22:00:00.000Z,0.47,31
2003-09-21T23:00:00.000Z,0.269,31
2003-09-22T00:00:00.000Z,0.11,31
2003-09-22T01:00:00.000Z,-0.023,31
2003-09-22T02:00:00.000Z,-0.053,31
2003-09-22T03:00:00.000Z,-0.011,31
2003-09-22T04:00:00.000Z,0.087,31
2003-09-22T05:00:00.000Z,0.164,31
2003-09-22T06:00:00.000Z,0.197,31
2003-09-22T07:00:00.000Z,0.236,31
2003-09-22T08:00:00.000Z,0.331,31
2003-09-22T09:00:00.000Z,0.364,31
2003-09-22T10:00:00.000Z,0.313,31
2003-09-22T11:00:00.000Z,0.166,31
2003-09-22T12:00:00.000Z,0.05,31
2003-09-22T13:00:00.000Z,-0.099,31
2003-09-22T14:00:00.000Z,-0.151,31
2003-09-22T15:00:00.000Z,-0.066,31
2003-09-22T16:00:00.000Z,0.021,31
2003-09-22T17:00:00.000Z,0.092,31
2003-09-22T18:00:00.000Z,0.125,31
2003-09-22T19:00:00.000Z,0.156,31
2003-09-22T20:00:00.000Z,0.204,31
2003-09-22T21:00:00.000Z,0.274,31
2003-09-22T22:00:00.000Z,0.267,31
2003-09-22T23:00:00.000Z,0.135,31
2003-09-23T00:00:00.000Z,-0.082,31
2003-09-23T01:00:00.000Z,-0.303,31
2003-09-23T02:00:00.000Z,-0.369,31
2003-09-23T03:00:00.000Z,-0.354,31
2003-09-23T04:00:00.000Z,-0.242,31
2003-09-23T05:00:00.000Z,-0.079,31
2003-09-23T06:00:00.000Z,-0.016,31
2003-09-23T07:00:00.000Z,-0.034,31
2003-09-23T08:00:00.000Z,-0.046,31
2003-09-23T09:00:00.000Z,0.021,31
2003-09-23T10:00:00.000Z,0.017,31
2003-09-23T11:00:00.000Z,-0.01,31
2003-09-23T12:00:00.000Z,-0.118,31
2003-09-23T13:00:00.000Z,-0.245,31
2003-09-23T14:00:00.000Z,-0.312,31
2003-09-23T15:00:00.000Z,-0.252,31
2003-09-23T16:00:00.000Z,-0.079,31
2003-09-23T17:00:00.000Z,0.124,31
2003-09-23T18:00:00.000Z,0.244,31
2003-09-23T19:00:00.000Z,0.245,31
2003-09-23T20:00:00.000Z,0.221,31
2003-09-23T21:00:00.000Z,0.253,31
2003-09-23T22:00:00.000Z,0.261,31
2003-09-23T23:00:00.000Z,0.149,31
2003-09-24T00:00:00.000Z,-0.082,31
2003-09-24T01:00:00.000Z,-0.344,31
2003-09-24T02:00:00.000Z,-0.531,31
2003-09-24T03:00:00.000Z,-0.543,31
2003-09-24T04:00:00.000Z,-0.398,31
2003-09-24T05:00:00.000Z,-0.146,31
2003-09-24T06:00:00.000Z,0.058,31
2003-09-24T07:00:00.000Z,0.091,31
2003-09-24T08:00:00.000Z,0.066,31
2003-09-24T09:00:00.000Z,0.066,31
2003-09-24T10:00:00.000Z,0.163,31
2003-09-24T11:00:00.000Z,0.128,31
2003-09-24T12:00:00.000Z,0.015,31
2003-09-24T13:00:00.000Z,-0.176,31
2003-09-24T14:00:00.000Z,-0.345,31
2003-09-24T15:00:00.000Z,-0.345,31
2003-09-24T16:00:00.000Z,-0.181,31
2003-09-24T17:00:00.000Z,0.107,31
2003-09-24T18:00:00.000Z,0.334,31
2003-09-24T19:00:00.000Z,0.437,31
2003-09-24T20:00:00.000Z,0.415,31
2003-09-24T21:00:00.000Z,0.368,31
2003-09-24T22:00:00.000Z,0.403,31
2003-09-24T23:00:00.000Z,0.304,31
2003-09-25T00:00:00.000Z,0.098,31
2003-09-25T01:00:00.000Z,-0.195,31
2003-09-25T02:00:00.000Z,-0.499,31
2003-09-25T03:00:00.000Z,-0.626,31
2003-09-25T04:00:00.000Z,-0.54,31
2003-09-25T05:00:00.000Z,-0.253,31
2003-09-25T06:00:00.000Z,0.066,31
2003-09-25T07:00:00.000Z,0.269,31
2003-09-25T08:00:00.000Z,0.274,31
2003-09-25T09:00:00.000Z,0.219,31
2003-09-25T10:00:00.000Z,0.232,31
2003-09-25T11:00:00.000Z,0.227,31
2003-09-25T12:00:00.000Z,0.085,31
2003-09-25T13:00:00.000Z,-0.112,31
2003-09-25T14:00:00.000Z,-0.365,31
2003-09-25T15:00:00.000Z,-0.478,31
2003-09-25T16:00:00.000Z,-0.362,31
2003-09-25T17:00:00.000Z,-0.039,31
2003-09-25T18:00:00.000Z,0.358,31
2003-09-25T19:00:00.000Z,0.611,31
2003-09-25T20:00:00.000Z,0.664,31
2003-09-25T21:00:00.000Z,0.554,31
2003-09-25T22:00:00.000Z,0.494,31
2003-09-25T23:00:00.000Z,0.453,31
2003-09-26T00:00:00.000Z,0.267,31
2003-09-26T01:00:00.000Z,-0.027,31
2003-09-26T02:00:00.000Z,-0.406,31
2003-09-26T03:00:00.000Z,-0.685,31
2003-09-26T04:00:00.000Z,-0.701,31
2003-09-26T05:00:00.000Z,-0.45,31
2003-09-26T06:00:00.000Z,-0.034,31
2003-09-26T07:00:00.000Z,0.339,31
2003-09-26T08:00:00.000Z,0.519,31
2003-09-26T09:00:00.000Z,0.452,31
2003-09-26T10:00:00.000Z,0.328,31
2003-09-26T11:00:00.000Z,0.28,31
2003-09-26T12:00:00.000Z,0.152,31
2003-09-26T13:00:00.000Z,-0.12,31
2003-09-26T14:00:00.000Z,-0.421,31
2003-09-26T15:00:00.000Z,-0.685,31
2003-09-26T16:00:00.000Z,-0.701,31
2003-09-26T17:00:00.000Z,-0.477,31
2003-09-26T18:00:00.000Z,-0.034,31
2003-09-26T19:00:00.000Z,0.397,31
2003-09-26T20:00:00.000Z,0.611,31
2003-09-26T21:00:00.000Z,0.586,31
2003-09-26T22:00:00.000Z,0.439,31
2003-09-26T23:00:00.000Z,0.373,31
2003-09-27T00:00:00.000Z,0.271,31
2003-09-27T01:00:00.000Z,-0.017,31
2003-09-27T02:00:00.000Z,-0.379,31
2003-09-27T03:00:00.000Z,-0.772,31
2003-09-27T04:00:00.000Z,-0.942,31
2003-09-27T05:00:00.000Z,-0.833,31
2003-09-27T06:00:00.000Z,-0.412,31
2003-09-27T07:00:00.000Z,0.075,31
2003-09-27T08:00:00.000Z,0.387,31
2003-09-27T09:00:00.000Z,0.448,31
2003-09-27T10:00:00.000Z,0.303,31
2003-09-27T11:00:00.000Z,0.205,31
2003-09-27T12:00:00.000Z,0.166,31
2003-09-27T13:00:00.000Z,-0.03,31
2003-09-27T14:00:00.000Z,-0.309,31
2003-09-27T15:00:00.000Z,-0.631,31
2003-09-27T16:00:00.000Z,-0.824,31
2003-09-27T17:00:00.000Z,-0.719,31
2003-09-27T18:00:00.000Z,-0.319,31
2003-09-27T19:00:00.000Z,0.211,31
2003-09-27T20:00:00.000Z,0.595,31
2003-09-27T21:00:00.000Z,0.714,31
2003-09-27T22:00:00.000Z,0.612,31
2003-09-27T23:00:00.000Z,0.476,31
2003-09-28T00:00:00.000Z,0.423,31
2003-09-28T01:00:00.000Z,0.227,31
2003-09-28T02:00:00.000Z,-0.073,31
2003-09-28T03:00:00.000Z,-0.494,31
2003-09-28T04:00:00.000Z,-0.844,31
2003-09-28T05:00:00.000Z,-0.89,31
2003-09-28T06:00:00.000Z,-0.66,31
2003-09-28T07:00:00.000Z,-0.186,31
2003-09-28T08:00:00.000Z,0.273,31
2003-09-28T09:00:00.000Z,0.498,31
2003-09-28T10:00:00.000Z,0.476,31
2003-09-28T11:00:00.000Z,0.33,31
2003-09-28T12:00:00.000Z,0.28,31
2003-09-28T13:00:00.000Z,0.191,31
2003-09-28T14:00:00.000Z,-0.056,31
2003-09-28T15:00:00.000Z,-0.362,31
2003-09-28T16:00:00.000Z,-0.676,31
2003-09-28T17:00:00.000Z,-0.757,31
2003-09-28T18:00:00.000Z,-0.56,31
2003-09-28T19:00:00.000Z,-0.094,31
2003-09-28T20:00:00.000Z,0.41,31
2003-09-28T21:00:00.000Z,0.713,31
2003-09-28T22:00:00.000Z,0.749,31
2003-09-28T23:00:00.000Z,0.606,31
2003-09-29T00:00:00.000Z,0.497,31
2003-09-29T01:00:00.000Z,0.449,31
2003-09-29T02:00:00.000Z,0.227,31
2003-09-29T03:00:00.000Z,-0.085,31
2003-09-29T04:00:00.000Z,-0.473,31
2003-09-29T05:00:00.000Z,-0.736,31
2003-09-29T06:00:00.000Z,-0.73,31
2003-09-29T07:00:00.000Z,-0.424,31
2003-09-29T08:00:00.000Z,0.034,31
2003-09-29T09:00:00.000Z,0.405,31
2003-09-29T10:00:00.000Z,0.526,31
2003-09-29T11:00:00.000Z,0.447,31
2003-09-29T12:00:00.000Z,0.333,31
2003-09-29T13:00:00.000Z,0.329,31
2003-09-29T14:00:00.000Z,0.232,31
2003-09-29T15:00:00.000Z,0.021,31
2003-09-29T16:00:00.000Z,-0.275,31
2003-09-29T17:00:00.000Z,-0.549,31
2003-09-29T18:00:00.000Z,-0.573,31
2003-09-29T19:00:00.000Z,-0.335,31
2003-09-29T20:00:00.000Z,0.104,31
2003-09-29T21:00:00.000Z,0.519,31
2003-09-29T22:00:00.000Z,0.698,31
2003-09-29T23:00:00.000Z,0.649,31
2003-09-30T00:00:00.000Z,0.512,31
2003-09-30T01:00:00.000Z,0.491,31
2003-09-30T02:00:00.000Z,0.451,31
2003-09-30T03:00:00.000Z,0.3,31
2003-09-30T04:00:00.000Z,0.002,31
2003-09-30T05:00:00.000Z,-0.32,31
2003-09-30T06:00:00.000Z,-0.504,31
2003-09-30T07:00:00.000Z,-0.485,31
2003-09-30T08:00:00.000Z,-0.185,31
2003-09-30T09:00:00.000Z,0.189,31
2003-09-30T10:00:00.000Z,0.439,31
2003-09-30T11:00:00.000Z,0.456,31
2003-09-30T12:00:00.000Z,0.375,31
2003-09-30T13:00:00.000Z,0.305,31
2003-09-30T14:00:00.000Z,0.339,31
2003-09-30T15:00:00.000Z,0.235,31
2003-09-30T16:00:00.000Z,0.053,31
2003-09-30T17:00:00.000Z,-0.223,31
2003-09-30T18:00:00.000Z,-0.44,31
2003-09-30T19:00:00.000Z,-0.479,31
2003-09-30T20:00:00.000Z,-0.268,31
2003-09-30T21:00:00.000Z,0.1,31
2003-09-30T22:00:00.000Z,0.367,31
2003-09-30T23:00:00.000Z,0.461,31
2003-10-01T00:00:00.000Z,0.405,31
2003-10-01T01:00:00.000Z,0.317,31
2003-10-01T02:00:00.000Z,0.389,31
2003-10-01T03:00:00.000Z,0.415,31
2003-10-01T04:00:00.000Z,0.318,31
2003-10-01T05:00:00.000Z,0.109,31
2003-10-01T06:00:00.000Z,-0.183,31
2003-10-01T07:00:00.000Z,-0.33,31
2003-10-01T08:00:00.000Z,-0.322,31
2003-10-01T09:00:00.000Z,-0.092,31
2003-10-01T10:00:00.000Z,0.138,31
2003-10-01T11:00:00.000Z,0.289,31
2003-10-01T12:00:00.000Z,0.26,31
2003-10-01T13:00:00.000Z,0.196,31
2003-10-01T14:00:00.000Z,0.209,31
2003-10-01T15:00:00.000Z,0.271,31
2003-10-01T16:00:00.000Z,0.229,31
2003-10-01T17:00:00.000Z,0.14,31
2003-10-01T18:00:00.000Z,-0.096,31
2003-10-01T19:00:00.000Z,-0.29,31
2003-10-01T20:00:00.000Z,-0.344,31
2003-10-01T21:00:00.000Z,-0.238,31
2003-10-01T22:00:00.000Z,-0.025,31
2003-10-01T23:00:00.000Z,0.169,31
2003-10-02T00:00:00.000Z,0.23,31
2003-10-02T01:00:00.000Z,0.206,31
2003-10-02T02:00:00.000Z,0.217,31
2003-10-02T03:00:00.000Z,0.339,31
2003-10-02T04:00:00.000Z,0.393,31
2003-10-02T05:00:00.000Z,0.39,31
2003-10-02T06:00:00.000Z,0.228,31
2003-10-02T07:00:00.000Z,0.018,31
2003-10-02T08:00:00.000Z,-0.162,31
2003-10-02T09:00:00.000Z,-0.208,31
2003-10-02T10:00:00.000Z,-0.107,31
2003-10-02T11:00:00.000Z,0.053,31
2003-10-02T12:00:00.000Z,0.183,31
2003-10-02T13:00:00.000Z,0.192,31
2003-10-02T14:00:00.000Z,0.187,31
2003-10-02T15:00:00.000Z,0.267,31
2003-10-02T16:00:00.000Z,0.406,31
2003-10-02T17:00:00.000Z,0.401,31
2003-10-02T18:00:00.000Z,0.343,31
2003-10-02T19:00:00.000Z,0.109,31
2003-10-02T20:00:00.000Z,-0.112,31
2003-10-02T21:00:00.000Z,-0.234,31
2003-10-02T22:00:00.000Z,-0.226,31
2003-10-02T23:00:00.000Z,-0.105,31
2003-10-03T00:00:00.000Z,-0.001,31
2003-10-03T01:00:00.000Z,0.037,31
2003-10-03T02:00:00.000Z,0.019,31
2003-10-03T03:00:00.000Z,0.056,31
2003-10-03T04:00:00.000Z,0.189,31
2003-10-03T05:00:00.000Z,0.396,31
2003-10-03T06:00:00.000Z,0.462,31
2003-10-03T07:00:00.000Z,0.366,31
2003-10-03T08:00:00.000Z,0.184,31
2003-10-03T09:00:00.000Z,0.012,31
2003-10-03T10:00:00.000Z,-0.068,31
2003-10-03T11:00:00.000Z,-0.052,31
2003-10-03T12:00:00.000Z,0.043,31
2003-10-03T13:00:00.000Z,0.128,31
2003-10-03T14:00:00.000Z,0.176,31
2003-10-03T15:00:00.000Z,0.184,31
2003-10-03T16:00:00.000Z,0.293,31
2003-10-03T17:00:00.000Z,0.441,31
2003-10-03T18:00:00.000Z,0.485,31
2003-10-03T19:00:00.000Z,0.43,31
2003-10-03T20:00:00.000Z,0.199,31
2003-10-03T21:00:00.000Z,-0.048,31
2003-10-03T22:00:00.000Z,-0.203,31
2003-10-03T23:00:00.000Z,-0.324,31
2003-10-04T00:00:00.000Z,-0.271,31
2003-10-04T01:00:00.000Z,-0.194,31
2003-10-04T02:00:00.000Z,-0.187,31
2003-10-04T03:00:00.000Z,-0.16,31
2003-10-04T04:00:00.000Z,-0.112,31
2003-10-04T05:00:00.000Z,0.068,31
2003-10-04T06:00:00.000Z,0.314,31
2003-10-04T07:00:00.000Z,0.439,31
2003-10-04T08:00:00.000Z,0.373,31
2003-10-04T09:00:00.000Z,0.188,31
2003-10-04T10:00:00.000Z,-0.009,31
2003-10-04T11:00:00.000Z,-0.117,31
2003-10-04T12:00:00.000Z,-0.139,31
2003-10-04T13:00:00.000Z,-0.038,31
2003-10-04T14:00:00.000Z,0.016,31
2003-10-04T15:00:00.000Z,0.071,31
2003-10-04T16:00:00.000Z,0.078,31
2003-10-04T17:00:00.000Z,0.124,31
2003-10-04T18:00:00.000Z,0.267,31
2003-10-04T19:00:00.000Z,0.394,31
2003-10-04T20:00:00.000Z,0.348,31
2003-10-04T21:00:00.000Z,0.118,31
2003-10-04T22:00:00.000Z,-0.175,31
2003-10-04T23:00:00.000Z,-0.423,31
2003-10-05T00:00:00.000Z,-0.6,31
2003-10-05T01:00:00.000Z,-0.607,31
2003-10-05T02:00:00.000Z,-0.532,31
2003-10-05T03:00:00.000Z,-0.441,31
2003-10-05T04:00:00.000Z,-0.398,31
2003-10-05T05:00:00.000Z,-0.32,31
2003-10-05T06:00:00.000Z,-0.221,31
2003-10-05T07:00:00.000Z,-0.021,31
2003-10-05T08:00:00.000Z,0.174,31
2003-10-05T09:00:00.000Z,0.226,31
2003-10-05T10:00:00.000Z,0.144,31
2003-10-05T11:00:00.000Z,-0.043,31
2003-10-05T12:00:00.000Z,-0.151,31
2003-10-05T13:00:00.000Z,-0.176,31
2003-10-05T14:00:00.000Z,-0.082,31
2003-10-05T15:00:00.000Z,0.079,31
2003-10-05T16:00:00.000Z,0.207,31
2003-10-05T17:00:00.000Z,0.206,31
2003-10-05T18:00:00.000Z,0.23,31
2003-10-05T19:00:00.000Z,0.301,31
2003-10-05T20:00:00.000Z,0.393,31
2003-10-05T21:00:00.000Z,0.393,31
2003-10-05T22:00:00.000Z,0.292,31
2003-10-05T23:00:00.000Z,0.089,31
2003-10-06T00:00:00.000Z,-0.126,31
2003-10-06T01:00:00.000Z,-0.278,31
2003-10-06T02:00:00.000Z,-0.334,31
2003-10-06T03:00:00.000Z,-0.266,31
2003-10-06T04:00:00.000Z,-0.118,31
2003-10-06T05:00:00.000Z,-0.032,31
2003-10-06T06:00:00.000Z,-0.006,31
2003-10-06T07:00:00.000Z,0.071,31
2003-10-06T08:00:00.000Z,0.17,31
2003-10-06T09:00:00.000Z,0.263,31
2003-10-06T10:00:00.000Z,0.263,31
2003-10-06T11:00:00.000Z,0.139,31
2003-10-06T12:00:00.000Z,-0.052,31
2003-10-06T13:00:00.000Z,-0.157,31
2003-10-06T14:00:00.000Z,-0.175,31
2003-10-06T15:00:00.000Z,-0.007,31
2003-10-06T16:00:00.000Z,0.169,31
2003-10-06T17:00:00.000Z,0.304,31
2003-10-06T18:00:00.000Z,0.388,31
2003-10-06T19:00:00.000Z,0.338,31
2003-10-06T20:00:00.000Z,0.376,31
2003-10-06T21:00:00.000Z,0.368,31
2003-10-06T22:00:00.000Z,0.314,31
2003-10-06T23:00:00.000Z,0.124,31
2003-10-07T00:00:00.000Z,-0.148,31
2003-10-07T01:00:00.000Z,-0.36,31
2003-10-07T02:00:00.000Z,-0.428,31
2003-10-07T03:00:00.000Z,-0.362,31
2003-10-07T04:00:00.000Z,-0.124,31
2003-10-07T05:00:00.000Z,0.066,31
2003-10-07T06:00:00.000Z,0.153,31
2003-10-07T07:00:00.000Z,0.139,31
2003-10-07T08:00:00.000Z,0.133,31
2003-10-07T09:00:00.000Z,0.192,31
2003-10-07T10:00:00.000Z,0.235,31
2003-10-07T11:00:00.000Z,0.164,31
2003-10-07T12:00:00.000Z,-0.066,31
2003-10-07T13:00:00.000Z,-0.246,31
2003-10-07T14:00:00.000Z,-0.401,31
2003-10-07T15:00:00.000Z,-0.327,31
2003-10-07T16:00:00.000Z,-0.136,31
2003-10-07T17:00:00.000Z,0.152,31
2003-10-07T18:00:00.000Z,0.339,31
2003-10-07T19:00:00.000Z,0.357,31
2003-10-07T20:00:00.000Z,0.285,31
2003-10-07T21:00:00.000Z,0.264,31
2003-10-07T22:00:00.000Z,0.256,31
2003-10-07T23:00:00.000Z,0.141,31
2003-10-08T00:00:00.000Z,-0.052,31
2003-10-08T01:00:00.000Z,-0.334,31
2003-10-08T02:00:00.000Z,-0.517,31
2003-10-08T03:00:00.000Z,-0.559,31
2003-10-08T04:00:00.000Z,-0.398,31
2003-10-08T05:00:00.000Z,-0.128,31
2003-10-08T06:00:00.000Z,0.074,31
2003-10-08T07:00:00.000Z,0.115,31
2003-10-08T08:00:00.000Z,0.049,31
2003-10-08T09:00:00.000Z,0.011,31
2003-10-08T10:00:00.000Z,0.103,31
2003-10-08T11:00:00.000Z,0.086,31
2003-10-08T12:00:00.000Z,0.016,31
2003-10-08T13:00:00.000Z,-0.174,31
2003-10-08T14:00:00.000Z,-0.342,31
2003-10-08T15:00:00.000Z,-0.353,31
2003-10-08T16:00:00.000Z,-0.219,31
2003-10-08T17:00:00.000Z,0.06,31
2003-10-08T18:00:00.000Z,0.36,31
2003-10-08T19:00:00.000Z,0.448,31
2003-10-08T20:00:00.000Z,0.4,31
2003-10-08T21:00:00.000Z,0.306,31
2003-10-08T22:00:00.000Z,0.253,31
2003-10-08T23:00:00.000Z,0.164,31
2003-10-09T00:00:00.000Z,-0.043,31
2003-10-09T01:00:00.000Z,-0.317,31
2003-10-09T02:00:00.000Z,-0.59,31
2003-10-09T03:00:00.000Z,-0.694,31
2003-10-09T04:00:00.000Z,-0.649,31
2003-10-09T05:00:00.000Z,-0.371,31
2003-10-09T06:00:00.000Z,-0.057,31
2003-10-09T07:00:00.000Z,0.138,31
2003-10-09T08:00:00.000Z,0.165,31
2003-10-09T09:00:00.000Z,0.124,31
2003-10-09T10:00:00.000Z,0.148,31
2003-10-09T11:00:00.000Z,0.222,31
2003-10-09T12:00:00.000Z,0.148,31
2003-10-09T13:00:00.000Z,-0.015,31
2003-10-09T14:00:00.000Z,-0.23,31
2003-10-09T15:00:00.000Z,-0.362,31
2003-10-09T16:00:00.000Z,-0.294,31
2003-10-09T17:00:00.000Z,-0.041,31
2003-10-09T18:00:00.000Z,0.336,31
2003-10-09T19:00:00.000Z,0.563,31
2003-10-09T20:00:00.000Z,0.592,31
2003-10-09T21:00:00.000Z,0.487,31
2003-10-09T22:00:00.000Z,0.381,31
2003-10-09T23:00:00.000Z,0.386,31
2003-10-10T00:00:00.000Z,0.262,31
2003-10-10T01:00:00.000Z,0.004,31
2003-10-10T02:00:00.000Z,-0.28,31
2003-10-10T03:00:00.000Z,-0.523,31
2003-10-10T04:00:00.000Z,-0.564,31
2003-10-10T05:00:00.000Z,-0.402,31
2003-10-10T06:00:00.000Z,-0.065,31
2003-10-10T07:00:00.000Z,0.199,31
2003-10-10T08:00:00.000Z,0.275,31
2003-10-10T09:00:00.000Z,0.19,31
2003-10-10T10:00:00.000Z,0.09,31
2003-10-10T11:00:00.000Z,0.083,31
2003-10-10T12:00:00.000Z,0.028,31
2003-10-10T13:00:00.000Z,-0.112,31
2003-10-10T14:00:00.000Z,-0.289,31
2003-10-10T15:00:00.000Z,-0.505,31
2003-10-10T16:00:00.000Z,-0.528,31
2003-10-10T17:00:00.000Z,-0.351,31
2003-10-10T18:00:00.000Z,-0.004,31
2003-10-10T19:00:00.000Z,0.362,31
2003-10-10T20:00:00.000Z,0.539,31
2003-10-10T21:00:00.000Z,0.522,31
2003-10-10T22:00:00.000Z,0.38,31
2003-10-10T23:00:00.000Z,0.346,31
2003-10-11T00:00:00.000Z,0.253,31
2003-10-11T01:00:00.000Z,0.045,31
2003-10-11T02:00:00.000Z,-0.23,31
2003-10-11T03:00:00.000Z,-0.518,31
2003-10-11T04:00:00.000Z,-0.616,31
2003-10-11T05:00:00.000Z,-0.535,31
2003-10-11T06:00:00.000Z,-0.225,31
2003-10-11T07:00:00.000Z,0.125,31
2003-10-11T08:00:00.000Z,0.294,31
2003-10-11T09:00:00.000Z,0.262,31
2003-10-11T10:00:00.000Z,0.13,31
2003-10-11T11:00:00.000Z,0.084,31
2003-10-11T12:00:00.000Z,0.106,31
2003-10-11T13:00:00.000Z,0.018,31
2003-10-11T14:00:00.000Z,-0.146,31
2003-10-11T15:00:00.000Z,-0.368,31
2003-10-11T16:00:00.000Z,-0.517,31
2003-10-11T17:00:00.000Z,-0.481,31
2003-10-11T18:00:00.000Z,-0.204,31
2003-10-11T19:00:00.000Z,0.188,31
2003-10-11T20:00:00.000Z,0.435,31
2003-10-11T21:00:00.000Z,0.485,31
2003-10-11T22:00:00.000Z,0.398,31
2003-10-11T23:00:00.000Z,0.303,31
2003-10-12T00:00:00.000Z,0.31,31
2003-10-12T01:00:00.000Z,0.19,31
2003-10-12T02:00:00.000Z,-0.013,31
2003-10-12T03:00:00.000Z,-0.262,31
2003-10-12T04:00:00.000Z,-0.491,31
2003-10-12T05:00:00.000Z,-0.5,31
2003-10-12T06:00:00.000Z,-0.334,31
2003-10-12T07:00:00.000Z,-0.018,31
2003-10-12T08:00:00.000Z,0.229,31
2003-10-12T09:00:00.000Z,0.331,31
2003-10-12T10:00:00.000Z,0.241,31
2003-10-12T11:00:00.000Z,0.139,31
2003-10-12T12:00:00.000Z,0.184,31
2003-10-12T13:00:00.000Z,0.166,31
2003-10-12T14:00:00.000Z,0.018,31
2003-10-12T15:00:00.000Z,-0.148,31
2003-10-12T16:00:00.000Z,-0.402,31
2003-10-12T17:00:00.000Z,-0.479,31
2003-10-12T18:00:00.000Z,-0.331,31
2003-10-12T19:00:00.000Z,-0.026,31
2003-10-12T20:00:00.000Z,0.28,31
2003-10-12T21:00:00.000Z,0.427,31
2003-10-12T22:00:00.000Z,0.405,31
2003-10-12T23:00:00.000Z,0.274,31
2003-10-13T00:00:00.000Z,0.308,31
2003-10-13T01:00:00.000Z,0.251,31
2003-10-13T02:00:00.000Z,0.13,31
2003-10-13T03:00:00.000Z,-0.067,31
2003-10-13T04:00:00.000Z,-0.314,31
2003-10-13T05:00:00.000Z,-0.449,31
2003-10-13T06:00:00.000Z,-0.408,31
2003-10-13T07:00:00.000Z,-0.174,31
2003-10-13T08:00:00.000Z,0.116,31
2003-10-13T09:00:00.000Z,0.262,31
2003-10-13T10:00:00.000Z,0.255,31
2003-10-13T11:00:00.000Z,0.13,31
2003-10-13T12:00:00.000Z,0.116,31
2003-10-13T13:00:00.000Z,0.148,31
2003-10-13T14:00:00.000Z,0.09,31
2003-10-13T15:00:00.000Z,-0.076,31
2003-10-13T16:00:00.000Z,-0.266,31
2003-10-13T17:00:00.000Z,-0.437,31
2003-10-13T18:00:00.000Z,-0.417,31
2003-10-13T19:00:00.000Z,-0.234,31
2003-10-13T20:00:00.000Z,0.066,31
2003-10-13T21:00:00.000Z,0.255,31
2003-10-13T22:00:00.000Z,0.295,31
2003-10-13T23:00:00.000Z,0.212,31
2003-10-14T00:00:00.000Z,0.155,31
2003-10-14T01:00:00.000Z,0.192,31
2003-10-14T02:00:00.000Z,0.132,31
2003-10-14T03:00:00.000Z,0.004,31
2003-10-14T04:00:00.000Z,-0.188,31
2003-10-14T05:00:00.000Z,-0.371,31
2003-10-14T06:00:00.000Z,-0.412,31
2003-10-14T07:00:00.000Z,-0.289,31
2003-10-14T08:00:00.000Z,-0.056,31
2003-10-14T09:00:00.000Z,0.146,31
2003-10-14T10:00:00.000Z,0.188,31
2003-10-14T11:00:00.000Z,0.132,31
2003-10-14T12:00:00.000Z,0.083,31
2003-10-14T13:00:00.000Z,0.141,31
2003-10-14T14:00:00.000Z,0.144,31
2003-10-14T15:00:00.000Z,0.064,31
2003-10-14T16:00:00.000Z,-0.077,31
2003-10-14T17:00:00.000Z,-0.254,31
2003-10-14T18:00:00.000Z,-0.367,31
2003-10-14T19:00:00.000Z,-0.31,31
2003-10-14T20:00:00.000Z,-0.139,31
2003-10-14T21:00:00.000Z,0.079,31
2003-10-14T22:00:00.000Z,0.179,31
2003-10-14T23:00:00.000Z,0.172,31
2003-10-15T00:00:00.000Z,0.095,31
2003-10-15T01:00:00.000Z,0.117,31
2003-10-15T02:00:00.000Z,0.139,31
2003-10-15T03:00:00.000Z,0.11,31
2003-10-15T04:00:00.000Z,0.006,31
2003-10-15T05:00:00.000Z,-0.164,31
2003-10-15T06:00:00.000Z,-0.298,31
2003-10-15T07:00:00.000Z,-0.294,31
2003-10-15T08:00:00.000Z,-0.136,31
2003-10-15T09:00:00.000Z,0.018,31
2003-10-15T10:00:00.000Z,0.132,31
2003-10-15T11:00:00.000Z,0.128,31
2003-10-15T12:00:00.000Z,0.059,31
2003-10-15T13:00:00.000Z,0.081,31
2003-10-15T14:00:00.000Z,0.166,31
2003-10-15T15:00:00.000Z,0.192,31
2003-10-15T16:00:00.000Z,0.087,31
2003-10-15T17:00:00.000Z,-0.06,31
2003-10-15T18:00:00.000Z,-0.201,31
2003-10-15T19:00:00.000Z,-0.284,31
2003-10-15T20:00:00.000Z,-0.226,31
2003-10-15T21:00:00.000Z,-0.078,31
2003-10-15T22:00:00.000Z,0.032,31
2003-10-15T23:00:00.000Z,0.051,31
2003-10-16T00:00:00.000Z,0.019,31
2003-10-16T01:00:00.000Z,0.032,31
2003-10-16T02:00:00.000Z,0.119,31
2003-10-16T03:00:00.000Z,0.138,31
2003-10-16T04:00:00.000Z,0.129,31
2003-10-16T05:00:00.000Z,0.018,31
2003-10-16T06:00:00.000Z,-0.117,31
2003-10-16T07:00:00.000Z,-0.216,31
2003-10-16T08:00:00.000Z,-0.205,31
2003-10-16T09:00:00.000Z,-0.093,31
2003-10-16T10:00:00.000Z,0.01,31
2003-10-16T11:00:00.000Z,0.058,31
2003-10-16T12:00:00.000Z,0.028,31
2003-10-16T13:00:00.000Z,0.038,31
2003-10-16T14:00:00.000Z,0.125,31
2003-10-16T15:00:00.000Z,0.222,31
2003-10-16T16:00:00.000Z,0.265,31
2003-10-16T17:00:00.000Z,0.191,31
2003-10-16T18:00:00.000Z,0.056,31
2003-10-16T19:00:00.000Z,-0.078,31
2003-10-16T20:00:00.000Z,-0.161,31
2003-10-16T21:00:00.000Z,-0.143,31
2003-10-16T22:00:00.000Z,-0.078,31
2003-10-16T23:00:00.000Z,-0.023,31
2003-10-17T00:00:00.000Z,-0.025,31
2003-10-17T01:00:00.000Z,-0.017,31
2003-10-17T02:00:00.000Z,0.036,31
2003-10-17T03:00:00.000Z,0.122,31
2003-10-17T04:00:00.000Z,0.162,31
2003-10-17T05:00:00.000Z,0.174,31
2003-10-17T06:00:00.000Z,0.063,31
2003-10-17T07:00:00.000Z,-0.061,31
2003-10-17T08:00:00.000Z,-0.143,31
2003-10-17T09:00:00.000Z,-0.137,31
2003-10-17T10:00:00.000Z,-0.064,31
2003-10-17T11:00:00.000Z,-0.014,31
2003-10-17T12:00:00.000Z,0.02,31
2003-10-17T13:00:00.000Z,0.061,31
2003-10-17T14:00:00.000Z,0.096,31
2003-10-17T15:00:00.000Z,0.231,31
2003-10-17T16:00:00.000Z,0.341,31
2003-10-17T17:00:00.000Z,0.368,31
2003-10-17T18:00:00.000Z,0.273,31
2003-10-17T19:00:00.000Z,0.14,31
2003-10-17T20:00:00.000Z,-0.007,31
2003-10-17T21:00:00.000Z,-0.117,31
2003-10-17T22:00:00.000Z,-0.162,31
2003-10-17T23:00:00.000Z,-0.142,31
2003-10-18T00:00:00.000Z,-0.109,31
2003-10-18T01:00:00.000Z,-0.113,31
2003-10-18T02:00:00.000Z,-0.089,31
2003-10-18T03:00:00.000Z,0.009,31
2003-10-18T04:00:00.000Z,0.147,31
2003-10-18T05:00:00.000Z,0.253,31
2003-10-18T06:00:00.000Z,0.284,31
2003-10-18T07:00:00.000Z,0.171,31
2003-10-18T08:00:00.000Z,0.062,31
2003-10-18T09:00:00.000Z,-0.047,31
2003-10-18T10:00:00.000Z,-0.075,31
2003-10-18T11:00:00.000Z,-0.057,31
2003-10-18T12:00:00.000Z,0.005,31
2003-10-18T13:00:00.000Z,0.038,31
2003-10-18T14:00:00.000Z,0.082,31
2003-10-18T15:00:00.000Z,0.184,31
2003-10-18T16:00:00.000Z,0.299,31
2003-10-18T17:00:00.000Z,0.429,31
2003-10-18T18:00:00.000Z,0.471,31
2003-10-18T19:00:00.000Z,0.401,31
2003-10-18T20:00:00.000Z,0.199,31
2003-10-18T21:00:00.000Z,0.034,31
2003-10-18T22:00:00.000Z,-0.112,31
2003-10-18T23:00:00.000Z,-0.199,31
2003-10-19T00:00:00.000Z,-0.205,31
2003-10-19T01:00:00.000Z,-0.167,31
2003-10-19T02:00:00.000Z,-0.148,31
2003-10-19T03:00:00.000Z,-0.081,31
2003-10-19T04:00:00.000Z,0.071,31
2003-10-19T05:00:00.000Z,0.224,31
2003-10-19T06:00:00.000Z,0.36,31
2003-10-19T07:00:00.000Z,0.374,31
2003-10-19T08:00:00.000Z,0.314,31
2003-10-19T09:00:00.000Z,0.188,31
2003-10-19T10:00:00.000Z,0.098,31
2003-10-19T11:00:00.000Z,0.043,31
2003-10-19T12:00:00.000Z,0.03,31
2003-10-19T13:00:00.000Z,0.062,31
2003-10-19T14:00:00.000Z,0.113,31
2003-10-19T15:00:00.000Z,0.113,31
2003-10-19T16:00:00.000Z,0.216,31
2003-10-19T17:00:00.000Z,0.328,31
2003-10-19T18:00:00.000Z,0.467,31
2003-10-19T19:00:00.000Z,0.558,31
2003-10-19T20:00:00.000Z,0.399,31
2003-10-19T21:00:00.000Z,0.182,31
2003-10-19T22:00:00.000Z,0.02,31
2003-10-19T23:00:00.000Z,-0.146,31
2003-10-20T00:00:00.000Z,-0.192,31
2003-10-20T01:00:00.000Z,-0.193,31
2003-10-20T02:00:00.000Z,-0.143,31
2003-10-20T03:00:00.000Z,-0.133,31
2003-10-20T04:00:00.000Z,-0.078,31
2003-10-20T05:00:00.000Z,0.061,31
2003-10-20T06:00:00.000Z,0.205,31
2003-10-20T07:00:00.000Z,0.356,31
2003-10-20T08:00:00.000Z,0.343,31
2003-10-20T09:00:00.000Z,0.284,31
2003-10-20T10:00:00.000Z,0.13,31
2003-10-20T11:00:00.000Z,0.001,31
2003-10-20T12:00:00.000Z,-0.037,31
2003-10-20T13:00:00.000Z,-0.037,31
2003-10-20T14:00:00.000Z,0.021,31
2003-10-20T15:00:00.000Z,0.084,31
2003-10-20T16:00:00.000Z,0.135,31
2003-10-20T17:00:00.000Z,0.15,31
2003-10-20T18:00:00.000Z,0.282,31
2003-10-20T19:00:00.000Z,0.348,31
2003-10-20T20:00:00.000Z,0.389,31
2003-10-20T21:00:00.000Z,0.306,31
2003-10-20T22:00:00.000Z,0.096,31
2003-10-20T23:00:00.000Z,-0.114,31
2003-10-21T00:00:00.000Z,-0.251,31
2003-10-21T01:00:00.000Z,-0.316,31
2003-10-21T02:00:00.000Z,-0.286,31
2003-10-21T03:00:00.000Z,-0.18,31
2003-10-21T04:00:00.000Z,-0.089,31
2003-10-21T05:00:00.000Z,-0.039,31
2003-10-21T06:00:00.000Z,0,31
2003-10-21T07:00:00.000Z,0.112,31
2003-10-21T08:00:00.000Z,0.23,31
2003-10-21T09:00:00.000Z,0.267,31
2003-10-21T10:00:00.000Z,0.214,31
2003-10-21T11:00:00.000Z,0.083,31
2003-10-21T12:00:00.000Z,-0.037,31
2003-10-21T13:00:00.000Z,-0.079,31
2003-10-21T14:00:00.000Z,-0.069,31
2003-10-21T15:00:00.000Z,0.049,31
2003-10-21T16:00:00.000Z,0.121,31
2003-10-21T17:00:00.000Z,0.162,31
2003-10-21T18:00:00.000Z,0.161,31
2003-10-21T19:00:00.000Z,0.189,31
2003-10-21T20:00:00.000Z,0.255,31
2003-10-21T21:00:00.000Z,0.27,31
2003-10-21T22:00:00.000Z,0.135,31
2003-10-21T23:00:00.000Z,-0.084,31
2003-10-22T00:00:00.000Z,-0.314,31
2003-10-22T01:00:00.000Z,-0.454,31
2003-10-22T02:00:00.000Z,-0.461,31
2003-10-22T03:00:00.000Z,-0.327,31
2003-10-22T04:00:00.000Z,-0.127,31
2003-10-22T05:00:00.000Z,-0.007,31
2003-10-22T06:00:00.000Z,0.048,31
2003-10-22T07:00:00.000Z,0.027,31
2003-10-22T08:00:00.000Z,0.163,31
2003-10-22T09:00:00.000Z,0.207,31
2003-10-22T10:00:00.000Z,0.198,31
2003-10-22T11:00:00.000Z,0.075,31
2003-10-22T12:00:00.000Z,-0.113,31
2003-10-22T13:00:00.000Z,-0.26,31
2003-10-22T14:00:00.000Z,-0.225,31
2003-10-22T15:00:00.000Z,-0.109,31
2003-10-22T16:00:00.000Z,0.083,31
2003-10-22T17:00:00.000Z,0.201,31
2003-10-22T18:00:00.000Z,0.241,31
2003-10-22T19:00:00.000Z,0.21,31
2003-10-22T20:00:00.000Z,0.175,31
2003-10-22T21:00:00.000Z,0.242,31
2003-10-22T22:00:00.000Z,0.136,31
2003-10-22T23:00:00.000Z,-0.047,31
2003-10-23T00:00:00.000Z,-0.373,31
2003-10-23T01:00:00.000Z,-0.616,31
2003-10-23T02:00:00.000Z,-0.723,31
2003-10-23T03:00:00.000Z,-0.638,31
2003-10-23T04:00:00.000Z,-0.384,31
2003-10-23T05:00:00.000Z,-0.126,31
2003-10-23T06:00:00.000Z,-0.02,31
2003-10-23T07:00:00.000Z,0.005,31
2003-10-23T08:00:00.000Z,-0.007,31
2003-10-23T09:00:00.000Z,0.036,31
2003-10-23T10:00:00.000Z,0.045,31
2003-10-23T11:00:00.000Z,-0.057,31
2003-10-23T12:00:00.000Z,-0.247,31
2003-10-23T13:00:00.000Z,-0.458,31
2003-10-23T14:00:00.000Z,-0.552,31
2003-10-23T15:00:00.000Z,-0.44,31
2003-10-23T16:00:00.000Z,-0.203,31
2003-10-23T17:00:00.000Z,0.1,31
2003-10-23T18:00:00.000Z,0.256,31
2003-10-23T19:00:00.000Z,0.284,31
2003-10-23T20:00:00.000Z,0.198,31
2003-10-23T21:00:00.000Z,0.192,31
2003-10-23T22:00:00.000Z,0.178,31
2003-10-23T23:00:00.000Z,-0.006,31
2003-10-24T00:00:00.000Z,-0.275,31
2003-10-24T01:00:00.000Z,-0.618,31
2003-10-24T02:00:00.000Z,-0.827,31
2003-10-24T03:00:00.000Z,-0.826,31
2003-10-24T04:00:00.000Z,-0.59,31
2003-10-24T05:00:00.000Z,-0.207,31
2003-10-24T06:00:00.000Z,0.084,31
2003-10-24T07:00:00.000Z,0.173,31
2003-10-24T08:00:00.000Z,0.125,31
2003-10-24T09:00:00.000Z,0.075,31
2003-10-24T10:00:00.000Z,0.11,31
2003-10-24T11:00:00.000Z,0,31
2003-10-24T12:00:00.000Z,-0.213,31
2003-10-24T13:00:00.000Z,-0.471,31
2003-10-24T14:00:00.000Z,-0.688,31
2003-10-24T15:00:00.000Z,-0.672,31
2003-10-24T16:00:00.000Z,-0.458,31
2003-10-24T17:00:00.000Z,-0.036,31
2003-10-24T18:00:00.000Z,0.314,31
2003-10-24T19:00:00.000Z,0.472,31
2003-10-24T20:00:00.000Z,0.424,31
2003-10-24T21:00:00.000Z,0.32,31
2003-10-24T22:00:00.000Z,0.285,31
2003-10-24T23:00:00.000Z,0.122,31
2003-10-25T00:00:00.000Z,-0.134,31
2003-10-25T01:00:00.000Z,-0.497,31
2003-10-25T02:00:00.000Z,-0.832,31
2003-10-25T03:00:00.000Z,-0.976,31
2003-10-25T04:00:00.000Z,-0.84,31
2003-10-25T05:00:00.000Z,-0.458,31
2003-10-25T06:00:00.000Z,0.016,31
2003-10-25T07:00:00.000Z,0.275,31
2003-10-25T08:00:00.000Z,0.32,31
2003-10-25T09:00:00.000Z,0.202,31
2003-10-25T10:00:00.000Z,0.161,31
2003-10-25T11:00:00.000Z,0.107,31
2003-10-25T12:00:00.000Z,-0.08,31
2003-10-25T13:00:00.000Z,-0.371,31
2003-10-25T14:00:00.000Z,-0.653,31
2003-10-25T15:00:00.000Z,-0.792,31
2003-10-25T16:00:00.000Z,-0.667,31
2003-10-25T17:00:00.000Z,-0.226,31
2003-10-25T18:00:00.000Z,0.268,31
2003-10-25T19:00:00.000Z,0.631,31
2003-10-25T20:00:00.000Z,0.685,31
2003-10-25T21:00:00.000Z,0.564,31
2003-10-25T22:00:00.000Z,0.432,31
2003-10-25T23:00:00.000Z,0.37,31
2003-10-26T00:00:00.000Z,0.115,31
2003-10-26T01:00:00.000Z,-0.179,31
2003-10-26T02:00:00.000Z,-0.673,31
2003-10-26T03:00:00.000Z,-1.015,31
2003-10-26T04:00:00.000Z,-1.072,31
2003-10-26T05:00:00.000Z,-0.782,31
2003-10-26T06:00:00.000Z,-0.288,31
2003-10-26T07:00:00.000Z,0.192,31
2003-10-26T08:00:00.000Z,0.41,31
2003-10-26T09:00:00.000Z,0.391,31
2003-10-26T10:00:00.000Z,0.252,31
2003-10-26T11:00:00.000Z,0.182,31
2003-10-26T12:00:00.000Z,0.086,31
2003-10-26T13:00:00.000Z,-0.158,31
2003-10-26T14:00:00.000Z,-0.49,31
2003-10-26T15:00:00.000Z,-0.794,31
2003-10-26T16:00:00.000Z,-0.877,31
2003-10-26T17:00:00.000Z,-0.65,31
2003-10-26T18:00:00.000Z,-0.151,31
2003-10-26T19:00:00.000Z,0.355,31
2003-10-26T20:00:00.000Z,0.648,31
2003-10-26T21:00:00.000Z,0.644,31
2003-10-26T22:00:00.000Z,0.483,31
2003-10-26T23:00:00.000Z,0.371,31
2003-10-27T00:00:00.000Z,0.279,31
2003-10-27T01:00:00.000Z,0.034,31
2003-10-27T02:00:00.000Z,-0.298,31
2003-10-27T03:00:00.000Z,-0.723,31
2003-10-27T04:00:00.000Z,-0.941,31
2003-10-27T05:00:00.000Z,-0.883,31
2003-10-27T06:00:00.000Z,-0.515,31
2003-10-27T07:00:00.000Z,0.005,31
2003-10-27T08:00:00.000Z,0.368,31
2003-10-27T09:00:00.000Z,0.466,31
2003-10-27T10:00:00.000Z,0.372,31
2003-10-27T11:00:00.000Z,0.249,31
2003-10-27T12:00:00.000Z,0.223,31
2003-10-27T13:00:00.000Z,0.04,31
2003-10-27T14:00:00.000Z,-0.225,31
2003-10-27T15:00:00.000Z,-0.58,31
2003-10-27T16:00:00.000Z,-0.863,31
2003-10-27T17:00:00.000Z,-0.845,31
2003-10-27T18:00:00.000Z,-0.548,31
2003-10-27T19:00:00.000Z,-0.03,31
2003-10-27T20:00:00.000Z,0.417,31
2003-10-27T21:00:00.000Z,0.616,31
2003-10-27T22:00:00.000Z,0.555,31
2003-10-27T23:00:00.000Z,0.405,31
2003-10-28T00:00:00.000Z,0.394,31
2003-10-28T01:00:00.000Z,0.282,31
2003-10-28T02:00:00.000Z,0.065,31
2003-10-28T03:00:00.000Z,-0.272,31
2003-10-28T04:00:00.000Z,-0.649,31
2003-10-28T05:00:00.000Z,-0.783,31
2003-10-28T06:00:00.000Z,-0.657,31
2003-10-28T07:00:00.000Z,-0.263,31
2003-10-28T08:00:00.000Z,0.209,31
2003-10-28T09:00:00.000Z,0.488,31
2003-10-28T10:00:00.000Z,0.536,31
2003-10-28T11:00:00.000Z,0.415,31
2003-10-28T12:00:00.000Z,0.358,31
2003-10-28T13:00:00.000Z,0.329,31
2003-10-28T14:00:00.000Z,0.164,31
2003-10-28T15:00:00.000Z,-0.104,31
2003-10-28T16:00:00.000Z,-0.443,31
2003-10-28T17:00:00.000Z,-0.671,31
2003-10-28T18:00:00.000Z,-0.626,31
2003-10-28T19:00:00.000Z,-0.312,31
2003-10-28T20:00:00.000Z,0.16,31
2003-10-28T21:00:00.000Z,0.494,31
2003-10-28T22:00:00.000Z,0.602,31
2003-10-28T23:00:00.000Z,0.528,31
2003-10-29T00:00:00.000Z,0.431,31
2003-10-29T01:00:00.000Z,0.472,31
2003-10-29T02:00:00.000Z,0.425,31
2003-10-29T03:00:00.000Z,0.24,31
2003-10-29T04:00:00.000Z,-0.032,31
2003-10-29T05:00:00.000Z,-0.344,31
2003-10-29T06:00:00.000Z,-0.447,31
2003-10-29T07:00:00.000Z,-0.348,31
2003-10-29T08:00:00.000Z,0.011,31
2003-10-29T09:00:00.000Z,0.36,31
2003-10-29T10:00:00.000Z,0.567,31
2003-10-29T11:00:00.000Z,0.539,31
2003-10-29T12:00:00.000Z,0.419,31
2003-10-29T13:00:00.000Z,0.425,31
2003-10-29T14:00:00.000Z,0.378,31
2003-10-29T15:00:00.000Z,0.203,31
2003-10-29T16:00:00.000Z,-0.059,31
2003-10-29T17:00:00.000Z,-0.372,31
2003-10-29T18:00:00.000Z,-0.579,31
2003-10-29T19:00:00.000Z,-0.548,31
2003-10-29T20:00:00.000Z,-0.324,31
2003-10-29T21:00:00.000Z,0.044,31
2003-10-29T22:00:00.000Z,0.262,31
2003-10-29T23:00:00.000Z,0.307,31
2003-10-30T00:00:00.000Z,0.235,31
2003-10-30T01:00:00.000Z,0.195,31
2003-10-30T02:00:00.000Z,0.312,31
2003-10-30T03:00:00.000Z,0.324,31
2003-10-30T04:00:00.000Z,0.26,31
2003-10-30T05:00:00.000Z,0.044,31
2003-10-30T06:00:00.000Z,-0.184,31
2003-10-30T07:00:00.000Z,-0.262,31
2003-10-30T08:00:00.000Z,-0.148,31
2003-10-30T09:00:00.000Z,0.139,31
2003-10-30T10:00:00.000Z,0.399,31
2003-10-30T11:00:00.000Z,0.559,31
2003-10-30T12:00:00.000Z,0.542,31
2003-10-30T13:00:00.000Z,0.49,31
2003-10-30T14:00:00.000Z,0.59,31
2003-10-30T15:00:00.000Z,0.639,31
2003-10-30T16:00:00.000Z,0.631,31
2003-10-30T17:00:00.000Z,0.499,31
2003-10-30T18:00:00.000Z,0.25,31
2003-10-30T19:00:00.000Z,0.024,31
2003-10-30T20:00:00.000Z,-0.05,31
2003-10-30T21:00:00.000Z,0.063,31
2003-10-30T22:00:00.000Z,0.358,31
2003-10-30T23:00:00.000Z,0.462,31
2003-10-31T00:00:00.000Z,0.496,31
2003-10-31T01:00:00.000Z,0.398,31
2003-10-31T02:00:00.000Z,0.492,31
2003-10-31T03:00:00.000Z,0.627,31
2003-10-31T04:00:00.000Z,0.74,31
2003-10-31T05:00:00.000Z,0.761,31
2003-10-31T06:00:00.000Z,0.581,31
2003-10-31T07:00:00.000Z,0.369,31
2003-10-31T08:00:00.000Z,0.297,31
2003-10-31T09:00:00.000Z,0.282,31
2003-10-31T10:00:00.000Z,0.444,31
2003-10-31T11:00:00.000Z,0.538,31
2003-10-31T12:00:00.000Z,0.535,31
2003-10-31T13:00:00.000Z,0.501,31
2003-10-31T14:00:00.000Z,0.493,31
2003-10-31T15:00:00.000Z,0.555,31
2003-10-31T16:00:00.000Z,0.614,31
2003-10-31T17:00:00.000Z,0.59,31
2003-10-31T18:00:00.000Z,0.425,31
2003-10-31T19:00:00.000Z,0.103,31
2003-10-31T20:00:00.000Z,-0.108,31
2003-10-31T21:00:00.000Z,-0.249,31
2003-10-31T22:00:00.000Z,-0.189,31
2003-10-31T23:00:00.000Z,-0.116,31
2003-11-01T00:00:00.000Z,-0.009,31
2003-11-01T01:00:00.000Z,-0.022,31
2003-11-01T02:00:00.000Z,-0.024,31
2003-11-01T03:00:00.000Z,0.053,31
2003-11-01T04:00:00.000Z,0.285,31
2003-11-01T05:00:00.000Z,0.456,31
2003-11-01T06:00:00.000Z,0.517,31
2003-11-01T07:00:00.000Z,0.385,31
2003-11-01T08:00:00.000Z,0.203,31
2003-11-01T09:00:00.000Z,0.026,31
2003-11-01T10:00:00.000Z,0.007,31
2003-11-01T11:00:00.000Z,0.085,31
2003-11-01T12:00:00.000Z,0.218,31
2003-11-01T13:00:00.000Z,0.294,31
2003-11-01T14:00:00.000Z,0.285,31
2003-11-01T15:00:00.000Z,0.301,31
2003-11-01T16:00:00.000Z,0.418,31
2003-11-01T17:00:00.000Z,0.617,31
2003-11-01T18:00:00.000Z,0.681,31
2003-11-01T19:00:00.000Z,0.59,31
2003-11-01T20:00:00.000Z,0.385,31
2003-11-01T21:00:00.000Z,0.153,31
2003-11-01T22:00:00.000Z,-0.042,31
2003-11-01T23:00:00.000Z,-0.08,31
2003-11-02T00:00:00.000Z,-0.009,31
2003-11-02T01:00:00.000Z,0.086,31
2003-11-02T02:00:00.000Z,0.212,31
2003-11-02T03:00:00.000Z,0.283,31
2003-11-02T04:00:00.000Z,0.492,31
2003-11-02T05:00:00.000Z,0.758,31
2003-11-02T06:00:00.000Z,0.88,31
2003-11-02T07:00:00.000Z,0.933,31
2003-11-02T08:00:00.000Z,0.84,31
2003-11-02T09:00:00.000Z,0.656,31
2003-11-02T10:00:00.000Z,0.466,31
2003-11-02T11:00:00.000Z,0.339,31
2003-11-02T12:00:00.000Z,0.33,31
2003-11-02T13:00:00.000Z,0.388,31
2003-11-02T14:00:00.000Z,0.481,31
2003-11-02T15:00:00.000Z,0.498,31
2003-11-02T16:00:00.000Z,0.571,31
2003-11-02T17:00:00.000Z,0.704,31
2003-11-02T18:00:00.000Z,0.836,31
2003-11-02T19:00:00.000Z,0.891,31
2003-11-02T20:00:00.000Z,0.807,31
2003-11-02T21:00:00.000Z,0.566,31
2003-11-02T22:00:00.000Z,0.263,31
2003-11-02T23:00:00.000Z,0.069,31
2003-11-03T00:00:00.000Z,-0.076,31
2003-11-03T01:00:00.000Z,-0.069,31
2003-11-03T02:00:00.000Z,0.013,31
2003-11-03T03:00:00.000Z,-0.002,31
2003-11-03T04:00:00.000Z,0.01,31
2003-11-03T05:00:00.000Z,0.168,31
2003-11-03T06:00:00.000Z,0.307,31
2003-11-03T07:00:00.000Z,0.405,31
2003-11-03T08:00:00.000Z,0.595,31
2003-11-03T09:00:00.000Z,0.57,31
2003-11-03T10:00:00.000Z,0.431,31
2003-11-03T11:00:00.000Z,0.259,31
2003-11-03T12:00:00.000Z,0.198,31
2003-11-03T13:00:00.000Z,0.232,31
2003-11-03T14:00:00.000Z,0.334,31
2003-11-03T15:00:00.000Z,0.5,31
2003-11-03T16:00:00.000Z,0.562,31
2003-11-03T17:00:00.000Z,0.512,31
2003-11-03T18:00:00.000Z,0.495,31
2003-11-03T19:00:00.000Z,0.518,31
2003-11-03T20:00:00.000Z,0.488,31
2003-11-03T21:00:00.000Z,0.359,31
2003-11-03T22:00:00.000Z,0.121,31
2003-11-03T23:00:00.000Z,-0.173,31
2003-11-04T00:00:00.000Z,-0.394,31
2003-11-04T01:00:00.000Z,-0.495,31
2003-11-04T02:00:00.000Z,-0.467,31
2003-11-04T03:00:00.000Z,-0.314,31
2003-11-04T04:00:00.000Z,-0.228,31
2003-11-04T05:00:00.000Z,-0.153,31
2003-11-04T06:00:00.000Z,-0.104,31
2003-11-04T07:00:00.000Z,-0.008,31
2003-11-04T08:00:00.000Z,0.196,31
2003-11-04T09:00:00.000Z,0.358,31
2003-11-04T10:00:00.000Z,0.371,31
2003-11-04T11:00:00.000Z,0.256,31
2003-11-04T12:00:00.000Z,0.167,31
2003-11-04T13:00:00.000Z,NA,NA
2003-11-04T14:00:00.000Z,NA,NA
2003-11-04T15:00:00.000Z,NA,NA
2003-11-04T16:00:00.000Z,NA,NA
2003-11-04T17:00:00.000Z,NA,NA
2003-11-04T18:00:00.000Z,NA,NA
2003-11-04T19:00:00.000Z,NA,NA
2003-11-04T20:00:00.000Z,NA,NA
2003-11-04T21:00:00.000Z,NA,NA
2003-11-04T22:00:00.000Z,NA,NA
2003-11-04T23:00:00.000Z,NA,NA
2003-11-05T00:00:00.000Z,NA,NA
2003-11-05T01:00:00.000Z,NA,NA
2003-11-05T02:00:00.000Z,NA,NA
2003-11-05T03:00:00.000Z,NA,NA
2003-11-05T04:00:00.000Z,NA,NA
2003-11-05T05:00:00.000Z,NA,NA
2003-11-05T06:00:00.000Z,NA,NA
2003-11-05T07:00:00.000Z,NA,NA
2003-11-05T08:00:00.000Z,NA,NA
2003-11-05T09:00:00.000Z,NA,NA
2003-11-05T10:00:00.000Z,NA,NA
2003-11-05T11:00:00.000Z,NA,NA
2003-11-05T12:00:00.000Z,NA,NA
2003-11-05T13:00:00.000Z,NA,NA
2003-11-05T14:00:00.000Z,NA,NA
2003-11-05T15:00:00.000Z,NA,NA
2003-11-05T16:00:00.000Z,NA,NA
2003-11-05T17:00:00.000Z,NA,NA
2003-11-05T18:00:00.000Z,NA,NA
2003-11-05T19:00:00.000Z,NA,NA
2003-11-05T20:00:00.000Z,NA,NA
2003-11-05T21:00:00.000Z,NA,NA
2003-11-05T22:00:00.000Z,NA,NA
2003-11-05T23:00:00.000Z,NA,NA
2003-11-06T00:00:00.000Z,NA,NA
2003-11-06T01:00:00.000Z,NA,NA
2003-11-06T02:00:00.000Z,-0.335,31
2003-11-06T03:00:00.000Z,-0.318,31
2003-11-06T04:00:00.000Z,-0.112,31
2003-11-06T05:00:00.000Z,0.193,31
2003-11-06T06:00:00.000Z,0.361,31
2003-11-06T07:00:00.000Z,0.364,31
2003-11-06T08:00:00.000Z,0.18,31
2003-11-06T09:00:00.000Z,0.13,31
2003-11-06T10:00:00.000Z,0.175,31
2003-11-06T11:00:00.000Z,0.22,31
2003-11-06T12:00:00.000Z,0.116,31
2003-11-06T13:00:00.000Z,-0.053,31
2003-11-06T14:00:00.000Z,-0.23,31
2003-11-06T15:00:00.000Z,-0.269,31
2003-11-06T16:00:00.000Z,-0.158,31
2003-11-06T17:00:00.000Z,0.16,31
2003-11-06T18:00:00.000Z,0.353,31
2003-11-06T19:00:00.000Z,0.41,31
2003-11-06T20:00:00.000Z,0.353,31
2003-11-06T21:00:00.000Z,0.287,31
2003-11-06T22:00:00.000Z,0.282,31
2003-11-06T23:00:00.000Z,0.242,31
2003-11-07T00:00:00.000Z,0.127,31
2003-11-07T01:00:00.000Z,-0.098,31
2003-11-07T02:00:00.000Z,-0.339,31
2003-11-07T03:00:00.000Z,-0.381,31
2003-11-07T04:00:00.000Z,-0.344,31
2003-11-07T05:00:00.000Z,-0.108,31
2003-11-07T06:00:00.000Z,0.12,31
2003-11-07T07:00:00.000Z,0.224,31
2003-11-07T08:00:00.000Z,0.198,31
2003-11-07T09:00:00.000Z,0.127,31
2003-11-07T10:00:00.000Z,0.177,31
2003-11-07T11:00:00.000Z,0.222,31
2003-11-07T12:00:00.000Z,0.189,31
2003-11-07T13:00:00.000Z,0.069,31
2003-11-07T14:00:00.000Z,-0.162,31
2003-11-07T15:00:00.000Z,-0.298,31
2003-11-07T16:00:00.000Z,-0.288,31
2003-11-07T17:00:00.000Z,0.025,31
2003-11-07T18:00:00.000Z,0.244,31
2003-11-07T19:00:00.000Z,0.435,31
2003-11-07T20:00:00.000Z,0.392,31
2003-11-07T21:00:00.000Z,0.326,31
2003-11-07T22:00:00.000Z,0.221,31
2003-11-07T23:00:00.000Z,0.285,31
2003-11-08T00:00:00.000Z,0.249,31
2003-11-08T01:00:00.000Z,0.032,31
2003-11-08T02:00:00.000Z,-0.24,31
2003-11-08T03:00:00.000Z,-0.45,31
2003-11-08T04:00:00.000Z,-0.46,31
2003-11-08T05:00:00.000Z,-0.288,31
2003-11-08T06:00:00.000Z,0.026,31
2003-11-08T07:00:00.000Z,0.178,31
2003-11-08T08:00:00.000Z,0.273,31
2003-11-08T09:00:00.000Z,0.198,31
2003-11-08T10:00:00.000Z,0.146,31
2003-11-08T11:00:00.000Z,0.258,31
2003-11-08T12:00:00.000Z,0.216,31
2003-11-08T13:00:00.000Z,0.117,31
2003-11-08T14:00:00.000Z,-0.104,31
2003-11-08T15:00:00.000Z,-0.256,31
2003-11-08T16:00:00.000Z,-0.335,31
2003-11-08T17:00:00.000Z,-0.189,31
2003-11-08T18:00:00.000Z,0.126,31
2003-11-08T19:00:00.000Z,0.398,31
2003-11-08T20:00:00.000Z,0.527,31
2003-11-08T21:00:00.000Z,0.467,31
2003-11-08T22:00:00.000Z,0.375,31
2003-11-08T23:00:00.000Z,0.393,31
2003-11-09T00:00:00.000Z,0.344,31
2003-11-09T01:00:00.000Z,0.189,31
2003-11-09T02:00:00.000Z,-0.03,31
2003-11-09T03:00:00.000Z,-0.228,31
2003-11-09T04:00:00.000Z,-0.293,31
2003-11-09T05:00:00.000Z,-0.176,31
2003-11-09T06:00:00.000Z,0.066,31
2003-11-09T07:00:00.000Z,0.363,31
2003-11-09T08:00:00.000Z,0.471,31
2003-11-09T09:00:00.000Z,0.466,31
2003-11-09T10:00:00.000Z,0.362,31
2003-11-09T11:00:00.000Z,0.344,31
2003-11-09T12:00:00.000Z,0.374,31
2003-11-09T13:00:00.000Z,0.291,31
2003-11-09T14:00:00.000Z,0.061,31
2003-11-09T15:00:00.000Z,-0.163,31
2003-11-09T16:00:00.000Z,-0.312,31
2003-11-09T17:00:00.000Z,-0.246,31
2003-11-09T18:00:00.000Z,-0.009,31
2003-11-09T19:00:00.000Z,0.287,31
2003-11-09T20:00:00.000Z,0.443,31
2003-11-09T21:00:00.000Z,0.458,31
2003-11-09T22:00:00.000Z,0.335,31
2003-11-09T23:00:00.000Z,0.305,31
2003-11-10T00:00:00.000Z,0.321,31
2003-11-10T01:00:00.000Z,0.212,31
2003-11-10T02:00:00.000Z,0.04,31
2003-11-10T03:00:00.000Z,-0.213,31
2003-11-10T04:00:00.000Z,-0.386,31
2003-11-10T05:00:00.000Z,-0.38,31
2003-11-10T06:00:00.000Z,-0.171,31
2003-11-10T07:00:00.000Z,0.125,31
2003-11-10T08:00:00.000Z,0.298,31
2003-11-10T09:00:00.000Z,0.349,31
2003-11-10T10:00:00.000Z,0.278,31
2003-11-10T11:00:00.000Z,0.243,31
2003-11-10T12:00:00.000Z,0.309,31
2003-11-10T13:00:00.000Z,0.277,31
2003-11-10T14:00:00.000Z,0.124,31
2003-11-10T15:00:00.000Z,-0.101,31
2003-11-10T16:00:00.000Z,-0.318,31
2003-11-10T17:00:00.000Z,-0.403,31
2003-11-10T18:00:00.000Z,-0.295,31
2003-11-10T19:00:00.000Z,-0.043,31
2003-11-10T20:00:00.000Z,0.204,31
2003-11-10T21:00:00.000Z,0.289,31
2003-11-10T22:00:00.000Z,0.244,31
2003-11-10T23:00:00.000Z,0.147,31
2003-11-11T00:00:00.000Z,0.176,31
2003-11-11T01:00:00.000Z,0.175,31
2003-11-11T02:00:00.000Z,0.114,31
2003-11-11T03:00:00.000Z,-0.062,31
2003-11-11T04:00:00.000Z,-0.238,31
2003-11-11T05:00:00.000Z,-0.289,31
2003-11-11T06:00:00.000Z,-0.216,31
2003-11-11T07:00:00.000Z,0.028,31
2003-11-11T08:00:00.000Z,0.289,31
2003-11-11T09:00:00.000Z,0.397,31
2003-11-11T10:00:00.000Z,0.367,31
2003-11-11T11:00:00.000Z,0.308,31
2003-11-11T12:00:00.000Z,0.321,31
2003-11-11T13:00:00.000Z,0.344,31
2003-11-11T14:00:00.000Z,0.303,31
2003-11-11T15:00:00.000Z,0.157,31
2003-11-11T16:00:00.000Z,-0.052,31
2003-11-11T17:00:00.000Z,-0.154,31
2003-11-11T18:00:00.000Z,-0.146,31
2003-11-11T19:00:00.000Z,0.087,31
2003-11-11T20:00:00.000Z,0.352,31
2003-11-11T21:00:00.000Z,0.503,31
2003-11-11T22:00:00.000Z,0.428,31
2003-11-11T23:00:00.000Z,0.362,31
2003-11-12T00:00:00.000Z,0.325,31
2003-11-12T01:00:00.000Z,0.336,31
2003-11-12T02:00:00.000Z,0.303,31
2003-11-12T03:00:00.000Z,0.215,31
2003-11-12T04:00:00.000Z,0.012,31
2003-11-12T05:00:00.000Z,-0.116,31
2003-11-12T06:00:00.000Z,-0.146,31
2003-11-12T07:00:00.000Z,-0.039,31
2003-11-12T08:00:00.000Z,0.18,31
2003-11-12T09:00:00.000Z,0.324,31
2003-11-12T10:00:00.000Z,0.348,31
2003-11-12T11:00:00.000Z,0.292,31
2003-11-12T12:00:00.000Z,0.285,31
2003-11-12T13:00:00.000Z,0.327,31
2003-11-12T14:00:00.000Z,0.348,31
2003-11-12T15:00:00.000Z,0.246,31
2003-11-12T16:00:00.000Z,0.084,31
2003-11-12T17:00:00.000Z,-0.153,31
2003-11-12T18:00:00.000Z,-0.218,31
2003-11-12T19:00:00.000Z,-0.212,31
2003-11-12T20:00:00.000Z,-0.033,31
2003-11-12T21:00:00.000Z,0.127,31
2003-11-12T22:00:00.000Z,0.189,31
2003-11-12T23:00:00.000Z,0.153,31
2003-11-13T00:00:00.000Z,0.122,31
2003-11-13T01:00:00.000Z,0.165,31
2003-11-13T02:00:00.000Z,0.221,31
2003-11-13T03:00:00.000Z,0.195,31
2003-11-13T04:00:00.000Z,0.081,31
2003-11-13T05:00:00.000Z,-0.076,31
2003-11-13T06:00:00.000Z,-0.195,31
2003-11-13T07:00:00.000Z,-0.148,31
2003-11-13T08:00:00.000Z,0.034,31
2003-11-13T09:00:00.000Z,0.223,31
2003-11-13T10:00:00.000Z,0.303,31
2003-11-13T11:00:00.000Z,0.285,31
2003-11-13T12:00:00.000Z,0.279,31
2003-11-13T13:00:00.000Z,0.335,31
2003-11-13T14:00:00.000Z,0.398,31
2003-11-13T15:00:00.000Z,0.436,31
2003-11-13T16:00:00.000Z,0.352,31
2003-11-13T17:00:00.000Z,0.226,31
2003-11-13T18:00:00.000Z,0.084,31
2003-11-13T19:00:00.000Z,0.067,31
2003-11-13T20:00:00.000Z,0.219,31
2003-11-13T21:00:00.000Z,0.45,31
2003-11-13T22:00:00.000Z,0.48,31
2003-11-13T23:00:00.000Z,0.416,31
2003-11-14T00:00:00.000Z,0.37,31
2003-11-14T01:00:00.000Z,0.378,31
2003-11-14T02:00:00.000Z,0.453,31
2003-11-14T03:00:00.000Z,0.471,31
2003-11-14T04:00:00.000Z,0.458,31
2003-11-14T05:00:00.000Z,0.342,31
2003-11-14T06:00:00.000Z,0.148,31
2003-11-14T07:00:00.000Z,0.064,31
2003-11-14T08:00:00.000Z,0.135,31
2003-11-14T09:00:00.000Z,0.335,31
2003-11-14T10:00:00.000Z,0.438,31
2003-11-14T11:00:00.000Z,0.508,31
2003-11-14T12:00:00.000Z,0.564,31
2003-11-14T13:00:00.000Z,0.586,31
2003-11-14T14:00:00.000Z,0.694,31
2003-11-14T15:00:00.000Z,0.734,31
2003-11-14T16:00:00.000Z,0.648,31
2003-11-14T17:00:00.000Z,0.47,31
2003-11-14T18:00:00.000Z,0.176,31
2003-11-14T19:00:00.000Z,-0.049,31
2003-11-14T20:00:00.000Z,-0.118,31
2003-11-14T21:00:00.000Z,-0.121,31
2003-11-14T22:00:00.000Z,-0.083,31
2003-11-14T23:00:00.000Z,-0.067,31
2003-11-15T00:00:00.000Z,-0.108,31
2003-11-15T01:00:00.000Z,-0.15,31
2003-11-15T02:00:00.000Z,-0.073,31
2003-11-15T03:00:00.000Z,0.053,31
2003-11-15T04:00:00.000Z,0.115,31
2003-11-15T05:00:00.000Z,0.108,31
2003-11-15T06:00:00.000Z,0.017,31
2003-11-15T07:00:00.000Z,-0.098,31
2003-11-15T08:00:00.000Z,-0.137,31
2003-11-15T09:00:00.000Z,-0.084,31
2003-11-15T10:00:00.000Z,0.026,31
2003-11-15T11:00:00.000Z,0.098,31
2003-11-15T12:00:00.000Z,0.099,31
2003-11-15T13:00:00.000Z,0.123,31
2003-11-15T14:00:00.000Z,0.124,31
2003-11-15T15:00:00.000Z,0.239,31
2003-11-15T16:00:00.000Z,0.292,31
2003-11-15T17:00:00.000Z,0.269,31
2003-11-15T18:00:00.000Z,0.136,31
2003-11-15T19:00:00.000Z,-0.02,31
2003-11-15T20:00:00.000Z,-0.157,31
2003-11-15T21:00:00.000Z,-0.231,31
2003-11-15T22:00:00.000Z,-0.194,31
2003-11-15T23:00:00.000Z,-0.115,31
2003-11-16T00:00:00.000Z,-0.104,31
2003-11-16T01:00:00.000Z,-0.103,31
2003-11-16T02:00:00.000Z,-0.07,31
2003-11-16T03:00:00.000Z,0.06,31
2003-11-16T04:00:00.000Z,0.204,31
2003-11-16T05:00:00.000Z,0.283,31
2003-11-16T06:00:00.000Z,0.246,31
2003-11-16T07:00:00.000Z,0.117,31
2003-11-16T08:00:00.000Z,-0.024,31
2003-11-16T09:00:00.000Z,-0.065,31
2003-11-16T10:00:00.000Z,-0.071,31
2003-11-16T11:00:00.000Z,0.011,31
2003-11-16T12:00:00.000Z,0.036,31
2003-11-16T13:00:00.000Z,0.044,31
2003-11-16T14:00:00.000Z,0.008,31
2003-11-16T15:00:00.000Z,0.098,31
2003-11-16T16:00:00.000Z,0.203,31
2003-11-16T17:00:00.000Z,0.293,31
2003-11-16T18:00:00.000Z,0.272,31
2003-11-16T19:00:00.000Z,0.139,31
2003-11-16T20:00:00.000Z,-0.078,31
2003-11-16T21:00:00.000Z,-0.278,31
2003-11-16T22:00:00.000Z,-0.394,31
2003-11-16T23:00:00.000Z,-0.418,31
2003-11-17T00:00:00.000Z,-0.353,31
2003-11-17T01:00:00.000Z,-0.368,31
2003-11-17T02:00:00.000Z,-0.294,31
2003-11-17T03:00:00.000Z,-0.233,31
2003-11-17T04:00:00.000Z,-0.07,31
2003-11-17T05:00:00.000Z,0.16,31
2003-11-17T06:00:00.000Z,0.32,31
2003-11-17T07:00:00.000Z,0.347,31
2003-11-17T08:00:00.000Z,0.328,31
2003-11-17T09:00:00.000Z,0.224,31
2003-11-17T10:00:00.000Z,0.139,31
2003-11-17T11:00:00.000Z,0.117,31
2003-11-17T12:00:00.000Z,0.124,31
2003-11-17T13:00:00.000Z,0.149,31
2003-11-17T14:00:00.000Z,0.104,31
2003-11-17T15:00:00.000Z,0.116,31
2003-11-17T16:00:00.000Z,0.153,31
2003-11-17T17:00:00.000Z,0.236,31
2003-11-17T18:00:00.000Z,0.316,31
2003-11-17T19:00:00.000Z,0.303,31
2003-11-17T20:00:00.000Z,0.162,31
2003-11-17T21:00:00.000Z,-0.051,31
2003-11-17T22:00:00.000Z,-0.258,31
2003-11-17T23:00:00.000Z,-0.369,31
2003-11-18T00:00:00.000Z,-0.411,31
2003-11-18T01:00:00.000Z,-0.353,31
2003-11-18T02:00:00.000Z,-0.283,31
2003-11-18T03:00:00.000Z,-0.229,31
2003-11-18T04:00:00.000Z,-0.134,31
2003-11-18T05:00:00.000Z,0.012,31
2003-11-18T06:00:00.000Z,0.191,31
2003-11-18T07:00:00.000Z,0.296,31
2003-11-18T08:00:00.000Z,0.317,31
2003-11-18T09:00:00.000Z,0.222,31
2003-11-18T10:00:00.000Z,0.12,31
2003-11-18T11:00:00.000Z,0.041,31
2003-11-18T12:00:00.000Z,0.042,31
2003-11-18T13:00:00.000Z,0.1,31
2003-11-18T14:00:00.000Z,0.176,31
2003-11-18T15:00:00.000Z,0.237,31
2003-11-18T16:00:00.000Z,0.25,31
2003-11-18T17:00:00.000Z,0.305,31
2003-11-18T18:00:00.000Z,0.371,31
2003-11-18T19:00:00.000Z,0.401,31
2003-11-18T20:00:00.000Z,0.339,31
2003-11-18T21:00:00.000Z,0.137,31
2003-11-18T22:00:00.000Z,-0.11,31
2003-11-18T23:00:00.000Z,-0.298,31
2003-11-19T00:00:00.000Z,-0.425,31
2003-11-19T01:00:00.000Z,-0.451,31
2003-11-19T02:00:00.000Z,-0.366,31
2003-11-19T03:00:00.000Z,-0.266,31
2003-11-19T04:00:00.000Z,-0.167,31
2003-11-19T05:00:00.000Z,-0.087,31
2003-11-19T06:00:00.000Z,0.083,31
2003-11-19T07:00:00.000Z,0.258,31
2003-11-19T08:00:00.000Z,0.394,31
2003-11-19T09:00:00.000Z,0.385,31
2003-11-19T10:00:00.000Z,0.284,31
2003-11-19T11:00:00.000Z,0.135,31
2003-11-19T12:00:00.000Z,0.042,31
2003-11-19T13:00:00.000Z,0.014,31
2003-11-19T14:00:00.000Z,0.095,31
2003-11-19T15:00:00.000Z,0.174,31
2003-11-19T16:00:00.000Z,0.198,31
2003-11-19T17:00:00.000Z,0.168,31
2003-11-19T18:00:00.000Z,0.15,31
2003-11-19T19:00:00.000Z,0.205,31
2003-11-19T20:00:00.000Z,0.289,31
2003-11-19T21:00:00.000Z,0.235,31
2003-11-19T22:00:00.000Z,0.123,31
2003-11-19T23:00:00.000Z,-0.102,31
2003-11-20T00:00:00.000Z,-0.28,31
2003-11-20T01:00:00.000Z,-0.398,31
2003-11-20T02:00:00.000Z,-0.367,31
2003-11-20T03:00:00.000Z,-0.189,31
2003-11-20T04:00:00.000Z,-0.062,31
2003-11-20T05:00:00.000Z,0.024,31
2003-11-20T06:00:00.000Z,0.069,31
2003-11-20T07:00:00.000Z,0.142,31
2003-11-20T08:00:00.000Z,0.303,31
2003-11-20T09:00:00.000Z,0.376,31
2003-11-20T10:00:00.000Z,0.314,31
2003-11-20T11:00:00.000Z,0.146,31
2003-11-20T12:00:00.000Z,0.004,31
2003-11-20T13:00:00.000Z,-0.075,31
2003-11-20T14:00:00.000Z,-0.063,31
2003-11-20T15:00:00.000Z,0.114,31
2003-11-20T16:00:00.000Z,0.266,31
2003-11-20T17:00:00.000Z,0.359,31
2003-11-20T18:00:00.000Z,0.349,31
2003-11-20T19:00:00.000Z,0.316,31
2003-11-20T20:00:00.000Z,0.355,31
2003-11-20T21:00:00.000Z,0.354,31
2003-11-20T22:00:00.000Z,0.227,31
2003-11-20T23:00:00.000Z,0.004,31
2003-11-21T00:00:00.000Z,-0.316,31
2003-11-21T01:00:00.000Z,-0.506,31
2003-11-21T02:00:00.000Z,-0.538,31
2003-11-21T03:00:00.000Z,-0.389,31
2003-11-21T04:00:00.000Z,-0.142,31
2003-11-21T05:00:00.000Z,0.048,31
2003-11-21T06:00:00.000Z,0.112,31
2003-11-21T07:00:00.000Z,0.111,31
2003-11-21T08:00:00.000Z,0.163,31
2003-11-21T09:00:00.000Z,0.253,31
2003-11-21T10:00:00.000Z,0.23,31
2003-11-21T11:00:00.000Z,0.088,31
2003-11-21T12:00:00.000Z,-0.118,31
2003-11-21T13:00:00.000Z,-0.294,31
2003-11-21T14:00:00.000Z,-0.292,31
2003-11-21T15:00:00.000Z,-0.152,31
2003-11-21T16:00:00.000Z,0.114,31
2003-11-21T17:00:00.000Z,0.359,31
2003-11-21T18:00:00.000Z,0.435,31
2003-11-21T19:00:00.000Z,0.401,31
2003-11-21T20:00:00.000Z,0.324,31
2003-11-21T21:00:00.000Z,0.346,31
2003-11-21T22:00:00.000Z,0.297,31
2003-11-21T23:00:00.000Z,0.115,31
2003-11-22T00:00:00.000Z,-0.211,31
2003-11-22T01:00:00.000Z,-0.503,31
2003-11-22T02:00:00.000Z,-0.658,31
2003-11-22T03:00:00.000Z,-0.587,31
2003-11-22T04:00:00.000Z,-0.289,31
2003-11-22T05:00:00.000Z,0.065,31
2003-11-22T06:00:00.000Z,0.273,31
2003-11-22T07:00:00.000Z,0.312,31
2003-11-22T08:00:00.000Z,0.276,31
2003-11-22T09:00:00.000Z,0.312,31
2003-11-22T10:00:00.000Z,0.342,31
2003-11-22T11:00:00.000Z,0.238,31
2003-11-22T12:00:00.000Z,0.029,31
2003-11-22T13:00:00.000Z,-0.244,31
2003-11-22T14:00:00.000Z,-0.417,31
2003-11-22T15:00:00.000Z,-0.368,31
2003-11-22T16:00:00.000Z,-0.093,31
2003-11-22T17:00:00.000Z,0.288,31
2003-11-22T18:00:00.000Z,0.559,31
2003-11-22T19:00:00.000Z,0.624,31
2003-11-22T20:00:00.000Z,0.554,31
2003-11-22T21:00:00.000Z,0.435,31
2003-11-22T22:00:00.000Z,0.453,31
2003-11-22T23:00:00.000Z,0.296,31
2003-11-23T00:00:00.000Z,0.047,31
2003-11-23T01:00:00.000Z,-0.331,31
2003-11-23T02:00:00.000Z,-0.658,31
2003-11-23T03:00:00.000Z,-0.728,31
2003-11-23T04:00:00.000Z,-0.562,31
2003-11-23T05:00:00.000Z,-0.166,31
2003-11-23T06:00:00.000Z,0.229,31
2003-11-23T07:00:00.000Z,0.412,31
2003-11-23T08:00:00.000Z,0.416,31
2003-11-23T09:00:00.000Z,0.299,31
2003-11-23T10:00:00.000Z,0.316,31
2003-11-23T11:00:00.000Z,0.284,31
2003-11-23T12:00:00.000Z,0.059,31
2003-11-23T13:00:00.000Z,-0.232,31
2003-11-23T14:00:00.000Z,-0.549,31
2003-11-23T15:00:00.000Z,-0.674,31
2003-11-23T16:00:00.000Z,-0.534,31
2003-11-23T17:00:00.000Z,-0.151,31
2003-11-23T18:00:00.000Z,0.265,31
2003-11-23T19:00:00.000Z,0.548,31
2003-11-23T20:00:00.000Z,0.557,31
2003-11-23T21:00:00.000Z,0.445,31
2003-11-23T22:00:00.000Z,0.35,31
2003-11-23T23:00:00.000Z,0.339,31
2003-11-24T00:00:00.000Z,0.128,31
2003-11-24T01:00:00.000Z,-0.175,31
2003-11-24T02:00:00.000Z,-0.576,31
2003-11-24T03:00:00.000Z,-0.849,31
2003-11-24T04:00:00.000Z,-0.835,31
2003-11-24T05:00:00.000Z,-0.568,31
2003-11-24T06:00:00.000Z,-0.067,31
2003-11-24T07:00:00.000Z,0.311,31
2003-11-24T08:00:00.000Z,0.466,31
2003-11-24T09:00:00.000Z,0.42,31
2003-11-24T10:00:00.000Z,0.312,31
2003-11-24T11:00:00.000Z,0.297,31
2003-11-24T12:00:00.000Z,0.178,31
2003-11-24T13:00:00.000Z,-0.068,31
2003-11-24T14:00:00.000Z,-0.408,31
2003-11-24T15:00:00.000Z,-0.695,31
2003-11-24T16:00:00.000Z,-0.724,31
2003-11-24T17:00:00.000Z,-0.478,31
2003-11-24T18:00:00.000Z,-0.013,31
2003-11-24T19:00:00.000Z,0.472,31
2003-11-24T20:00:00.000Z,0.7,31
2003-11-24T21:00:00.000Z,0.721,31
2003-11-24T22:00:00.000Z,0.595,31
2003-11-24T23:00:00.000Z,0.561,31
2003-11-25T00:00:00.000Z,0.499,31
2003-11-25T01:00:00.000Z,0.318,31
2003-11-25T02:00:00.000Z,-0.014,31
2003-11-25T03:00:00.000Z,-0.386,31
2003-11-25T04:00:00.000Z,-0.544,31
2003-11-25T05:00:00.000Z,-0.524,31
2003-11-25T06:00:00.000Z,-0.134,31
2003-11-25T07:00:00.000Z,0.319,31
2003-11-25T08:00:00.000Z,0.629,31
2003-11-25T09:00:00.000Z,0.692,31
2003-11-25T10:00:00.000Z,0.594,31
2003-11-25T11:00:00.000Z,0.526,31
2003-11-25T12:00:00.000Z,0.492,31
2003-11-25T13:00:00.000Z,0.326,31
2003-11-25T14:00:00.000Z,-0.008,31
2003-11-25T15:00:00.000Z,-0.34,31
2003-11-25T16:00:00.000Z,-0.631,31
2003-11-25T17:00:00.000Z,-0.616,31
2003-11-25T18:00:00.000Z,-0.371,31
2003-11-25T19:00:00.000Z,0.17,31
2003-11-25T20:00:00.000Z,0.549,31
2003-11-25T21:00:00.000Z,0.722,31
2003-11-25T22:00:00.000Z,0.666,31
2003-11-25T23:00:00.000Z,0.547,31
2003-11-26T00:00:00.000Z,0.558,31
2003-11-26T01:00:00.000Z,0.547,31
2003-11-26T02:00:00.000Z,0.411,31
2003-11-26T03:00:00.000Z,0.134,31
2003-11-26T04:00:00.000Z,-0.214,31
2003-11-26T05:00:00.000Z,-0.348,31
2003-11-26T06:00:00.000Z,-0.255,31
2003-11-26T07:00:00.000Z,0.081,31
2003-11-26T08:00:00.000Z,0.483,31
2003-11-26T09:00:00.000Z,0.752,31
2003-11-26T10:00:00.000Z,0.752,31
2003-11-26T11:00:00.000Z,0.657,31
2003-11-26T12:00:00.000Z,0.623,31
2003-11-26T13:00:00.000Z,0.623,31
2003-11-26T14:00:00.000Z,0.444,31
2003-11-26T15:00:00.000Z,0.188,31
2003-11-26T16:00:00.000Z,-0.197,31
2003-11-26T17:00:00.000Z,-0.452,31
2003-11-26T18:00:00.000Z,-0.475,31
2003-11-26T19:00:00.000Z,-0.239,31
2003-11-26T20:00:00.000Z,0.186,31
2003-11-26T21:00:00.000Z,0.484,31
2003-11-26T22:00:00.000Z,0.575,31
2003-11-26T23:00:00.000Z,0.501,31
2003-11-27T00:00:00.000Z,0.452,31
2003-11-27T01:00:00.000Z,0.468,31
2003-11-27T02:00:00.000Z,0.453,31
2003-11-27T03:00:00.000Z,0.286,31
2003-11-27T04:00:00.000Z,-0.01,31
2003-11-27T05:00:00.000Z,-0.307,31
2003-11-27T06:00:00.000Z,-0.421,31
2003-11-27T07:00:00.000Z,-0.321,31
2003-11-27T08:00:00.000Z,-0.002,31
2003-11-27T09:00:00.000Z,0.327,31
2003-11-27T10:00:00.000Z,0.539,31
2003-11-27T11:00:00.000Z,0.526,31
2003-11-27T12:00:00.000Z,0.413,31
2003-11-27T13:00:00.000Z,0.408,31
2003-11-27T14:00:00.000Z,0.38,31
2003-11-27T15:00:00.000Z,0.24,31
2003-11-27T16:00:00.000Z,-0.024,31
2003-11-27T17:00:00.000Z,-0.38,31
2003-11-27T18:00:00.000Z,-0.603,31
2003-11-27T19:00:00.000Z,-0.622,31
2003-11-27T20:00:00.000Z,-0.419,31
2003-11-27T21:00:00.000Z,-0.08,31
2003-11-27T22:00:00.000Z,0.157,31
2003-11-27T23:00:00.000Z,0.198,31
2003-11-28T00:00:00.000Z,0.131,31
2003-11-28T01:00:00.000Z,0.094,31
2003-11-28T02:00:00.000Z,0.214,31
2003-11-28T03:00:00.000Z,0.27,31
2003-11-28T04:00:00.000Z,0.212,31
2003-11-28T05:00:00.000Z,0.021,31
2003-11-28T06:00:00.000Z,-0.215,31
2003-11-28T07:00:00.000Z,-0.307,31
2003-11-28T08:00:00.000Z,-0.208,31
2003-11-28T09:00:00.000Z,0.069,31
2003-11-28T10:00:00.000Z,0.345,31
2003-11-28T11:00:00.000Z,0.488,31
2003-11-28T12:00:00.000Z,0.449,31
2003-11-28T13:00:00.000Z,0.383,31
2003-11-28T14:00:00.000Z,0.44,31
2003-11-28T15:00:00.000Z,0.463,31
2003-11-28T16:00:00.000Z,0.392,31
2003-11-28T17:00:00.000Z,0.192,31
2003-11-28T18:00:00.000Z,-0.105,31
2003-11-28T19:00:00.000Z,-0.328,31
2003-11-28T20:00:00.000Z,-0.341,31
2003-11-28T21:00:00.000Z,-0.217,31
2003-11-28T22:00:00.000Z,0.037,31
2003-11-28T23:00:00.000Z,0.207,31
2003-11-29T00:00:00.000Z,0.225,31
2003-11-29T01:00:00.000Z,0.18,31
2003-11-29T02:00:00.000Z,0.194,31
2003-11-29T03:00:00.000Z,0.345,31
2003-11-29T04:00:00.000Z,0.486,31
2003-11-29T05:00:00.000Z,0.515,31
2003-11-29T06:00:00.000Z,0.385,31
2003-11-29T07:00:00.000Z,0.179,31
2003-11-29T08:00:00.000Z,0.119,31
2003-11-29T09:00:00.000Z,0.22,31
2003-11-29T10:00:00.000Z,0.454,31
2003-11-29T11:00:00.000Z,0.47,31
2003-11-29T12:00:00.000Z,0.657,31
2003-11-29T13:00:00.000Z,0.627,31
2003-11-29T14:00:00.000Z,0.547,31
2003-11-29T15:00:00.000Z,0.639,31
2003-11-29T16:00:00.000Z,0.74,31
2003-11-29T17:00:00.000Z,0.733,31
2003-11-29T18:00:00.000Z,0.528,31
2003-11-29T19:00:00.000Z,0.313,31
2003-11-29T20:00:00.000Z,-0.016,31
2003-11-29T21:00:00.000Z,-0.187,31
2003-11-29T22:00:00.000Z,-0.234,31
2003-11-29T23:00:00.000Z,-0.088,31
2003-11-30T00:00:00.000Z,0.039,31
2003-11-30T01:00:00.000Z,0.023,31
2003-11-30T02:00:00.000Z,-0.007,31
2003-11-30T03:00:00.000Z,0.024,31
2003-11-30T04:00:00.000Z,0.171,31
2003-11-30T05:00:00.000Z,0.327,31
2003-11-30T06:00:00.000Z,0.39,31
2003-11-30T07:00:00.000Z,0.307,31
2003-11-30T08:00:00.000Z,0.127,31
2003-11-30T09:00:00.000Z,0.032,31
2003-11-30T10:00:00.000Z,0.007,31
2003-11-30T11:00:00.000Z,0.13,31
2003-11-30T12:00:00.000Z,0.28,31
2003-11-30T13:00:00.000Z,0.381,31
2003-11-30T14:00:00.000Z,0.397,31
2003-11-30T15:00:00.000Z,0.413,31
2003-11-30T16:00:00.000Z,0.478,31
2003-11-30T17:00:00.000Z,0.585,31
2003-11-30T18:00:00.000Z,0.577,31
2003-11-30T19:00:00.000Z,0.411,31
2003-11-30T20:00:00.000Z,0.172,31
2003-11-30T21:00:00.000Z,-0.061,31
2003-11-30T22:00:00.000Z,-0.249,31
2003-11-30T23:00:00.000Z,-0.271,31
2003-12-01T00:00:00.000Z,-0.204,31
2003-12-01T01:00:00.000Z,-0.165,31
2003-12-01T02:00:00.000Z,-0.18,31
2003-12-01T03:00:00.000Z,-0.154,31
2003-12-01T04:00:00.000Z,-0.131,31
2003-12-01T05:00:00.000Z,0.053,31
2003-12-01T06:00:00.000Z,0.291,31
2003-12-01T07:00:00.000Z,0.35,31
2003-12-01T08:00:00.000Z,0.275,31
2003-12-01T09:00:00.000Z,0.125,31
2003-12-01T10:00:00.000Z,-0.025,31
2003-12-01T11:00:00.000Z,-0.039,31
2003-12-01T12:00:00.000Z,0.054,31
2003-12-01T13:00:00.000Z,0.116,31
2003-12-01T14:00:00.000Z,0.157,31
2003-12-01T15:00:00.000Z,0.205,31
2003-12-01T16:00:00.000Z,0.195,31
2003-12-01T17:00:00.000Z,0.236,31
2003-12-01T18:00:00.000Z,0.311,31
2003-12-01T19:00:00.000Z,0.34,31
2003-12-01T20:00:00.000Z,0.182,31
2003-12-01T21:00:00.000Z,-0.107,31
2003-12-01T22:00:00.000Z,-0.339,31
2003-12-01T23:00:00.000Z,-0.5,31
2003-12-02T00:00:00.000Z,-0.546,31
2003-12-02T01:00:00.000Z,-0.482,31
2003-12-02T02:00:00.000Z,-0.408,31
2003-12-02T03:00:00.000Z,-0.348,31
2003-12-02T04:00:00.000Z,-0.348,31
2003-12-02T05:00:00.000Z,-0.277,31
2003-12-02T06:00:00.000Z,-0.127,31
2003-12-02T07:00:00.000Z,0.084,31
2003-12-02T08:00:00.000Z,0.216,31
2003-12-02T09:00:00.000Z,0.2,31
2003-12-02T10:00:00.000Z,0.084,31
2003-12-02T11:00:00.000Z,0.002,31
2003-12-02T12:00:00.000Z,-0.018,31
2003-12-02T13:00:00.000Z,0.048,31
2003-12-02T14:00:00.000Z,0.165,31
2003-12-02T15:00:00.000Z,0.248,31
2003-12-02T16:00:00.000Z,0.275,31
2003-12-02T17:00:00.000Z,0.252,31
2003-12-02T18:00:00.000Z,0.308,31
2003-12-02T19:00:00.000Z,0.394,31
2003-12-02T20:00:00.000Z,0.411,31
2003-12-02T21:00:00.000Z,0.282,31
2003-12-02T22:00:00.000Z,0.072,31
2003-12-02T23:00:00.000Z,-0.181,31
2003-12-03T00:00:00.000Z,-0.363,31
2003-12-03T01:00:00.000Z,-0.408,31
2003-12-03T02:00:00.000Z,-0.368,31
2003-12-03T03:00:00.000Z,-0.307,31
2003-12-03T04:00:00.000Z,-0.245,31
2003-12-03T05:00:00.000Z,-0.251,31
2003-12-03T06:00:00.000Z,-0.203,31
2003-12-03T07:00:00.000Z,-0.032,31
2003-12-03T08:00:00.000Z,0.155,31
2003-12-03T09:00:00.000Z,0.198,31
2003-12-03T10:00:00.000Z,0.159,31
2003-12-03T11:00:00.000Z,0.041,31
2003-12-03T12:00:00.000Z,-0.078,31
2003-12-03T13:00:00.000Z,-0.15,31
2003-12-03T14:00:00.000Z,-0.107,31
2003-12-03T15:00:00.000Z,0.038,31
2003-12-03T16:00:00.000Z,0.107,31
2003-12-03T17:00:00.000Z,0.101,31
2003-12-03T18:00:00.000Z,0.082,31
2003-12-03T19:00:00.000Z,0.148,31
2003-12-03T20:00:00.000Z,0.267,31
2003-12-03T21:00:00.000Z,0.271,31
2003-12-03T22:00:00.000Z,0.17,31
2003-12-03T23:00:00.000Z,-0.066,31
2003-12-04T00:00:00.000Z,-0.3,31
2003-12-04T01:00:00.000Z,-0.433,31
2003-12-04T02:00:00.000Z,-0.499,31
2003-12-04T03:00:00.000Z,-0.423,31
2003-12-04T04:00:00.000Z,-0.312,31
2003-12-04T05:00:00.000Z,-0.308,31
2003-12-04T06:00:00.000Z,-0.315,31
2003-12-04T07:00:00.000Z,-0.262,31
2003-12-04T08:00:00.000Z,-0.159,31
2003-12-04T09:00:00.000Z,-0.006,31
2003-12-04T10:00:00.000Z,0.046,31
2003-12-04T11:00:00.000Z,-0.052,31
2003-12-04T12:00:00.000Z,-0.24,31
2003-12-04T13:00:00.000Z,-0.357,31
2003-12-04T14:00:00.000Z,-0.389,31
2003-12-04T15:00:00.000Z,-0.296,31
2003-12-04T16:00:00.000Z,-0.111,31
2003-12-04T17:00:00.000Z,0.036,31
2003-12-04T18:00:00.000Z,0.066,31
2003-12-04T19:00:00.000Z,0.062,31
2003-12-04T20:00:00.000Z,0.084,31
2003-12-04T21:00:00.000Z,0.145,31
2003-12-04T22:00:00.000Z,0.117,31
2003-12-04T23:00:00.000Z,0.021,31
2003-12-05T00:00:00.000Z,-0.185,31
2003-12-05T01:00:00.000Z,-0.376,31
2003-12-05T02:00:00.000Z,-0.468,31
2003-12-05T03:00:00.000Z,-0.412,31
2003-12-05T04:00:00.000Z,-0.28,31
2003-12-05T05:00:00.000Z,-0.147,31
2003-12-05T06:00:00.000Z,-0.096,31
2003-12-05T07:00:00.000Z,-0.093,31
2003-12-05T08:00:00.000Z,-0.068,31
2003-12-05T09:00:00.000Z,0.029,31
2003-12-05T10:00:00.000Z,0.138,31
2003-12-05T11:00:00.000Z,0.107,31
2003-12-05T12:00:00.000Z,-0.029,31
2003-12-05T13:00:00.000Z,-0.193,31
2003-12-05T14:00:00.000Z,-0.332,31
2003-12-05T15:00:00.000Z,-0.312,31
2003-12-05T16:00:00.000Z,-0.171,31
2003-12-05T17:00:00.000Z,-0.013,31
2003-12-05T18:00:00.000Z,0.094,31
2003-12-05T19:00:00.000Z,0.103,31
2003-12-05T20:00:00.000Z,0.047,31
2003-12-05T21:00:00.000Z,0.071,31
2003-12-05T22:00:00.000Z,0.103,31
2003-12-05T23:00:00.000Z,0.076,31
2003-12-06T00:00:00.000Z,-0.079,31
2003-12-06T01:00:00.000Z,-0.262,31
2003-12-06T02:00:00.000Z,-0.416,31
2003-12-06T03:00:00.000Z,-0.448,31
2003-12-06T04:00:00.000Z,-0.344,31
2003-12-06T05:00:00.000Z,-0.184,31
2003-12-06T06:00:00.000Z,-0.052,31
2003-12-06T07:00:00.000Z,-0.02,31
2003-12-06T08:00:00.000Z,-0.072,31
2003-12-06T09:00:00.000Z,-0.059,31
2003-12-06T10:00:00.000Z,0.054,31
2003-12-06T11:00:00.000Z,0.094,31
2003-12-06T12:00:00.000Z,0.015,31
2003-12-06T13:00:00.000Z,-0.182,31
2003-12-06T14:00:00.000Z,-0.362,31
2003-12-06T15:00:00.000Z,-0.463,31
2003-12-06T16:00:00.000Z,-0.374,31
2003-12-06T17:00:00.000Z,-0.111,31
2003-12-06T18:00:00.000Z,0.055,31
2003-12-06T19:00:00.000Z,0.122,31
2003-12-06T20:00:00.000Z,0.1,31
2003-12-06T21:00:00.000Z,0.064,31
2003-12-06T22:00:00.000Z,0.078,31
2003-12-06T23:00:00.000Z,0.139,31
2003-12-07T00:00:00.000Z,0.059,31
2003-12-07T01:00:00.000Z,-0.109,31
2003-12-07T02:00:00.000Z,-0.354,31
2003-12-07T03:00:00.000Z,-0.442,31
2003-12-07T04:00:00.000Z,-0.449,31
2003-12-07T05:00:00.000Z,-0.253,31
2003-12-07T06:00:00.000Z,-0.075,31
2003-12-07T07:00:00.000Z,0.065,31
2003-12-07T08:00:00.000Z,0.046,31
2003-12-07T09:00:00.000Z,0.013,31
2003-12-07T10:00:00.000Z,0.041,31
2003-12-07T11:00:00.000Z,0.119,31
2003-12-07T12:00:00.000Z,0.098,31
2003-12-07T13:00:00.000Z,-0.046,31
2003-12-07T14:00:00.000Z,-0.249,31
2003-12-07T15:00:00.000Z,-0.361,31
2003-12-07T16:00:00.000Z,-0.402,31
2003-12-07T17:00:00.000Z,-0.239,31
2003-12-07T18:00:00.000Z,-0.012,31
2003-12-07T19:00:00.000Z,0.165,31
2003-12-07T20:00:00.000Z,0.199,31
2003-12-07T21:00:00.000Z,0.17,31
2003-12-07T22:00:00.000Z,0.14,31
2003-12-07T23:00:00.000Z,0.171,31
2003-12-08T00:00:00.000Z,0.139,31
2003-12-08T01:00:00.000Z,0.011,31
2003-12-08T02:00:00.000Z,-0.213,31
2003-12-08T03:00:00.000Z,-0.365,31
2003-12-08T04:00:00.000Z,-0.411,31
2003-12-08T05:00:00.000Z,-0.282,31
2003-12-08T06:00:00.000Z,-0.05,31
2003-12-08T07:00:00.000Z,0.14,31
2003-12-08T08:00:00.000Z,0.218,31
2003-12-08T09:00:00.000Z,0.156,31
2003-12-08T10:00:00.000Z,0.157,31
2003-12-08T11:00:00.000Z,0.225,31
2003-12-08T12:00:00.000Z,0.236,31
2003-12-08T13:00:00.000Z,0.153,31
2003-12-08T14:00:00.000Z,-0.025,31
2003-12-08T15:00:00.000Z,-0.207,31
2003-12-08T16:00:00.000Z,-0.299,31
2003-12-08T17:00:00.000Z,-0.225,31
2003-12-08T18:00:00.000Z,-0.009,31
2003-12-08T19:00:00.000Z,0.244,31
2003-12-08T20:00:00.000Z,0.328,31
2003-12-08T21:00:00.000Z,0.293,31
2003-12-08T22:00:00.000Z,0.23,31
2003-12-08T23:00:00.000Z,0.284,31
2003-12-09T00:00:00.000Z,0.319,31
2003-12-09T01:00:00.000Z,0.255,31
2003-12-09T02:00:00.000Z,0.096,31
2003-12-09T03:00:00.000Z,-0.132,31
2003-12-09T04:00:00.000Z,-0.253,31
2003-12-09T05:00:00.000Z,-0.212,31
2003-12-09T06:00:00.000Z,0.01,31
2003-12-09T07:00:00.000Z,0.269,31
2003-12-09T08:00:00.000Z,0.412,31
2003-12-09T09:00:00.000Z,0.404,31
2003-12-09T10:00:00.000Z,0.33,31
2003-12-09T11:00:00.000Z,0.317,31
2003-12-09T12:00:00.000Z,0.352,31
2003-12-09T13:00:00.000Z,0.339,31
2003-12-09T14:00:00.000Z,0.185,31
2003-12-09T15:00:00.000Z,-0.076,31
2003-12-09T16:00:00.000Z,-0.255,31
2003-12-09T17:00:00.000Z,-0.327,31
2003-12-09T18:00:00.000Z,-0.19,31
2003-12-09T19:00:00.000Z,0.044,31
2003-12-09T20:00:00.000Z,0.204,31
2003-12-09T21:00:00.000Z,0.261,31
2003-12-09T22:00:00.000Z,0.2,31
2003-12-09T23:00:00.000Z,0.16,31
2003-12-10T00:00:00.000Z,0.194,31
2003-12-10T01:00:00.000Z,0.187,31
2003-12-10T02:00:00.000Z,0.07,31
2003-12-10T03:00:00.000Z,-0.103,31
2003-12-10T04:00:00.000Z,-0.28,31
2003-12-10T05:00:00.000Z,-0.287,31
2003-12-10T06:00:00.000Z,-0.184,31
2003-12-10T07:00:00.000Z,0.075,31
2003-12-10T08:00:00.000Z,0.267,31
2003-12-10T09:00:00.000Z,0.353,31
2003-12-10T10:00:00.000Z,0.322,31
2003-12-10T11:00:00.000Z,0.306,31
2003-12-10T12:00:00.000Z,0.378,31
2003-12-10T13:00:00.000Z,0.366,31
2003-12-10T14:00:00.000Z,0.272,31
2003-12-10T15:00:00.000Z,0.071,31
2003-12-10T16:00:00.000Z,-0.153,31
2003-12-10T17:00:00.000Z,-0.257,31
2003-12-10T18:00:00.000Z,-0.232,31
2003-12-10T19:00:00.000Z,-0.031,31
2003-12-10T20:00:00.000Z,0.199,31
2003-12-10T21:00:00.000Z,0.299,31
2003-12-10T22:00:00.000Z,0.303,31
2003-12-10T23:00:00.000Z,0.252,31
2003-12-11T00:00:00.000Z,0.278,31
2003-12-11T01:00:00.000Z,0.322,31
2003-12-11T02:00:00.000Z,0.319,31
2003-12-11T03:00:00.000Z,0.194,31
2003-12-11T04:00:00.000Z,0.014,31
2003-12-11T05:00:00.000Z,-0.071,31
2003-12-11T06:00:00.000Z,-0.039,31
2003-12-11T07:00:00.000Z,0.148,31
2003-12-11T08:00:00.000Z,0.371,31
2003-12-11T09:00:00.000Z,0.516,31
2003-12-11T10:00:00.000Z,0.489,31
2003-12-11T11:00:00.000Z,0.428,31
2003-12-11T12:00:00.000Z,0.385,31
2003-12-11T13:00:00.000Z,0.398,31
2003-12-11T14:00:00.000Z,0.309,31
2003-12-11T15:00:00.000Z,0.178,31
2003-12-11T16:00:00.000Z,-0.089,31
2003-12-11T17:00:00.000Z,-0.34,31
2003-12-11T18:00:00.000Z,-0.399,31
2003-12-11T19:00:00.000Z,-0.343,31
2003-12-11T20:00:00.000Z,-0.139,31
2003-12-11T21:00:00.000Z,0.011,31
2003-12-11T22:00:00.000Z,0.08,31
2003-12-11T23:00:00.000Z,0.024,31
2003-12-12T00:00:00.000Z,0.018,31
2003-12-12T01:00:00.000Z,0.081,31
2003-12-12T02:00:00.000Z,0.103,31
2003-12-12T03:00:00.000Z,0.079,31
2003-12-12T04:00:00.000Z,-0.039,31
2003-12-12T05:00:00.000Z,-0.189,31
2003-12-12T06:00:00.000Z,-0.202,31
2003-12-12T07:00:00.000Z,-0.109,31
2003-12-12T08:00:00.000Z,0.129,31
2003-12-12T09:00:00.000Z,0.326,31
2003-12-12T10:00:00.000Z,0.399,31
2003-12-12T11:00:00.000Z,0.342,31
2003-12-12T12:00:00.000Z,0.285,31
2003-12-12T13:00:00.000Z,0.38,31
2003-12-12T14:00:00.000Z,0.458,31
2003-12-12T15:00:00.000Z,0.41,31
2003-12-12T16:00:00.000Z,0.328,31
2003-12-12T17:00:00.000Z,0.112,31
2003-12-12T18:00:00.000Z,-0.039,31
2003-12-12T19:00:00.000Z,-0.07,31
2003-12-12T20:00:00.000Z,0.006,31
2003-12-12T21:00:00.000Z,0.154,31
2003-12-12T22:00:00.000Z,0.257,31
2003-12-12T23:00:00.000Z,0.24,31
2003-12-13T00:00:00.000Z,0.221,31
2003-12-13T01:00:00.000Z,0.246,31
2003-12-13T02:00:00.000Z,0.294,31
2003-12-13T03:00:00.000Z,0.279,31
2003-12-13T04:00:00.000Z,0.219,31
2003-12-13T05:00:00.000Z,0.049,31
2003-12-13T06:00:00.000Z,-0.055,31
2003-12-13T07:00:00.000Z,-0.081,31
2003-12-13T08:00:00.000Z,0.006,31
2003-12-13T09:00:00.000Z,0.217,31
2003-12-13T10:00:00.000Z,0.335,31
2003-12-13T11:00:00.000Z,0.4,31
2003-12-13T12:00:00.000Z,0.376,31
2003-12-13T13:00:00.000Z,0.396,31
2003-12-13T14:00:00.000Z,0.445,31
2003-12-13T15:00:00.000Z,0.453,31
2003-12-13T16:00:00.000Z,0.337,31
2003-12-13T17:00:00.000Z,0.171,31
2003-12-13T18:00:00.000Z,-0.016,31
2003-12-13T19:00:00.000Z,-0.134,31
2003-12-13T20:00:00.000Z,-0.119,31
2003-12-13T21:00:00.000Z,-0.057,31
2003-12-13T22:00:00.000Z,0.08,31
2003-12-13T23:00:00.000Z,0.138,31
2003-12-14T00:00:00.000Z,0.116,31
2003-12-14T01:00:00.000Z,0.152,31
2003-12-14T02:00:00.000Z,0.184,31
2003-12-14T03:00:00.000Z,0.264,31
2003-12-14T04:00:00.000Z,0.228,31
2003-12-14T05:00:00.000Z,0.041,31
2003-12-14T06:00:00.000Z,-0.165,31
2003-12-14T07:00:00.000Z,-0.237,31
2003-12-14T08:00:00.000Z,-0.214,31
2003-12-14T09:00:00.000Z,-0.1,31
2003-12-14T10:00:00.000Z,0.098,31
2003-12-14T11:00:00.000Z,0.19,31
2003-12-14T12:00:00.000Z,0.165,31
2003-12-14T13:00:00.000Z,0.116,31
2003-12-14T14:00:00.000Z,0.141,31
2003-12-14T15:00:00.000Z,0.192,31
2003-12-14T16:00:00.000Z,0.209,31
2003-12-14T17:00:00.000Z,0.07,31
2003-12-14T18:00:00.000Z,-0.132,31
2003-12-14T19:00:00.000Z,-0.348,31
2003-12-14T20:00:00.000Z,-0.461,31
2003-12-14T21:00:00.000Z,-0.45,31
2003-12-14T22:00:00.000Z,-0.347,31
2003-12-14T23:00:00.000Z,-0.229,31
2003-12-15T00:00:00.000Z,-0.241,31
2003-12-15T01:00:00.000Z,-0.281,31
2003-12-15T02:00:00.000Z,-0.269,31
2003-12-15T03:00:00.000Z,-0.166,31
2003-12-15T04:00:00.000Z,-0.078,31
2003-12-15T05:00:00.000Z,-0.056,31
2003-12-15T06:00:00.000Z,-0.089,31
2003-12-15T07:00:00.000Z,-0.232,31
2003-12-15T08:00:00.000Z,-0.303,31
2003-12-15T09:00:00.000Z,-0.241,31
2003-12-15T10:00:00.000Z,-0.086,31
2003-12-15T11:00:00.000Z,0.07,31
2003-12-15T12:00:00.000Z,0.165,31
2003-12-15T13:00:00.000Z,0.194,31
2003-12-15T14:00:00.000Z,0.158,31
2003-12-15T15:00:00.000Z,0.264,31
2003-12-15T16:00:00.000Z,0.329,31
2003-12-15T17:00:00.000Z,0.36,31
2003-12-15T18:00:00.000Z,0.239,31
2003-12-15T19:00:00.000Z,0.02,31
2003-12-15T20:00:00.000Z,-0.195,31
2003-12-15T21:00:00.000Z,-0.33,31
2003-12-15T22:00:00.000Z,-0.382,31
2003-12-15T23:00:00.000Z,-0.305,31
2003-12-16T00:00:00.000Z,-0.232,31
2003-12-16T01:00:00.000Z,-0.232,31
2003-12-16T02:00:00.000Z,-0.248,31
2003-12-16T03:00:00.000Z,-0.188,31
2003-12-16T04:00:00.000Z,-0.029,31
2003-12-16T05:00:00.000Z,0.125,31
2003-12-16T06:00:00.000Z,0.178,31
2003-12-16T07:00:00.000Z,0.12,31
2003-12-16T08:00:00.000Z,-0.005,31
2003-12-16T09:00:00.000Z,-0.085,31
2003-12-16T10:00:00.000Z,-0.082,31
2003-12-16T11:00:00.000Z,0.037,31
2003-12-16T12:00:00.000Z,NA,NA
2003-12-16T13:00:00.000Z,NA,NA
2003-12-16T14:00:00.000Z,NA,NA
2003-12-16T15:00:00.000Z,NA,NA
2003-12-16T16:00:00.000Z,NA,NA
2003-12-16T17:00:00.000Z,NA,NA
2003-12-16T18:00:00.000Z,NA,NA
2003-12-16T19:00:00.000Z,NA,NA
2003-12-16T20:00:00.000Z,NA,NA
2003-12-16T21:00:00.000Z,NA,NA
2003-12-16T22:00:00.000Z,NA,NA
2003-12-16T23:00:00.000Z,NA,NA
2003-12-17T00:00:00.000Z,NA,NA
2003-12-17T01:00:00.000Z,NA,NA
2003-12-17T02:00:00.000Z,NA,NA
2003-12-17T03:00:00.000Z,NA,NA
2003-12-17T04:00:00.000Z,NA,NA
2003-12-17T05:00:00.000Z,NA,NA
2003-12-17T06:00:00.000Z,NA,NA
2003-12-17T07:00:00.000Z,NA,NA
2003-12-17T08:00:00.000Z,NA,NA
2003-12-17T09:00:00.000Z,NA,NA
2003-12-17T10:00:00.000Z,NA,NA
2003-12-17T11:00:00.000Z,NA,NA
2003-12-17T12:00:00.000Z,NA,NA
2003-12-17T13:00:00.000Z,NA,NA
2003-12-17T14:00:00.000Z,NA,NA
2003-12-17T15:00:00.000Z,NA,NA
2003-12-17T16:00:00.000Z,NA,NA
2003-12-17T17:00:00.000Z,NA,NA
2003-12-17T18:00:00.000Z,NA,NA
2003-12-17T19:00:00.000Z,NA,NA
2003-12-17T20:00:00.000Z,NA,NA
2003-12-17T21:00:00.000Z,NA,NA
2003-12-17T22:00:00.000Z,NA,NA
2003-12-17T23:00:00.000Z,NA,NA
2003-12-18T00:00:00.000Z,NA,NA
2003-12-18T01:00:00.000Z,NA,NA
2003-12-18T02:00:00.000Z,NA,NA
2003-12-18T03:00:00.000Z,NA,NA
2003-12-18T04:00:00.000Z,NA,NA
2003-12-18T05:00:00.000Z,NA,NA
2003-12-18T06:00:00.000Z,NA,NA
2003-12-18T07:00:00.000Z,NA,NA
2003-12-18T08:00:00.000Z,NA,NA
2003-12-18T09:00:00.000Z,NA,NA
2003-12-18T10:00:00.000Z,NA,NA
2003-12-18T11:00:00.000Z,NA,NA
2003-12-18T12:00:00.000Z,NA,NA
2003-12-18T13:00:00.000Z,NA,NA
2003-12-18T14:00:00.000Z,NA,NA
2003-12-18T15:00:00.000Z,NA,NA
2003-12-18T16:00:00.000Z,NA,NA
2003-12-18T17:00:00.000Z,NA,NA
2003-12-18T18:00:00.000Z,NA,NA
2003-12-18T19:00:00.000Z,NA,NA
2003-12-18T20:00:00.000Z,NA,NA
2003-12-18T21:00:00.000Z,NA,NA
2003-12-18T22:00:00.000Z,NA,NA
2003-12-18T23:00:00.000Z,NA,NA
2003-12-19T00:00:00.000Z,NA,NA
2003-12-19T01:00:00.000Z,NA,NA
2003-12-19T02:00:00.000Z,NA,NA
2003-12-19T03:00:00.000Z,NA,NA
2003-12-19T04:00:00.000Z,NA,NA
2003-12-19T05:00:00.000Z,NA,NA
2003-12-19T06:00:00.000Z,NA,NA
2003-12-19T07:00:00.000Z,NA,NA
2003-12-19T08:00:00.000Z,NA,NA
2003-12-19T09:00:00.000Z,NA,NA
2003-12-19T10:00:00.000Z,NA,NA
2003-12-19T11:00:00.000Z,NA,NA
2003-12-19T12:00:00.000Z,NA,NA
2003-12-19T13:00:00.000Z,NA,NA
2003-12-19T14:00:00.000Z,NA,NA
2003-12-19T15:00:00.000Z,NA,NA
2003-12-19T16:00:00.000Z,NA,NA
2003-12-19T17:00:00.000Z,NA,NA
2003-12-19T18:00:00.000Z,NA,NA
2003-12-19T19:00:00.000Z,NA,NA
2003-12-19T20:00:00.000Z,NA,NA
2003-12-19T21:00:00.000Z,NA,NA
2003-12-19T22:00:00.000Z,NA,NA
2003-12-19T23:00:00.000Z,NA,NA
2003-12-20T00:00:00.000Z,NA,NA
2003-12-20T01:00:00.000Z,NA,NA
2003-12-20T02:00:00.000Z,NA,NA
2003-12-20T03:00:00.000Z,NA,NA
2003-12-20T04:00:00.000Z,NA,NA
2003-12-20T05:00:00.000Z,NA,NA
2003-12-20T06:00:00.000Z,NA,NA
2003-12-20T07:00:00.000Z,NA,NA
2003-12-20T08:00:00.000Z,NA,NA
2003-12-20T09:00:00.000Z,NA,NA
2003-12-20T10:00:00.000Z,NA,NA
2003-12-20T11:00:00.000Z,NA,NA
2003-12-20T12:00:00.000Z,NA,NA
2003-12-20T13:00:00.000Z,NA,NA
2003-12-20T14:00:00.000Z,NA,NA
2003-12-20T15:00:00.000Z,NA,NA
2003-12-20T16:00:00.000Z,NA,NA
2003-12-20T17:00:00.000Z,NA,NA
2003-12-20T18:00:00.000Z,NA,NA
2003-12-20T19:00:00.000Z,NA,NA
2003-12-20T20:00:00.000Z,NA,NA
2003-12-20T21:00:00.000Z,NA,NA
2003-12-20T22:00:00.000Z,NA,NA
2003-12-20T23:00:00.000Z,NA,NA
2003-12-21T00:00:00.000Z,NA,NA
2003-12-21T01:00:00.000Z,NA,NA
2003-12-21T02:00:00.000Z,NA,NA
2003-12-21T03:00:00.000Z,NA,NA
2003-12-21T04:00:00.000Z,NA,NA
2003-12-21T05:00:00.000Z,NA,NA
2003-12-21T06:00:00.000Z,NA,NA
2003-12-21T07:00:00.000Z,NA,NA
2003-12-21T08:00:00.000Z,NA,NA
2003-12-21T09:00:00.000Z,NA,NA
2003-12-21T10:00:00.000Z,NA,NA
2003-12-21T11:00:00.000Z,NA,NA
2003-12-21T12:00:00.000Z,NA,NA
2003-12-21T13:00:00.000Z,NA,NA
2003-12-21T14:00:00.000Z,NA,NA
2003-12-21T15:00:00.000Z,NA,NA
2003-12-21T16:00:00.000Z,NA,NA
2003-12-21T17:00:00.000Z,NA,NA
2003-12-21T18:00:00.000Z,NA,NA
2003-12-21T19:00:00.000Z,NA,NA
2003-12-21T20:00:00.000Z,NA,NA
2003-12-21T21:00:00.000Z,NA,NA
2003-12-21T22:00:00.000Z,NA,NA
2003-12-21T23:00:00.000Z,NA,NA
2003-12-22T00:00:00.000Z,NA,NA
2003-12-22T01:00:00.000Z,NA,NA
2003-12-22T02:00:00.000Z,NA,NA
2003-12-22T03:00:00.000Z,NA,NA
2003-12-22T04:00:00.000Z,NA,NA
2003-12-22T05:00:00.000Z,NA,NA
2003-12-22T06:00:00.000Z,NA,NA
2003-12-22T07:00:00.000Z,NA,NA
2003-12-22T08:00:00.000Z,NA,NA
2003-12-22T09:00:00.000Z,NA,NA
2003-12-22T10:00:00.000Z,NA,NA
2003-12-22T11:00:00.000Z,NA,NA
2003-12-22T12:00:00.000Z,NA,NA
2003-12-22T13:00:00.000Z,NA,NA
2003-12-22T14:00:00.000Z,NA,NA
2003-12-22T15:00:00.000Z,NA,NA
2003-12-22T16:00:00.000Z,NA,NA
2003-12-22T17:00:00.000Z,NA,NA
2003-12-22T18:00:00.000Z,NA,NA
2003-12-22T19:00:00.000Z,NA,NA
2003-12-22T20:00:00.000Z,NA,NA
2003-12-22T21:00:00.000Z,NA,NA
2003-12-22T22:00:00.000Z,NA,NA
2003-12-22T23:00:00.000Z,NA,NA
2003-12-23T00:00:00.000Z,NA,NA
2003-12-23T01:00:00.000Z,NA,NA
2003-12-23T02:00:00.000Z,NA,NA
2003-12-23T03:00:00.000Z,NA,NA
2003-12-23T04:00:00.000Z,NA,NA
2003-12-23T05:00:00.000Z,NA,NA
2003-12-23T06:00:00.000Z,NA,NA
2003-12-23T07:00:00.000Z,NA,NA
2003-12-23T08:00:00.000Z,NA,NA
2003-12-23T09:00:00.000Z,NA,NA
2003-12-23T10:00:00.000Z,NA,NA
2003-12-23T11:00:00.000Z,NA,NA
2003-12-23T12:00:00.000Z,NA,NA
2003-12-23T13:00:00.000Z,NA,NA
2003-12-23T14:00:00.000Z,NA,NA
2003-12-23T15:00:00.000Z,NA,NA
2003-12-23T16:00:00.000Z,NA,NA
2003-12-23T17:00:00.000Z,NA,NA
2003-12-23T18:00:00.000Z,NA,NA
2003-12-23T19:00:00.000Z,NA,NA
2003-12-23T20:00:00.000Z,NA,NA
2003-12-23T21:00:00.000Z,NA,NA
2003-12-23T22:00:00.000Z,NA,NA
2003-12-23T23:00:00.000Z,NA,NA
2003-12-24T00:00:00.000Z,NA,NA
2003-12-24T01:00:00.000Z,NA,NA
2003-12-24T02:00:00.000Z,NA,NA
2003-12-24T03:00:00.000Z,NA,NA
2003-12-24T04:00:00.000Z,NA,NA
2003-12-24T05:00:00.000Z,NA,NA
2003-12-24T06:00:00.000Z,NA,NA
2003-12-24T07:00:00.000Z,NA,NA
2003-12-24T08:00:00.000Z,NA,NA
2003-12-24T09:00:00.000Z,NA,NA
2003-12-24T10:00:00.000Z,NA,NA
2003-12-24T11:00:00.000Z,NA,NA
2003-12-24T12:00:00.000Z,NA,NA
2003-12-24T13:00:00.000Z,NA,NA
2003-12-24T14:00:00.000Z,NA,NA
2003-12-24T15:00:00.000Z,NA,NA
2003-12-24T16:00:00.000Z,NA,NA
2003-12-24T17:00:00.000Z,NA,NA
2003-12-24T18:00:00.000Z,NA,NA
2003-12-24T19:00:00.000Z,NA,NA
2003-12-24T20:00:00.000Z,NA,NA
2003-12-24T21:00:00.000Z,NA,NA
2003-12-24T22:00:00.000Z,NA,NA
2003-12-24T23:00:00.000Z,NA,NA
2003-12-25T00:00:00.000Z,NA,NA
2003-12-25T01:00:00.000Z,NA,NA
2003-12-25T02:00:00.000Z,NA,NA
2003-12-25T03:00:00.000Z,NA,NA
2003-12-25T04:00:00.000Z,NA,NA
2003-12-25T05:00:00.000Z,NA,NA
2003-12-25T06:00:00.000Z,NA,NA
2003-12-25T07:00:00.000Z,NA,NA
2003-12-25T08:00:00.000Z,NA,NA
2003-12-25T09:00:00.000Z,NA,NA
2003-12-25T10:00:00.000Z,NA,NA
2003-12-25T11:00:00.000Z,NA,NA
2003-12-25T12:00:00.000Z,NA,NA
2003-12-25T13:00:00.000Z,NA,NA
2003-12-25T14:00:00.000Z,NA,NA
2003-12-25T15:00:00.000Z,NA,NA
2003-12-25T16:00:00.000Z,NA,NA
2003-12-25T17:00:00.000Z,NA,NA
2003-12-25T18:00:00.000Z,NA,NA
2003-12-25T19:00:00.000Z,NA,NA
2003-12-25T20:00:00.000Z,NA,NA
2003-12-25T21:00:00.000Z,NA,NA
2003-12-25T22:00:00.000Z,NA,NA
2003-12-25T23:00:00.000Z,NA,NA
2003-12-26T00:00:00.000Z,NA,NA
2003-12-26T01:00:00.000Z,NA,NA
2003-12-26T02:00:00.000Z,NA,NA
2003-12-26T03:00:00.000Z,NA,NA
2003-12-26T04:00:00.000Z,NA,NA
2003-12-26T05:00:00.000Z,NA,NA
2003-12-26T06:00:00.000Z,NA,NA
2003-12-26T07:00:00.000Z,NA,NA
2003-12-26T08:00:00.000Z,NA,NA
2003-12-26T09:00:00.000Z,NA,NA
2003-12-26T10:00:00.000Z,NA,NA
2003-12-26T11:00:00.000Z,NA,NA
2003-12-26T12:00:00.000Z,NA,NA
2003-12-26T13:00:00.000Z,NA,NA
2003-12-26T14:00:00.000Z,NA,NA
2003-12-26T15:00:00.000Z,NA,NA
2003-12-26T16:00:00.000Z,NA,NA
2003-12-26T17:00:00.000Z,NA,NA
2003-12-26T18:00:00.000Z,NA,NA
2003-12-26T19:00:00.000Z,NA,NA
2003-12-26T20:00:00.000Z,NA,NA
2003-12-26T21:00:00.000Z,NA,NA
2003-12-26T22:00:00.000Z,NA,NA
2003-12-26T23:00:00.000Z,NA,NA
2003-12-27T00:00:00.000Z,NA,NA
2003-12-27T01:00:00.000Z,NA,NA
2003-12-27T02:00:00.000Z,NA,NA
2003-12-27T03:00:00.000Z,NA,NA
2003-12-27T04:00:00.000Z,NA,NA
2003-12-27T05:00:00.000Z,NA,NA
2003-12-27T06:00:00.000Z,NA,NA
2003-12-27T07:00:00.000Z,NA,NA
2003-12-27T08:00:00.000Z,NA,NA
2003-12-27T09:00:00.000Z,NA,NA
2003-12-27T10:00:00.000Z,NA,NA
2003-12-27T11:00:00.000Z,NA,NA
2003-12-27T12:00:00.000Z,NA,NA
2003-12-27T13:00:00.000Z,NA,NA
2003-12-27T14:00:00.000Z,NA,NA
2003-12-27T15:00:00.000Z,NA,NA
2003-12-27T16:00:00.000Z,NA,NA
2003-12-27T17:00:00.000Z,NA,NA
2003-12-27T18:00:00.000Z,NA,NA
2003-12-27T19:00:00.000Z,NA,NA
2003-12-27T20:00:00.000Z,NA,NA
2003-12-27T21:00:00.000Z,NA,NA
2003-12-27T22:00:00.000Z,NA,NA
2003-12-27T23:00:00.000Z,NA,NA
2003-12-28T00:00:00.000Z,NA,NA
2003-12-28T01:00:00.000Z,NA,NA
2003-12-28T02:00:00.000Z,NA,NA
2003-12-28T03:00:00.000Z,NA,NA
2003-12-28T04:00:00.000Z,NA,NA
2003-12-28T05:00:00.000Z,NA,NA
2003-12-28T06:00:00.000Z,NA,NA
2003-12-28T07:00:00.000Z,NA,NA
2003-12-28T08:00:00.000Z,NA,NA
2003-12-28T09:00:00.000Z,NA,NA
2003-12-28T10:00:00.000Z,NA,NA
2003-12-28T11:00:00.000Z,NA,NA
2003-12-28T12:00:00.000Z,NA,NA
2003-12-28T13:00:00.000Z,NA,NA
2003-12-28T14:00:00.000Z,NA,NA
2003-12-28T15:00:00.000Z,NA,NA
2003-12-28T16:00:00.000Z,NA,NA
2003-12-28T17:00:00.000Z,NA,NA
2003-12-28T18:00:00.000Z,NA,NA
2003-12-28T19:00:00.000Z,NA,NA
2003-12-28T20:00:00.000Z,NA,NA
2003-12-28T21:00:00.000Z,NA,NA
2003-12-28T22:00:00.000Z,NA,NA
2003-12-28T23:00:00.000Z,NA,NA
2003-12-29T00:00:00.000Z,NA,NA
2003-12-29T01:00:00.000Z,NA,NA
2003-12-29T02:00:00.000Z,NA,NA
2003-12-29T03:00:00.000Z,NA,NA
2003-12-29T04:00:00.000Z,NA,NA
2003-12-29T05:00:00.000Z,NA,NA
2003-12-29T06:00:00.000Z,NA,NA
2003-12-29T07:00:00.000Z,NA,NA
2003-12-29T08:00:00.000Z,NA,NA
2003-12-29T09:00:00.000Z,NA,NA
2003-12-29T10:00:00.000Z,NA,NA
2003-12-29T11:00:00.000Z,NA,NA
2003-12-29T12:00:00.000Z,NA,NA
2003-12-29T13:00:00.000Z,NA,NA
2003-12-29T14:00:00.000Z,NA,NA
2003-12-29T15:00:00.000Z,NA,NA
2003-12-29T16:00:00.000Z,NA,NA
2003-12-29T17:00:00.000Z,NA,NA
2003-12-29T18:00:00.000Z,NA,NA
2003-12-29T19:00:00.000Z,NA,NA
2003-12-29T20:00:00.000Z,NA,NA
2003-12-29T21:00:00.000Z,NA,NA
2003-12-29T22:00:00.000Z,NA,NA
2003-12-29T23:00:00.000Z,NA,NA
2003-12-30T00:00:00.000Z,NA,NA
2003-12-30T01:00:00.000Z,NA,NA
2003-12-30T02:00:00.000Z,NA,NA
2003-12-30T03:00:00.000Z,NA,NA
2003-12-30T04:00:00.000Z,NA,NA
2003-12-30T05:00:00.000Z,NA,NA
2003-12-30T06:00:00.000Z,NA,NA
2003-12-30T07:00:00.000Z,NA,NA
2003-12-30T08:00:00.000Z,NA,NA
2003-12-30T09:00:00.000Z,NA,NA
2003-12-30T10:00:00.000Z,NA,NA
2003-12-30T11:00:00.000Z,NA,NA
2003-12-30T12:00:00.000Z,NA,NA
2003-12-30T13:00:00.000Z,NA,NA
2003-12-30T14:00:00.000Z,NA,NA
2003-12-30T15:00:00.000Z,NA,NA
2003-12-30T16:00:00.000Z,NA,NA
2003-12-30T17:00:00.000Z,NA,NA
2003-12-30T18:00:00.000Z,NA,NA
2003-12-30T19:00:00.000Z,NA,NA
2003-12-30T20:00:00.000Z,NA,NA
2003-12-30T21:00:00.000Z,NA,NA
2003-12-30T22:00:00.000Z,NA,NA
2003-12-30T23:00:00.000Z,NA,NA
2003-12-31T00:00:00.000Z,NA,NA
2003-12-31T01:00:00.000Z,NA,NA
2003-12-31T02:00:00.000Z,NA,NA
2003-12-31T03:00:00.000Z,NA,NA
2003-12-31T04:00:00.000Z,NA,NA
2003-12-31T05:00:00.000Z,NA,NA
2003-12-31T06:00:00.000Z,NA,NA
2003-12-31T07:00:00.000Z,NA,NA
2003-12-31T08:00:00.000Z,NA,NA
2003-12-31T09:00:00.000Z,NA,NA
2003-12-31T10:00:00.000Z,NA,NA
2003-12-31T11:00:00.000Z,NA,NA
2003-12-31T12:00:00.000Z,NA,NA
2003-12-31T13:00:00.000Z,NA,NA
2003-12-31T14:00:00.000Z,NA,NA
2003-12-31T15:00:00.000Z,NA,NA
2003-12-31T16:00:00.000Z,NA,NA
2003-12-31T17:00:00.000Z,NA,NA
2003-12-31T18:00:00.000Z,NA,NA
2003-12-31T19:00:00.000Z,NA,NA
2003-12-31T20:00:00.000Z,NA,NA
2003-12-31T21:00:00.000Z,NA,NA
2003-12-31T22:00:00.000Z,NA,NA
2003-12-31T23:00:00.000Z,NA,NA
