Date,Value,QC_Flag
2012-01-01T00:00:00Z,0.7191,1
2012-01-01T01:00:00Z,0.5111,1
2012-01-01T02:00:00Z,0.1951,1
2012-01-01T03:00:00Z,-0.0199,1
2012-01-01T04:00:00Z,-0.3779,1
2012-01-01T05:00:00Z,-0.5619,1
2012-01-01T06:00:00Z,-0.4859,1
2012-01-01T07:00:00Z,-0.1779,1
2012-01-01T08:00:00Z,0.1571,1
2012-01-01T09:00:00Z,0.5061,1
2012-01-01T10:00:00Z,0.9031,1
2012-01-01T11:00:00Z,1.0881,1
2012-01-01T12:00:00Z,1.2431,1
2012-01-01T13:00:00Z,0.9811,1
2012-01-01T14:00:00Z,0.741,1
2012-01-01T15:00:00Z,0.298,1
2012-01-01T16:00:00Z,0.001,1
2012-01-01T17:00:00Z,-0.279,1
2012-01-01T18:00:00Z,-0.321,1
2012-01-01T19:00:00Z,-0.308,1
2012-01-01T20:00:00Z,-0.007,1
2012-01-01T21:00:00Z,0.253,1
2012-01-01T22:00:00Z,0.52,1
2012-01-01T23:00:00Z,0.686,1
2012-01-02T00:00:00Z,0.57,1
2012-01-02T01:00:00Z,0.685,1
2012-01-02T02:00:00Z,0.509,1
2012-01-02T03:00:00Z,0.319,1
2012-01-02T04:00:00Z,-0.06,1
2012-01-02T05:00:00Z,-0.062,1
2012-01-02T06:00:00Z,-0.297,1
2012-01-02T07:00:00Z,-0.393,1
2012-01-02T08:00:00Z,-0.128,1
2012-01-02T09:00:00Z,-0.462,1
2012-01-02T10:00:00Z,0.462,1
2012-01-02T11:00:00Z,0.736,1
2012-01-02T12:00:00Z,1.144,1
2012-01-02T13:00:00Z,0.699,1
2012-01-02T14:00:00Z,0.806,1
2012-01-02T15:00:00Z,0.49,1
2012-01-02T16:00:00Z,-0.0031,1
2012-01-02T17:00:00Z,-0.1141,1
2012-01-02T18:00:00Z,-0.2711,1
2012-01-02T19:00:00Z,-0.5241,1
2012-01-02T20:00:00Z,-0.1361,1
2012-01-02T21:00:00Z,-0.2351,1
2012-01-02T22:00:00Z,-0.0451,1
2012-01-02T23:00:00Z,0.5689,1
2012-01-03T00:00:00Z,0.8339,1
2012-01-03T01:00:00Z,0.7329,1
2012-01-03T02:00:00Z,0.8319,1
2012-01-03T03:00:00Z,0.6919,1
2012-01-03T04:00:00Z,0.5969,1
2012-01-03T05:00:00Z,0.5299,1
2012-01-03T06:00:00Z,0.5929,1
2012-01-03T07:00:00Z,0.4729,1
2012-01-03T08:00:00Z,0.1619,1
2012-01-03T09:00:00Z,0.5429,1
2012-01-03T10:00:00Z,0.3769,1
2012-01-03T11:00:00Z,0.7339,1
2012-01-03T12:00:00Z,1.0289,1
2012-01-03T13:00:00Z,1.1289,1
2012-01-03T14:00:00Z,1.2869,1
2012-01-03T15:00:00Z,1.1049,1
2012-01-03T16:00:00Z,0.8149,1
2012-01-03T17:00:00Z,0.2398,1
2012-01-03T18:00:00Z,0.1858,1
2012-01-03T19:00:00Z,-0.1662,1
2012-01-03T20:00:00Z,-0.5242,1
2012-01-03T21:00:00Z,-0.4322,1
2012-01-03T22:00:00Z,-0.3562,1
2012-01-03T23:00:00Z,-0.0612,1
2012-01-04T00:00:00Z,0.1308,1
2012-01-04T01:00:00Z,0.2098,1
2012-01-04T02:00:00Z,0.4868,1
2012-01-04T03:00:00Z,0.3218,1
2012-01-04T04:00:00Z,0.2758,1
2012-01-04T05:00:00Z,0.2128,1
2012-01-04T06:00:00Z,-0.1102,1
2012-01-04T07:00:00Z,-0.4092,1
2012-01-04T08:00:00Z,-0.4732,1
2012-01-04T09:00:00Z,-0.6912,1
2012-01-04T10:00:00Z,-0.4432,1
2012-01-04T11:00:00Z,-0.2332,1
2012-01-04T12:00:00Z,0.2658,1
2012-01-04T13:00:00Z,0.3478,1
2012-01-04T14:00:00Z,0.7618,1
2012-01-04T15:00:00Z,0.8278,1
2012-01-04T16:00:00Z,0.9158,1
2012-01-04T17:00:00Z,0.8618,1
2012-01-04T18:00:00Z,0.4118,1
2012-01-04T19:00:00Z,0.2897,1
2012-01-04T20:00:00Z,-0.0633,1
2012-01-04T21:00:00Z,-0.1623,1
2012-01-04T22:00:00Z,-0.1273,1
2012-01-04T23:00:00Z,0.1297,1
2012-01-05T00:00:00Z,0.3737,1
2012-01-05T01:00:00Z,0.4807,1
2012-01-05T02:00:00Z,1.0717,1
2012-01-05T03:00:00Z,1.0247,1
2012-01-05T04:00:00Z,0.9507,1
2012-01-05T05:00:00Z,0.6877,1
2012-01-05T06:00:00Z,0.4297,1
2012-01-05T07:00:00Z,0.3937,1
2012-01-05T08:00:00Z,0.0927,1
2012-01-05T09:00:00Z,-0.2123,1
2012-01-05T10:00:00Z,-0.7293,1
2012-01-05T11:00:00Z,-0.4463,1
2012-01-05T12:00:00Z,-0.0433,1
2012-01-05T13:00:00Z,0.1037,1
2012-01-05T14:00:00Z,0.5027,1
2012-01-05T15:00:00Z,0.6197,1
2012-01-05T16:00:00Z,0.6737,1
2012-01-05T17:00:00Z,0.4357,1
2012-01-05T18:00:00Z,0.2047,1
2012-01-05T19:00:00Z,0.0517,1
2012-01-05T20:00:00Z,-0.5243,1
2012-01-05T21:00:00Z,-0.8764,1
2012-01-05T22:00:00Z,-0.9424,1
2012-01-05T23:00:00Z,-0.9824,1
2012-01-06T00:00:00Z,-0.8814,1
2012-01-06T01:00:00Z,-0.4334,1
2012-01-06T02:00:00Z,-0.0944,1
2012-01-06T03:00:00Z,0.3166,1
2012-01-06T04:00:00Z,0.5796,1
2012-01-06T05:00:00Z,0.5616,1
2012-01-06T06:00:00Z,0.4296,1
2012-01-06T07:00:00Z,0.0476,1
2012-01-06T08:00:00Z,-0.4244,1
2012-01-06T09:00:00Z,-0.5344,1
2012-01-06T10:00:00Z,-0.9854,1
2012-01-06T11:00:00Z,-0.9044,1
2012-01-06T12:00:00Z,-0.8074,1
2012-01-06T13:00:00Z,-0.3274,1
2012-01-06T14:00:00Z,0.1206,1
2012-01-06T15:00:00Z,0.6456,1
2012-01-06T16:00:00Z,0.8526,1
2012-01-06T17:00:00Z,0.8976,1
2012-01-06T18:00:00Z,0.7506,1
2012-01-06T19:00:00Z,0.4336,1
2012-01-06T20:00:00Z,-0.1714,1
2012-01-06T21:00:00Z,-0.4994,1
2012-01-06T22:00:00Z,-0.7925,1
2012-01-06T23:00:00Z,-0.8355,1
2012-01-07T00:00:00Z,-0.5925,1
2012-01-07T01:00:00Z,-0.2935,1
2012-01-07T02:00:00Z,0.1195,1
2012-01-07T03:00:00Z,0.5995,1
2012-01-07T04:00:00Z,0.9345,1
2012-01-07T05:00:00Z,1.0495,1
2012-01-07T06:00:00Z,0.8235,1
2012-01-07T07:00:00Z,0.5065,1
2012-01-07T08:00:00Z,0.2805,1
2012-01-07T09:00:00Z,-0.2345,1
2012-01-07T10:00:00Z,-0.7075,1
2012-01-07T11:00:00Z,-0.8695,1
2012-01-07T12:00:00Z,-0.8455,1
2012-01-07T13:00:00Z,-0.5395,1
2012-01-07T14:00:00Z,-0.0585,1
2012-01-07T15:00:00Z,0.2455,1
2012-01-07T16:00:00Z,0.7175,1
2012-01-07T17:00:00Z,0.8515,1
2012-01-07T18:00:00Z,0.7155,1
2012-01-07T19:00:00Z,0.5575,1
2012-01-07T20:00:00Z,0.1425,1
2012-01-07T21:00:00Z,-0.4475,1
2012-01-07T22:00:00Z,-1.1065,1
2012-01-07T23:00:00Z,-1.2335,1
2012-01-08T00:00:00Z,-1.0876,1
2012-01-08T01:00:00Z,-0.8526,1
2012-01-08T02:00:00Z,-0.3526,1
2012-01-08T03:00:00Z,0.1184,1
2012-01-08T04:00:00Z,0.7244,1
2012-01-08T05:00:00Z,0.8324,1
2012-01-08T06:00:00Z,1.2104,1
2012-01-08T07:00:00Z,0.9154,1
2012-01-08T08:00:00Z,0.5034,1
2012-01-08T09:00:00Z,-0.0136,1
2012-01-08T10:00:00Z,-0.6276,1
2012-01-08T11:00:00Z,-1.0946,1
2012-01-08T12:00:00Z,-1.1836,1
2012-01-08T13:00:00Z,-1.0386,1
2012-01-08T14:00:00Z,-0.6126,1
2012-01-08T15:00:00Z,-0.0366,1
2012-01-08T16:00:00Z,0.4984,1
2012-01-08T17:00:00Z,1.0024,1
2012-01-08T18:00:00Z,1.2354,1
2012-01-08T19:00:00Z,0.9964,1
2012-01-08T20:00:00Z,0.5164,1
2012-01-08T21:00:00Z,-0.0526,1
2012-01-08T22:00:00Z,-0.6246,1
2012-01-08T23:00:00Z,-1.0556,1
2012-01-09T00:00:00Z,-1.1816,1
2012-01-09T01:00:00Z,-1.0276,1
2012-01-09T02:00:00Z,-0.5477,1
2012-01-09T03:00:00Z,0.0793,1
2012-01-09T04:00:00Z,0.6893,1
2012-01-09T05:00:00Z,1.2433,1
2012-01-09T06:00:00Z,1.3743,1
2012-01-09T07:00:00Z,1.2393,1
2012-01-09T08:00:00Z,0.8863,1
2012-01-09T09:00:00Z,0.3023,1
2012-01-09T10:00:00Z,-0.3697,1
2012-01-09T11:00:00Z,-0.9487,1
2012-01-09T12:00:00Z,-1.2487,1
2012-01-09T13:00:00Z,-1.3027,1
2012-01-09T14:00:00Z,-1.0667,1
2012-01-09T15:00:00Z,-0.5257,1
2012-01-09T16:00:00Z,0.1553,1
2012-01-09T17:00:00Z,0.7643,1
2012-01-09T18:00:00Z,1.0813,1
2012-01-09T19:00:00Z,1.1033,1
2012-01-09T20:00:00Z,0.7813,1
2012-01-09T21:00:00Z,0.1933,1
2012-01-09T22:00:00Z,-0.5097,1
2012-01-09T23:00:00Z,-1.0957,1
2012-01-10T00:00:00Z,-1.4867,1
2012-01-10T01:00:00Z,-1.4197,1
2012-01-10T02:00:00Z,-1.0857,1
2012-01-10T03:00:00Z,-0.5698,1
2012-01-10T04:00:00Z,0.1822,1
2012-01-10T05:00:00Z,0.7802,1
2012-01-10T06:00:00Z,1.2632,1
2012-01-10T07:00:00Z,1.5362,1
2012-01-10T08:00:00Z,1.0252,1
2012-01-10T09:00:00Z,0.5142,1
2012-01-10T10:00:00Z,-0.0278,1
2012-01-10T11:00:00Z,-0.8498,1
2012-01-10T12:00:00Z,-1.0338,1
2012-01-10T13:00:00Z,-1.3398,1
2012-01-10T14:00:00Z,-1.3478,1
2012-01-10T15:00:00Z,-0.7818,1
2012-01-10T16:00:00Z,-0.1698,1
2012-01-10T17:00:00Z,0.5102,1
2012-01-10T18:00:00Z,1.2042,1
2012-01-10T19:00:00Z,1.2532,1
2012-01-10T20:00:00Z,0.9432,1
2012-01-10T21:00:00Z,0.5812,1
2012-01-10T22:00:00Z,0.0892,1
2012-01-10T23:00:00Z,-0.7348,1
2012-01-11T00:00:00Z,-1.3238,1
2012-01-11T01:00:00Z,-1.6788,1
2012-01-11T02:00:00Z,-1.4998,1
2012-01-11T03:00:00Z,-1.0828,1
2012-01-11T04:00:00Z,-0.3898,1
2012-01-11T05:00:00Z,0.4571,1
2012-01-11T06:00:00Z,1.1591,1
2012-01-11T07:00:00Z,1.4521,1
2012-01-11T08:00:00Z,1.3461,1
2012-01-11T09:00:00Z,1.1181,1
2012-01-11T10:00:00Z,0.5361,1
2012-01-11T11:00:00Z,-0.4579,1
2012-01-11T12:00:00Z,-1.0369,1
2012-01-11T13:00:00Z,-1.4489,1
2012-01-11T14:00:00Z,-1.5939,1
2012-01-11T15:00:00Z,-1.1539,1
2012-01-11T16:00:00Z,-0.7069,1
2012-01-11T17:00:00Z,0.2221,1
2012-01-11T18:00:00Z,0.7911,1
2012-01-11T19:00:00Z,0.9611,1
2012-01-11T20:00:00Z,1.1441,1
2012-01-11T21:00:00Z,1.2071,1
2012-01-11T22:00:00Z,0.4751,1
2012-01-11T23:00:00Z,-0.2969,1
2012-01-12T00:00:00Z,-0.9079,1
2012-01-12T01:00:00Z,-1.3429,1
2012-01-12T02:00:00Z,-1.2739,1
2012-01-12T03:00:00Z,-1.0639,1
2012-01-12T04:00:00Z,-0.4889,1
2012-01-12T05:00:00Z,0.1471,1
2012-01-12T06:00:00Z,1.0511,1
2012-01-12T07:00:00Z,1.408,1
2012-01-12T08:00:00Z,1.538,1
2012-01-12T09:00:00Z,1.22,1
2012-01-12T10:00:00Z,0.774,1
2012-01-12T11:00:00Z,0.273,1
2012-01-12T12:00:00Z,-0.58,1
2012-01-12T13:00:00Z,-1.113,1
2012-01-12T14:00:00Z,-1.632,1
2012-01-12T15:00:00Z,-1.675,1
2012-01-12T16:00:00Z,-1.321,1
2012-01-12T17:00:00Z,-0.67,1
2012-01-12T18:00:00Z,0.065,1
2012-01-12T19:00:00Z,0.72,1
2012-01-12T20:00:00Z,1.079,1
2012-01-12T21:00:00Z,0.961,1
2012-01-12T22:00:00Z,0.592,1
2012-01-12T23:00:00Z,-0.106,1
2012-01-13T00:00:00Z,-0.834,1
2012-01-13T01:00:00Z,-1.512,1
2012-01-13T02:00:00Z,-1.866,1
2012-01-13T03:00:00Z,-1.776,1
2012-01-13T04:00:00Z,-1.324,1
2012-01-13T05:00:00Z,-0.638,1
2012-01-13T06:00:00Z,0.201,1
2012-01-13T07:00:00Z,0.81,1
2012-01-13T08:00:00Z,1.21,1
2012-01-13T09:00:00Z,1.2339,1
2012-01-13T10:00:00Z,1.0139,1
2012-01-13T11:00:00Z,0.4989,1
2012-01-13T12:00:00Z,-0.1751,1
2012-01-13T13:00:00Z,-0.8321,1
2012-01-13T14:00:00Z,-1.3891,1
2012-01-13T15:00:00Z,-1.6211,1
2012-01-13T16:00:00Z,-1.5401,1
2012-01-13T17:00:00Z,-1.1071,1
2012-01-13T18:00:00Z,-0.3951,1
2012-01-13T19:00:00Z,0.3139,1
2012-01-13T20:00:00Z,0.8259,1
2012-01-13T21:00:00Z,1.0769,1
2012-01-13T22:00:00Z,0.8949,1
2012-01-13T23:00:00Z,0.4539,1
2012-01-14T00:00:00Z,-0.1951,1
2012-01-14T01:00:00Z,-0.9031,1
2012-01-14T02:00:00Z,-1.4381,1
2012-01-14T03:00:00Z,-1.6491,1
2012-01-14T04:00:00Z,-1.4801,1
2012-01-14T05:00:00Z,-1.0091,1
2012-01-14T06:00:00Z,-0.2921,1
2012-01-14T07:00:00Z,0.4949,1
2012-01-14T08:00:00Z,0.9389,1
2012-01-14T09:00:00Z,1.2509,1
2012-01-14T10:00:00Z,1.2398,1
2012-01-14T11:00:00Z,0.8978,1
2012-01-14T12:00:00Z,0.4518,1
2012-01-14T13:00:00Z,-0.1902,1
2012-01-14T14:00:00Z,-0.7342,1
2012-01-14T15:00:00Z,-1.1982,1
2012-01-14T16:00:00Z,-1.3332,1
2012-01-14T17:00:00Z,-1.2412,1
2012-01-14T18:00:00Z,-0.7602,1
2012-01-14T19:00:00Z,-0.0852,1
2012-01-14T20:00:00Z,0.5488,1
2012-01-14T21:00:00Z,0.9128,1
2012-01-14T22:00:00Z,0.9298,1
2012-01-14T23:00:00Z,0.8328,1
2012-01-15T00:00:00Z,0.4488,1
2012-01-15T01:00:00Z,-0.1662,1
2012-01-15T02:00:00Z,-0.8012,1
2012-01-15T03:00:00Z,-1.2602,1
2012-01-15T04:00:00Z,-1.3182,1
2012-01-15T05:00:00Z,-1.0812,1
2012-01-15T06:00:00Z,-0.5852,1
2012-01-15T07:00:00Z,0.0908,1
2012-01-15T08:00:00Z,0.6958,1
2012-01-15T09:00:00Z,1.1708,1
2012-01-15T10:00:00Z,1.2698,1
2012-01-15T11:00:00Z,1.2768,1
2012-01-15T12:00:00Z,0.9717,1
2012-01-15T13:00:00Z,0.4507,1
2012-01-15T14:00:00Z,-0.0943,1
2012-01-15T15:00:00Z,-0.6413,1
2012-01-15T16:00:00Z,-0.9663,1
2012-01-15T17:00:00Z,-1.1263,1
2012-01-15T18:00:00Z,-0.9803,1
2012-01-15T19:00:00Z,-0.5183,1
2012-01-15T20:00:00Z,0.0737,1
2012-01-15T21:00:00Z,0.5397,1
2012-01-15T22:00:00Z,0.7857,1
2012-01-15T23:00:00Z,0.9397,1
2012-01-16T00:00:00Z,0.6657,1
2012-01-16T01:00:00Z,0.3367,1
2012-01-16T02:00:00Z,-0.2403,1
2012-01-16T03:00:00Z,-0.7213,1
2012-01-16T04:00:00Z,-1.0623,1
2012-01-16T05:00:00Z,-1.1483,1
2012-01-16T06:00:00Z,-0.9673,1
2012-01-16T07:00:00Z,-0.5483,1
2012-01-16T08:00:00Z,0.0647,1
2012-01-16T09:00:00Z,0.5907,1
2012-01-16T10:00:00Z,0.9067,1
2012-01-16T11:00:00Z,1.0327,1
2012-01-16T12:00:00Z,0.9477,1
2012-01-16T13:00:00Z,0.6597,1
2012-01-16T14:00:00Z,0.3156,1
2012-01-16T15:00:00Z,-0.1374,1
2012-01-16T16:00:00Z,-0.6004,1
2012-01-16T17:00:00Z,-0.9044,1
2012-01-16T18:00:00Z,-0.9844,1
2012-01-16T19:00:00Z,-0.8284,1
2012-01-16T20:00:00Z,-0.4554,1
2012-01-16T21:00:00Z,0.0196,1
2012-01-16T22:00:00Z,0.4986,1
2012-01-16T23:00:00Z,0.7956,1
2012-01-17T00:00:00Z,0.9196,1
2012-01-17T01:00:00Z,0.7456,1
2012-01-17T02:00:00Z,0.4076,1
2012-01-17T03:00:00Z,-0.0154,1
2012-01-17T04:00:00Z,-0.4674,1
2012-01-17T05:00:00Z,-0.7854,1
2012-01-17T06:00:00Z,-0.8544,1
2012-01-17T07:00:00Z,-0.7234,1
2012-01-17T08:00:00Z,-0.3694,1
2012-01-17T09:00:00Z,0.0986,1
2012-01-17T10:00:00Z,0.4656,1
2012-01-17T11:00:00Z,0.7796,1
2012-01-17T12:00:00Z,0.9586,1
2012-01-17T13:00:00Z,0.9546,1
2012-01-17T14:00:00Z,0.7966,1
2012-01-17T15:00:00Z,0.4705,1
2012-01-17T16:00:00Z,0.1225,1
2012-01-17T17:00:00Z,-0.3015,1
2012-01-17T18:00:00Z,-0.6725,1
2012-01-17T19:00:00Z,-0.8035,1
2012-01-17T20:00:00Z,-0.6385,1
2012-01-17T21:00:00Z,-0.3925,1
2012-01-17T22:00:00Z,0.0175,1
2012-01-17T23:00:00Z,0.5295,1
2012-01-18T00:00:00Z,0.7675,1
2012-01-18T01:00:00Z,0.9345,1
2012-01-18T02:00:00Z,0.8805,1
2012-01-18T03:00:00Z,0.6555,1
2012-01-18T04:00:00Z,0.2325,1
2012-01-18T05:00:00Z,-0.1365,1
2012-01-18T06:00:00Z,-0.5015,1
2012-01-18T07:00:00Z,-0.7045,1
2012-01-18T08:00:00Z,-0.6725,1
2012-01-18T09:00:00Z,-0.4435,1
2012-01-18T10:00:00Z,-0.0875,1
2012-01-18T11:00:00Z,0.3715,1
2012-01-18T12:00:00Z,0.4995,1
2012-01-18T13:00:00Z,0.8315,1
2012-01-18T14:00:00Z,0.7745,1
2012-01-18T15:00:00Z,0.8925,1
2012-01-18T16:00:00Z,0.4265,1
2012-01-18T17:00:00Z,0.1254,1
2012-01-18T18:00:00Z,-0.3476,1
2012-01-18T19:00:00Z,-0.5446,1
2012-01-18T20:00:00Z,-0.5436,1
2012-01-18T21:00:00Z,-0.8336,1
2012-01-18T22:00:00Z,-0.4586,1
2012-01-18T23:00:00Z,-0.1256,1
2012-01-19T00:00:00Z,0.4424,1
2012-01-19T01:00:00Z,0.6634,1
2012-01-19T02:00:00Z,0.9474,1
2012-01-19T03:00:00Z,0.9654,1
2012-01-19T04:00:00Z,0.8304,1
2012-01-19T05:00:00Z,0.1144,1
2012-01-19T06:00:00Z,-0.2946,1
2012-01-19T07:00:00Z,-0.4466,1
2012-01-19T08:00:00Z,-0.8316,1
2012-01-26T15:00:00Z,-1.2633,1
2012-01-26T16:00:00Z,-0.8953,1
2012-01-26T17:00:00Z,-0.1763,1
2012-01-26T18:00:00Z,0.4987,1
2012-01-26T19:00:00Z,0.9767,1
2012-01-26T20:00:00Z,1.3357,1
2012-01-26T21:00:00Z,1.2257,1
2012-01-26T22:00:00Z,0.8347,1
2012-01-26T23:00:00Z,0.1457,1
2012-01-27T00:00:00Z,-0.5923,1
2012-01-27T01:00:00Z,-1.1113,1
2012-01-27T02:00:00Z,-1.5663,1
2012-01-27T03:00:00Z,-1.4303,1
2012-01-27T04:00:00Z,-1.1543,1
2012-01-27T05:00:00Z,-0.5333,1
2012-01-27T06:00:00Z,0.3866,1
2012-01-27T07:00:00Z,1.0716,1
2012-01-27T08:00:00Z,1.2856,1
2012-01-27T09:00:00Z,1.3536,1
2012-01-27T10:00:00Z,1.0956,1
2012-01-27T11:00:00Z,0.5346,1
2012-01-27T12:00:00Z,-0.3054,1
2012-01-27T13:00:00Z,-0.8734,1
2012-01-27T14:00:00Z,-1.3414,1
2012-01-27T15:00:00Z,-1.5844,1
2012-01-27T16:00:00Z,-1.3894,1
2012-01-27T17:00:00Z,-0.9454,1
2012-01-27T18:00:00Z,-0.2364,1
2012-01-27T19:00:00Z,0.3146,1
2012-01-27T20:00:00Z,0.6346,1
2012-01-27T21:00:00Z,0.8226,1
2012-01-27T22:00:00Z,0.6046,1
2012-01-27T23:00:00Z,0.1516,1
2012-01-28T00:00:00Z,-0.3044,1
2012-01-28T01:00:00Z,-0.9924,1
2012-01-28T02:00:00Z,-1.4484,1
2012-01-28T03:00:00Z,-1.5934,1
2012-01-28T04:00:00Z,-1.3644,1
2012-01-28T05:00:00Z,-1.0014,1
2012-01-28T06:00:00Z,-0.3704,1
2012-01-28T07:00:00Z,0.3756,1
2012-01-28T08:00:00Z,0.8455,1
2012-01-28T09:00:00Z,1.1195,1
2012-01-28T10:00:00Z,1.0015,1
2012-01-28T11:00:00Z,0.6575,1
2012-01-28T12:00:00Z,0.2325,1
2012-01-28T13:00:00Z,-0.4145,1
2012-01-28T14:00:00Z,-0.9305,1
2012-01-28T15:00:00Z,-1.2345,1
2012-01-28T16:00:00Z,-1.2575,1
2012-01-28T17:00:00Z,-0.9465,1
2012-01-28T18:00:00Z,-0.4625,1
2012-01-28T19:00:00Z,0.0885,1
2012-01-28T20:00:00Z,0.4965,1
2012-01-28T21:00:00Z,0.7235,1
2012-01-28T22:00:00Z,0.6915,1
2012-01-28T23:00:00Z,0.4465,1
2012-01-29T00:00:00Z,0.0175,1
2012-01-29T01:00:00Z,-0.4125,1
2012-01-29T02:00:00Z,-0.8795,1
2012-01-29T03:00:00Z,-1.2055,1
2012-01-29T04:00:00Z,-1.2675,1
2012-01-29T05:00:00Z,-1.0805,1
2012-01-29T06:00:00Z,-0.6235,1
2012-01-29T07:00:00Z,-0.0285,1
2012-01-29T08:00:00Z,0.5605,1
2012-01-29T09:00:00Z,0.8695,1
2012-01-29T10:00:00Z,0.9144,1
2012-01-29T11:00:00Z,0.8124,1
2012-01-29T12:00:00Z,0.4394,1
2012-01-29T13:00:00Z,0.0174,1
2012-01-29T14:00:00Z,-0.4216,1
2012-01-29T15:00:00Z,-0.8486,1
2012-01-29T16:00:00Z,-1.0576,1
2012-01-29T17:00:00Z,-1.0056,1
2012-01-29T18:00:00Z,-0.7426,1
2012-01-29T19:00:00Z,-0.2666,1
2012-01-29T20:00:00Z,0.1924,1
2012-01-29T21:00:00Z,0.4494,1
2012-01-29T22:00:00Z,0.5874,1
2012-01-29T23:00:00Z,0.4674,1
2012-01-30T00:00:00Z,0.2034,1
2012-01-30T01:00:00Z,-0.1286,1
2012-01-30T02:00:00Z,-0.4966,1
2012-01-30T03:00:00Z,-0.8766,1
2012-01-30T04:00:00Z,-1.0436,1
2012-01-30T05:00:00Z,-1.0286,1
2012-01-30T06:00:00Z,-0.8586,1
2012-01-30T07:00:00Z,-0.5086,1
2012-01-30T08:00:00Z,-0.0346,1
2012-01-30T09:00:00Z,0.3714,1
2012-01-30T10:00:00Z,0.6014,1
2012-01-30T11:00:00Z,0.6083,1
2012-01-30T12:00:00Z,0.5083,1
2012-01-30T13:00:00Z,0.1893,1
2012-01-30T14:00:00Z,-0.1617,1
2012-01-30T15:00:00Z,-0.5487,1
2012-01-30T16:00:00Z,-0.8037,1
2012-01-30T17:00:00Z,-0.9317,1
2012-01-30T18:00:00Z,-0.7727,1
2012-01-30T19:00:00Z,-0.5507,1
2012-01-30T20:00:00Z,-0.1877,1
2012-01-30T21:00:00Z,0.1643,1
2012-01-30T22:00:00Z,0.3193,1
2012-01-30T23:00:00Z,0.4043,1
2012-01-31T00:00:00Z,0.2643,1
2012-01-31T01:00:00Z,0.0903,1
2012-01-31T02:00:00Z,-0.1547,1
2012-01-31T03:00:00Z,-0.4937,1
2012-01-31T04:00:00Z,-0.7187,1
2012-01-31T05:00:00Z,-0.8427,1
2012-01-31T06:00:00Z,-0.8387,1
2012-01-31T07:00:00Z,-0.6687,1
2012-01-31T08:00:00Z,-0.4037,1
2012-01-31T09:00:00Z,-0.0177,1
2012-01-31T10:00:00Z,0.2213,1
2012-01-31T11:00:00Z,0.4223,1
2012-01-31T12:00:00Z,0.4373,1
2012-01-31T13:00:00Z,0.3372,1
2012-01-31T14:00:00Z,0.0932,1
2012-01-31T15:00:00Z,-0.2068,1
2012-01-31T16:00:00Z,-0.5468,1
2012-01-31T17:00:00Z,-0.7288,1
2012-01-31T18:00:00Z,-0.8008,1
2012-01-31T19:00:00Z,-0.7258,1
2012-01-31T20:00:00Z,-0.5358,1
2012-01-31T21:00:00Z,-0.2798,1
2012-01-31T22:00:00Z,-0.0298,1
2012-01-31T23:00:00Z,0.1482,1
2012-02-01T00:00:00Z,0.2192,1
2012-02-01T01:00:00Z,0.1712,1
2012-02-01T02:00:00Z,0.0422,1
2012-02-01T03:00:00Z,-0.1218,1
2012-02-01T04:00:00Z,-0.3778,1
2012-02-01T05:00:00Z,-0.5668,1
2012-02-01T06:00:00Z,-0.7108,1
2012-02-01T07:00:00Z,-0.7078,1
2012-02-01T08:00:00Z,-0.6288,1
2012-02-01T09:00:00Z,-0.3908,1
2012-02-01T10:00:00Z,-0.1418,1
2012-02-01T11:00:00Z,0.1302,1
2012-02-01T12:00:00Z,0.3212,1
2012-02-01T13:00:00Z,0.3942,1
2012-02-01T14:00:00Z,0.3302,1
2012-02-01T15:00:00Z,0.1531,1
2012-02-01T16:00:00Z,-0.1219,1
2012-02-01T17:00:00Z,-0.3659,1
2012-02-01T18:00:00Z,-0.5579,1
2012-02-01T19:00:00Z,-0.6299,1
2012-02-01T20:00:00Z,-0.5779,1
2012-02-01T21:00:00Z,-0.4149,1
2012-02-01T22:00:00Z,-0.2359,1
2012-02-01T23:00:00Z,-0.0459,1
2012-02-02T00:00:00Z,0.1521,1
2012-02-02T01:00:00Z,0.2871,1
2012-02-02T02:00:00Z,0.2631,1
2012-02-02T03:00:00Z,0.2301,1
2012-02-02T04:00:00Z,0.0901,1
2012-02-02T05:00:00Z,-0.1019,1
2012-02-02T06:00:00Z,-0.3779,1
2012-02-02T07:00:00Z,-0.5239,1
2012-02-02T08:00:00Z,-0.5349,1
2012-02-02T09:00:00Z,-0.5629,1
2012-02-02T10:00:00Z,-0.3929,1
2012-02-02T11:00:00Z,-0.1009,1
2012-02-02T12:00:00Z,0.1081,1
2012-02-02T13:00:00Z,0.3271,1
2012-02-02T14:00:00Z,0.4301,1
2012-02-02T15:00:00Z,0.3961,1
2012-02-02T16:00:00Z,0.191,1
2012-02-02T17:00:00Z,0.004,1
2012-02-02T18:00:00Z,-0.225,1
2012-02-02T19:00:00Z,-0.458,1
2012-02-02T20:00:00Z,-0.591,1
2012-02-02T21:00:00Z,-0.629,1
2012-02-02T22:00:00Z,-0.481,1
2012-02-02T23:00:00Z,-0.278,1
2012-02-03T00:00:00Z,-0.083,1
2012-02-03T01:00:00Z,0.154,1
2012-02-03T02:00:00Z,0.368,1
2012-02-03T03:00:00Z,0.454,1
2012-02-03T04:00:00Z,0.434,1
2012-02-03T05:00:00Z,0.257,1
2012-02-03T06:00:00Z,0.04,1
2012-02-03T07:00:00Z,-0.233,1
2012-02-03T08:00:00Z,-0.42,1
2012-02-03T09:00:00Z,-0.559,1
2012-02-03T10:00:00Z,-0.553,1
2012-02-03T11:00:00Z,-0.39,1
2012-02-03T12:00:00Z,-0.13,1
2012-02-03T13:00:00Z,0.204,1
2012-02-03T14:00:00Z,0.423,1
2012-02-03T15:00:00Z,0.571,1
2012-02-03T16:00:00Z,0.553,1
2012-02-03T17:00:00Z,0.355,1
2012-02-03T18:00:00Z,0.1169,1
2012-02-03T19:00:00Z,-0.2191,1
2012-02-03T20:00:00Z,-0.4721,1
2012-02-03T21:00:00Z,-0.6321,1
2012-02-03T22:00:00Z,-0.6711,1
2012-02-03T23:00:00Z,-0.4661,1
2012-02-04T00:00:00Z,-0.3061,1
2012-02-04T01:00:00Z,-0.0291,1
2012-02-04T02:00:00Z,0.3829,1
2012-02-04T03:00:00Z,0.6269,1
2012-02-04T04:00:00Z,0.6969,1
2012-02-04T05:00:00Z,0.6399,1
2012-02-04T06:00:00Z,0.4489,1
2012-02-04T07:00:00Z,0.1379,1
2012-02-04T08:00:00Z,-0.2311,1
2012-02-04T09:00:00Z,-0.5061,1
2012-02-04T10:00:00Z,-0.6341,1
2012-02-04T11:00:00Z,-0.5331,1
2012-02-04T12:00:00Z,-0.3101,1
2012-02-04T13:00:00Z,0.0289,1
2012-02-04T14:00:00Z,0.3369,1
2012-02-04T15:00:00Z,0.6179,1
2012-02-04T16:00:00Z,0.8039,1
2012-02-04T17:00:00Z,0.6249,1
2012-02-04T18:00:00Z,0.5119,1
2012-02-04T19:00:00Z,0.0559,1
2012-02-04T20:00:00Z,-0.2802,1
2012-02-04T21:00:00Z,-0.6242,1
2012-02-04T22:00:00Z,-0.8682,1
2012-02-04T23:00:00Z,-0.8252,1
2012-02-05T00:00:00Z,-0.6462,1
2012-02-05T01:00:00Z,-0.3652,1
2012-02-05T02:00:00Z,0.1398,1
2012-02-05T03:00:00Z,0.5408,1
2012-02-05T04:00:00Z,0.7858,1
2012-02-05T05:00:00Z,0.7488,1
2012-02-05T06:00:00Z,0.5518,1
2012-02-05T07:00:00Z,0.2278,1
2012-02-05T08:00:00Z,-0.1902,1
2012-02-05T09:00:00Z,-0.6812,1
2012-02-05T10:00:00Z,-1.1162,1
2012-02-05T11:00:00Z,-1.1442,1
2012-02-05T12:00:00Z,-0.9112,1
2012-02-05T13:00:00Z,-0.7852,1
2012-02-05T14:00:00Z,-0.3052,1
2012-02-05T15:00:00Z,0.2428,1
2012-02-05T16:00:00Z,0.6008,1
2012-02-05T17:00:00Z,0.6018,1
2012-02-05T18:00:00Z,0.5158,1
2012-02-05T19:00:00Z,0.1188,1
2012-02-05T20:00:00Z,-0.2642,1
2012-02-05T21:00:00Z,-0.6723,1
2012-02-05T22:00:00Z,-1.2313,1
2012-02-05T23:00:00Z,-1.3213,1
2012-02-06T00:00:00Z,-1.1863,1
2012-02-06T01:00:00Z,-0.8503,1
2012-02-06T02:00:00Z,-0.3713,1
2012-02-06T03:00:00Z,0.2157,1
2012-02-06T04:00:00Z,0.5847,1
2012-02-06T05:00:00Z,0.8817,1
2012-02-06T06:00:00Z,0.8507,1
2012-02-06T07:00:00Z,0.5437,1
2012-02-06T08:00:00Z,0.0257,1
2012-02-06T09:00:00Z,-0.5683,1
2012-02-06T10:00:00Z,-1.1153,1
2012-02-06T11:00:00Z,-1.4933,1
2012-02-06T12:00:00Z,-1.5913,1
2012-02-06T13:00:00Z,-1.3403,1
2012-02-06T14:00:00Z,-0.8343,1
2012-02-06T15:00:00Z,-0.1693,1
2012-02-06T16:00:00Z,0.4227,1
2012-02-06T17:00:00Z,0.7407,1
2012-02-06T18:00:00Z,0.8367,1
2012-02-06T19:00:00Z,0.5547,1
2012-02-06T20:00:00Z,-0.0103,1
2012-02-06T21:00:00Z,-0.6903,1
2012-02-06T22:00:00Z,-1.2593,1
2012-02-06T23:00:00Z,-1.6174,1
2012-02-07T00:00:00Z,-1.6874,1
2012-02-07T01:00:00Z,-1.3904,1
2012-02-07T02:00:00Z,-0.8224,1
2012-02-07T03:00:00Z,-0.1414,1
2012-02-07T04:00:00Z,0.4866,1
2012-02-07T05:00:00Z,0.9536,1
2012-02-07T06:00:00Z,1.0406,1
2012-02-07T07:00:00Z,0.8186,1
2012-02-07T08:00:00Z,0.4246,1
2012-02-07T09:00:00Z,-0.1704,1
2012-02-07T10:00:00Z,-0.8684,1
2012-02-07T11:00:00Z,-1.4294,1
2012-02-07T12:00:00Z,-1.7264,1
2012-02-07T13:00:00Z,-1.6194,1
2012-02-07T14:00:00Z,-1.0834,1
2012-02-07T15:00:00Z,-0.3994,1
2012-02-07T16:00:00Z,0.3006,1
2012-02-07T17:00:00Z,0.9036,1
2012-02-07T18:00:00Z,1.0966,1
2012-02-07T19:00:00Z,0.9486,1
2012-02-07T20:00:00Z,0.5346,1
2012-02-07T21:00:00Z,-0.0844,1
2012-02-07T22:00:00Z,-0.9064,1
2012-02-07T23:00:00Z,-1.4354,1
2012-02-08T00:00:00Z,-1.7814,1
2012-02-08T01:00:00Z,-1.7235,1
2012-02-08T02:00:00Z,-1.1555,1
2012-02-08T03:00:00Z,-0.4805,1
2012-02-08T04:00:00Z,0.4005,1
2012-02-08T05:00:00Z,1.1115,1
2012-02-08T06:00:00Z,1.4225,1
2012-02-08T07:00:00Z,1.3855,1
2012-02-08T08:00:00Z,1.0145,1
2012-02-08T09:00:00Z,0.4595,1
2012-02-08T10:00:00Z,-0.4135,1
2012-02-08T11:00:00Z,-1.0735,1
2012-02-08T12:00:00Z,-1.6195,1
2012-02-08T13:00:00Z,-1.6975,1
2012-02-08T14:00:00Z,-1.3985,1
2012-02-08T15:00:00Z,-0.7405,1
2012-02-08T16:00:00Z,0.0595,1
2012-02-08T17:00:00Z,0.8865,1
2012-02-08T18:00:00Z,1.2565,1
2012-02-08T19:00:00Z,1.4615,1
2012-02-08T20:00:00Z,1.1365,1
2012-02-08T21:00:00Z,0.4955,1
2012-02-08T22:00:00Z,-0.2805,1
2012-02-08T23:00:00Z,-1.1005,1
2012-02-09T00:00:00Z,-1.6385,1
2012-02-09T01:00:00Z,-1.8255,1
2012-02-09T02:00:00Z,-1.4695,1
2012-02-09T03:00:00Z,-0.8106,1
2012-02-09T04:00:00Z,0.0824,1
2012-02-09T05:00:00Z,0.8724,1
2012-02-09T06:00:00Z,1.4564,1
2012-02-09T07:00:00Z,1.5654,1
2012-02-09T08:00:00Z,1.4034,1
2012-02-09T09:00:00Z,0.8374,1
2012-02-09T10:00:00Z,0.1144,1
2012-02-09T11:00:00Z,-0.7596,1
2012-02-09T12:00:00Z,-1.4626,1
2012-02-09T13:00:00Z,-1.8766,1
2012-02-09T14:00:00Z,-1.8556,1
2012-02-09T15:00:00Z,-1.4406,1
2012-02-09T16:00:00Z,-0.6316,1
2012-02-09T17:00:00Z,0.3174,1
2012-02-09T18:00:00Z,0.9314,1
2012-02-09T19:00:00Z,1.3234,1
2012-02-09T20:00:00Z,1.3114,1
2012-02-09T21:00:00Z,0.8644,1
2012-02-09T22:00:00Z,0.0484,1
2012-02-09T23:00:00Z,-0.8076,1
2012-02-10T00:00:00Z,-1.5996,1
2012-02-10T01:00:00Z,-2.0036,1
2012-02-10T02:00:00Z,-1.9636,1
2012-02-10T03:00:00Z,-1.4656,1
2012-02-10T04:00:00Z,-0.6667,1
2012-02-10T05:00:00Z,0.2883,1
2012-02-10T06:00:00Z,1.0943,1
2012-02-10T07:00:00Z,1.4943,1
2012-02-10T08:00:00Z,1.4333,1
2012-02-10T09:00:00Z,1.2543,1
2012-02-10T10:00:00Z,0.5803,1
2012-02-10T11:00:00Z,-0.2777,1
2012-02-10T12:00:00Z,-1.1247,1
2012-02-10T13:00:00Z,-1.7017,1
2012-02-10T14:00:00Z,-1.9457,1
2012-02-10T15:00:00Z,-1.7987,1
2012-02-10T16:00:00Z,-1.1797,1
2012-02-10T17:00:00Z,-0.3017,1
2012-02-10T18:00:00Z,0.6073,1
2012-02-10T19:00:00Z,1.1963,1
2012-02-10T20:00:00Z,1.4313,1
2012-02-10T21:00:00Z,1.1893,1
2012-02-10T22:00:00Z,0.5933,1
2012-02-10T23:00:00Z,-0.2597,1
2012-02-11T00:00:00Z,-1.0987,1
2012-02-11T01:00:00Z,-1.7207,1
2012-02-11T02:00:00Z,-2.0477,1
2012-02-11T03:00:00Z,-1.7677,1
2012-02-11T04:00:00Z,-1.1917,1
2012-02-11T05:00:00Z,-0.3457,1
2012-02-11T06:00:00Z,0.5432,1
2012-02-11T07:00:00Z,1.2022,1
2012-02-11T08:00:00Z,1.4882,1
2012-02-11T09:00:00Z,1.3792,1
2012-02-11T10:00:00Z,0.9792,1
2012-02-11T11:00:00Z,0.2692,1
2012-02-11T12:00:00Z,-0.5268,1
2012-02-11T13:00:00Z,-1.3178,1
2012-02-11T14:00:00Z,-1.9188,1
2012-02-11T15:00:00Z,-2.0828,1
2012-02-11T16:00:00Z,-1.7268,1
2012-02-11T17:00:00Z,-1.0258,1
2012-02-11T18:00:00Z,-0.1488,1
2012-02-11T19:00:00Z,0.6172,1
2012-02-11T20:00:00Z,1.0172,1
2012-02-11T21:00:00Z,1.1342,1
2012-02-11T22:00:00Z,0.8012,1
2012-02-11T23:00:00Z,0.2162,1
2012-02-12T00:00:00Z,-0.5668,1
2012-02-12T01:00:00Z,-1.3998,1
2012-02-12T02:00:00Z,-1.9068,1
2012-02-12T03:00:00Z,-2.0268,1
2012-02-12T04:00:00Z,-1.7158,1
2012-02-12T05:00:00Z,-1.0568,1
2012-02-12T06:00:00Z,-0.1578,1
2012-02-12T07:00:00Z,0.6122,1
2012-02-12T08:00:00Z,1.1001,1
2012-02-12T09:00:00Z,1.2741,1
2012-02-12T10:00:00Z,1.1321,1
2012-02-12T11:00:00Z,0.6531,1
2012-02-12T12:00:00Z,1.00E-04,1
2012-02-12T13:00:00Z,-0.7699,1
2012-02-12T14:00:00Z,-1.4389,1
2012-02-12T15:00:00Z,-1.8109,1
2012-02-12T16:00:00Z,-1.8369,1
2012-02-12T17:00:00Z,-1.4659,1
2012-02-12T18:00:00Z,-0.7379,1
2012-02-12T19:00:00Z,0.0641,1
2012-02-12T20:00:00Z,0.6051,1
2012-02-12T21:00:00Z,0.9331,1
2012-02-12T22:00:00Z,0.9541,1
2012-02-12T23:00:00Z,0.5961,1
2012-02-13T00:00:00Z,-0.0539,1
2012-02-13T01:00:00Z,-0.7379,1
2012-02-13T02:00:00Z,-1.3789,1
2012-02-13T03:00:00Z,-1.8409,1
2012-02-13T04:00:00Z,-1.7249,1
2012-02-13T05:00:00Z,-1.3359,1
2012-02-13T06:00:00Z,-0.7949,1
2012-02-13T07:00:00Z,-0.0659,1
2012-02-13T08:00:00Z,0.6771,1
2012-02-13T09:00:00Z,0.977,1
2012-02-13T10:00:00Z,1.094,1
2012-02-13T11:00:00Z,0.922,1
2012-02-13T12:00:00Z,0.471,1
2012-02-13T13:00:00Z,-0.178,1
2012-02-13T14:00:00Z,-0.763,1
2012-02-13T15:00:00Z,-1.27,1
2012-02-13T16:00:00Z,-1.604,1
2012-02-13T17:00:00Z,-1.476,1
2012-02-13T18:00:00Z,-1.229,1
2012-02-13T19:00:00Z,-0.608,1
2012-02-13T20:00:00Z,-0.02,1
2012-02-13T21:00:00Z,0.505,1
2012-02-13T22:00:00Z,0.758,1
2012-02-13T23:00:00Z,0.765,1
2012-02-14T00:00:00Z,0.325,1
2012-02-14T01:00:00Z,-0.144,1
2012-02-14T02:00:00Z,-0.785,1
2012-02-14T03:00:00Z,-1.378,1
2012-02-14T04:00:00Z,-1.555,1
2012-02-14T05:00:00Z,-1.452,1
2012-02-14T06:00:00Z,-1.172,1
2012-02-14T07:00:00Z,-0.681,1
2012-02-14T08:00:00Z,-0.133,1
2012-02-14T09:00:00Z,0.312,1
2012-02-14T10:00:00Z,0.649,1
2012-02-14T11:00:00Z,0.7229,1
2012-02-14T12:00:00Z,0.4979,1
2012-02-14T13:00:00Z,0.1579,1
2012-02-14T14:00:00Z,-0.3031,1
2012-02-14T15:00:00Z,-0.7471,1
2012-02-14T16:00:00Z,-1.2291,1
2012-02-14T17:00:00Z,-1.4261,1
2012-02-14T18:00:00Z,-1.2921,1
2012-02-14T19:00:00Z,-1.0231,1
2012-02-14T20:00:00Z,-0.6291,1
2012-02-14T21:00:00Z,-0.1691,1
2012-02-14T22:00:00Z,0.2389,1
2012-02-14T23:00:00Z,0.4069,1
2012-02-15T00:00:00Z,0.3789,1
2012-02-15T01:00:00Z,0.2209,1
2012-02-15T02:00:00Z,-0.1421,1
2012-02-15T03:00:00Z,-0.5711,1
2012-02-15T04:00:00Z,-1.0561,1
2012-02-15T05:00:00Z,-1.2121,1
2012-02-15T06:00:00Z,-1.3651,1
2012-02-15T07:00:00Z,-1.0941,1
2012-02-15T08:00:00Z,-0.6901,1
2012-02-15T09:00:00Z,-0.2861,1
2012-02-15T10:00:00Z,0.0579,1
2012-02-15T11:00:00Z,0.2789,1
2012-02-15T12:00:00Z,0.4659,1
2012-02-15T13:00:00Z,0.3678,1
2012-02-15T14:00:00Z,0.1588,1
2012-02-15T15:00:00Z,-0.1792,1
2012-02-15T16:00:00Z,-0.5642,1
2012-02-15T17:00:00Z,-0.8652,1
2012-02-15T18:00:00Z,-1.0822,1
2012-02-15T19:00:00Z,-1.1332,1
2012-02-15T20:00:00Z,-0.9592,1
2012-02-15T21:00:00Z,-0.6742,1
2012-02-15T22:00:00Z,-0.2182,1
2012-02-15T23:00:00Z,0.1498,1
2012-02-16T00:00:00Z,0.3938,1
2012-02-16T01:00:00Z,0.4968,1
2012-02-16T02:00:00Z,0.4328,1
2012-02-16T03:00:00Z,0.0788,1
2012-02-16T04:00:00Z,-0.2232,1
2012-02-16T05:00:00Z,-0.6582,1
2012-02-16T06:00:00Z,-0.9322,1
2012-02-16T07:00:00Z,-1.0112,1
2012-02-16T08:00:00Z,-0.8582,1
2012-02-16T09:00:00Z,-0.6572,1
2012-02-16T10:00:00Z,-0.3302,1
2012-02-16T11:00:00Z,-0.0382,1
2012-02-16T12:00:00Z,0.2328,1
2012-02-16T13:00:00Z,0.4488,1
2012-02-16T14:00:00Z,0.4897,1
2012-02-16T15:00:00Z,0.4957,1
2012-02-16T16:00:00Z,0.2237,1
2012-02-16T17:00:00Z,-0.0883,1
2012-02-16T18:00:00Z,-0.5313,1
2012-02-16T19:00:00Z,-0.7643,1
2012-02-16T20:00:00Z,-0.9013,1
2012-02-16T21:00:00Z,-0.8843,1
2012-02-16T22:00:00Z,-0.6383,1
2012-02-16T23:00:00Z,-0.2623,1
2012-02-17T00:00:00Z,0.1387,1
2012-02-17T01:00:00Z,0.5447,1
2012-02-17T02:00:00Z,0.6357,1
2012-02-17T03:00:00Z,0.6037,1
2012-02-17T04:00:00Z,0.4577,1
2012-02-17T05:00:00Z,0.0747,1
2012-02-17T06:00:00Z,-0.3703,1
2012-02-17T07:00:00Z,-0.6623,1
2012-02-17T08:00:00Z,-0.8293,1
2012-02-17T09:00:00Z,-0.9653,1
2012-02-17T10:00:00Z,-0.8143,1
2012-02-17T11:00:00Z,-0.5533,1
2012-02-17T12:00:00Z,-0.2133,1
2012-02-17T13:00:00Z,0.1537,1
2012-02-17T14:00:00Z,0.5327,1
2012-02-17T15:00:00Z,0.4947,1
2012-02-17T16:00:00Z,0.5576,1
2012-02-17T17:00:00Z,0.3036,1
2012-02-17T18:00:00Z,0.1176,1
2012-02-17T19:00:00Z,-0.2064,1
2012-02-17T20:00:00Z,-0.6484,1
2012-02-17T21:00:00Z,-0.7604,1
2012-02-17T22:00:00Z,-0.7544,1
2012-02-17T23:00:00Z,-0.4934,1
2012-02-18T00:00:00Z,0.0196,1
2012-02-18T01:00:00Z,0.4506,1
2012-02-18T02:00:00Z,0.9956,1
2012-02-18T03:00:00Z,1.1496,1
2012-02-18T04:00:00Z,1.1496,1
2012-02-18T05:00:00Z,0.9486,1
2012-02-18T06:00:00Z,0.6856,1
2012-02-18T07:00:00Z,0.1386,1
2012-02-18T08:00:00Z,-0.2534,1
2012-02-18T09:00:00Z,-0.5774,1
2012-02-18T10:00:00Z,-0.6494,1
2012-02-18T11:00:00Z,-0.7234,1
2012-02-18T12:00:00Z,-0.4544,1
2012-02-18T13:00:00Z,-0.0944,1
2012-02-18T14:00:00Z,0.0416,1
2012-02-18T15:00:00Z,0.7936,1
2012-02-18T16:00:00Z,0.9286,1
2012-02-18T17:00:00Z,0.6346,1
2012-02-18T18:00:00Z,0.3345,1
2012-02-18T19:00:00Z,-0.1455,1
2012-02-18T20:00:00Z,-0.5755,1
2012-02-18T21:00:00Z,-0.9305,1
2012-02-18T22:00:00Z,-1.1225,1
2012-02-18T23:00:00Z,-1.1345,1
2012-02-19T00:00:00Z,-1.0505,1
2012-02-19T01:00:00Z,-0.4455,1
2012-02-19T02:00:00Z,-0.0645,1
2012-02-19T03:00:00Z,0.4745,1
2012-02-19T04:00:00Z,0.7505,1
2012-02-19T05:00:00Z,0.9555,1
2012-02-19T06:00:00Z,0.5565,1
2012-02-19T07:00:00Z,0.1915,1
2012-02-19T08:00:00Z,-0.5975,1
2012-02-19T09:00:00Z,-1.0465,1
2012-02-19T10:00:00Z,-1.3895,1
2012-02-19T11:00:00Z,-1.5685,1
2012-02-19T12:00:00Z,-1.3145,1
2012-02-19T13:00:00Z,-0.9685,1
2012-02-19T14:00:00Z,-0.4305,1
2012-02-19T15:00:00Z,0.1505,1
2012-02-19T16:00:00Z,0.6205,1
2012-02-19T17:00:00Z,0.7785,1
2012-02-19T18:00:00Z,0.6535,1
2012-02-19T19:00:00Z,0.3084,1
2012-02-19T20:00:00Z,-0.2386,1
2012-02-19T21:00:00Z,-0.8606,1
2012-02-19T22:00:00Z,-1.2556,1
2012-02-19T23:00:00Z,-1.4586,1
2012-02-20T00:00:00Z,-1.2736,1
2012-02-20T01:00:00Z,-0.8016,1
2012-02-20T02:00:00Z,-0.1566,1
2012-02-20T03:00:00Z,0.6574,1
2012-02-20T04:00:00Z,1.1204,1
2012-02-20T05:00:00Z,1.3644,1
2012-02-20T06:00:00Z,1.3084,1
2012-02-20T07:00:00Z,0.9154,1
2012-02-20T08:00:00Z,0.3634,1
2012-02-20T09:00:00Z,-0.3006,1
2012-02-20T10:00:00Z,-0.8646,1
2012-02-20T11:00:00Z,-1.2276,1
2012-02-20T12:00:00Z,-1.2306,1
2012-02-20T13:00:00Z,-1.0006,1
2012-02-20T14:00:00Z,-0.4446,1
2012-02-20T15:00:00Z,0.2174,1
2012-02-20T16:00:00Z,0.7754,1
2012-02-20T17:00:00Z,1.0584,1
2012-02-20T18:00:00Z,1.1764,1
2012-02-20T19:00:00Z,0.8084,1
2012-02-20T20:00:00Z,0.3014,1
2012-02-20T21:00:00Z,-0.3777,1
2012-02-20T22:00:00Z,-1.0007,1
2012-02-20T23:00:00Z,-1.4707,1
2012-02-21T00:00:00Z,-1.5477,1
2012-02-21T01:00:00Z,-1.2487,1
2012-02-21T02:00:00Z,-0.6327,1
2012-02-21T03:00:00Z,0.1843,1
2012-02-21T04:00:00Z,0.9213,1
2012-02-21T05:00:00Z,1.4193,1
2012-02-21T06:00:00Z,1.5943,1
2012-02-21T07:00:00Z,1.3293,1
2012-02-21T08:00:00Z,0.8363,1
2012-02-21T09:00:00Z,0.0933,1
2012-02-21T10:00:00Z,-0.6727,1
2012-02-21T11:00:00Z,-1.2067,1
2012-02-21T12:00:00Z,-1.4547,1
2012-02-21T13:00:00Z,-1.3727,1
2012-02-21T14:00:00Z,-0.9267,1
2012-02-21T15:00:00Z,-0.2167,1
2012-02-21T16:00:00Z,0.5143,1
2012-02-21T17:00:00Z,1.0773,1
2012-02-21T18:00:00Z,1.3183,1
2012-02-21T19:00:00Z,1.2313,1
2012-02-21T20:00:00Z,0.7833,1
2012-02-21T21:00:00Z,0.1403,1
2012-02-21T22:00:00Z,-0.6287,1
2012-02-21T23:00:00Z,-1.2648,1
2012-02-22T00:00:00Z,-1.5918,1
2012-02-22T01:00:00Z,-1.5258,1
2012-02-22T02:00:00Z,-1.0378,1
2012-02-22T03:00:00Z,-0.3088,1
2012-02-22T04:00:00Z,0.6432,1
2012-02-22T05:00:00Z,1.2732,1
2012-02-22T06:00:00Z,1.7342,1
2012-02-22T07:00:00Z,1.7792,1
2012-02-22T08:00:00Z,1.3962,1
2012-02-22T09:00:00Z,0.7342,1
2012-02-22T10:00:00Z,-0.0488,1
2012-02-22T11:00:00Z,-0.7288,1
2012-02-22T12:00:00Z,-1.1928,1
2012-02-22T13:00:00Z,-1.3378,1
2012-02-22T14:00:00Z,-1.1088,1
2012-02-22T15:00:00Z,-0.5138,1
2012-02-22T16:00:00Z,0.2672,1
2012-02-22T17:00:00Z,0.9622,1
2012-02-22T18:00:00Z,1.3212,1
2012-02-22T19:00:00Z,1.3562,1
2012-02-22T20:00:00Z,1.0792,1
2012-02-22T21:00:00Z,0.4962,1
2012-02-22T22:00:00Z,-0.2328,1
2012-02-22T23:00:00Z,-0.9748,1
2012-02-23T00:00:00Z,-1.5239,1
2012-02-23T01:00:00Z,-1.6939,1
2012-02-23T02:00:00Z,-1.4439,1
2012-02-23T03:00:00Z,-0.8159,1
2012-02-23T04:00:00Z,0.0421,1
2012-02-23T05:00:00Z,0.8961,1
2012-02-23T06:00:00Z,1.3741,1
2012-02-23T07:00:00Z,1.6881,1
2012-02-23T08:00:00Z,1.4761,1
2012-02-23T09:00:00Z,0.9521,1
2012-02-23T10:00:00Z,0.1941,1
2012-02-23T11:00:00Z,-0.5239,1
2012-02-23T12:00:00Z,-1.1399,1
2012-02-23T13:00:00Z,-1.4749,1
2012-02-23T14:00:00Z,-1.4019,1
2012-02-23T15:00:00Z,-0.9779,1
2012-02-23T16:00:00Z,-0.2589,1
2012-02-23T17:00:00Z,0.4921,1
2012-02-23T18:00:00Z,1.0371,1
2012-02-23T19:00:00Z,1.2411,1
2012-02-23T20:00:00Z,1.2991,1
2012-02-23T21:00:00Z,0.7251,1
2012-02-23T22:00:00Z,0.2051,1
2012-02-23T23:00:00Z,-0.6409,1
2012-02-24T00:00:00Z,-1.2649,1
2012-02-24T01:00:00Z,-1.5599,1
2012-02-24T02:00:00Z,-1.745,1
2012-02-24T03:00:00Z,-1.208,1
2012-02-24T04:00:00Z,-0.495,1
2012-02-24T05:00:00Z,0.367,1
2012-02-24T06:00:00Z,1.05,1
2012-02-24T07:00:00Z,1.53,1
2012-02-24T08:00:00Z,1.528,1
2012-02-24T09:00:00Z,1.23,1
2012-02-24T10:00:00Z,0.381,1
2012-02-24T11:00:00Z,-0.333,1
2012-02-24T12:00:00Z,-0.876,1
2012-02-24T13:00:00Z,-1.516,1
2012-02-24T14:00:00Z,-1.508,1
2012-02-24T15:00:00Z,-1.353,1
2012-02-24T16:00:00Z,-0.836,1
2012-02-24T17:00:00Z,-0.159,1
2012-02-24T18:00:00Z,0.769,1
2012-02-24T19:00:00Z,0.923,1
2012-02-24T20:00:00Z,0.95,1
2012-02-24T21:00:00Z,0.764,1
2012-02-24T22:00:00Z,0.3,1
2012-02-24T23:00:00Z,-0.406,1
2012-02-25T00:00:00Z,-1.12,1
2012-02-25T01:00:00Z,-1.466,1
2012-02-25T02:00:00Z,-1.599,1
2012-02-25T03:00:00Z,-1.462,1
2012-02-25T04:00:00Z,-0.9081,1
2012-02-25T05:00:00Z,-0.3751,1
2012-02-25T06:00:00Z,0.5599,1
2012-02-25T07:00:00Z,1.2739,1
2012-02-25T08:00:00Z,1.1979,1
2012-02-25T09:00:00Z,1.3209,1
2012-02-25T10:00:00Z,0.9289,1
2012-02-25T11:00:00Z,0.0929,1
2012-02-25T12:00:00Z,-0.6771,1
2012-02-25T13:00:00Z,-1.1441,1
2012-02-25T14:00:00Z,-1.4171,1
2012-02-25T15:00:00Z,-1.4271,1
2012-02-25T16:00:00Z,-1.0271,1
2012-02-25T17:00:00Z,-0.3571,1
2012-02-25T18:00:00Z,0.2969,1
2012-02-25T19:00:00Z,0.8339,1
2012-02-25T20:00:00Z,0.9349,1
2012-02-25T21:00:00Z,0.9829,1
2012-02-25T22:00:00Z,0.6509,1
2012-02-25T23:00:00Z,0.0739,1
2012-02-26T00:00:00Z,-0.5051,1
2012-02-26T01:00:00Z,-1.1271,1
2012-02-26T02:00:00Z,-1.5191,1
2012-02-26T03:00:00Z,-1.5181,1
2012-02-26T04:00:00Z,-1.1891,1
2012-02-26T05:00:00Z,-0.6142,1
2012-02-26T06:00:00Z,0.1088,1
2012-02-26T07:00:00Z,0.7208,1
2012-02-26T08:00:00Z,1.1018,1
2012-02-26T09:00:00Z,1.1068,1
2012-02-26T10:00:00Z,0.9208,1
2012-02-26T11:00:00Z,0.4148,1
2012-02-26T12:00:00Z,-0.1512,1
2012-02-26T13:00:00Z,-0.7642,1
2012-02-26T14:00:00Z,-1.2162,1
2012-02-26T15:00:00Z,-1.3242,1
2012-02-26T16:00:00Z,-1.0632,1
2012-02-26T17:00:00Z,-0.6182,1
2012-02-26T18:00:00Z,0.0418,1
2012-02-26T19:00:00Z,0.6438,1
2012-02-26T20:00:00Z,0.9788,1
2012-02-26T21:00:00Z,0.9958,1
2012-02-26T22:00:00Z,0.7618,1
2012-02-26T23:00:00Z,0.3388,1
2012-02-27T00:00:00Z,-0.1442,1
2012-02-27T01:00:00Z,-0.6292,1
2012-02-27T02:00:00Z,-1.0112,1
2012-02-27T03:00:00Z,-1.1532,1
2012-02-27T04:00:00Z,-1.0362,1
2012-02-27T05:00:00Z,-0.7452,1
2012-02-27T06:00:00Z,-0.1792,1
2012-02-27T07:00:00Z,0.4147,1
2012-02-27T08:00:00Z,0.9137,1
2012-02-27T09:00:00Z,1.0507,1
2012-02-27T10:00:00Z,0.9707,1
2012-02-27T11:00:00Z,0.7067,1
2012-02-27T12:00:00Z,0.2837,1
2012-02-27T13:00:00Z,-0.2913,1
2012-02-27T14:00:00Z,-0.6953,1
2012-02-27T15:00:00Z,-1.0283,1
2012-02-27T16:00:00Z,-0.9323,1
2012-02-27T17:00:00Z,-0.6833,1
2012-02-27T18:00:00Z,-0.2393,1
2012-02-27T19:00:00Z,0.2577,1
2012-02-27T20:00:00Z,0.6427,1
2012-02-27T21:00:00Z,0.8177,1
2012-02-27T22:00:00Z,0.7617,1
2012-02-27T23:00:00Z,0.5067,1
2012-02-28T00:00:00Z,0.1767,1
2012-02-28T01:00:00Z,-0.1923,1
2012-02-28T02:00:00Z,-0.6153,1
2012-02-28T03:00:00Z,-0.8593,1
2012-02-28T04:00:00Z,-0.9773,1
2012-02-28T05:00:00Z,-0.8273,1
2012-02-28T06:00:00Z,-0.4393,1
2012-02-28T07:00:00Z,0.0137,1
2012-02-28T08:00:00Z,0.4387,1
2012-02-28T09:00:00Z,0.6306,1
2012-02-28T10:00:00Z,0.8186,1
2012-02-28T11:00:00Z,0.7086,1
2012-02-28T12:00:00Z,0.3906,1
2012-02-28T13:00:00Z,0.0346,1
2012-02-28T14:00:00Z,-0.4114,1
2012-02-28T15:00:00Z,-0.7644,1
2012-02-28T16:00:00Z,-0.8844,1
2012-02-28T17:00:00Z,-0.8064,1
2012-02-28T18:00:00Z,-0.5434,1
2012-02-28T19:00:00Z,-0.1534,1
2012-02-28T20:00:00Z,0.3186,1
2012-02-28T21:00:00Z,0.4486,1
2012-02-28T22:00:00Z,0.5376,1
2012-02-28T23:00:00Z,0.4766,1
2012-02-29T00:00:00Z,0.3586,1
2012-02-29T01:00:00Z,0.1126,1
2012-02-29T02:00:00Z,-0.2544,1
2012-02-29T03:00:00Z,-0.5504,1
2012-02-29T04:00:00Z,-0.7354,1
2012-02-29T05:00:00Z,-0.7534,1
2012-02-29T06:00:00Z,-0.6314,1
2012-02-29T07:00:00Z,-0.3324,1
2012-02-29T08:00:00Z,0.0876,1
2012-02-29T09:00:00Z,0.3746,1
2012-02-29T10:00:00Z,0.5415,1
2012-02-29T11:00:00Z,0.5955,1
2012-02-29T12:00:00Z,0.5005,1
2012-02-29T13:00:00Z,0.3465,1
2012-02-29T14:00:00Z,0.0205,1
2012-02-29T15:00:00Z,-0.2815,1
2012-02-29T16:00:00Z,-0.5155,1
2012-02-29T17:00:00Z,-0.5885,1
2012-02-29T18:00:00Z,-0.4875,1
2012-02-29T19:00:00Z,-0.2755,1
2012-02-29T20:00:00Z,0.0165,1
2012-02-29T21:00:00Z,0.3115,1
2012-02-29T22:00:00Z,0.4355,1
2012-02-29T23:00:00Z,0.5075,1
2012-03-01T00:00:00Z,0.5335,1
2012-03-01T01:00:00Z,0.3205,1
2012-03-01T02:00:00Z,0.1615,1
2012-03-01T03:00:00Z,-0.0525,1
2012-03-01T04:00:00Z,-0.3285,1
2012-03-01T05:00:00Z,-0.4765,1
2012-03-01T06:00:00Z,-0.5115,1
2012-03-01T07:00:00Z,-0.4105,1
2012-03-01T08:00:00Z,-0.2415,1
2012-03-01T09:00:00Z,0.0385,1
2012-03-01T10:00:00Z,0.2395,1
2012-03-01T11:00:00Z,0.3305,1
2012-03-01T12:00:00Z,0.4304,1
2012-03-01T13:00:00Z,0.3574,1
2012-03-01T14:00:00Z,0.1244,1
2012-03-01T15:00:00Z,-0.0106,1
2012-03-01T16:00:00Z,-0.3666,1
2012-03-01T17:00:00Z,-0.5686,1
2012-03-01T18:00:00Z,-0.6376,1
2012-03-01T19:00:00Z,-0.5736,1
2012-03-01T20:00:00Z,-0.4636,1
2012-03-01T21:00:00Z,-0.2206,1
2012-03-01T22:00:00Z,-0.0176,1
2012-03-01T23:00:00Z,0.0774,1
2012-03-02T00:00:00Z,0.2664,1
2012-03-02T01:00:00Z,0.2364,1
2012-03-02T02:00:00Z,0.2344,1
2012-03-02T03:00:00Z,0.0874,1
2012-03-02T04:00:00Z,-0.1496,1
2012-03-02T05:00:00Z,-0.3606,1
2012-03-02T06:00:00Z,-0.4676,1
2012-03-02T07:00:00Z,-0.5886,1
2012-03-02T08:00:00Z,-0.5996,1
2012-03-02T09:00:00Z,-0.4146,1
2012-03-02T10:00:00Z,-0.2286,1
2012-03-02T11:00:00Z,0.0044,1
2012-03-02T12:00:00Z,0.2244,1
2012-03-02T13:00:00Z,0.3514,1
2012-03-02T14:00:00Z,0.3733,1
2012-03-02T15:00:00Z,0.2783,1
2012-03-02T16:00:00Z,0.0843,1
2012-03-02T17:00:00Z,-0.1717,1
2012-03-02T18:00:00Z,-0.3607,1
2012-03-02T19:00:00Z,-0.4607,1
2012-03-02T20:00:00Z,-0.4727,1
2012-03-02T21:00:00Z,-0.2847,1
2012-03-02T22:00:00Z,-0.1457,1
2012-03-02T23:00:00Z,0.0443,1
2012-03-03T00:00:00Z,0.2753,1
2012-03-03T01:00:00Z,0.4283,1
2012-03-03T02:00:00Z,0.6403,1
2012-03-03T03:00:00Z,0.5683,1
2012-03-03T04:00:00Z,0.4943,1
2012-03-03T05:00:00Z,0.3453,1
2012-03-03T06:00:00Z,0.0613,1
2012-03-03T07:00:00Z,-0.1497,1
2012-03-03T08:00:00Z,-0.3937,1
2012-03-03T09:00:00Z,-0.3127,1
2012-03-03T10:00:00Z,-0.2057,1
2012-03-03T11:00:00Z,0.0343,1
2012-03-03T12:00:00Z,0.3383,1
2012-03-03T13:00:00Z,0.6783,1
2012-03-03T14:00:00Z,0.9183,1
2012-03-03T15:00:00Z,0.9012,1
2012-03-03T16:00:00Z,0.7062,1
2012-03-03T17:00:00Z,0.4912,1
2012-03-03T18:00:00Z,-0.0048,1
2012-03-03T19:00:00Z,-0.2908,1
2012-03-03T20:00:00Z,-0.5478,1
2012-03-03T21:00:00Z,-0.5118,1
2012-03-03T22:00:00Z,-0.3508,1
2012-03-03T23:00:00Z,-0.2498,1
2012-03-04T00:00:00Z,0.0602,1
2012-03-04T01:00:00Z,0.1882,1
2012-03-04T02:00:00Z,0.5012,1
2012-03-04T03:00:00Z,0.4602,1
2012-03-04T04:00:00Z,0.5862,1
2012-03-04T05:00:00Z,0.3862,1
2012-03-04T06:00:00Z,0.1002,1
2012-03-04T07:00:00Z,-0.2198,1
2012-03-04T08:00:00Z,-0.5608,1
2012-03-04T09:00:00Z,-0.8358,1
2012-03-04T10:00:00Z,-0.9178,1
2012-03-04T11:00:00Z,-0.7608,1
2012-03-04T12:00:00Z,-0.4338,1
2012-03-04T13:00:00Z,-0.1108,1
2012-03-04T14:00:00Z,0.2702,1
2012-03-04T15:00:00Z,0.5032,1
2012-03-04T16:00:00Z,0.5762,1
2012-03-04T17:00:00Z,0.4621,1
2012-03-04T18:00:00Z,0.1521,1
2012-03-04T19:00:00Z,-0.2089,1
2012-03-04T20:00:00Z,-0.6399,1
2012-03-04T21:00:00Z,-0.8059,1
2012-03-04T22:00:00Z,-0.8589,1
2012-03-04T23:00:00Z,-0.8319,1
2012-03-05T00:00:00Z,-0.5009,1
2012-03-05T01:00:00Z,-0.1019,1
2012-03-05T02:00:00Z,0.2571,1
2012-03-05T03:00:00Z,0.5311,1
2012-03-05T04:00:00Z,0.7091,1
2012-03-05T05:00:00Z,0.5261,1
2012-03-05T06:00:00Z,0.5501,1
2012-03-05T07:00:00Z,-0.0019,1
2012-03-05T08:00:00Z,-0.3949,1
2012-03-05T09:00:00Z,-0.9879,1
2012-03-05T10:00:00Z,-1.2679,1
2012-03-05T11:00:00Z,-1.2969,1
2012-03-05T12:00:00Z,-1.0169,1
2012-03-05T13:00:00Z,-0.5719,1
2012-03-05T14:00:00Z,-0.0739,1
2012-03-05T15:00:00Z,0.3081,1
2012-03-05T16:00:00Z,0.6691,1
2012-03-05T17:00:00Z,0.5851,1
2012-03-05T18:00:00Z,0.3511,1
2012-03-05T19:00:00Z,-0.057,1
2012-03-05T20:00:00Z,-0.618,1
2012-03-05T21:00:00Z,-0.998,1
2012-03-05T22:00:00Z,-1.277,1
2012-03-05T23:00:00Z,-1.267,1
2012-03-06T00:00:00Z,-1.032,1
2012-03-06T01:00:00Z,-0.517,1
2012-03-06T02:00:00Z,0.012,1
2012-03-06T03:00:00Z,0.585,1
2012-03-06T04:00:00Z,0.938,1
2012-03-06T05:00:00Z,1.06,1
2012-03-06T06:00:00Z,0.893,1
2012-03-06T07:00:00Z,0.529,1
2012-03-06T08:00:00Z,0.005,1
2012-03-06T09:00:00Z,-0.59,1
2012-03-06T10:00:00Z,-1.019,1
2012-03-06T11:00:00Z,-1.231,1
2012-03-06T12:00:00Z,-1.135,1
2012-03-06T13:00:00Z,-0.679,1
2012-03-06T14:00:00Z,-0.055,1
2012-03-06T15:00:00Z,0.634,1
2012-03-06T16:00:00Z,1.138,1
2012-03-06T17:00:00Z,1.292,1
2012-03-06T18:00:00Z,1.17,1
2012-03-06T19:00:00Z,0.742,1
2012-03-06T20:00:00Z,0.176,1
2012-03-06T21:00:00Z,-0.3611,1
2012-03-06T22:00:00Z,-0.8701,1
2012-03-06T23:00:00Z,-1.1191,1
2012-03-07T00:00:00Z,-1.0151,1
2012-03-07T01:00:00Z,-0.6321,1
2012-03-07T02:00:00Z,0.0639,1
2012-03-07T03:00:00Z,0.7949,1
2012-03-07T04:00:00Z,1.3249,1
2012-03-07T05:00:00Z,1.6489,1
2012-03-07T06:00:00Z,1.4589,1
2012-03-07T07:00:00Z,1.1549,1
2012-03-07T08:00:00Z,0.4869,1
2012-03-07T09:00:00Z,-0.0881,1
2012-03-07T10:00:00Z,-0.8231,1
2012-03-07T11:00:00Z,-1.1241,1
2012-03-07T12:00:00Z,-1.3581,1
2012-03-07T13:00:00Z,-1.2901,1
2012-03-07T14:00:00Z,-0.5391,1
2012-03-07T15:00:00Z,0.2399,1
2012-03-07T16:00:00Z,0.9149,1
2012-03-07T17:00:00Z,1.8399,1
2012-03-07T18:00:00Z,1.4139,1
2012-03-07T19:00:00Z,1.3069,1
2012-03-07T20:00:00Z,0.6219,1
2012-03-07T21:00:00Z,-0.1371,1
2012-03-07T22:00:00Z,-0.9502,1
2012-03-07T23:00:00Z,-1.3482,1
2012-03-08T00:00:00Z,-1.4092,1
2012-03-08T01:00:00Z,-1.4042,1
2012-03-08T02:00:00Z,-0.8482,1
2012-03-08T03:00:00Z,-0.0612,1
2012-03-08T04:00:00Z,0.6438,1
2012-03-08T05:00:00Z,1.0258,1
2012-03-08T06:00:00Z,1.9658,1
2012-03-08T07:00:00Z,1.4478,1
2012-03-08T08:00:00Z,0.6148,1
2012-03-08T09:00:00Z,-0.3482,1
2012-03-08T10:00:00Z,-0.8332,1
2012-03-08T11:00:00Z,-1.8792,1
2012-03-08T12:00:00Z,-2.1232,1
2012-03-08T13:00:00Z,-1.6092,1
2012-03-08T14:00:00Z,-1.6162,1
2012-03-08T15:00:00Z,-0.3312,1
2012-03-08T16:00:00Z,0.3798,1
2012-03-08T17:00:00Z,0.8318,1
2012-03-08T18:00:00Z,1.1498,1
2012-03-08T19:00:00Z,1.3608,1
2012-03-08T20:00:00Z,0.5388,1
2012-03-08T21:00:00Z,0.1468,1
2012-03-08T22:00:00Z,-0.5802,1
2012-03-08T23:00:00Z,-1.3782,1
2012-03-09T00:00:00Z,-1.7023,1
2012-03-09T01:00:00Z,-1.6363,1
2012-03-09T02:00:00Z,-1.0493,1
2012-03-09T03:00:00Z,-0.6843,1
2012-03-09T04:00:00Z,0.6207,1
2012-03-09T05:00:00Z,1.2537,1
2012-03-09T06:00:00Z,1.6977,1
2012-03-09T07:00:00Z,1.9297,1
2012-03-09T08:00:00Z,1.4447,1
2012-03-09T09:00:00Z,0.6647,1
2012-03-09T10:00:00Z,-0.0863,1
2012-03-09T11:00:00Z,-1.2103,1
2012-03-09T12:00:00Z,-1.6633,1
2012-03-09T13:00:00Z,-1.9653,1
2012-03-09T14:00:00Z,-1.6383,1
2012-03-09T15:00:00Z,-1.0543,1
2012-03-09T16:00:00Z,0.0327,1
2012-03-09T17:00:00Z,0.7647,1
2012-03-09T18:00:00Z,1.4557,1
2012-03-09T19:00:00Z,1.6447,1
2012-03-09T20:00:00Z,1.4637,1
2012-03-09T21:00:00Z,0.7047,1
2012-03-09T22:00:00Z,-0.2363,1
2012-03-09T23:00:00Z,-1.1653,1
2012-03-10T00:00:00Z,-1.9863,1
2012-03-10T01:00:00Z,-2.3373,1
2012-03-10T02:00:00Z,-2.0284,1
2012-03-10T03:00:00Z,-1.2904,1
2012-03-10T04:00:00Z,-0.4434,1
2012-03-10T05:00:00Z,0.6606,1
2012-03-10T06:00:00Z,1.4076,1
2012-03-10T07:00:00Z,1.7026,1
2012-03-10T08:00:00Z,1.5176,1
2012-03-10T09:00:00Z,0.8356,1
2012-03-10T10:00:00Z,0.2246,1
2012-03-10T11:00:00Z,-0.6094,1
2012-03-10T12:00:00Z,-1.3594,1
2012-03-10T13:00:00Z,-2.1424,1
2012-03-10T14:00:00Z,-2.1284,1
2012-03-10T15:00:00Z,-1.7864,1
2012-03-10T16:00:00Z,-0.9004,1
2012-03-10T17:00:00Z,0.1706,1
2012-03-10T18:00:00Z,0.7916,1
2012-03-10T19:00:00Z,1.4736,1
2012-03-10T20:00:00Z,1.4836,1
2012-03-10T21:00:00Z,1.0476,1
2012-03-10T22:00:00Z,0.3286,1
2012-03-10T23:00:00Z,-0.6804,1
2012-03-11T00:00:00Z,-1.6164,1
2012-03-11T01:00:00Z,-2.1104,1
2012-03-11T02:00:00Z,-2.1384,1
2012-03-11T03:00:00Z,-1.8025,1
2012-03-11T04:00:00Z,-1.0795,1
2012-03-11T05:00:00Z,0.0045,1
2012-03-11T06:00:00Z,0.8635,1
2012-03-11T07:00:00Z,1.2635,1
2012-03-11T08:00:00Z,1.5305,1
2012-03-11T09:00:00Z,1.2895,1
2012-03-11T10:00:00Z,0.8365,1
2012-03-11T11:00:00Z,-0.0745,1
2012-03-11T12:00:00Z,-0.9345,1
2012-03-11T13:00:00Z,-1.6595,1
2012-03-11T14:00:00Z,-2.0545,1
2012-03-11T15:00:00Z,-2.0535,1
2012-03-11T16:00:00Z,-1.5205,1
2012-03-11T17:00:00Z,-0.6075,1
2012-03-11T18:00:00Z,0.2505,1
2012-03-11T19:00:00Z,0.9485,1
2012-03-11T20:00:00Z,1.3145,1
2012-03-11T21:00:00Z,1.1935,1
2012-03-11T22:00:00Z,0.8055,1
2012-03-11T23:00:00Z,0.0105,1
2012-03-12T00:00:00Z,-0.8855,1
2012-03-12T01:00:00Z,-1.6435,1
2012-03-12T02:00:00Z,-2.1145,1
2012-03-12T03:00:00Z,-2.0395,1
2012-03-12T04:00:00Z,-1.5165,1
2012-03-12T05:00:00Z,-0.7836,1
2012-03-12T06:00:00Z,0.1824,1
2012-03-12T07:00:00Z,0.8094,1
2012-03-12T08:00:00Z,1.3274,1
2012-03-12T09:00:00Z,1.3514,1
2012-03-12T10:00:00Z,1.1484,1
2012-03-12T11:00:00Z,0.4314,1
2012-03-12T12:00:00Z,-0.2636,1
2012-03-12T13:00:00Z,-1.0206,1
2012-03-12T14:00:00Z,-1.5236,1
2012-03-12T15:00:00Z,-1.8326,1
2012-03-12T16:00:00Z,-1.6886,1
2012-03-12T17:00:00Z,-1.2266,1
2012-03-12T18:00:00Z,-0.4176,1
2012-03-12T19:00:00Z,0.3154,1
2012-03-12T20:00:00Z,0.8294,1
2012-03-12T21:00:00Z,1.1224,1
2012-03-12T22:00:00Z,1.0614,1
2012-03-12T23:00:00Z,0.4654,1
2012-03-13T00:00:00Z,-0.0906,1
2012-03-13T01:00:00Z,-0.9326,1
2012-03-13T02:00:00Z,-1.5576,1
2012-03-13T03:00:00Z,-1.8316,1
2012-03-13T04:00:00Z,-1.7806,1
2012-03-13T05:00:00Z,-1.3166,1
2012-03-13T06:00:00Z,-0.5896,1
2012-03-13T07:00:00Z,0.1063,1
2012-03-13T08:00:00Z,0.6773,1
2012-03-13T09:00:00Z,0.9613,1
2012-03-13T10:00:00Z,1.0393,1
2012-03-13T11:00:00Z,0.6853,1
2012-03-13T12:00:00Z,0.2353,1
2012-03-13T13:00:00Z,-0.3527,1
2012-03-13T14:00:00Z,-0.9637,1
2012-03-13T15:00:00Z,-1.3867,1
2012-03-13T16:00:00Z,-1.5167,1
2012-03-13T17:00:00Z,-1.3547,1
2012-03-13T18:00:00Z,-0.8677,1
2012-03-13T19:00:00Z,-0.1607,1
2012-03-13T20:00:00Z,0.4103,1
2012-03-13T21:00:00Z,0.7803,1
2012-03-13T22:00:00Z,0.9503,1
2012-03-13T23:00:00Z,0.8673,1
2012-03-14T00:00:00Z,0.4923,1
2012-03-14T01:00:00Z,-0.0997,1
2012-03-14T02:00:00Z,-0.7457,1
2012-03-14T03:00:00Z,-1.2327,1
2012-03-14T04:00:00Z,-1.4187,1
2012-03-14T05:00:00Z,-1.3427,1
2012-03-14T06:00:00Z,-0.9097,1
2012-03-14T07:00:00Z,-0.3477,1
2012-03-14T08:00:00Z,0.2102,1
2012-03-14T09:00:00Z,0.4842,1
2012-03-14T10:00:00Z,0.6802,1
2012-03-14T11:00:00Z,0.8012,1
2012-03-14T12:00:00Z,0.6042,1
2012-03-14T13:00:00Z,0.3712,1
2012-03-14T14:00:00Z,-0.3198,1
2012-03-14T15:00:00Z,-0.6718,1
2012-03-14T16:00:00Z,-0.9478,1
2012-03-14T17:00:00Z,-1.1218,1
2012-03-14T18:00:00Z,-0.9488,1
2012-03-14T19:00:00Z,-0.5448,1
2012-03-14T20:00:00Z,-0.1328,1
2012-03-14T21:00:00Z,0.4612,1
2012-03-14T22:00:00Z,0.7832,1
2012-03-14T23:00:00Z,0.8122,1
2012-03-15T00:00:00Z,0.8062,1
2012-03-15T01:00:00Z,0.6102,1
2012-03-15T02:00:00Z,0.2932,1
2012-03-15T03:00:00Z,-0.2778,1
2012-03-15T04:00:00Z,-0.6708,1
2012-03-15T05:00:00Z,-0.9898,1
2012-03-15T06:00:00Z,-0.9238,1
2012-03-15T07:00:00Z,-0.7798,1
2012-03-15T08:00:00Z,-0.3588,1
2012-03-15T09:00:00Z,-0.0058,1
2012-03-15T10:00:00Z,0.2331,1
2012-03-15T11:00:00Z,0.6041,1
2012-03-15T12:00:00Z,0.6261,1
2012-03-15T13:00:00Z,0.6181,1
2012-03-15T14:00:00Z,0.2821,1
2012-03-15T15:00:00Z,-0.0189,1
2012-03-15T16:00:00Z,-0.3479,1
2012-03-15T17:00:00Z,-0.6779,1
2012-03-15T18:00:00Z,-0.8039,1
2012-03-15T19:00:00Z,-0.7939,1
2012-03-15T20:00:00Z,-0.5419,1
2012-03-15T21:00:00Z,-0.1889,1
2012-03-15T22:00:00Z,0.1891,1
2012-03-15T23:00:00Z,0.5301,1
2012-03-16T00:00:00Z,0.6591,1
2012-03-16T01:00:00Z,0.8211,1
2012-03-16T02:00:00Z,0.6861,1
2012-03-16T03:00:00Z,0.4541,1
2012-03-16T04:00:00Z,-0.0089,1
2012-03-16T05:00:00Z,-0.3999,1
2012-03-16T06:00:00Z,-0.6039,1
2012-03-16T07:00:00Z,-0.7269,1
2012-03-16T08:00:00Z,-0.6269,1
2012-03-16T09:00:00Z,-0.4399,1
2012-03-16T10:00:00Z,-0.1629,1
2012-03-16T11:00:00Z,0.1181,1
2012-03-16T12:00:00Z,0.439,1
2012-03-16T13:00:00Z,0.595,1
2012-03-16T14:00:00Z,0.545,1
2012-03-16T15:00:00Z,0.465,1
2012-03-16T16:00:00Z,0.268,1
2012-03-16T17:00:00Z,-0.076,1
2012-03-16T18:00:00Z,-0.356,1
2012-03-16T19:00:00Z,-0.574,1
2012-03-16T20:00:00Z,-0.662,1
2012-03-16T21:00:00Z,-0.588,1
2012-03-16T22:00:00Z,-0.272,1
2012-03-16T23:00:00Z,0.101,1
2012-03-17T00:00:00Z,0.505,1
2012-03-17T01:00:00Z,0.779,1
2012-03-17T02:00:00Z,0.93,1
2012-03-17T03:00:00Z,0.81,1
2012-03-17T04:00:00Z,0.533,1
2012-03-17T05:00:00Z,0.176,1
2012-03-17T06:00:00Z,-0.226,1
2012-03-17T07:00:00Z,-0.588,1
2012-03-17T08:00:00Z,-0.772,1
2012-03-17T09:00:00Z,-0.84,1
2012-03-17T10:00:00Z,-0.745,1
2012-03-17T11:00:00Z,-0.477,1
2012-03-17T12:00:00Z,-0.159,1
2012-03-17T13:00:00Z,0.1739,1
2012-03-17T14:00:00Z,0.4199,1
2012-03-17T15:00:00Z,0.6099,1
2012-03-17T16:00:00Z,0.4759,1
2012-03-17T17:00:00Z,0.2389,1
2012-03-17T18:00:00Z,-0.1291,1
2012-03-17T19:00:00Z,-0.4791,1
2012-03-17T20:00:00Z,-0.8001,1
2012-03-17T21:00:00Z,-0.9191,1
2012-03-17T22:00:00Z,-0.8541,1
2012-03-17T23:00:00Z,-0.5961,1
2012-03-18T00:00:00Z,-0.1751,1
2012-03-18T01:00:00Z,0.3249,1
2012-03-18T02:00:00Z,0.7369,1
2012-03-18T03:00:00Z,0.9189,1
2012-03-18T04:00:00Z,0.8149,1
2012-03-18T05:00:00Z,0.5389,1
2012-03-18T06:00:00Z,0.1489,1
2012-03-18T07:00:00Z,-0.3011,1
2012-03-18T08:00:00Z,-0.7451,1
2012-03-18T09:00:00Z,-1.0061,1
2012-03-18T10:00:00Z,-1.0901,1
2012-03-18T11:00:00Z,-1.0021,1
2012-03-18T12:00:00Z,-0.6851,1
2012-03-18T13:00:00Z,-0.2511,1
2012-03-18T14:00:00Z,0.1299,1
2012-03-18T15:00:00Z,0.4738,1
2012-03-18T16:00:00Z,0.6118,1
2012-03-18T17:00:00Z,0.4388,1
2012-03-18T18:00:00Z,0.1718,1
2012-03-18T19:00:00Z,-0.2662,1
2012-03-18T20:00:00Z,-0.6952,1
2012-03-18T21:00:00Z,-1.0752,1
2012-03-18T22:00:00Z,-1.2212,1
2012-03-18T23:00:00Z,-1.0952,1
2012-03-19T00:00:00Z,-0.7642,1
2012-03-19T01:00:00Z,-0.1632,1
2012-03-19T02:00:00Z,0.3888,1
2012-03-19T03:00:00Z,0.8448,1
2012-03-19T04:00:00Z,1.0458,1
2012-03-19T05:00:00Z,0.9698,1
2012-03-19T06:00:00Z,0.6608,1
2012-03-19T07:00:00Z,0.1848,1
2012-03-19T08:00:00Z,-0.3672,1
2012-03-19T09:00:00Z,-0.8282,1
2012-03-19T10:00:00Z,-1.1232,1
2012-03-19T11:00:00Z,-1.1852,1
2012-03-19T12:00:00Z,-0.9562,1
2012-03-19T13:00:00Z,-0.4682,1
2012-03-19T14:00:00Z,0.0358,1
2012-03-19T15:00:00Z,0.4558,1
2012-03-19T16:00:00Z,0.7998,1
2012-03-19T17:00:00Z,0.8997,1
2012-03-19T18:00:00Z,0.6587,1
2012-03-19T19:00:00Z,0.3357,1
2012-03-19T20:00:00Z,-0.2483,1
2012-03-19T21:00:00Z,-0.7473,1
2012-03-19T22:00:00Z,-1.1093,1
2012-03-19T23:00:00Z,-1.2293,1
2012-03-20T00:00:00Z,-0.9513,1
2012-03-20T01:00:00Z,-0.4723,1
2012-03-20T02:00:00Z,0.1757,1
2012-03-20T03:00:00Z,0.8397,1
2012-03-20T04:00:00Z,1.1927,1
2012-03-20T05:00:00Z,1.3217,1
2012-03-20T06:00:00Z,1.0547,1
2012-03-20T07:00:00Z,0.5757,1
2012-03-20T08:00:00Z,0.0577,1
2012-03-20T09:00:00Z,-0.6003,1
2012-03-20T10:00:00Z,-1.0703,1
2012-03-20T11:00:00Z,-1.3413,1
2012-03-20T12:00:00Z,-1.3093,1
2012-03-20T13:00:00Z,-0.9583,1
2012-03-20T14:00:00Z,-0.3433,1
2012-03-20T15:00:00Z,0.1737,1
2012-03-20T16:00:00Z,0.7537,1
2012-03-20T17:00:00Z,0.9617,1
2012-03-20T18:00:00Z,0.8936,1
2012-03-20T19:00:00Z,0.5286,1
2012-03-20T20:00:00Z,0.0856,1
2012-03-20T21:00:00Z,-0.5704,1
2012-03-20T22:00:00Z,-1.0874,1
2012-03-20T23:00:00Z,-1.3834,1
2012-03-21T00:00:00Z,-1.3484,1
2012-03-21T01:00:00Z,-0.9644,1
2012-03-21T02:00:00Z,-0.3084,1
2012-03-21T03:00:00Z,0.4176,1
2012-03-21T04:00:00Z,1.0336,1
2012-03-21T05:00:00Z,1.4636,1
2012-03-21T06:00:00Z,1.3446,1
2012-03-21T07:00:00Z,1.0036,1
2012-03-21T08:00:00Z,0.4626,1
2012-03-21T09:00:00Z,-0.1694,1
2012-03-21T10:00:00Z,-0.8944,1
2012-03-21T11:00:00Z,-1.3294,1
2012-03-21T12:00:00Z,-1.4624,1
2012-03-21T13:00:00Z,-1.2584,1
2012-03-21T14:00:00Z,-0.7774,1
2012-03-21T15:00:00Z,-0.0394,1
2012-03-21T16:00:00Z,0.5316,1
2012-03-21T17:00:00Z,0.9366,1
2012-03-21T18:00:00Z,1.0846,1
2012-03-21T19:00:00Z,0.8296,1
2012-03-21T20:00:00Z,0.3755,1
2012-03-21T21:00:00Z,-0.2625,1
2012-03-21T22:00:00Z,-0.9835,1
2012-03-21T23:00:00Z,-1.5185,1
2012-03-22T00:00:00Z,-1.6995,1
2012-03-22T01:00:00Z,-1.4895,1
2012-03-22T02:00:00Z,-0.9325,1
2012-03-22T03:00:00Z,-0.1535,1
2012-03-22T04:00:00Z,0.6345,1
2012-03-22T05:00:00Z,1.1635,1
2012-03-22T06:00:00Z,1.3095,1
2012-03-22T07:00:00Z,1.2495,1
2012-03-22T08:00:00Z,0.7435,1
2012-03-22T09:00:00Z,0.0635,1
2012-03-22T10:00:00Z,-0.6665,1
2012-03-22T11:00:00Z,-1.3085,1
2012-03-22T12:00:00Z,-1.5825,1
2012-03-22T13:00:00Z,-1.5615,1
2012-03-22T14:00:00Z,-1.1655,1
2012-03-22T15:00:00Z,-0.4655,1
2012-03-22T16:00:00Z,0.2355,1
2012-03-22T17:00:00Z,0.9325,1
2012-03-22T18:00:00Z,1.1785,1
2012-03-22T19:00:00Z,1.0745,1
2012-03-22T20:00:00Z,0.6995,1
2012-03-22T21:00:00Z,0.0915,1
2012-03-22T22:00:00Z,-0.6306,1
2012-03-22T23:00:00Z,-1.2916,1
2012-03-23T00:00:00Z,-1.6646,1
2012-03-23T01:00:00Z,-1.6506,1
2012-03-23T02:00:00Z,-1.2606,1
2012-03-23T03:00:00Z,-0.5606,1
2012-03-23T04:00:00Z,0.2614,1
2012-03-23T05:00:00Z,0.9164,1
2012-03-23T06:00:00Z,1.2854,1
2012-03-23T07:00:00Z,1.3814,1
2012-03-23T08:00:00Z,1.1164,1
2012-03-23T09:00:00Z,0.4684,1
2012-03-23T10:00:00Z,-0.2406,1
2012-03-23T11:00:00Z,-0.9506,1
2012-03-23T12:00:00Z,-1.4476,1
2012-03-23T13:00:00Z,-1.6046,1
2012-03-23T14:00:00Z,-1.3526,1
2012-03-23T15:00:00Z,-0.7846,1
2012-03-23T16:00:00Z,0.0134,1
2012-03-23T17:00:00Z,0.7674,1
2012-03-23T18:00:00Z,1.1304,1
2012-03-23T19:00:00Z,1.2114,1
2012-03-23T20:00:00Z,1.0324,1
2012-03-23T21:00:00Z,0.5294,1
2012-03-23T22:00:00Z,-0.1766,1
2012-03-23T23:00:00Z,-0.8777,1
2012-03-24T00:00:00Z,-1.4367,1
2012-03-24T01:00:00Z,-1.6627,1
2012-03-24T02:00:00Z,-1.4477,1
2012-03-24T03:00:00Z,-0.9027,1
2012-03-24T04:00:00Z,-0.0977,1
2012-03-24T05:00:00Z,0.6923,1
2012-03-24T06:00:00Z,1.2123,1
2012-03-24T07:00:00Z,1.3923,1
2012-03-24T08:00:00Z,1.2883,1
2012-03-24T09:00:00Z,0.8393,1
2012-03-24T10:00:00Z,0.1513,1
2012-03-24T11:00:00Z,-0.5627,1
2012-03-24T12:00:00Z,-1.1927,1
2012-03-24T13:00:00Z,-1.4697,1
2012-03-24T14:00:00Z,-1.4107,1
2012-03-24T15:00:00Z,-0.9907,1
2012-03-24T16:00:00Z,-0.3217,1
2012-03-24T17:00:00Z,0.4633,1
2012-03-24T18:00:00Z,0.9773,1
2012-03-24T19:00:00Z,1.2253,1
2012-03-24T20:00:00Z,1.1703,1
2012-03-24T21:00:00Z,0.8233,1
2012-03-24T22:00:00Z,0.2103,1
2012-03-24T23:00:00Z,-0.4597,1
2012-03-25T00:00:00Z,-1.0547,1
2012-03-25T01:00:00Z,-1.4578,1
2012-03-25T02:00:00Z,-1.5018,1
2012-03-25T03:00:00Z,-1.1538,1
2012-03-25T04:00:00Z,-0.5498,1
2012-03-25T05:00:00Z,0.2112,1
2012-03-25T06:00:00Z,0.9242,1
2012-03-25T07:00:00Z,1.2472,1
2012-03-25T08:00:00Z,1.2682,1
2012-03-25T09:00:00Z,0.9422,1
2012-03-25T10:00:00Z,0.4612,1
2012-03-25T11:00:00Z,-0.2988,1
2012-03-25T12:00:00Z,-0.9158,1
2012-03-25T13:00:00Z,-1.3598,1
2012-03-25T14:00:00Z,-1.4888,1
2012-03-25T15:00:00Z,-1.2358,1
2012-03-25T16:00:00Z,-0.6938,1
2012-03-25T17:00:00Z,-0.0168,1
2012-03-25T18:00:00Z,0.6212,1
2012-03-25T19:00:00Z,1.0082,1
2012-03-25T20:00:00Z,1.1072,1
2012-03-25T21:00:00Z,0.8942,1
2012-03-25T22:00:00Z,0.4142,1
2012-03-25T23:00:00Z,-0.1818,1
2012-03-26T00:00:00Z,-0.8078,1
2012-03-26T01:00:00Z,-1.3068,1
2012-03-26T02:00:00Z,-1.5108,1
2012-03-26T03:00:00Z,-1.4279,1
2012-03-26T04:00:00Z,-0.9749,1
2012-03-26T05:00:00Z,-0.3079,1
2012-03-26T06:00:00Z,0.4091,1
2012-03-26T07:00:00Z,0.8781,1
2012-03-26T08:00:00Z,1.0481,1
2012-03-26T09:00:00Z,0.9291,1
2012-03-26T10:00:00Z,0.5851,1
2012-03-26T11:00:00Z,-0.0489,1
2012-03-26T12:00:00Z,-0.6319,1
2012-03-26T13:00:00Z,-1.1729,1
2012-03-26T14:00:00Z,-1.4189,1
2012-03-26T15:00:00Z,-1.3299,1
2012-03-26T16:00:00Z,-0.9979,1
2012-03-26T17:00:00Z,-0.4149,1
2012-03-26T18:00:00Z,0.2511,1
2012-03-26T19:00:00Z,0.7281,1
2012-03-26T20:00:00Z,0.9671,1
2012-03-26T21:00:00Z,0.8971,1
2012-03-26T22:00:00Z,0.5601,1
2012-03-26T23:00:00Z,0.1201,1
2012-03-27T00:00:00Z,-0.4549,1
2012-03-27T01:00:00Z,-0.8989,1
2012-03-27T02:00:00Z,-1.2949,1
2012-03-27T03:00:00Z,-1.3449,1
2012-03-27T04:00:00Z,-1.101,1
2012-03-27T05:00:00Z,-0.635,1
2012-03-27T06:00:00Z,-0.05,1
2012-03-27T07:00:00Z,0.563,1
2012-03-27T08:00:00Z,0.865,1
2012-03-27T09:00:00Z,0.895,1
2012-03-27T10:00:00Z,0.636,1
2012-03-27T11:00:00Z,0.249,1
2012-03-27T12:00:00Z,-0.304,1
2012-03-27T13:00:00Z,-0.809,1
2012-03-27T14:00:00Z,-1.139,1
2012-03-27T15:00:00Z,-1.253,1
2012-03-27T16:00:00Z,-1.03,1
2012-03-27T17:00:00Z,-0.682,1
2012-03-27T18:00:00Z,-0.137,1
2012-03-27T19:00:00Z,0.348,1
2012-03-27T20:00:00Z,0.725,1
2012-03-27T21:00:00Z,0.763,1
2012-03-27T22:00:00Z,0.676,1
2012-03-27T23:00:00Z,0.28,1
2012-03-28T00:00:00Z,-0.11,1
2012-03-28T01:00:00Z,-0.559,1
2012-03-28T02:00:00Z,-0.933,1
2012-03-28T03:00:00Z,-1.15,1
2012-03-28T04:00:00Z,-1.105,1
2012-03-28T05:00:00Z,-0.826,1
2012-03-28T06:00:00Z,-0.3621,1
2012-03-28T07:00:00Z,0.1619,1
2012-03-28T08:00:00Z,0.5599,1
2012-03-28T09:00:00Z,0.6799,1
2012-03-28T10:00:00Z,0.6769,1
2012-03-28T11:00:00Z,0.3729,1
2012-03-28T12:00:00Z,-0.0391,1
2012-03-28T13:00:00Z,-0.4331,1
2012-03-28T14:00:00Z,-0.8881,1
2012-03-28T15:00:00Z,-1.1051,1
2012-03-28T16:00:00Z,-1.1021,1
2012-03-28T17:00:00Z,-0.8321,1
2012-03-28T18:00:00Z,-0.4471,1
2012-03-28T19:00:00Z,0.0109,1
2012-03-28T20:00:00Z,0.3659,1
2012-03-28T21:00:00Z,0.5469,1
2012-03-28T22:00:00Z,0.5519,1
2012-03-28T23:00:00Z,0.3869,1
2012-03-29T00:00:00Z,0.1229,1
2012-03-29T01:00:00Z,-0.2091,1
2012-03-29T02:00:00Z,-0.5601,1
2012-03-29T03:00:00Z,-0.8591,1
2012-03-29T04:00:00Z,-1.0211,1
2012-03-29T05:00:00Z,-0.9361,1
2012-03-29T06:00:00Z,-0.6831,1
2012-03-29T07:00:00Z,-0.2911,1
2012-03-29T08:00:00Z,0.0888,1
2012-03-29T09:00:00Z,0.3378,1
2012-03-29T10:00:00Z,0.4668,1
2012-03-29T11:00:00Z,0.3838,1
2012-03-29T12:00:00Z,0.1658,1
2012-03-29T13:00:00Z,-0.1652,1
2012-03-29T14:00:00Z,-0.5152,1
2012-03-29T15:00:00Z,-0.7992,1
2012-03-29T16:00:00Z,-0.9472,1
2012-03-29T17:00:00Z,-0.8922,1
2012-03-29T18:00:00Z,-0.6332,1
2012-03-29T19:00:00Z,-0.2962,1
2012-03-29T20:00:00Z,0.0428,1
2012-03-29T21:00:00Z,0.2928,1
2012-03-29T22:00:00Z,0.4468,1
2012-03-29T23:00:00Z,0.4018,1
2012-03-30T00:00:00Z,0.2658,1
2012-03-30T01:00:00Z,0.1128,1
2012-03-30T02:00:00Z,-0.1582,1
2012-03-30T03:00:00Z,-0.4622,1
2012-03-30T04:00:00Z,-0.7232,1
2012-03-30T05:00:00Z,-0.8302,1
2012-03-30T06:00:00Z,-0.7962,1
2012-03-30T07:00:00Z,-0.5532,1
2012-03-30T08:00:00Z,-0.2482,1
2012-03-30T09:00:00Z,-3.00E-04,1
2012-03-30T10:00:00Z,0.2037,1
2012-03-30T11:00:00Z,0.2897,1
2012-03-30T12:00:00Z,0.2687,1
2012-03-30T13:00:00Z,0.0887,1
2012-03-30T14:00:00Z,-0.1183,1
2012-03-30T15:00:00Z,-0.3923,1
2012-03-30T16:00:00Z,-0.6333,1
2012-03-30T17:00:00Z,-0.7203,1
2012-03-30T18:00:00Z,-0.7003,1
2012-03-30T19:00:00Z,-0.5273,1
2012-03-30T20:00:00Z,-0.2903,1
2012-03-30T21:00:00Z,-0.0043,1
2012-03-30T22:00:00Z,0.2157,1
2012-03-30T23:00:00Z,0.3047,1
2012-03-31T00:00:00Z,0.3617,1
2012-03-31T01:00:00Z,0.3327,1
2012-03-31T02:00:00Z,0.2007,1
2012-03-31T03:00:00Z,-0.0283,1
2012-03-31T04:00:00Z,-0.3193,1
2012-03-31T05:00:00Z,-0.5183,1
2012-03-31T06:00:00Z,-0.6563,1
2012-03-31T07:00:00Z,-0.6643,1
2012-03-31T08:00:00Z,-0.5393,1
2012-03-31T09:00:00Z,-0.3473,1
2012-03-31T10:00:00Z,-0.1223,1
2012-03-31T11:00:00Z,0.0736,1
2012-03-31T12:00:00Z,0.2356,1
2012-03-31T13:00:00Z,0.2586,1
2012-03-31T14:00:00Z,0.1316,1
2012-03-31T15:00:00Z,-0.0104,1
2012-03-31T16:00:00Z,-0.2624,1
2012-03-31T17:00:00Z,-0.4934,1
2012-03-31T18:00:00Z,-0.6364,1
2012-03-31T19:00:00Z,-0.6724,1
2012-03-31T20:00:00Z,-0.5584,1
2012-03-31T21:00:00Z,-0.4254,1
2012-03-31T22:00:00Z,-0.1854,1
2012-03-31T23:00:00Z,0.0626,1
2012-04-01T00:00:00Z,0.2776,1
2012-04-01T01:00:00Z,0.4326,1
2012-04-01T02:00:00Z,0.4206,1
2012-04-01T03:00:00Z,0.3006,1
2012-04-01T04:00:00Z,0.0926,1
2012-04-01T05:00:00Z,-0.2194,1
2012-04-01T06:00:00Z,-0.4684,1
2012-04-01T07:00:00Z,-0.6724,1
2012-04-01T08:00:00Z,-0.7564,1
2012-04-01T09:00:00Z,-0.6974,1
2012-04-01T10:00:00Z,-0.5294,1
2012-04-01T11:00:00Z,-0.2114,1
2012-04-01T12:00:00Z,0.0526,1
2012-04-01T13:00:00Z,0.2905,1
2012-04-01T14:00:00Z,0.3805,1
2012-04-01T15:00:00Z,0.3315,1
2012-04-01T16:00:00Z,0.1275,1
2012-04-01T17:00:00Z,-0.1185,1
2012-04-01T18:00:00Z,-0.3965,1
2012-04-01T19:00:00Z,-0.5965,1
2012-04-01T20:00:00Z,-0.6505,1
2012-04-01T21:00:00Z,-0.5735,1
2012-04-01T22:00:00Z,-0.3825,1
2012-04-01T23:00:00Z,-0.1185,1
2012-04-02T00:00:00Z,0.1955,1
2012-04-02T01:00:00Z,0.4905,1
2012-04-02T02:00:00Z,0.6725,1
2012-04-02T03:00:00Z,0.7465,1
2012-04-02T04:00:00Z,0.6195,1
2012-04-02T05:00:00Z,0.3465,1
2012-04-02T06:00:00Z,-0.0055,1
2012-04-02T07:00:00Z,-0.3665,1
2012-04-02T08:00:00Z,-0.6715,1
2012-04-02T09:00:00Z,-0.8255,1
2012-04-02T10:00:00Z,-0.7505,1
2012-04-02T11:00:00Z,-0.5235,1
2012-04-02T12:00:00Z,-0.1635,1
2012-04-02T13:00:00Z,0.2195,1
2012-04-02T14:00:00Z,0.5255,1
2012-04-02T15:00:00Z,0.6574,1
2012-04-02T16:00:00Z,0.5894,1
2012-04-02T17:00:00Z,0.3524,1
2012-04-02T18:00:00Z,0.0104,1
2012-04-02T19:00:00Z,-0.3356,1
2012-04-02T20:00:00Z,-0.6466,1
2012-04-02T21:00:00Z,-0.7726,1
2012-04-02T22:00:00Z,-0.7246,1
2012-04-02T23:00:00Z,-0.4846,1
2012-04-03T00:00:00Z,-0.0896,1
2012-04-03T01:00:00Z,0.3564,1
2012-04-03T02:00:00Z,0.7374,1
2012-04-03T03:00:00Z,0.9454,1
2012-04-03T04:00:00Z,0.9024,1
2012-04-03T05:00:00Z,0.7454,1
2012-04-03T06:00:00Z,0.3374,1
2012-04-03T07:00:00Z,-0.1116,1
2012-04-03T08:00:00Z,-0.5796,1
2012-04-03T09:00:00Z,-0.9396,1
2012-04-03T10:00:00Z,-1.1626,1
2012-04-03T11:00:00Z,-1.0756,1
2012-04-03T12:00:00Z,-0.7386,1
2012-04-03T13:00:00Z,-0.2556,1
2012-04-03T14:00:00Z,0.2514,1
2012-04-03T15:00:00Z,0.6584,1
2012-04-03T16:00:00Z,0.7333,1
2012-04-03T17:00:00Z,0.5913,1
2012-04-03T18:00:00Z,0.2703,1
2012-04-03T19:00:00Z,-0.3207,1
2012-04-03T20:00:00Z,-0.8067,1
2012-04-03T21:00:00Z,-1.1937,1
2012-04-03T22:00:00Z,-1.3737,1
2012-04-03T23:00:00Z,-1.2157,1
2012-04-04T00:00:00Z,-0.8687,1
2012-04-04T01:00:00Z,-0.3307,1
2012-04-04T02:00:00Z,0.2703,1
2012-04-04T03:00:00Z,0.6773,1
2012-04-04T04:00:00Z,0.8333,1
2012-04-04T05:00:00Z,0.8423,1
2012-04-04T06:00:00Z,0.4873,1
2012-04-04T07:00:00Z,-0.0717,1
2012-04-04T08:00:00Z,-0.7047,1
2012-04-04T09:00:00Z,-1.2767,1
2012-04-04T10:00:00Z,-1.6297,1
2012-04-04T11:00:00Z,-1.7247,1
2012-04-04T12:00:00Z,-1.4547,1
2012-04-04T13:00:00Z,-0.8557,1
2012-04-04T14:00:00Z,-0.1427,1
2012-04-04T15:00:00Z,0.4573,1
2012-04-04T16:00:00Z,0.7883,1
2012-04-04T17:00:00Z,0.8583,1
2012-04-04T18:00:00Z,0.5552,1
2012-04-04T19:00:00Z,0.0272,1
2012-04-04T20:00:00Z,-0.6308,1
2012-04-04T21:00:00Z,-1.2638,1
2012-04-04T22:00:00Z,-1.6428,1
2012-04-04T23:00:00Z,-1.6308,1
2012-04-05T00:00:00Z,-1.3098,1
2012-04-05T01:00:00Z,-0.7568,1
2012-04-05T02:00:00Z,-0.0508,1
2012-04-05T03:00:00Z,0.6262,1
2012-04-05T04:00:00Z,1.0232,1
2012-04-05T05:00:00Z,1.1492,1
2012-04-05T06:00:00Z,0.9632,1
2012-04-05T07:00:00Z,0.4522,1
2012-04-05T08:00:00Z,-0.2128,1
2012-04-05T09:00:00Z,-0.9408,1
2012-04-05T10:00:00Z,-1.5598,1
2012-04-05T11:00:00Z,-1.8978,1
2012-04-05T12:00:00Z,-1.8258,1
2012-04-05T13:00:00Z,-1.3208,1
2012-04-05T14:00:00Z,-0.5288,1
2012-04-05T15:00:00Z,0.3052,1
2012-04-05T16:00:00Z,0.9222,1
2012-04-05T17:00:00Z,1.2122,1
2012-04-05T18:00:00Z,1.1872,1
2012-04-05T19:00:00Z,0.6842,1
2012-04-05T20:00:00Z,-0.0819,1
2012-04-05T21:00:00Z,-0.8509,1
2012-04-05T22:00:00Z,-1.5099,1
2012-04-05T23:00:00Z,-1.8189,1
2012-04-06T00:00:00Z,-1.7519,1
2012-04-06T01:00:00Z,-1.2269,1
2012-04-06T02:00:00Z,-0.4699,1
2012-04-06T03:00:00Z,0.4261,1
2012-04-06T04:00:00Z,1.0831,1
2012-04-06T05:00:00Z,1.4851,1
2012-04-06T06:00:00Z,1.5181,1
2012-04-06T07:00:00Z,1.1711,1
2012-04-06T08:00:00Z,0.5181,1
2012-04-06T09:00:00Z,-0.3289,1
2012-04-06T10:00:00Z,-1.1609,1
2012-04-06T11:00:00Z,-1.7669,1
2012-04-06T12:00:00Z,-1.9729,1
2012-04-06T13:00:00Z,-1.6219,1
2012-04-06T14:00:00Z,-0.9269,1
2012-04-06T15:00:00Z,0.0241,1
2012-04-06T16:00:00Z,0.8921,1
2012-04-06T17:00:00Z,1.4551,1
2012-04-06T18:00:00Z,1.6451,1
2012-04-06T19:00:00Z,1.3801,1
2012-04-06T20:00:00Z,0.6831,1
2012-04-06T21:00:00Z,-0.221,1
2012-04-06T22:00:00Z,-1.096,1
2012-04-06T23:00:00Z,-1.75,1
2012-04-07T00:00:00Z,-1.98,1
2012-04-07T01:00:00Z,-1.723,1
2012-04-07T02:00:00Z,-1.098,1
2012-04-07T03:00:00Z,-0.153,1
2012-04-07T04:00:00Z,0.799,1
2012-04-07T05:00:00Z,1.405,1
2012-04-07T06:00:00Z,1.729,1
2012-04-07T07:00:00Z,1.513,1
2012-04-07T08:00:00Z,1.119,1
2012-04-07T09:00:00Z,0.231,1
2012-04-07T10:00:00Z,-0.742,1
2012-04-07T11:00:00Z,-1.545,1
2012-04-07T12:00:00Z,-2.109,1
2012-04-07T13:00:00Z,-2.135,1
2012-04-07T14:00:00Z,-1.708,1
2012-04-07T15:00:00Z,-0.804,1
2012-04-07T16:00:00Z,0.183,1
2012-04-07T17:00:00Z,1.103,1
2012-04-07T18:00:00Z,1.534,1
2012-04-07T19:00:00Z,1.558,1
2012-04-07T20:00:00Z,1.249,1
2012-04-07T21:00:00Z,0.413,1
2012-04-07T22:00:00Z,-0.619,1
2012-04-07T23:00:00Z,-1.4711,1
2012-04-08T00:00:00Z,-1.9851,1
2012-04-08T01:00:00Z,-2.1221,1
2012-04-08T02:00:00Z,-1.6841,1
2012-04-08T03:00:00Z,-0.8891,1
2012-04-08T04:00:00Z,0.1469,1
2012-04-08T05:00:00Z,1.0689,1
2012-04-08T06:00:00Z,1.6089,1
2012-04-08T07:00:00Z,1.8019,1
2012-04-08T08:00:00Z,1.5229,1
2012-04-08T09:00:00Z,0.8989,1
2012-04-08T10:00:00Z,0.0369,1
2012-04-08T11:00:00Z,-0.8871,1
2012-04-08T12:00:00Z,-1.5981,1
2012-04-08T13:00:00Z,-1.9401,1
2012-04-08T14:00:00Z,-1.8041,1
2012-04-08T15:00:00Z,-1.2241,1
2012-04-08T16:00:00Z,-0.2231,1
2012-04-08T17:00:00Z,0.7779,1
2012-04-08T18:00:00Z,1.4849,1
2012-04-08T19:00:00Z,1.8239,1
2012-04-08T20:00:00Z,1.7709,1
2012-04-08T21:00:00Z,1.1789,1
2012-04-08T22:00:00Z,0.3459,1
2012-04-08T23:00:00Z,-0.6541,1
2012-04-09T00:00:00Z,-1.4471,1
2012-04-09T01:00:00Z,-1.8022,1
2012-04-09T02:00:00Z,-1.7252,1
2012-04-09T03:00:00Z,-1.2902,1
2012-04-09T04:00:00Z,-0.3432,1
2012-04-09T05:00:00Z,0.6308,1
2012-04-09T06:00:00Z,1.3208,1
2012-04-09T07:00:00Z,1.7508,1
2012-04-09T08:00:00Z,1.8848,1
2012-04-09T09:00:00Z,1.5668,1
2012-04-09T10:00:00Z,0.8758,1
2012-04-09T11:00:00Z,0.0718,1
2012-04-09T12:00:00Z,-0.8152,1
2012-04-09T13:00:00Z,-1.4412,1
2012-04-09T14:00:00Z,-1.6202,1
2012-04-09T15:00:00Z,-1.3862,1
2012-04-09T16:00:00Z,-0.7282,1
2012-04-09T17:00:00Z,0.2138,1
2012-04-09T18:00:00Z,1.1158,1
2012-04-09T19:00:00Z,1.6348,1
2012-04-09T20:00:00Z,1.9058,1
2012-04-09T21:00:00Z,1.7648,1
2012-04-09T22:00:00Z,1.0908,1
2012-04-09T23:00:00Z,0.3168,1
2012-04-10T00:00:00Z,-0.5732,1
2012-04-10T01:00:00Z,-1.2232,1
2012-04-10T02:00:00Z,-1.6043,1
2012-04-10T03:00:00Z,-1.4963,1
2012-04-10T04:00:00Z,-0.9983,1
2012-04-10T05:00:00Z,-0.1723,1
2012-04-10T06:00:00Z,0.6907,1
2012-04-10T07:00:00Z,1.3047,1
2012-04-10T08:00:00Z,1.5887,1
2012-04-10T09:00:00Z,1.5487,1
2012-04-10T10:00:00Z,1.2617,1
2012-04-10T11:00:00Z,0.5937,1
2012-04-10T12:00:00Z,-0.1743,1
2012-04-10T13:00:00Z,-0.9483,1
2012-04-10T14:00:00Z,-1.3753,1
2012-04-10T15:00:00Z,-1.4543,1
2012-04-10T16:00:00Z,-1.2193,1
2012-04-10T17:00:00Z,-0.5883,1
2012-04-10T18:00:00Z,0.2797,1
2012-04-10T19:00:00Z,0.9757,1
2012-04-10T20:00:00Z,1.3797,1
2012-04-10T21:00:00Z,1.6217,1
2012-04-10T22:00:00Z,1.4227,1
2012-04-10T23:00:00Z,0.7987,1
2012-04-11T00:00:00Z,0.0567,1
2012-04-11T01:00:00Z,-0.6603,1
2012-04-11T02:00:00Z,-1.2163,1
2012-04-11T03:00:00Z,-1.4583,1
2012-04-11T04:00:00Z,-1.3424,1
2012-04-11T05:00:00Z,-0.8564,1
2012-04-11T06:00:00Z,-0.1594,1
2012-04-11T07:00:00Z,0.5906,1
2012-04-11T08:00:00Z,0.9706,1
2012-04-11T09:00:00Z,1.2326,1
2012-04-11T10:00:00Z,1.1316,1
2012-04-11T11:00:00Z,0.8906,1
2012-04-11T12:00:00Z,0.3956,1
2012-04-11T13:00:00Z,-0.2704,1
2012-04-11T14:00:00Z,-0.8914,1
2012-04-11T15:00:00Z,-1.1984,1
2012-04-11T16:00:00Z,-1.2424,1
2012-04-11T17:00:00Z,-1.0224,1
2012-04-11T18:00:00Z,-0.4404,1
2012-04-11T19:00:00Z,0.2716,1
2012-04-11T20:00:00Z,0.8066,1
2012-04-11T21:00:00Z,1.1456,1
2012-04-11T22:00:00Z,1.2826,1
2012-04-11T23:00:00Z,1.0356,1
2012-04-12T00:00:00Z,0.6076,1
2012-04-12T01:00:00Z,0.0306,1
2012-04-12T02:00:00Z,-0.5674,1
2012-04-12T03:00:00Z,-1.0444,1
2012-04-12T04:00:00Z,-1.2664,1
2012-04-12T05:00:00Z,-1.1934,1
2012-04-12T06:00:00Z,-0.8525,1
2012-04-12T07:00:00Z,-0.2965,1
2012-04-12T08:00:00Z,0.2695,1
2012-04-12T09:00:00Z,0.6385,1
2012-04-12T10:00:00Z,0.8465,1
2012-04-12T11:00:00Z,0.8005,1
2012-04-12T12:00:00Z,0.6155,1
2012-04-12T13:00:00Z,0.2335,1
2012-04-12T14:00:00Z,-0.2405,1
2012-04-12T15:00:00Z,-0.6835,1
2012-04-12T16:00:00Z,-0.9735,1
2012-04-12T17:00:00Z,-1.0275,1
2012-04-12T18:00:00Z,-0.8145,1
2012-04-12T19:00:00Z,-0.3745,1
2012-04-12T20:00:00Z,0.1435,1
2012-04-12T21:00:00Z,0.6085,1
2012-04-12T22:00:00Z,0.8955,1
2012-04-12T23:00:00Z,1.0255,1
2012-04-13T00:00:00Z,0.8655,1
2012-04-13T01:00:00Z,0.5975,1
2012-04-13T02:00:00Z,0.1685,1
2012-04-13T03:00:00Z,-0.3325,1
2012-04-13T04:00:00Z,-0.7625,1
2012-04-13T05:00:00Z,-0.9795,1
2012-04-13T06:00:00Z,-0.9455,1
2012-04-13T07:00:00Z,-0.7436,1
2012-04-13T08:00:00Z,-0.3286,1
2012-04-13T09:00:00Z,0.0674,1
2012-04-13T10:00:00Z,0.3644,1
2012-04-13T11:00:00Z,0.5464,1
2012-04-13T12:00:00Z,0.5964,1
2012-04-13T13:00:00Z,0.5024,1
2012-04-13T14:00:00Z,0.2454,1
2012-04-13T15:00:00Z,-0.1116,1
2012-04-13T16:00:00Z,-0.4586,1
2012-04-13T17:00:00Z,-0.7276,1
2012-04-13T18:00:00Z,-0.7736,1
2012-04-13T19:00:00Z,-0.7116,1
2012-04-13T20:00:00Z,-0.4206,1
2012-04-13T21:00:00Z,-0.0056,1
2012-04-13T22:00:00Z,0.3664,1
2012-04-13T23:00:00Z,0.6794,1
2012-04-14T00:00:00Z,0.8664,1
2012-04-14T01:00:00Z,0.8344,1
2012-04-14T02:00:00Z,0.6504,1
2012-04-14T03:00:00Z,0.2864,1
2012-04-14T04:00:00Z,-0.1576,1
2012-04-14T05:00:00Z,-0.5606,1
2012-04-14T06:00:00Z,-0.8226,1
2012-04-14T07:00:00Z,-0.9176,1
2012-04-14T08:00:00Z,-0.8286,1
2012-04-14T09:00:00Z,-0.5807,1
2012-04-14T10:00:00Z,-0.2707,1
2012-04-14T11:00:00Z,0.0173,1
2012-04-14T12:00:00Z,0.2673,1
2012-04-14T13:00:00Z,0.3923,1
2012-04-14T14:00:00Z,0.3663,1
2012-04-14T15:00:00Z,0.2213,1
2012-04-14T16:00:00Z,-0.0987,1
2012-04-14T17:00:00Z,-0.4217,1
2012-04-14T18:00:00Z,-0.6937,1
2012-04-14T19:00:00Z,-0.8427,1
2012-04-14T20:00:00Z,-0.8327,1
2012-04-14T21:00:00Z,-0.6297,1
2012-04-14T22:00:00Z,-0.2817,1
2012-04-14T23:00:00Z,0.1353,1
2012-04-15T00:00:00Z,0.4553,1
2012-04-15T01:00:00Z,0.7213,1
2012-04-15T02:00:00Z,0.7713,1
2012-04-15T03:00:00Z,0.6203,1
2012-04-15T04:00:00Z,0.2793,1
2012-04-15T05:00:00Z,-0.0997,1
2012-04-15T06:00:00Z,-0.5067,1
2012-04-15T07:00:00Z,-0.8337,1
2012-04-15T08:00:00Z,-0.9717,1
2012-04-15T09:00:00Z,-0.9707,1
2012-04-15T10:00:00Z,-0.7377,1
2012-04-15T11:00:00Z,-0.4658,1
2012-04-15T12:00:00Z,-0.1098,1
2012-04-15T13:00:00Z,0.1492,1
2012-04-15T14:00:00Z,0.3082,1
2012-04-15T15:00:00Z,0.3802,1
2012-04-15T16:00:00Z,0.2972,1
2012-04-15T17:00:00Z,0.0102,1
2012-04-15T18:00:00Z,-0.3658,1
2012-04-15T19:00:00Z,-0.7008,1
2012-04-15T20:00:00Z,-0.9398,1
2012-04-15T21:00:00Z,-0.9468,1
2012-04-15T22:00:00Z,-0.7508,1
2012-04-15T23:00:00Z,-0.3978,1
2012-04-16T00:00:00Z,0.0522,1
2012-04-16T01:00:00Z,0.4832,1
2012-04-16T02:00:00Z,0.7862,1
2012-04-16T03:00:00Z,0.8752,1
2012-04-16T04:00:00Z,0.7132,1
2012-04-16T05:00:00Z,0.3982,1
2012-04-16T06:00:00Z,-0.0338,1
2012-04-16T07:00:00Z,-0.4498,1
2012-04-16T08:00:00Z,-0.7828,1
2012-04-16T09:00:00Z,-0.9498,1
2012-04-16T10:00:00Z,-0.9308,1
2012-04-16T11:00:00Z,-0.6948,1
2012-04-16T12:00:00Z,-0.3349,1
2012-04-16T13:00:00Z,0.0521,1
2012-04-16T14:00:00Z,0.4481,1
2012-04-16T15:00:00Z,0.6691,1
2012-04-16T16:00:00Z,0.7311,1
2012-04-16T17:00:00Z,0.5611,1
2012-04-16T18:00:00Z,0.2891,1
2012-04-16T19:00:00Z,-0.0999,1
2012-04-16T20:00:00Z,-0.4849,1
2012-04-16T21:00:00Z,-0.7009,1
2012-04-16T22:00:00Z,-0.7339,1
2012-04-16T23:00:00Z,-0.4249,1
2012-04-17T00:00:00Z,0.0081,1
2012-04-17T01:00:00Z,0.5881,1
2012-04-17T02:00:00Z,1.0361,1
2012-04-17T03:00:00Z,1.3531,1
2012-04-17T04:00:00Z,1.3861,1
2012-04-17T05:00:00Z,1.1291,1
2012-04-17T06:00:00Z,0.7691,1
2012-04-17T07:00:00Z,0.1931,1
2012-04-17T08:00:00Z,-0.2699,1
2012-04-17T09:00:00Z,-0.6129,1
2012-04-17T10:00:00Z,-0.8109,1
2012-04-17T11:00:00Z,-0.7789,1
2012-04-17T12:00:00Z,-0.6209,1
2012-04-17T13:00:00Z,-0.0539,1
2012-04-17T14:00:00Z,0.389,1
2012-04-17T15:00:00Z,0.807,1
2012-04-17T16:00:00Z,0.963,1
2012-04-17T17:00:00Z,0.974,1
2012-04-17T18:00:00Z,0.612,1
2012-04-17T19:00:00Z,0.45,1
2012-04-17T20:00:00Z,-0.415,1
2012-04-17T21:00:00Z,-0.724,1
2012-04-17T22:00:00Z,-0.857,1
2012-04-17T23:00:00Z,-0.904,1
2012-04-18T00:00:00Z,-0.598,1
2012-04-18T01:00:00Z,-0.117,1
2012-04-18T02:00:00Z,0.597,1
2012-04-18T03:00:00Z,1.101,1
2012-04-18T04:00:00Z,1.141,1
2012-04-18T05:00:00Z,1.133,1
2012-04-18T06:00:00Z,0.836,1
2012-04-18T07:00:00Z,0.458,1
2012-04-18T08:00:00Z,-0.213,1
2012-04-18T09:00:00Z,-0.93,1
2012-04-18T10:00:00Z,-1.124,1
2012-04-18T11:00:00Z,-1.325,1
2012-04-18T12:00:00Z,-1.106,1
2012-04-18T13:00:00Z,-0.695,1
2012-04-18T14:00:00Z,-0.111,1
2012-04-18T15:00:00Z,0.362,1
2012-04-18T16:00:00Z,0.7709,1
2012-04-18T17:00:00Z,0.8719,1
2012-04-18T18:00:00Z,0.6709,1
2012-04-18T19:00:00Z,0.2589,1
2012-04-18T20:00:00Z,-0.1371,1
2012-04-18T21:00:00Z,-0.7861,1
2012-04-18T22:00:00Z,-1.2711,1
2012-04-18T23:00:00Z,-1.3851,1
2012-04-19T00:00:00Z,-1.2021,1
2012-04-19T01:00:00Z,-0.7691,1
2012-04-19T02:00:00Z,-0.1281,1
2012-04-19T03:00:00Z,0.5349,1
2012-04-19T04:00:00Z,0.9449,1
2012-04-19T05:00:00Z,1.1289,1
2012-04-19T06:00:00Z,1.0999,1
2012-04-19T07:00:00Z,0.6299,1
2012-04-19T08:00:00Z,0.1509,1
2012-04-19T09:00:00Z,-0.5491,1
2012-04-19T10:00:00Z,-1.0361,1
2012-04-19T11:00:00Z,-1.3341,1
2012-04-19T12:00:00Z,-1.3131,1
2012-04-19T13:00:00Z,-1.0031,1
2012-04-19T14:00:00Z,-0.4151,1
2012-04-19T15:00:00Z,0.2189,1
2012-04-19T16:00:00Z,0.6879,1
2012-04-19T17:00:00Z,0.9918,1
2012-04-19T18:00:00Z,0.9898,1
2012-04-19T19:00:00Z,0.7038,1
2012-04-19T20:00:00Z,0.2298,1
2012-04-19T21:00:00Z,-0.4212,1
2012-04-19T22:00:00Z,-0.9632,1
2012-04-19T23:00:00Z,-1.2942,1
2012-04-20T00:00:00Z,-1.3192,1
2012-04-20T01:00:00Z,-1.0272,1
2012-04-20T02:00:00Z,-0.4192,1
2012-04-20T03:00:00Z,0.3198,1
2012-04-20T04:00:00Z,0.9338,1
2012-04-20T05:00:00Z,1.2748,1
2012-04-20T06:00:00Z,1.2858,1
2012-04-20T07:00:00Z,1.0858,1
2012-04-20T08:00:00Z,0.5308,1
2012-04-20T09:00:00Z,-0.1232,1
2012-04-20T10:00:00Z,-0.7622,1
2012-04-20T11:00:00Z,-1.1742,1
2012-04-20T12:00:00Z,-1.3362,1
2012-04-20T13:00:00Z,-1.1242,1
2012-04-20T14:00:00Z,-0.6632,1
2012-04-20T15:00:00Z,0.0958,1
2012-04-20T16:00:00Z,0.7488,1
2012-04-20T17:00:00Z,1.1238,1
2012-04-20T18:00:00Z,1.2648,1
2012-04-20T19:00:00Z,1.0977,1
2012-04-20T20:00:00Z,0.6227,1
2012-04-20T21:00:00Z,0.0857,1
2012-04-20T22:00:00Z,-0.5843,1
2012-04-20T23:00:00Z,-1.1173,1
2012-04-21T00:00:00Z,-1.3243,1
2012-04-21T01:00:00Z,-1.2273,1
2012-04-21T02:00:00Z,-0.7943,1
2012-04-21T03:00:00Z,-0.0693,1
2012-04-21T04:00:00Z,0.6377,1
2012-04-21T05:00:00Z,1.1177,1
2012-04-21T06:00:00Z,1.3827,1
2012-04-21T07:00:00Z,1.3007,1
2012-04-21T08:00:00Z,0.8317,1
2012-04-21T09:00:00Z,0.2017,1
2012-04-21T10:00:00Z,-0.4533,1
2012-04-21T11:00:00Z,-1.0623,1
2012-04-21T12:00:00Z,-1.3773,1
2012-04-21T13:00:00Z,-1.3383,1
2012-04-21T14:00:00Z,-0.9383,1
2012-04-21T15:00:00Z,-0.3023,1
2012-04-21T16:00:00Z,0.4237,1
2012-04-21T17:00:00Z,0.9667,1
2012-04-21T18:00:00Z,1.2737,1
2012-04-21T19:00:00Z,1.2647,1
2012-04-21T20:00:00Z,0.9337,1
2012-04-21T21:00:00Z,0.3846,1
2012-04-21T22:00:00Z,-0.2634,1
2012-04-21T23:00:00Z,-0.8664,1
2012-04-22T00:00:00Z,-1.2444,1
2012-04-22T01:00:00Z,-1.3254,1
2012-04-22T02:00:00Z,-1.0684,1
2012-04-22T03:00:00Z,-0.5244,1
2012-04-22T04:00:00Z,0.2306,1
2012-04-22T05:00:00Z,0.8516,1
2012-04-22T06:00:00Z,1.1926,1
2012-04-22T07:00:00Z,1.2846,1
2012-04-22T08:00:00Z,0.9786,1
2012-04-22T09:00:00Z,0.4436,1
2012-04-22T10:00:00Z,-0.2114,1
2012-04-22T11:00:00Z,-0.8804,1
2012-04-22T12:00:00Z,-1.3404,1
2012-04-22T13:00:00Z,-1.4574,1
2012-04-22T14:00:00Z,-1.2094,1
2012-04-22T15:00:00Z,-0.7014,1
2012-04-22T16:00:00Z,0.0096,1
2012-04-22T17:00:00Z,0.6976,1
2012-04-22T18:00:00Z,1.0736,1
2012-04-22T19:00:00Z,1.2186,1
2012-04-22T20:00:00Z,1.0736,1
2012-04-22T21:00:00Z,0.6336,1
2012-04-22T22:00:00Z,-0.0065,1
2012-04-22T23:00:00Z,-0.6325,1
2012-04-23T00:00:00Z,-1.1585,1
2012-04-23T01:00:00Z,-1.3835,1
2012-04-23T02:00:00Z,-1.2965,1
2012-04-23T03:00:00Z,-0.8705,1
2012-04-23T04:00:00Z,-0.1935,1
2012-04-23T05:00:00Z,0.5205,1
2012-04-23T06:00:00Z,1.0225,1
2012-04-23T07:00:00Z,1.2905,1
2012-04-23T08:00:00Z,1.1885,1
2012-04-23T09:00:00Z,0.8085,1
2012-04-23T10:00:00Z,0.2265,1
2012-04-23T11:00:00Z,-0.4235,1
2012-04-23T12:00:00Z,-1.0045,1
2012-04-23T13:00:00Z,-1.2845,1
2012-04-23T14:00:00Z,-1.2435,1
2012-04-23T15:00:00Z,-0.8435,1
2012-04-23T16:00:00Z,-0.2325,1
2012-04-23T17:00:00Z,0.4325,1
2012-04-23T18:00:00Z,0.9705,1
2012-04-23T19:00:00Z,1.2345,1
2012-04-23T20:00:00Z,1.2435,1
2012-04-23T21:00:00Z,0.8925,1
2012-04-23T22:00:00Z,0.3875,1
2012-04-23T23:00:00Z,-0.2105,1
2012-04-24T00:00:00Z,-0.8006,1
2012-04-24T01:00:00Z,-1.1966,1
2012-04-24T02:00:00Z,-1.2976,1
2012-04-24T03:00:00Z,-1.0806,1
2012-04-24T04:00:00Z,-0.5896,1
2012-04-24T05:00:00Z,0.0794,1
2012-04-24T06:00:00Z,0.6604,1
2012-04-24T07:00:00Z,0.9684,1
2012-04-24T08:00:00Z,1.0764,1
2012-04-24T09:00:00Z,0.8184,1
2012-04-24T10:00:00Z,0.3474,1
2012-04-24T11:00:00Z,-0.2346,1
2012-04-24T12:00:00Z,-0.8206,1
2012-04-24T13:00:00Z,-1.2276,1
2012-04-24T14:00:00Z,-1.3566,1
2012-04-24T15:00:00Z,-1.1506,1
2012-04-24T16:00:00Z,-0.6896,1
2012-04-24T17:00:00Z,-0.0266,1
2012-04-24T18:00:00Z,0.6184,1
2012-04-24T19:00:00Z,0.9414,1
2012-04-24T20:00:00Z,1.0694,1
2012-04-24T21:00:00Z,0.8964,1
2012-04-24T22:00:00Z,0.5304,1
2012-04-24T23:00:00Z,0.0694,1
2012-04-25T00:00:00Z,-0.4946,1
2012-04-25T01:00:00Z,-0.9206,1
2012-04-25T02:00:00Z,-1.1927,1
2012-04-25T03:00:00Z,-1.1907,1
2012-04-25T04:00:00Z,-0.8737,1
2012-04-25T05:00:00Z,-0.3317,1
2012-04-25T06:00:00Z,0.2993,1
2012-04-25T07:00:00Z,0.7613,1
2012-04-25T08:00:00Z,0.9833,1
2012-04-25T09:00:00Z,0.9523,1
2012-04-25T10:00:00Z,0.5973,1
2012-04-25T11:00:00Z,0.1453,1
2012-04-25T12:00:00Z,-0.4247,1
2012-04-25T13:00:00Z,-0.8817,1
2012-04-25T14:00:00Z,-1.1197,1
2012-04-25T15:00:00Z,-1.1217,1
2012-04-25T16:00:00Z,-0.8267,1
2012-04-25T17:00:00Z,-0.3097,1
2012-04-25T18:00:00Z,0.2373,1
2012-04-25T19:00:00Z,0.7103,1
2012-04-25T20:00:00Z,1.0463,1
2012-04-25T21:00:00Z,1.0343,1
2012-04-25T22:00:00Z,0.8013,1
2012-04-25T23:00:00Z,0.3303,1
2012-04-26T00:00:00Z,-0.0277,1
2012-04-26T01:00:00Z,-0.5167,1
2012-04-26T02:00:00Z,-0.9797,1
2012-04-26T03:00:00Z,-1.1448,1
2012-04-26T04:00:00Z,-1.0778,1
2012-04-26T05:00:00Z,-0.7818,1
2012-04-26T06:00:00Z,-0.1908,1
2012-04-26T07:00:00Z,0.3092,1
2012-04-26T08:00:00Z,0.6412,1
2012-04-26T09:00:00Z,0.8022,1
2012-04-26T10:00:00Z,0.6632,1
2012-04-26T11:00:00Z,0.2522,1
2012-04-26T12:00:00Z,-0.1468,1
2012-04-26T13:00:00Z,-0.5528,1
2012-04-26T14:00:00Z,-0.9128,1
2012-04-26T15:00:00Z,-1.1358,1
2012-04-26T16:00:00Z,-1.0908,1
2012-04-26T17:00:00Z,-0.7668,1
2012-04-26T18:00:00Z,-0.1928,1
2012-04-26T19:00:00Z,0.1862,1
2012-04-26T20:00:00Z,0.6472,1
2012-04-26T21:00:00Z,0.6452,1
2012-04-26T22:00:00Z,0.6822,1
2012-04-26T23:00:00Z,0.4692,1
2012-04-27T00:00:00Z,0.1012,1
2012-04-27T01:00:00Z,-0.3738,1
2012-04-27T02:00:00Z,-0.7988,1
2012-04-27T03:00:00Z,-1.0338,1
2012-04-27T04:00:00Z,-1.1248,1
2012-04-27T05:00:00Z,-0.9879,1
2012-04-27T06:00:00Z,-0.6379,1
2012-04-27T07:00:00Z,-0.1769,1
2012-04-27T08:00:00Z,0.1931,1
2012-04-27T09:00:00Z,0.4601,1
2012-04-27T10:00:00Z,0.5091,1
2012-04-27T11:00:00Z,0.3071,1
2012-04-27T12:00:00Z,0.0751,1
2012-04-27T13:00:00Z,-0.3569,1
2012-04-27T14:00:00Z,-0.7509,1
2012-04-27T15:00:00Z,-0.9969,1
2012-04-27T16:00:00Z,-1.0379,1
2012-04-27T17:00:00Z,-0.9259,1
2012-04-27T18:00:00Z,-0.5889,1
2012-04-27T19:00:00Z,-0.1889,1
2012-04-27T20:00:00Z,0.2131,1
2012-04-27T21:00:00Z,0.5161,1
2012-04-27T22:00:00Z,0.6081,1
2012-04-27T23:00:00Z,0.5271,1
2012-04-28T00:00:00Z,0.2991,1
2012-04-28T01:00:00Z,-0.0059,1
2012-04-28T02:00:00Z,-0.3489,1
2012-04-28T03:00:00Z,-0.6859,1
2012-04-28T04:00:00Z,-0.9309,1
2012-04-28T05:00:00Z,-1.0149,1
2012-04-28T06:00:00Z,-0.9049,1
2012-04-28T07:00:00Z,-0.574,1
2012-04-28T08:00:00Z,-0.219,1
2012-04-28T09:00:00Z,0.099,1
2012-04-28T10:00:00Z,0.267,1
2012-04-28T11:00:00Z,0.32,1
2012-04-28T12:00:00Z,0.195,1
2012-04-28T13:00:00Z,-0.098,1
2012-04-28T14:00:00Z,-0.411,1
2012-04-28T15:00:00Z,-0.72,1
2012-04-28T16:00:00Z,-0.897,1
2012-04-28T17:00:00Z,-0.926,1
2012-04-28T18:00:00Z,-0.778,1
2012-04-28T19:00:00Z,-0.532,1
2012-04-28T20:00:00Z,-0.15,1
2012-04-28T21:00:00Z,0.159,1
2012-04-28T22:00:00Z,0.427,1
2012-04-28T23:00:00Z,0.532,1
2012-04-29T00:00:00Z,0.5,1
2012-04-29T01:00:00Z,0.304,1
2012-04-29T02:00:00Z,0.077,1
2012-04-29T03:00:00Z,-0.245,1
2012-04-29T04:00:00Z,-0.552,1
2012-04-29T05:00:00Z,-0.76,1
2012-04-29T06:00:00Z,-0.873,1
2012-04-29T07:00:00Z,-0.78,1
2012-04-29T08:00:00Z,-0.507,1
2012-04-29T09:00:00Z,-0.2011,1
2012-04-29T10:00:00Z,0.0479,1
2012-04-29T11:00:00Z,0.2569,1
2012-04-29T12:00:00Z,0.3289,1
2012-04-29T13:00:00Z,0.2699,1
2012-04-29T14:00:00Z,0.0499,1
2012-04-29T15:00:00Z,-0.2041,1
2012-04-29T16:00:00Z,-0.5161,1
2012-04-29T17:00:00Z,-0.7341,1
2012-04-29T18:00:00Z,-0.7741,1
2012-04-29T19:00:00Z,-0.6641,1
2012-04-29T20:00:00Z,-0.4091,1
2012-04-29T21:00:00Z,-0.0761,1
2012-04-29T22:00:00Z,0.1749,1
2012-04-29T23:00:00Z,0.3569,1
2012-04-30T00:00:00Z,0.4569,1
2012-04-30T01:00:00Z,0.4589,1
2012-04-30T02:00:00Z,0.3399,1
2012-04-30T03:00:00Z,0.1299,1
2012-04-30T04:00:00Z,-0.2371,1
2012-04-30T05:00:00Z,-0.5271,1
2012-04-30T06:00:00Z,-0.8241,1
2012-04-30T07:00:00Z,-0.9951,1
2012-04-30T08:00:00Z,-1.0051,1
2012-04-30T09:00:00Z,-0.8601,1
2012-04-30T10:00:00Z,-0.5652,1
2012-04-30T11:00:00Z,-0.2762,1
2012-04-30T12:00:00Z,0.0058,1
2012-04-30T13:00:00Z,0.1558,1
2012-04-30T14:00:00Z,0.1388,1
2012-04-30T15:00:00Z,-0.0272,1
2012-04-30T16:00:00Z,-0.3162,1
2012-04-30T17:00:00Z,-0.6632,1
2012-04-30T18:00:00Z,-0.9732,1
2012-04-30T19:00:00Z,-1.0902,1
2012-04-30T20:00:00Z,-1.0242,1
2012-04-30T21:00:00Z,-0.8352,1
2012-04-30T22:00:00Z,-0.5012,1
2012-04-30T23:00:00Z,-0.1682,1
2012-05-01T00:00:00Z,0.1618,1
2012-05-01T01:00:00Z,0.3708,1
2012-05-01T02:00:00Z,0.4458,1
2012-05-01T03:00:00Z,0.3338,1
2012-05-01T04:00:00Z,0.1048,1
2012-05-01T05:00:00Z,-0.2452,1
2012-05-01T06:00:00Z,-0.6182,1
2012-05-01T07:00:00Z,-0.9272,1
2012-05-01T08:00:00Z,-1.1122,1
2012-05-01T09:00:00Z,-1.1342,1
2012-05-01T10:00:00Z,-0.9092,1
2012-05-01T11:00:00Z,-0.5232,1
2012-05-01T12:00:00Z,-0.1033,1
2012-05-01T13:00:00Z,0.2787,1
2012-05-01T14:00:00Z,0.5267,1
2012-05-01T15:00:00Z,0.5117,1
2012-05-01T16:00:00Z,0.2957,1
2012-05-01T17:00:00Z,-0.0933,1
2012-05-01T18:00:00Z,-0.4793,1
2012-05-01T19:00:00Z,-0.8233,1
2012-05-01T20:00:00Z,-1.0043,1
2012-05-01T21:00:00Z,-0.9753,1
2012-05-01T22:00:00Z,-0.7793,1
2012-05-01T23:00:00Z,-0.3993,1
2012-05-02T00:00:00Z,0.0207,1
2012-05-02T01:00:00Z,0.4777,1
2012-05-02T02:00:00Z,0.7017,1
2012-05-02T03:00:00Z,0.7557,1
2012-05-02T04:00:00Z,0.5807,1
2012-05-02T05:00:00Z,0.2697,1
2012-05-02T06:00:00Z,-0.1583,1
2012-05-02T07:00:00Z,-0.6423,1
2012-05-02T08:00:00Z,-1.0363,1
2012-05-02T09:00:00Z,-1.2493,1
2012-05-02T10:00:00Z,-1.2523,1
2012-05-02T11:00:00Z,-0.9413,1
2012-05-02T12:00:00Z,-0.4363,1
2012-05-02T13:00:00Z,0.1187,1
2012-05-02T14:00:00Z,0.5786,1
2012-05-02T15:00:00Z,0.7956,1
2012-05-02T16:00:00Z,0.7466,1
2012-05-02T17:00:00Z,0.4076,1
2012-05-02T18:00:00Z,-0.0394,1
2012-05-02T19:00:00Z,-0.5294,1
2012-05-02T20:00:00Z,-0.9444,1
2012-05-02T21:00:00Z,-1.1494,1
2012-05-02T22:00:00Z,-1.0934,1
2012-05-02T23:00:00Z,-0.7794,1
2012-05-03T00:00:00Z,-0.2824,1
2012-05-03T01:00:00Z,0.2896,1
2012-05-03T02:00:00Z,0.7496,1
2012-05-03T03:00:00Z,0.9936,1
2012-05-03T04:00:00Z,1.0396,1
2012-05-03T05:00:00Z,0.7936,1
2012-05-03T06:00:00Z,0.3666,1
2012-05-03T07:00:00Z,-0.2244,1
2012-05-03T08:00:00Z,-0.8104,1
2012-05-03T09:00:00Z,-1.3124,1
2012-05-03T10:00:00Z,-1.5144,1
2012-05-03T11:00:00Z,-1.4074,1
2012-05-03T12:00:00Z,-0.9544,1
2012-05-03T13:00:00Z,-0.2964,1
2012-05-03T14:00:00Z,0.3646,1
2012-05-03T15:00:00Z,0.8335,1
2012-05-03T16:00:00Z,1.0875,1
2012-05-03T17:00:00Z,0.9285,1
2012-05-03T18:00:00Z,0.5235,1
2012-05-03T19:00:00Z,-0.1155,1
2012-05-03T20:00:00Z,-0.7465,1
2012-05-03T21:00:00Z,-1.1835,1
2012-05-03T22:00:00Z,-1.3935,1
2012-05-03T23:00:00Z,-1.2475,1
2012-05-04T00:00:00Z,-0.8465,1
2012-05-04T01:00:00Z,-0.2125,1
2012-05-04T02:00:00Z,0.5135,1
2012-05-04T03:00:00Z,1.0295,1
2012-05-04T04:00:00Z,1.2985,1
2012-05-04T05:00:00Z,1.2655,1
2012-05-04T06:00:00Z,0.8795,1
2012-05-04T07:00:00Z,0.3165,1
2012-05-04T08:00:00Z,-0.5045,1
2012-05-04T09:00:00Z,-1.1645,1
2012-05-04T10:00:00Z,-1.6995,1
2012-05-04T11:00:00Z,-1.8405,1
2012-05-04T12:00:00Z,-1.5785,1
2012-05-04T13:00:00Z,-0.9875,1
2012-05-04T14:00:00Z,-0.2455,1
2012-05-04T15:00:00Z,0.6365,1
2012-05-04T16:00:00Z,1.1105,1
2012-05-04T17:00:00Z,1.2384,1
2012-05-04T18:00:00Z,0.9654,1
2012-05-04T19:00:00Z,0.3764,1
2012-05-04T20:00:00Z,-0.4246,1
2012-05-04T21:00:00Z,-1.1846,1
2012-05-04T22:00:00Z,-1.6546,1
2012-05-04T23:00:00Z,-1.8406,1
2012-05-05T00:00:00Z,-1.5446,1
2012-05-05T01:00:00Z,-0.9726,1
2012-05-05T02:00:00Z,-0.1226,1
2012-05-05T03:00:00Z,0.6184,1
2012-05-05T04:00:00Z,1.1804,1
2012-05-05T05:00:00Z,1.4264,1
2012-05-05T06:00:00Z,1.3154,1
2012-05-05T07:00:00Z,0.8274,1
2012-05-05T08:00:00Z,0.0844,1
2012-05-05T09:00:00Z,-0.7896,1
2012-05-05T10:00:00Z,-1.4926,1
2012-05-05T11:00:00Z,-1.9676,1
2012-05-05T12:00:00Z,-1.9976,1
2012-05-05T13:00:00Z,-1.5346,1
2012-05-05T14:00:00Z,-0.6836,1
2012-05-05T15:00:00Z,0.2664,1
2012-05-05T16:00:00Z,1.0334,1
2012-05-05T17:00:00Z,1.4354,1
2012-05-05T18:00:00Z,1.5264,1
2012-05-05T19:00:00Z,1.0503,1
2012-05-05T20:00:00Z,0.3383,1
2012-05-05T21:00:00Z,-0.5357,1
2012-05-05T22:00:00Z,-1.2997,1
2012-05-05T23:00:00Z,-1.7457,1
2012-05-06T00:00:00Z,-1.8137,1
2012-05-06T01:00:00Z,-1.4507,1
2012-05-06T02:00:00Z,-0.6797,1
2012-05-06T03:00:00Z,0.2543,1
2012-05-06T04:00:00Z,1.0273,1
2012-05-06T05:00:00Z,1.4883,1
2012-05-06T06:00:00Z,1.6963,1
2012-05-06T07:00:00Z,1.4133,1
2012-05-06T08:00:00Z,0.8343,1
2012-05-06T09:00:00Z,-0.0067,1
2012-05-06T10:00:00Z,-0.8967,1
2012-05-06T11:00:00Z,-1.6087,1
2012-05-06T12:00:00Z,-1.9747,1
2012-05-06T13:00:00Z,-1.8277,1
2012-05-06T14:00:00Z,-1.2267,1
2012-05-06T15:00:00Z,-0.2427,1
2012-05-06T16:00:00Z,0.7093,1
2012-05-06T17:00:00Z,1.3503,1
2012-05-06T18:00:00Z,1.7533,1
2012-05-06T19:00:00Z,1.6673,1
2012-05-06T20:00:00Z,1.1062,1
2012-05-06T21:00:00Z,0.1922,1
2012-05-06T22:00:00Z,-0.7448,1
2012-05-06T23:00:00Z,-1.5078,1
2012-05-07T00:00:00Z,-1.8918,1
2012-05-07T01:00:00Z,-1.8588,1
2012-05-07T02:00:00Z,-1.3258,1
2012-05-07T03:00:00Z,-0.4988,1
2012-05-07T04:00:00Z,0.4692,1
2012-05-07T05:00:00Z,1.1832,1
2012-05-07T06:00:00Z,1.6212,1
2012-05-07T07:00:00Z,1.7122,1
2012-05-07T08:00:00Z,1.3222,1
2012-05-07T09:00:00Z,0.6692,1
2012-05-07T10:00:00Z,-0.1788,1
2012-05-07T11:00:00Z,-1.0448,1
2012-05-07T12:00:00Z,-1.7208,1
2012-05-07T13:00:00Z,-1.9698,1
2012-05-07T14:00:00Z,-1.7138,1
2012-05-07T15:00:00Z,-0.9448,1
2012-05-07T16:00:00Z,0.0992,1
2012-05-07T17:00:00Z,1.0192,1
2012-05-07T18:00:00Z,1.6082,1
2012-05-07T19:00:00Z,1.8742,1
2012-05-07T20:00:00Z,1.6342,1
2012-05-07T21:00:00Z,1.0302,1
2012-05-07T22:00:00Z,0.1771,1
2012-05-07T23:00:00Z,-0.7429,1
2012-05-08T00:00:00Z,-1.4659,1
2012-05-08T01:00:00Z,-1.8149,1
2012-05-08T02:00:00Z,-1.7179,1
2012-05-08T03:00:00Z,-1.1589,1
2012-05-08T04:00:00Z,-0.3079,1
2012-05-08T05:00:00Z,0.6141,1
2012-05-08T06:00:00Z,1.2381,1
2012-05-08T07:00:00Z,1.5701,1
2012-05-08T08:00:00Z,1.5921,1
2012-05-08T09:00:00Z,1.1461,1
2012-05-08T10:00:00Z,0.4671,1
2012-05-08T11:00:00Z,-0.4269,1
2012-05-08T12:00:00Z,-1.2189,1
2012-05-08T13:00:00Z,-1.7269,1
2012-05-08T14:00:00Z,-1.8489,1
2012-05-08T15:00:00Z,-1.4829,1
2012-05-08T16:00:00Z,-0.7089,1
2012-05-08T17:00:00Z,0.2741,1
2012-05-08T18:00:00Z,1.0661,1
2012-05-08T19:00:00Z,1.5461,1
2012-05-08T20:00:00Z,1.7231,1
2012-05-08T21:00:00Z,1.3951,1
2012-05-08T22:00:00Z,0.7971,1
2012-05-08T23:00:00Z,-0.0369,1
2012-05-09T00:00:00Z,-0.861,1
2012-05-09T01:00:00Z,-1.509,1
2012-05-09T02:00:00Z,-1.785,1
2012-05-09T03:00:00Z,-1.602,1
2012-05-09T04:00:00Z,-1.077,1
2012-05-09T05:00:00Z,-0.249,1
2012-05-09T06:00:00Z,0.565,1
2012-05-09T07:00:00Z,1.09,1
2012-05-09T08:00:00Z,1.357,1
2012-05-09T09:00:00Z,1.334,1
2012-05-09T10:00:00Z,0.905,1
2012-05-09T11:00:00Z,0.244,1
2012-05-09T12:00:00Z,-0.533,1
2012-05-09T13:00:00Z,-1.192,1
2012-05-09T14:00:00Z,-1.541,1
2012-05-09T15:00:00Z,-1.575,1
2012-05-09T16:00:00Z,-1.179,1
2012-05-09T17:00:00Z,-0.426,1
2012-05-09T18:00:00Z,0.431,1
2012-05-09T19:00:00Z,1.094,1
2012-05-09T20:00:00Z,1.464,1
2012-05-09T21:00:00Z,1.597,1
2012-05-09T22:00:00Z,1.229,1
2012-05-09T23:00:00Z,0.654,1
2012-05-10T00:00:00Z,-0.044,1
2012-05-10T01:00:00Z,-0.7961,1
2012-05-10T02:00:00Z,-1.3241,1
2012-05-10T03:00:00Z,-1.5531,1
2012-05-10T04:00:00Z,-1.3831,1
2012-05-10T05:00:00Z,-0.9091,1
2012-05-10T06:00:00Z,-0.2181,1
2012-05-10T07:00:00Z,0.4749,1
2012-05-10T08:00:00Z,0.9119,1
2012-05-10T09:00:00Z,1.1239,1
2012-05-10T10:00:00Z,1.0339,1
2012-05-10T11:00:00Z,0.6899,1
2012-05-10T12:00:00Z,0.1119,1
2012-05-10T13:00:00Z,-0.5361,1
2012-05-10T14:00:00Z,-1.1011,1
2012-05-10T15:00:00Z,-1.3551,1
2012-05-10T16:00:00Z,-1.3221,1
2012-05-10T17:00:00Z,-0.9391,1
2012-05-10T18:00:00Z,-0.3561,1
2012-05-10T19:00:00Z,0.3889,1
2012-05-10T20:00:00Z,0.9409,1
2012-05-10T21:00:00Z,1.2979,1
2012-05-10T22:00:00Z,1.3359,1
2012-05-10T23:00:00Z,1.0409,1
2012-05-11T00:00:00Z,0.5389,1
2012-05-11T01:00:00Z,-0.0961,1
2012-05-11T02:00:00Z,-0.7501,1
2012-05-11T03:00:00Z,-1.2152,1
2012-05-11T04:00:00Z,-1.4002,1
2012-05-11T05:00:00Z,-1.3162,1
2012-05-11T06:00:00Z,-0.9122,1
2012-05-11T07:00:00Z,-0.3332,1
2012-05-11T08:00:00Z,0.2028,1
2012-05-11T09:00:00Z,0.4958,1
2012-05-11T10:00:00Z,0.6758,1
2012-05-11T11:00:00Z,0.5618,1
2012-05-11T12:00:00Z,0.2878,1
2012-05-11T13:00:00Z,-0.2192,1
2012-05-11T14:00:00Z,-0.6992,1
2012-05-11T15:00:00Z,-1.1262,1
2012-05-11T16:00:00Z,-1.3112,1
2012-05-11T17:00:00Z,-1.2652,1
2012-05-11T18:00:00Z,-0.9762,1
2012-05-11T19:00:00Z,-0.4482,1
2012-05-11T20:00:00Z,0.1438,1
2012-05-11T21:00:00Z,0.5418,1
2012-05-11T22:00:00Z,0.8558,1
2012-05-11T23:00:00Z,0.9118,1
2012-05-12T00:00:00Z,0.7028,1
2012-05-12T01:00:00Z,0.3578,1
2012-05-12T02:00:00Z,-0.1652,1
2012-05-12T03:00:00Z,-0.7062,1
2012-05-12T04:00:00Z,-1.0772,1
2012-05-12T05:00:00Z,-1.2893,1
2012-05-12T06:00:00Z,-1.2273,1
2012-05-12T07:00:00Z,-0.9063,1
2012-05-12T08:00:00Z,-0.4573,1
2012-05-12T09:00:00Z,-0.0413,1
2012-05-12T10:00:00Z,0.2387,1
2012-05-12T11:00:00Z,0.3867,1
2012-05-12T12:00:00Z,0.3567,1
2012-05-12T13:00:00Z,0.1367,1
2012-05-12T14:00:00Z,-0.2123,1
2012-05-12T15:00:00Z,-0.5953,1
2012-05-12T16:00:00Z,-0.9333,1
2012-05-12T17:00:00Z,-1.0753,1
2012-05-12T18:00:00Z,-1.0183,1
2012-05-12T19:00:00Z,-0.8023,1
2012-05-12T20:00:00Z,-0.4113,1
2012-05-12T21:00:00Z,0.0917,1
2012-05-12T22:00:00Z,0.5057,1
2012-05-12T23:00:00Z,0.7707,1
2012-05-13T00:00:00Z,0.8627,1
2012-05-13T01:00:00Z,0.7587,1
2012-05-13T02:00:00Z,0.4767,1
2012-05-13T03:00:00Z,0.0997,1
2012-05-13T04:00:00Z,-0.3623,1
2012-05-13T05:00:00Z,-0.6713,1
2012-05-13T06:00:00Z,-0.8514,1
2012-05-13T07:00:00Z,-0.7904,1
2012-05-13T08:00:00Z,-0.5624,1
2012-05-13T09:00:00Z,-0.1714,1
2012-05-13T10:00:00Z,0.2006,1
2012-05-13T11:00:00Z,0.4636,1
2012-05-13T12:00:00Z,0.6836,1
2012-05-13T13:00:00Z,0.6726,1
2012-05-13T14:00:00Z,0.6216,1
2012-05-13T15:00:00Z,0.2646,1
2012-05-13T16:00:00Z,0.0556,1
2012-05-13T17:00:00Z,-0.1494,1
2012-05-13T18:00:00Z,-0.3034,1
2012-05-13T19:00:00Z,-0.3084,1
2012-05-13T20:00:00Z,-0.2234,1
2012-05-13T21:00:00Z,0.0276,1
2012-05-13T22:00:00Z,0.6276,1
2012-05-13T23:00:00Z,0.9186,1
2012-05-14T00:00:00Z,0.9046,1
2012-05-14T01:00:00Z,1.2596,1
2012-05-14T02:00:00Z,1.0716,1
2012-05-14T03:00:00Z,0.8296,1
2012-05-14T04:00:00Z,0.2646,1
2012-05-14T05:00:00Z,0.0146,1
2012-05-14T06:00:00Z,-0.4754,1
2012-05-14T07:00:00Z,-0.7664,1
2012-05-14T08:00:00Z,-0.6835,1
2012-05-14T09:00:00Z,-0.4525,1
2012-05-14T10:00:00Z,-0.2535,1
2012-05-14T11:00:00Z,0.0405,1
2012-05-14T12:00:00Z,0.2215,1
2012-05-14T13:00:00Z,0.4695,1
2012-05-14T14:00:00Z,0.6025,1
2012-05-14T15:00:00Z,0.4385,1
2012-05-14T16:00:00Z,0.2715,1
2012-05-14T17:00:00Z,-0.1735,1
2012-05-14T18:00:00Z,-0.3915,1
2012-05-14T19:00:00Z,-0.7245,1
2012-05-14T20:00:00Z,-0.7625,1
2012-05-14T21:00:00Z,-0.5945,1
2012-05-14T22:00:00Z,-0.2925,1
2012-05-14T23:00:00Z,0.1545,1
2012-05-15T00:00:00Z,0.3365,1
2012-05-15T01:00:00Z,0.7935,1
2012-05-15T02:00:00Z,0.7025,1
2012-05-15T03:00:00Z,0.8345,1
2012-05-15T04:00:00Z,0.5695,1
2012-05-15T05:00:00Z,0.1035,1
2012-05-15T06:00:00Z,-0.2785,1
2012-05-15T07:00:00Z,-0.7335,1
2012-05-15T08:00:00Z,-0.8895,1
2012-05-15T09:00:00Z,-0.9675,1
2012-05-15T10:00:00Z,-0.8086,1
2012-05-15T11:00:00Z,-0.6226,1
2012-05-15T12:00:00Z,-0.3386,1
2012-05-15T13:00:00Z,0.0584,1
2012-05-15T14:00:00Z,0.3904,1
2012-05-15T15:00:00Z,0.3254,1
2012-05-15T16:00:00Z,0.3524,1
2012-05-15T17:00:00Z,0.0584,1
2012-05-15T18:00:00Z,-0.2676,1
2012-05-15T19:00:00Z,-0.7396,1
2012-05-15T20:00:00Z,-0.9996,1
2012-05-15T21:00:00Z,-1.1026,1
2012-05-15T22:00:00Z,-0.9526,1
2012-05-15T23:00:00Z,-0.6356,1
2012-05-16T00:00:00Z,-0.1586,1
2012-05-16T01:00:00Z,0.2844,1
2012-05-16T02:00:00Z,0.6084,1
2012-05-16T03:00:00Z,0.7624,1
2012-05-16T04:00:00Z,0.7014,1
2012-05-16T05:00:00Z,0.4084,1
2012-05-16T06:00:00Z,0.0164,1
2012-05-16T07:00:00Z,-0.4576,1
2012-05-16T08:00:00Z,-0.8026,1
2012-05-16T09:00:00Z,-0.9876,1
2012-05-16T10:00:00Z,-1.0196,1
2012-05-16T11:00:00Z,-0.8217,1
2012-05-16T12:00:00Z,-0.5037,1
2012-05-16T13:00:00Z,-0.0917,1
2012-05-16T14:00:00Z,0.3103,1
2012-05-16T15:00:00Z,0.5443,1
2012-05-16T16:00:00Z,0.6923,1
2012-05-16T17:00:00Z,0.4283,1
2012-05-16T18:00:00Z,0.1973,1
2012-05-16T19:00:00Z,-0.1907,1
2012-05-16T20:00:00Z,-0.6547,1
2012-05-16T21:00:00Z,-0.8997,1
2012-05-16T22:00:00Z,-0.9867,1
2012-05-16T23:00:00Z,-0.7937,1
2012-05-17T00:00:00Z,-0.3967,1
2012-05-17T01:00:00Z,0.0993,1
2012-05-17T02:00:00Z,0.5793,1
2012-05-17T03:00:00Z,0.8623,1
2012-05-17T04:00:00Z,0.9893,1
2012-05-17T05:00:00Z,0.8283,1
2012-05-17T06:00:00Z,0.4613,1
2012-05-17T07:00:00Z,0.0543,1
2012-05-17T08:00:00Z,-0.3937,1
2012-05-17T09:00:00Z,-0.7717,1
2012-05-17T10:00:00Z,-0.9787,1
2012-05-17T11:00:00Z,-0.9137,1
2012-05-17T12:00:00Z,-0.6617,1
2012-05-17T13:00:00Z,-0.2508,1
2012-05-17T14:00:00Z,0.2562,1
2012-05-17T15:00:00Z,0.6232,1
2012-05-17T16:00:00Z,0.8602,1
2012-05-17T17:00:00Z,0.8592,1
2012-05-17T18:00:00Z,0.6662,1
2012-05-17T19:00:00Z,0.2382,1
2012-05-17T20:00:00Z,-0.2648,1
2012-05-17T21:00:00Z,-0.7308,1
2012-05-17T22:00:00Z,-1.0048,1
2012-05-17T23:00:00Z,-1.0198,1
2012-05-18T00:00:00Z,-0.7538,1
2012-05-18T01:00:00Z,-0.2008,1
2012-05-18T02:00:00Z,0.3312,1
2012-05-18T03:00:00Z,0.7662,1
2012-05-18T04:00:00Z,0.9952,1
2012-05-18T05:00:00Z,1.0912,1
2012-05-18T06:00:00Z,0.8342,1
2012-05-18T07:00:00Z,0.4352,1
2012-05-18T08:00:00Z,-0.0968,1
2012-05-18T09:00:00Z,-0.5668,1
2012-05-18T10:00:00Z,-0.9468,1
2012-05-18T11:00:00Z,-1.0558,1
2012-05-18T12:00:00Z,-0.9278,1
2012-05-18T13:00:00Z,-0.5278,1
2012-05-18T14:00:00Z,-0.0358,1
2012-05-18T15:00:00Z,0.4961,1
2012-05-18T16:00:00Z,0.8671,1
2012-05-18T17:00:00Z,0.9891,1
2012-05-18T18:00:00Z,0.8831,1
2012-05-18T19:00:00Z,0.4861,1
2012-05-18T20:00:00Z,-9.00E-04,1
2012-05-18T21:00:00Z,-0.5759,1
2012-05-18T22:00:00Z,-1.0089,1
2012-05-18T23:00:00Z,-1.1849,1
2012-05-19T00:00:00Z,-1.0729,1
2012-05-19T01:00:00Z,-0.7089,1
2012-05-19T02:00:00Z,-0.1499,1
2012-05-19T03:00:00Z,0.4201,1
2012-05-19T04:00:00Z,0.8091,1
2012-05-19T05:00:00Z,0.9801,1
2012-05-19T06:00:00Z,0.9231,1
2012-05-19T07:00:00Z,0.6031,1
2012-05-19T08:00:00Z,0.0931,1
2012-05-19T09:00:00Z,-0.5079,1
2012-05-19T10:00:00Z,-0.9969,1
2012-05-19T11:00:00Z,-1.2809,1
2012-05-19T12:00:00Z,-1.2899,1
2012-05-19T13:00:00Z,-0.9939,1
2012-05-19T14:00:00Z,-0.4509,1
2012-05-19T15:00:00Z,0.1811,1
2012-05-19T16:00:00Z,0.645,1
2012-05-19T17:00:00Z,0.95,1
2012-05-19T18:00:00Z,1.009,1
2012-05-19T19:00:00Z,0.744,1
2012-05-19T20:00:00Z,0.326,1
2012-05-19T21:00:00Z,-0.267,1
2012-05-19T22:00:00Z,-0.804,1
2012-05-19T23:00:00Z,-1.192,1
2012-05-20T00:00:00Z,-1.274,1
2012-05-20T01:00:00Z,-1.06,1
2012-05-20T02:00:00Z,-0.541,1
2012-05-20T03:00:00Z,0.125,1
2012-05-20T04:00:00Z,0.676,1
2012-05-20T05:00:00Z,1.01,1
2012-05-20T06:00:00Z,1.105,1
2012-05-20T07:00:00Z,0.879,1
2012-05-20T08:00:00Z,0.435,1
2012-05-20T09:00:00Z,-0.14,1
2012-05-20T10:00:00Z,-0.709,1
2012-05-20T11:00:00Z,-1.111,1
2012-05-20T12:00:00Z,-1.278,1
2012-05-20T13:00:00Z,-1.105,1
2012-05-20T14:00:00Z,-0.674,1
2012-05-20T15:00:00Z,-0.034,1
2012-05-20T16:00:00Z,0.585,1
2012-05-20T17:00:00Z,1.021,1
2012-05-20T18:00:00Z,1.2169,1
2012-05-20T19:00:00Z,1.0959,1
2012-05-20T20:00:00Z,0.7439,1
2012-05-20T21:00:00Z,0.1619,1
2012-05-20T22:00:00Z,-0.3971,1
2012-05-20T23:00:00Z,-0.8881,1
2012-05-21T00:00:00Z,-1.1751,1
2012-05-21T01:00:00Z,-1.1311,1
2012-05-21T02:00:00Z,-0.8071,1
2012-05-21T03:00:00Z,-0.2011,1
2012-05-21T04:00:00Z,0.4589,1
2012-05-21T05:00:00Z,0.9129,1
2012-05-21T06:00:00Z,1.1609,1
2012-05-21T07:00:00Z,1.1439,1
2012-05-21T08:00:00Z,0.7819,1
2012-05-21T09:00:00Z,0.2119,1
2012-05-21T10:00:00Z,-0.3771,1
2012-05-21T11:00:00Z,-0.9561,1
2012-05-21T12:00:00Z,-1.2751,1
2012-05-21T13:00:00Z,-1.2501,1
2012-05-21T14:00:00Z,-0.9501,1
2012-05-21T15:00:00Z,-0.3801,1
2012-05-21T16:00:00Z,0.2979,1
2012-05-21T17:00:00Z,0.8309,1
2012-05-21T18:00:00Z,1.1589,1
2012-05-21T19:00:00Z,1.2069,1
2012-05-21T20:00:00Z,0.8968,1
2012-05-21T21:00:00Z,0.4348,1
2012-05-21T22:00:00Z,-0.1422,1
2012-05-21T23:00:00Z,-0.6922,1
2012-05-22T00:00:00Z,-1.1222,1
2012-05-22T01:00:00Z,-1.3102,1
2012-05-22T02:00:00Z,-1.1332,1
2012-05-22T03:00:00Z,-0.6582,1
2012-05-22T04:00:00Z,0.0068,1
2012-05-22T05:00:00Z,0.6348,1
2012-05-22T06:00:00Z,1.0038,1
2012-05-22T07:00:00Z,1.1128,1
2012-05-22T08:00:00Z,0.9308,1
2012-05-22T09:00:00Z,0.4728,1
2012-05-22T10:00:00Z,-0.1272,1
2012-05-22T11:00:00Z,-0.7182,1
2012-05-22T12:00:00Z,-1.1922,1
2012-05-22T13:00:00Z,-1.3642,1
2012-05-22T14:00:00Z,-1.1712,1
2012-05-22T15:00:00Z,-0.7222,1
2012-05-22T16:00:00Z,-0.0792,1
2012-05-22T17:00:00Z,0.5738,1
2012-05-22T18:00:00Z,1.0068,1
2012-05-22T19:00:00Z,1.1868,1
2012-05-22T20:00:00Z,1.0888,1
2012-05-22T21:00:00Z,0.7207,1
2012-05-22T22:00:00Z,0.1837,1
2012-05-22T23:00:00Z,-0.3803,1
2012-05-23T00:00:00Z,-0.9033,1
2012-05-23T01:00:00Z,-1.2133,1
2012-05-23T02:00:00Z,-1.2603,1
2012-05-23T03:00:00Z,-0.9743,1
2012-05-23T04:00:00Z,-0.4223,1
2012-05-23T05:00:00Z,0.2487,1
2012-05-23T06:00:00Z,0.7447,1
2012-05-23T07:00:00Z,1.0027,1
2012-05-23T08:00:00Z,1.0047,1
2012-05-23T09:00:00Z,0.6897,1
2012-05-23T10:00:00Z,0.1547,1
2012-05-23T11:00:00Z,-0.4093,1
2012-05-23T12:00:00Z,-1.0123,1
2012-05-23T13:00:00Z,-1.3423,1
2012-05-23T14:00:00Z,-1.3223,1
2012-05-23T15:00:00Z,-0.9843,1
2012-05-23T16:00:00Z,-0.4503,1
2012-05-23T17:00:00Z,0.2437,1
2012-05-23T18:00:00Z,0.8067,1
2012-05-23T19:00:00Z,1.1017,1
2012-05-23T20:00:00Z,1.1837,1
2012-05-23T21:00:00Z,0.9297,1
2012-05-23T22:00:00Z,0.5787,1
2012-05-23T23:00:00Z,0.0166,1
2012-05-24T00:00:00Z,-0.5294,1
2012-05-24T01:00:00Z,-0.9664,1
2012-05-24T02:00:00Z,-1.1844,1
2012-05-24T03:00:00Z,-1.1054,1
2012-05-24T04:00:00Z,-0.7344,1
2012-05-24T05:00:00Z,-0.1394,1
2012-05-24T06:00:00Z,0.4336,1
2012-05-24T07:00:00Z,0.8166,1
2012-05-24T08:00:00Z,0.9836,1
2012-05-24T09:00:00Z,0.8306,1
2012-05-24T10:00:00Z,0.4436,1
2012-05-24T11:00:00Z,-0.1374,1
2012-05-24T12:00:00Z,-0.7184,1
2012-05-24T13:00:00Z,-1.1744,1
2012-05-24T14:00:00Z,-1.3644,1
2012-05-24T15:00:00Z,-1.2194,1
2012-05-24T16:00:00Z,-0.8314,1
2012-05-24T17:00:00Z,-0.2204,1
2012-05-24T18:00:00Z,0.4106,1
2012-05-24T19:00:00Z,0.8226,1
2012-05-24T20:00:00Z,1.0336,1
2012-05-24T21:00:00Z,1.0046,1
2012-05-24T22:00:00Z,0.7086,1
2012-05-24T23:00:00Z,0.2616,1
2012-05-25T00:00:00Z,-0.2514,1
2012-05-25T01:00:00Z,-0.7395,1
2012-05-25T02:00:00Z,-1.0865,1
2012-05-25T03:00:00Z,-1.1715,1
2012-05-25T04:00:00Z,-0.9885,1
2012-05-25T05:00:00Z,-0.5745,1
2012-05-25T06:00:00Z,0.0115,1
2012-05-25T07:00:00Z,0.4575,1
2012-05-25T08:00:00Z,0.7565,1
2012-05-25T09:00:00Z,0.8115,1
2012-05-25T10:00:00Z,0.5975,1
2012-05-25T11:00:00Z,0.1695,1
2012-05-25T12:00:00Z,-0.3475,1
2012-05-25T13:00:00Z,-0.8645,1
2012-05-25T14:00:00Z,-1.2085,1
2012-05-25T15:00:00Z,-1.2715,1
2012-05-25T16:00:00Z,-1.0245,1
2012-05-25T17:00:00Z,-0.6015,1
2012-05-25T18:00:00Z,0.0055,1
2012-05-25T19:00:00Z,0.5525,1
2012-05-25T20:00:00Z,0.8645,1
2012-05-25T21:00:00Z,0.9845,1
2012-05-25T22:00:00Z,0.8765,1
2012-05-25T23:00:00Z,0.5815,1
2012-05-26T00:00:00Z,0.1135,1
2012-05-26T01:00:00Z,-0.3585,1
2012-05-26T02:00:00Z,-0.8145,1
2012-05-26T03:00:00Z,-1.1106,1
2012-05-26T04:00:00Z,-1.1616,1
2012-05-26T05:00:00Z,-0.9466,1
2012-05-26T06:00:00Z,-0.4896,1
2012-05-26T07:00:00Z,0.0514,1
2012-05-26T08:00:00Z,0.4334,1
2012-05-26T09:00:00Z,0.6514,1
2012-05-26T10:00:00Z,0.6434,1
2012-05-26T11:00:00Z,0.4044,1
2012-05-26T12:00:00Z,0.0074,1
2012-05-26T13:00:00Z,-0.4716,1
2012-05-26T14:00:00Z,-0.9056,1
2012-05-26T15:00:00Z,-1.1156,1
2012-05-26T16:00:00Z,-1.0916,1
2012-05-26T17:00:00Z,-0.8246,1
2012-05-26T18:00:00Z,-0.3276,1
2012-05-26T19:00:00Z,0.1994,1
2012-05-26T20:00:00Z,0.6094,1
2012-05-26T21:00:00Z,0.8994,1
2012-05-26T22:00:00Z,0.9524,1
2012-05-26T23:00:00Z,0.7964,1
2012-05-27T00:00:00Z,0.5034,1
2012-05-27T01:00:00Z,0.0944,1
2012-05-27T02:00:00Z,-0.3366,1
2012-05-27T03:00:00Z,-0.7046,1
2012-05-27T04:00:00Z,-0.9557,1
2012-05-27T05:00:00Z,-0.9737,1
2012-05-27T06:00:00Z,-0.7327,1
2012-05-27T07:00:00Z,-0.2927,1
2012-05-27T08:00:00Z,0.1263,1
2012-05-27T09:00:00Z,0.4763,1
2012-05-27T10:00:00Z,0.6453,1
2012-05-27T11:00:00Z,0.6273,1
2012-05-27T12:00:00Z,0.3733,1
2012-05-27T13:00:00Z,0.0053,1
2012-05-27T14:00:00Z,-0.4507,1
2012-05-27T15:00:00Z,-0.8127,1
2012-05-27T16:00:00Z,-0.9987,1
2012-05-27T17:00:00Z,-0.9237,1
2012-05-27T18:00:00Z,-0.6507,1
2012-05-27T19:00:00Z,-0.2287,1
2012-05-27T20:00:00Z,0.2123,1
2012-05-27T21:00:00Z,0.5493,1
2012-05-27T22:00:00Z,0.7883,1
2012-05-27T23:00:00Z,0.8143,1
2012-05-28T00:00:00Z,0.6833,1
2012-05-28T01:00:00Z,0.4153,1
2012-05-28T02:00:00Z,0.0653,1
2012-05-28T03:00:00Z,-0.3727,1
2012-05-28T04:00:00Z,-0.7047,1
2012-05-28T05:00:00Z,-0.9057,1
2012-05-28T06:00:00Z,-0.9148,1
2012-05-28T07:00:00Z,-0.6598,1
2012-05-28T08:00:00Z,-0.2608,1
2012-05-28T09:00:00Z,0.1642,1
2012-05-28T10:00:00Z,0.5002,1
2012-05-28T11:00:00Z,0.6672,1
2012-05-28T12:00:00Z,0.6382,1
2012-05-28T13:00:00Z,0.4052,1
2012-05-28T14:00:00Z,0.0652,1
2012-05-28T15:00:00Z,-0.3368,1
2012-05-28T16:00:00Z,-0.6488,1
2012-05-28T17:00:00Z,-0.7938,1
2012-05-28T18:00:00Z,-0.7568,1
2012-05-28T19:00:00Z,-0.5458,1
2012-05-28T20:00:00Z,-0.1728,1
2012-05-28T21:00:00Z,0.2382,1
2012-05-28T22:00:00Z,0.5762,1
2012-05-28T23:00:00Z,0.8022,1
2012-05-29T00:00:00Z,0.8902,1
2012-05-29T01:00:00Z,0.7712,1
2012-05-29T02:00:00Z,0.5122,1
2012-05-29T03:00:00Z,0.1372,1
2012-05-29T04:00:00Z,-0.2938,1
2012-05-29T05:00:00Z,-0.6538,1
2012-05-29T06:00:00Z,-0.8458,1
2012-05-29T07:00:00Z,-0.8528,1
2012-05-29T08:00:00Z,-0.6279,1
2012-05-29T09:00:00Z,-0.2759,1
2012-05-29T10:00:00Z,0.1061,1
2012-05-29T11:00:00Z,0.4311,1
2012-05-29T12:00:00Z,0.6231,1
2012-05-29T13:00:00Z,0.6281,1
2012-05-29T14:00:00Z,0.4161,1
2012-05-29T15:00:00Z,0.0661,1
2012-05-29T16:00:00Z,-0.3109,1
2012-05-29T17:00:00Z,-0.6589,1
2012-05-29T18:00:00Z,-0.8239,1
2012-05-29T19:00:00Z,-0.8159,1
2012-05-29T20:00:00Z,-0.5919,1
2012-05-29T21:00:00Z,-0.2449,1
2012-05-29T22:00:00Z,0.1611,1
2012-05-29T23:00:00Z,0.5301,1
2012-05-30T00:00:00Z,0.7911,1
2012-05-30T01:00:00Z,0.8681,1
2012-05-30T02:00:00Z,0.7921,1
2012-05-30T03:00:00Z,0.5231,1
2012-05-30T04:00:00Z,0.1161,1
2012-05-30T05:00:00Z,-0.3269,1
2012-05-30T06:00:00Z,-0.7139,1
2012-05-30T07:00:00Z,-0.9509,1
2012-05-30T08:00:00Z,-1.0059,1
2012-05-30T09:00:00Z,-0.782,1
2012-05-30T10:00:00Z,-0.395,1
2012-05-30T11:00:00Z,0.06,1
2012-05-30T12:00:00Z,0.431,1
2012-05-30T13:00:00Z,0.664,1
2012-05-30T14:00:00Z,0.716,1
2012-05-30T15:00:00Z,0.504,1
2012-05-30T16:00:00Z,0.134,1
2012-05-30T17:00:00Z,-0.299,1
2012-05-30T18:00:00Z,-0.672,1
2012-05-30T19:00:00Z,-0.895,1
2012-05-30T20:00:00Z,-0.888,1
2012-05-30T21:00:00Z,-0.698,1
2012-05-30T22:00:00Z,-0.379,1
2012-05-30T23:00:00Z,0.081,1
2012-05-31T00:00:00Z,0.496,1
2012-05-31T01:00:00Z,0.805,1
2012-05-31T02:00:00Z,0.955,1
2012-05-31T03:00:00Z,0.87,1
2012-05-31T04:00:00Z,0.575,1
2012-05-31T05:00:00Z,0.153,1
2012-05-31T06:00:00Z,-0.347,1
2012-05-31T07:00:00Z,-0.81,1
2012-05-31T08:00:00Z,-1.057,1
2012-05-31T09:00:00Z,-1.095,1
2012-05-31T10:00:00Z,-0.876,1
2012-05-31T11:00:00Z,-0.4301,1
2012-05-31T12:00:00Z,0.0939,1
2012-05-31T13:00:00Z,0.5449,1
2012-05-31T14:00:00Z,0.8119,1
2012-05-31T15:00:00Z,0.8729,1
2012-05-31T16:00:00Z,0.6459,1
2012-05-31T17:00:00Z,0.2289,1
2012-05-31T18:00:00Z,-0.2541,1
2012-05-31T19:00:00Z,-0.7491,1
2012-05-31T20:00:00Z,-1.0501,1
2012-05-31T21:00:00Z,-1.1101,1
2012-05-31T22:00:00Z,-0.9181,1
2012-05-31T23:00:00Z,-0.4911,1
2012-06-01T00:00:00Z,0.0579,1
2012-06-01T01:00:00Z,0.5499,1
2012-06-01T02:00:00Z,0.9029,1
2012-06-01T03:00:00Z,1.0329,1
2012-06-01T04:00:00Z,0.8879,1
2012-06-01T05:00:00Z,0.5349,1
2012-06-01T06:00:00Z,-0.0071,1
2012-06-01T07:00:00Z,-0.5661,1
2012-06-01T08:00:00Z,-1.0601,1
2012-06-01T09:00:00Z,-1.3581,1
2012-06-01T10:00:00Z,-1.3991,1
2012-06-01T11:00:00Z,-1.0951,1
2012-06-01T12:00:00Z,-0.5531,1
2012-06-01T13:00:00Z,0.1018,1
2012-06-01T14:00:00Z,0.6438,1
2012-06-01T15:00:00Z,0.9768,1
2012-06-01T16:00:00Z,0.9978,1
2012-06-01T17:00:00Z,0.7168,1
2012-06-01T18:00:00Z,0.2258,1
2012-06-01T19:00:00Z,-0.3982,1
2012-06-01T20:00:00Z,-0.9372,1
2012-06-01T21:00:00Z,-1.2642,1
2012-06-01T22:00:00Z,-1.3052,1
2012-06-01T23:00:00Z,-1.0632,1
2012-06-02T00:00:00Z,-0.5352,1
2012-06-02T01:00:00Z,0.0828,1
2012-06-02T02:00:00Z,0.6618,1
2012-06-02T03:00:00Z,1.0478,1
2012-06-02T04:00:00Z,1.1708,1
2012-06-02T05:00:00Z,0.9618,1
2012-06-02T06:00:00Z,0.5788,1
2012-06-02T07:00:00Z,-0.0142,1
2012-06-02T08:00:00Z,-0.6532,1
2012-06-02T09:00:00Z,-1.2442,1
2012-06-02T10:00:00Z,-1.5352,1
2012-06-02T11:00:00Z,-1.5272,1
2012-06-02T12:00:00Z,-1.1152,1
2012-06-02T13:00:00Z,-0.4712,1
2012-06-02T14:00:00Z,0.2837,1
2012-06-02T15:00:00Z,0.9167,1
2012-06-02T16:00:00Z,1.2567,1
2012-06-02T17:00:00Z,1.2237,1
2012-06-02T18:00:00Z,0.8427,1
2012-06-02T19:00:00Z,0.2277,1
2012-06-02T20:00:00Z,-0.4923,1
2012-06-02T21:00:00Z,-1.1133,1
2012-06-02T22:00:00Z,-1.4453,1
2012-06-02T23:00:00Z,-1.4533,1
2012-06-03T00:00:00Z,-1.0943,1
2012-06-03T01:00:00Z,-0.4883,1
2012-06-03T02:00:00Z,0.2677,1
2012-06-03T03:00:00Z,0.8907,1
2012-06-03T04:00:00Z,1.2827,1
2012-06-03T05:00:00Z,1.4227,1
2012-06-03T06:00:00Z,1.1357,1
2012-06-03T07:00:00Z,0.6857,1
2012-06-03T08:00:00Z,-0.0563,1
2012-06-03T09:00:00Z,-0.8663,1
2012-06-03T10:00:00Z,-1.4813,1
2012-06-03T11:00:00Z,-1.7783,1
2012-06-03T12:00:00Z,-1.6723,1
2012-06-03T13:00:00Z,-1.1283,1
2012-06-03T14:00:00Z,-0.3013,1
2012-06-03T15:00:00Z,0.4957,1
2012-06-03T16:00:00Z,1.1286,1
2012-06-03T17:00:00Z,1.4096,1
2012-06-03T18:00:00Z,1.3376,1
2012-06-03T19:00:00Z,0.8186,1
2012-06-03T20:00:00Z,0.0806,1
2012-06-03T21:00:00Z,-0.7464,1
2012-06-03T22:00:00Z,-1.4034,1
2012-06-03T23:00:00Z,-1.7484,1
2012-06-04T00:00:00Z,-1.7454,1
2012-06-04T01:00:00Z,-1.3454,1
2012-06-04T02:00:00Z,-0.5884,1
2012-06-04T03:00:00Z,0.2746,1
2012-06-04T04:00:00Z,0.9026,1
2012-06-04T05:00:00Z,1.2986,1
2012-06-04T06:00:00Z,1.3766,1
2012-06-04T07:00:00Z,1.0416,1
2012-06-04T08:00:00Z,0.4286,1
2012-06-04T09:00:00Z,-0.3414,1
2012-06-04T10:00:00Z,-1.1324,1
2012-06-04T11:00:00Z,-1.7104,1
2012-06-04T12:00:00Z,-1.8984,1
2012-06-04T13:00:00Z,-1.6574,1
2012-06-04T14:00:00Z,-0.9864,1
2012-06-04T15:00:00Z,-0.0444,1
2012-06-04T16:00:00Z,0.7766,1
2012-06-04T17:00:00Z,1.3416,1
2012-06-04T18:00:00Z,1.6125,1
2012-06-04T19:00:00Z,1.4105,1
2012-06-04T20:00:00Z,0.8235,1
2012-06-04T21:00:00Z,0.0265,1
2012-06-04T22:00:00Z,-0.8105,1
2012-06-04T23:00:00Z,-1.4855,1
2012-06-05T00:00:00Z,-1.7985,1
2012-06-05T01:00:00Z,-1.7155,1
2012-06-05T02:00:00Z,-1.2245,1
2012-06-05T03:00:00Z,-0.4135,1
2012-06-05T04:00:00Z,0.4405,1
2012-06-05T05:00:00Z,1.0755,1
2012-06-05T06:00:00Z,1.4385,1
2012-06-05T07:00:00Z,1.5115,1
2012-06-05T08:00:00Z,1.1105,1
2012-06-05T09:00:00Z,0.4365,1
2012-06-05T10:00:00Z,-0.3825,1
2012-06-05T11:00:00Z,-1.1515,1
2012-06-05T12:00:00Z,-1.6485,1
2012-06-05T13:00:00Z,-1.7665,1
2012-06-05T14:00:00Z,-1.4015,1
2012-06-05T15:00:00Z,-0.6305,1
2012-06-05T16:00:00Z,0.3735,1
2012-06-05T17:00:00Z,1.1995,1
2012-06-05T18:00:00Z,1.6805,1
2012-06-05T19:00:00Z,1.9074,1
2012-06-05T20:00:00Z,1.5844,1
2012-06-05T21:00:00Z,0.9104,1
2012-06-05T22:00:00Z,0.0794,1
2012-06-05T23:00:00Z,-0.7826,1
2012-06-06T00:00:00Z,-1.4186,1
2012-06-06T01:00:00Z,-1.7046,1
2012-06-06T02:00:00Z,-1.5396,1
2012-06-06T03:00:00Z,-0.9956,1
2012-06-06T04:00:00Z,-0.1516,1
2012-06-06T05:00:00Z,0.6964,1
2012-06-06T06:00:00Z,1.3054,1
2012-06-06T07:00:00Z,1.5624,1
2012-06-06T08:00:00Z,1.5244,1
2012-06-06T09:00:00Z,1.0534,1
2012-06-06T10:00:00Z,0.3704,1
2012-06-06T11:00:00Z,-0.4636,1
2012-06-06T12:00:00Z,-1.1736,1
2012-06-06T13:00:00Z,-1.6006,1
2012-06-06T14:00:00Z,-1.6106,1
2012-06-06T15:00:00Z,-1.1436,1
2012-06-06T16:00:00Z,-0.3376,1
2012-06-06T17:00:00Z,0.6044,1
2012-06-06T18:00:00Z,1.3234,1
2012-06-06T19:00:00Z,1.7624,1
2012-06-06T20:00:00Z,1.8574,1
2012-06-06T21:00:00Z,1.4683,1
2012-06-06T22:00:00Z,0.8563,1
2012-06-06T23:00:00Z,-0.0137,1
2012-06-07T00:00:00Z,-0.8107,1
2012-06-07T01:00:00Z,-1.3917,1
2012-06-07T02:00:00Z,-1.5997,1
2012-06-07T03:00:00Z,-1.3977,1
2012-06-07T04:00:00Z,-0.8397,1
2012-06-07T05:00:00Z,-0.0227,1
2012-06-07T06:00:00Z,0.7093,1
2012-06-07T07:00:00Z,1.2193,1
2012-06-07T08:00:00Z,1.4743,1
2012-06-07T09:00:00Z,1.3143,1
2012-06-07T10:00:00Z,0.8493,1
2012-06-07T11:00:00Z,0.1743,1
2012-06-07T12:00:00Z,-0.6437,1
2012-06-07T13:00:00Z,-1.2477,1
2012-06-07T14:00:00Z,-1.5387,1
2012-06-07T15:00:00Z,-1.4327,1
2012-06-07T16:00:00Z,-0.9417,1
2012-06-07T17:00:00Z,-0.1217,1
2012-06-07T18:00:00Z,0.7533,1
2012-06-07T19:00:00Z,1.3673,1
2012-06-07T20:00:00Z,1.6913,1
2012-06-07T21:00:00Z,1.7093,1
2012-06-07T22:00:00Z,1.3133,1
2012-06-07T23:00:00Z,0.6912,1
2012-06-08T00:00:00Z,-0.1158,1
2012-06-08T01:00:00Z,-0.8628,1
2012-06-08T02:00:00Z,-1.3878,1
2012-06-08T03:00:00Z,-1.5168,1
2012-06-08T04:00:00Z,-1.3228,1
2012-06-08T05:00:00Z,-0.7468,1
2012-06-08T06:00:00Z,0.0072,1
2012-06-08T07:00:00Z,0.6582,1
2012-06-08T08:00:00Z,1.0372,1
2012-06-08T09:00:00Z,1.2172,1
2012-06-08T10:00:00Z,1.0412,1
2012-06-08T11:00:00Z,0.5492,1
2012-06-08T12:00:00Z,-0.1048,1
2012-06-08T13:00:00Z,-0.8108,1
2012-06-08T14:00:00Z,-1.3238,1
2012-06-08T15:00:00Z,-1.4898,1
2012-06-08T16:00:00Z,-1.3318,1
2012-06-08T17:00:00Z,-0.8448,1
2012-06-08T18:00:00Z,-0.1198,1
2012-06-08T19:00:00Z,0.6322,1
2012-06-08T20:00:00Z,1.1562,1
2012-06-08T21:00:00Z,1.4242,1
2012-06-08T22:00:00Z,1.3812,1
2012-06-08T23:00:00Z,0.9772,1
2012-06-09T00:00:00Z,0.3711,1
2012-06-09T01:00:00Z,-0.3189,1
2012-06-09T02:00:00Z,-0.9529,1
2012-06-09T03:00:00Z,-1.3339,1
2012-06-09T04:00:00Z,-1.4479,1
2012-06-09T05:00:00Z,-1.1929,1
2012-06-09T06:00:00Z,-0.6589,1
2012-06-09T07:00:00Z,0.0171,1
2012-06-09T08:00:00Z,0.5371,1
2012-06-09T09:00:00Z,0.8221,1
2012-06-09T10:00:00Z,0.9381,1
2012-06-09T11:00:00Z,0.7181,1
2012-06-09T12:00:00Z,0.2731,1
2012-06-09T13:00:00Z,-0.2829,1
2012-06-09T14:00:00Z,-0.8069,1
2012-06-09T15:00:00Z,-1.1709,1
2012-06-09T16:00:00Z,-1.2579,1
2012-06-09T17:00:00Z,-1.0739,1
2012-06-09T18:00:00Z,-0.6269,1
2012-06-09T19:00:00Z,-0.0149,1
2012-06-09T20:00:00Z,0.5561,1
2012-06-09T21:00:00Z,1.0031,1
2012-06-09T22:00:00Z,1.1841,1
2012-06-09T23:00:00Z,1.1081,1
2012-06-10T00:00:00Z,0.8401,1
2012-06-10T01:00:00Z,0.3111,1
2012-06-10T02:00:00Z,-0.241,1
2012-06-10T03:00:00Z,-0.762,1
2012-06-10T04:00:00Z,-1.068,1
2012-06-10T05:00:00Z,-1.116,1
2012-06-10T06:00:00Z,-0.895,1
2012-06-10T07:00:00Z,-0.439,1
2012-06-10T08:00:00Z,0.047,1
2012-06-10T09:00:00Z,0.456,1
2012-06-10T10:00:00Z,0.666,1
2012-06-10T11:00:00Z,0.712,1
2012-06-10T12:00:00Z,0.531,1
2012-06-10T13:00:00Z,0.176,1
2012-06-10T14:00:00Z,-0.228,1
2012-06-10T15:00:00Z,-0.651,1
2012-06-10T16:00:00Z,-0.946,1
2012-06-10T17:00:00Z,-1.002,1
2012-06-10T18:00:00Z,-0.833,1
2012-06-10T19:00:00Z,-0.427,1
2012-06-10T20:00:00Z,0.102,1
2012-06-10T21:00:00Z,0.629,1
2012-06-10T22:00:00Z,0.969,1
2012-06-10T23:00:00Z,1.169,1
2012-06-11T00:00:00Z,1.099,1
2012-06-11T01:00:00Z,0.802,1
2012-06-11T02:00:00Z,0.379,1
2012-06-11T03:00:00Z,-0.111,1
2012-06-11T04:00:00Z,-0.5441,1
2012-06-11T05:00:00Z,-0.8131,1
2012-06-11T06:00:00Z,-0.8481,1
2012-06-11T07:00:00Z,-0.6801,1
2012-06-11T08:00:00Z,-0.3371,1
2012-06-11T09:00:00Z,0.0689,1
2012-06-11T10:00:00Z,0.3599,1
2012-06-11T11:00:00Z,0.5469,1
2012-06-11T12:00:00Z,0.5819,1
2012-06-11T13:00:00Z,0.4529,1
2012-06-11T14:00:00Z,0.1799,1
2012-06-11T15:00:00Z,-0.1891,1
2012-06-11T16:00:00Z,-0.5371,1
2012-06-11T17:00:00Z,-0.8041,1
2012-06-11T18:00:00Z,-0.8701,1
2012-06-11T19:00:00Z,-0.7341,1
2012-06-11T20:00:00Z,-0.4191,1
2012-06-11T21:00:00Z,0.0169,1
2012-06-11T22:00:00Z,0.4289,1
2012-06-11T23:00:00Z,0.7519,1
2012-06-12T00:00:00Z,0.8819,1
2012-06-12T01:00:00Z,0.8529,1
2012-06-12T02:00:00Z,0.6259,1
2012-06-12T03:00:00Z,0.2489,1
2012-06-12T04:00:00Z,-0.1811,1
2012-06-12T05:00:00Z,-0.5562,1
2012-06-12T06:00:00Z,-0.7692,1
2012-06-12T07:00:00Z,-0.8032,1
2012-06-12T08:00:00Z,-0.6702,1
2012-06-12T09:00:00Z,-0.3982,1
2012-06-12T10:00:00Z,-0.0552,1
2012-06-12T11:00:00Z,0.1948,1
2012-06-12T12:00:00Z,0.3778,1
2012-06-12T13:00:00Z,0.4328,1
2012-06-12T14:00:00Z,0.3398,1
2012-06-12T15:00:00Z,0.1148,1
2012-06-12T16:00:00Z,-0.1902,1
2012-06-12T17:00:00Z,-0.5122,1
2012-06-12T18:00:00Z,-0.7622,1
2012-06-12T19:00:00Z,-0.8702,1
2012-06-12T20:00:00Z,-0.8132,1
2012-06-12T21:00:00Z,-0.5492,1
2012-06-12T22:00:00Z,-0.1562,1
2012-06-12T23:00:00Z,0.2178,1
2012-06-13T00:00:00Z,0.5238,1
2012-06-13T01:00:00Z,0.6768,1
2012-06-13T02:00:00Z,0.6878,1
2012-06-13T03:00:00Z,0.4958,1
2012-06-13T04:00:00Z,0.1578,1
2012-06-13T05:00:00Z,-0.2332,1
2012-06-13T06:00:00Z,-0.5612,1
2012-06-13T07:00:00Z,-0.7743,1
2012-06-13T08:00:00Z,-0.8343,1
2012-06-13T09:00:00Z,-0.7213,1
2012-06-13T10:00:00Z,-0.4613,1
2012-06-13T11:00:00Z,-0.1603,1
2012-06-13T12:00:00Z,0.1147,1
2012-06-13T13:00:00Z,0.3077,1
2012-06-13T14:00:00Z,0.3997,1
2012-06-13T15:00:00Z,0.3587,1
2012-06-13T16:00:00Z,0.1877,1
2012-06-13T17:00:00Z,-0.0903,1
2012-06-13T18:00:00Z,-0.4063,1
2012-06-13T19:00:00Z,-0.6943,1
2012-06-13T20:00:00Z,-0.8463,1
2012-06-13T21:00:00Z,-0.7983,1
2012-06-13T22:00:00Z,-0.5503,1
2012-06-13T23:00:00Z,-0.1793,1
2012-06-14T00:00:00Z,0.2057,1
2012-06-14T01:00:00Z,0.5457,1
2012-06-14T02:00:00Z,0.7247,1
2012-06-14T03:00:00Z,0.7007,1
2012-06-14T04:00:00Z,0.4977,1
2012-06-14T05:00:00Z,0.1727,1
2012-06-14T06:00:00Z,-0.2133,1
2012-06-14T07:00:00Z,-0.5733,1
2012-06-14T08:00:00Z,-0.7533,1
2012-06-14T09:00:00Z,-0.8234,1
2012-06-14T10:00:00Z,-0.7154,1
2012-06-14T11:00:00Z,-0.4534,1
2012-06-14T12:00:00Z,-0.1124,1
2012-06-14T13:00:00Z,0.1886,1
2012-06-14T14:00:00Z,0.4496,1
2012-06-14T15:00:00Z,0.5706,1
2012-06-14T16:00:00Z,0.5416,1
2012-06-14T17:00:00Z,0.3586,1
2012-06-14T18:00:00Z,0.0516,1
2012-06-14T19:00:00Z,-0.2824,1
2012-06-14T20:00:00Z,-0.5914,1
2012-06-14T21:00:00Z,-0.7384,1
2012-06-14T22:00:00Z,-0.7004,1
2012-06-14T23:00:00Z,-0.4654,1
2012-06-15T00:00:00Z,-0.0954,1
2012-06-15T01:00:00Z,0.3416,1
2012-06-15T02:00:00Z,0.6146,1
2012-06-15T03:00:00Z,0.8026,1
2012-06-15T04:00:00Z,0.8076,1
2012-06-15T05:00:00Z,0.5066,1
2012-06-15T06:00:00Z,0.1976,1
2012-06-15T07:00:00Z,-0.2544,1
2012-06-15T08:00:00Z,-0.5874,1
2012-06-15T09:00:00Z,-0.8324,1
2012-06-15T10:00:00Z,-0.8845,1
2012-06-15T11:00:00Z,-0.7005,1
2012-06-15T12:00:00Z,-0.4385,1
2012-06-15T13:00:00Z,0.0395,1
2012-06-15T14:00:00Z,0.3795,1
2012-06-15T15:00:00Z,0.7295,1
2012-06-15T16:00:00Z,0.8285,1
2012-06-15T17:00:00Z,0.7375,1
2012-06-15T18:00:00Z,0.5085,1
2012-06-15T19:00:00Z,0.0755,1
2012-06-15T20:00:00Z,-0.3595,1
2012-06-15T21:00:00Z,-0.7085,1
2012-06-15T22:00:00Z,-0.8775,1
2012-06-15T23:00:00Z,-0.8625,1
2012-06-16T00:00:00Z,-0.4635,1
2012-06-16T01:00:00Z,-0.0405,1
2012-06-16T02:00:00Z,0.4105,1
2012-06-16T03:00:00Z,0.7285,1
2012-06-16T04:00:00Z,0.8645,1
2012-06-16T05:00:00Z,0.7515,1
2012-06-16T06:00:00Z,0.4785,1
2012-06-16T07:00:00Z,0.0235,1
2012-06-16T08:00:00Z,-0.4255,1
2012-06-16T09:00:00Z,-0.7615,1
2012-06-16T10:00:00Z,-1.0025,1
2012-06-16T11:00:00Z,-1.0105,1
2012-06-16T12:00:00Z,-0.7576,1
2012-06-16T13:00:00Z,-0.3866,1
2012-06-16T14:00:00Z,0.0624,1
2012-06-16T15:00:00Z,0.4944,1
2012-06-16T16:00:00Z,0.7894,1
2012-06-16T17:00:00Z,0.8104,1
2012-06-16T18:00:00Z,0.6514,1
2012-06-16T19:00:00Z,0.2624,1
2012-06-16T20:00:00Z,-0.2046,1
2012-06-16T21:00:00Z,-0.6566,1
2012-06-16T22:00:00Z,-0.9766,1
2012-06-16T23:00:00Z,-1.0916,1
2012-06-17T00:00:00Z,-0.9246,1
2012-06-17T01:00:00Z,-0.5336,1
2012-06-17T02:00:00Z,-0.0376,1
2012-06-17T03:00:00Z,0.4234,1
2012-06-17T04:00:00Z,0.7774,1
2012-06-17T05:00:00Z,0.8184,1
2012-06-17T06:00:00Z,0.6334,1
2012-06-17T07:00:00Z,0.2844,1
2012-06-17T08:00:00Z,-0.1896,1
2012-06-17T09:00:00Z,-0.6656,1
2012-06-17T10:00:00Z,-1.0096,1
2012-06-17T11:00:00Z,-1.1496,1
2012-06-17T12:00:00Z,-1.0786,1
2012-06-17T13:00:00Z,-0.7486,1
2012-06-17T14:00:00Z,-0.2287,1
2012-06-17T15:00:00Z,0.2953,1
2012-06-17T16:00:00Z,0.7083,1
2012-06-17T17:00:00Z,0.9113,1
2012-06-17T18:00:00Z,0.8803,1
2012-06-17T19:00:00Z,0.5653,1
2012-06-17T20:00:00Z,0.1143,1
2012-06-17T21:00:00Z,-0.3907,1
2012-06-17T22:00:00Z,-0.8117,1
2012-06-17T23:00:00Z,-1.0717,1
2012-06-18T00:00:00Z,-1.0977,1
2012-06-18T01:00:00Z,-0.8147,1
2012-06-18T02:00:00Z,-0.3107,1
2012-06-18T03:00:00Z,0.2493,1
2012-06-18T04:00:00Z,0.6723,1
2012-06-18T05:00:00Z,0.9273,1
2012-06-18T06:00:00Z,0.8953,1
2012-06-18T07:00:00Z,0.6223,1
2012-06-18T08:00:00Z,0.1563,1
2012-06-18T09:00:00Z,-0.3687,1
2012-06-18T10:00:00Z,-0.8687,1
2012-06-18T11:00:00Z,-1.1627,1
2012-06-18T12:00:00Z,-1.2117,1
2012-06-18T13:00:00Z,-0.9887,1
2012-06-18T14:00:00Z,-0.4897,1
2012-06-18T15:00:00Z,0.1112,1
2012-06-18T16:00:00Z,0.6502,1
2012-06-18T17:00:00Z,0.9982,1
2012-06-18T18:00:00Z,1.1162,1
2012-06-18T19:00:00Z,0.9522,1
2012-06-18T20:00:00Z,0.5452,1
2012-06-18T21:00:00Z,0.0182,1
2012-06-18T22:00:00Z,-0.5468,1
2012-06-18T23:00:00Z,-0.9278,1
2012-06-19T00:00:00Z,-1.1178,1
2012-06-19T01:00:00Z,-1.0178,1
2012-06-19T02:00:00Z,-0.6268,1
2012-06-19T03:00:00Z,-0.0428,1
2012-06-19T04:00:00Z,0.5292,1
2012-06-19T05:00:00Z,0.8792,1
2012-06-19T06:00:00Z,1.0282,1
2012-06-19T07:00:00Z,0.8832,1
2012-06-19T08:00:00Z,0.4582,1
2012-06-19T09:00:00Z,-0.0738,1
2012-06-19T10:00:00Z,-0.6348,1
2012-06-19T11:00:00Z,-1.1018,1
2012-06-19T12:00:00Z,-1.3258,1
2012-06-19T13:00:00Z,-1.2428,1
2012-06-19T14:00:00Z,-0.8598,1
2012-06-19T15:00:00Z,-0.2248,1
2012-06-19T16:00:00Z,0.4332,1
2012-06-19T17:00:00Z,0.9311,1
2012-06-19T18:00:00Z,1.1821,1
2012-06-19T19:00:00Z,1.1711,1
2012-06-19T20:00:00Z,0.8141,1
2012-06-19T21:00:00Z,0.3131,1
2012-06-19T22:00:00Z,-0.2819,1
2012-06-19T23:00:00Z,-0.8199,1
2012-06-20T00:00:00Z,-1.1489,1
2012-06-20T01:00:00Z,-1.2269,1
2012-06-20T02:00:00Z,-0.9649,1
2012-06-20T03:00:00Z,-0.4549,1
2012-06-20T04:00:00Z,0.1941,1
2012-06-20T05:00:00Z,0.7061,1
2012-06-20T06:00:00Z,1.0071,1
2012-06-20T07:00:00Z,1.0781,1
2012-06-20T08:00:00Z,0.8341,1
2012-06-20T09:00:00Z,0.3091,1
2012-06-20T10:00:00Z,-0.3039,1
2012-06-20T11:00:00Z,-0.8889,1
2012-06-20T12:00:00Z,-1.2569,1
2012-06-20T13:00:00Z,-1.3379,1
2012-06-20T14:00:00Z,-1.0519,1
2012-06-20T15:00:00Z,-0.5119,1
2012-06-20T16:00:00Z,0.1601,1
2012-06-20T17:00:00Z,0.7881,1
2012-06-20T18:00:00Z,1.1881,1
2012-06-20T19:00:00Z,1.308,1
2012-06-20T20:00:00Z,1.113,1
2012-06-20T21:00:00Z,0.668,1
2012-06-20T22:00:00Z,0.109,1
2012-06-20T23:00:00Z,-0.503,1
2012-06-21T00:00:00Z,-0.997,1
2012-06-21T01:00:00Z,-1.231,1
2012-06-21T02:00:00Z,-1.199,1
2012-06-21T03:00:00Z,-0.806,1
2012-06-21T04:00:00Z,-0.203,1
2012-06-21T05:00:00Z,0.453,1
2012-06-21T06:00:00Z,0.882,1
2012-06-21T07:00:00Z,1.096,1
2012-06-21T08:00:00Z,1.053,1
2012-06-21T09:00:00Z,0.674,1
2012-06-21T10:00:00Z,0.064,1
2012-06-21T11:00:00Z,-0.57,1
2012-06-21T12:00:00Z,-1.091,1
2012-06-21T13:00:00Z,-1.361,1
2012-06-21T14:00:00Z,-1.268,1
2012-06-21T15:00:00Z,-0.843,1
2012-06-21T16:00:00Z,-0.194,1
2012-06-21T17:00:00Z,0.54,1
2012-06-21T18:00:00Z,1.066,1
2012-06-21T19:00:00Z,1.34,1
2012-06-21T20:00:00Z,1.346,1
2012-06-21T21:00:00Z,1.0219,1
2012-06-21T22:00:00Z,0.5279,1
2012-06-21T23:00:00Z,-0.0791,1
2012-06-22T00:00:00Z,-0.6721,1
2012-06-22T01:00:00Z,-1.0741,1
2012-06-22T02:00:00Z,-1.2421,1
2012-06-22T03:00:00Z,-1.0571,1
2012-06-22T04:00:00Z,-0.5581,1
2012-06-22T05:00:00Z,0.1209,1
2012-06-22T06:00:00Z,0.7299,1
2012-06-22T07:00:00Z,1.1009,1
2012-06-22T08:00:00Z,1.2289,1
2012-06-22T09:00:00Z,1.0169,1
2012-06-22T10:00:00Z,0.5069,1
2012-06-22T11:00:00Z,-0.1431,1
2012-06-22T12:00:00Z,-0.7961,1
2012-06-22T13:00:00Z,-1.2211,1
2012-06-22T14:00:00Z,-1.3261,1
2012-06-22T15:00:00Z,-1.1151,1
2012-06-22T16:00:00Z,-0.5651,1
2012-06-22T17:00:00Z,0.1339,1
2012-06-22T18:00:00Z,0.7769,1
2012-06-22T19:00:00Z,1.2239,1
2012-06-22T20:00:00Z,1.3099,1
2012-06-22T21:00:00Z,1.1769,1
2012-06-22T22:00:00Z,0.7828,1
2012-06-22T23:00:00Z,0.2258,1
2012-06-23T00:00:00Z,-0.3712,1
2012-06-23T01:00:00Z,-0.8962,1
2012-06-23T02:00:00Z,-1.1992,1
2012-06-23T03:00:00Z,-1.2552,1
2012-06-23T04:00:00Z,-0.9442,1
2012-06-23T05:00:00Z,-0.3742,1
2012-06-23T06:00:00Z,0.2768,1
2012-06-23T07:00:00Z,0.7838,1
2012-06-23T08:00:00Z,1.0248,1
2012-06-23T09:00:00Z,1.0508,1
2012-06-23T10:00:00Z,0.7058,1
2012-06-23T11:00:00Z,0.1738,1
2012-06-23T12:00:00Z,-0.4622,1
2012-06-23T13:00:00Z,-1.0282,1
2012-06-23T14:00:00Z,-1.3362,1
2012-06-23T15:00:00Z,-1.3022,1
2012-06-23T16:00:00Z,-0.9372,1
2012-06-23T17:00:00Z,-0.3272,1
2012-06-23T18:00:00Z,0.3848,1
2012-06-23T19:00:00Z,0.9458,1
2012-06-23T20:00:00Z,1.2508,1
2012-06-23T21:00:00Z,1.2998,1
2012-06-23T22:00:00Z,1.0498,1
2012-06-23T23:00:00Z,0.6118,1
2012-06-24T00:00:00Z,0.0767,1
2012-06-24T01:00:00Z,-0.5003,1
2012-06-24T02:00:00Z,-0.9353,1
2012-06-24T03:00:00Z,-1.1843,1
2012-06-24T04:00:00Z,-1.1603,1
2012-06-24T05:00:00Z,-0.7943,1
2012-06-24T06:00:00Z,-0.2153,1
2012-06-24T07:00:00Z,0.4097,1
2012-06-24T08:00:00Z,0.8277,1
2012-06-24T09:00:00Z,1.0177,1
2012-06-24T10:00:00Z,0.9007,1
2012-06-24T11:00:00Z,0.4777,1
2012-06-24T12:00:00Z,-0.0733,1
2012-06-24T13:00:00Z,-0.6873,1
2012-06-24T14:00:00Z,-1.1203,1
2012-06-24T15:00:00Z,-1.2963,1
2012-06-24T16:00:00Z,-1.1553,1
2012-06-24T17:00:00Z,-0.7713,1
2012-06-24T18:00:00Z,-0.1683,1
2012-06-24T19:00:00Z,0.4397,1
2012-06-24T20:00:00Z,0.8427,1
2012-06-24T21:00:00Z,1.0597,1
2012-06-24T22:00:00Z,1.0557,1
2012-06-24T23:00:00Z,0.7867,1
2012-06-25T00:00:00Z,0.3537,1
2012-06-25T01:00:00Z,-0.1733,1
2012-06-25T02:00:00Z,-0.7154,1
2012-06-25T03:00:00Z,-1.1104,1
2012-06-25T04:00:00Z,-1.2684,1
2012-06-25T05:00:00Z,-1.1514,1
2012-06-25T06:00:00Z,-0.7124,1
2012-06-25T07:00:00Z,-0.1354,1
2012-06-25T08:00:00Z,0.4016,1
2012-06-25T09:00:00Z,0.7536,1
2012-06-25T10:00:00Z,0.8616,1
2012-06-25T11:00:00Z,0.6706,1
2012-06-25T12:00:00Z,0.2656,1
2012-06-25T13:00:00Z,-0.2594,1
2012-06-25T14:00:00Z,-0.7734,1
2012-06-25T15:00:00Z,-1.1494,1
2012-06-25T16:00:00Z,-1.2344,1
2012-06-25T17:00:00Z,-1.0434,1
2012-06-25T18:00:00Z,-0.6154,1
2012-06-25T19:00:00Z,-0.0264,1
2012-06-25T20:00:00Z,0.4926,1
2012-06-25T21:00:00Z,0.8506,1
2012-06-25T22:00:00Z,0.9946,1
2012-06-25T23:00:00Z,0.9536,1
2012-06-26T00:00:00Z,0.6596,1
2012-06-26T01:00:00Z,0.2756,1
2012-06-26T02:00:00Z,-0.2264,1
2012-06-26T03:00:00Z,-0.7185,1
2012-06-26T04:00:00Z,-1.0505,1
2012-06-26T05:00:00Z,-1.1555,1
2012-06-26T06:00:00Z,-0.9795,1
2012-06-26T07:00:00Z,-0.5385,1
2012-06-26T08:00:00Z,0.0065,1
2012-06-26T09:00:00Z,0.4895,1
2012-06-26T10:00:00Z,0.7725,1
2012-06-26T11:00:00Z,0.8545,1
2012-06-26T12:00:00Z,0.6675,1
2012-06-26T13:00:00Z,0.2775,1
2012-06-26T14:00:00Z,-0.1815,1
2012-06-26T15:00:00Z,-0.6785,1
2012-06-26T16:00:00Z,-0.9775,1
2012-06-26T17:00:00Z,-1.0235,1
2012-06-26T18:00:00Z,-0.8395,1
2012-06-26T19:00:00Z,-0.4375,1
2012-06-26T20:00:00Z,0.0575,1
2012-06-26T21:00:00Z,0.5435,1
2012-06-26T22:00:00Z,0.8885,1
2012-06-26T23:00:00Z,1.0125,1
2012-06-27T00:00:00Z,0.9325,1
2012-06-27T01:00:00Z,0.6865,1
2012-06-27T02:00:00Z,0.2935,1
2012-06-27T03:00:00Z,-0.2075,1
2012-06-27T04:00:00Z,-0.6715,1
2012-06-27T05:00:00Z,-0.9736,1
2012-06-27T06:00:00Z,-1.0446,1
2012-06-27T07:00:00Z,-0.8916,1
2012-06-27T08:00:00Z,-0.4976,1
2012-06-27T09:00:00Z,-0.0086,1
2012-06-27T10:00:00Z,0.4084,1
2012-06-27T11:00:00Z,0.6994,1
2012-06-27T12:00:00Z,0.7794,1
2012-06-27T13:00:00Z,0.6074,1
2012-06-27T14:00:00Z,0.2904,1
2012-06-27T15:00:00Z,-0.1506,1
2012-06-27T16:00:00Z,-0.5636,1
2012-06-27T17:00:00Z,-0.8346,1
2012-06-27T18:00:00Z,-0.8816,1
2012-06-27T19:00:00Z,-0.7156,1
2012-06-27T20:00:00Z,-0.3706,1
2012-06-27T21:00:00Z,0.1014,1
2012-06-27T22:00:00Z,0.5684,1
2012-06-27T23:00:00Z,0.8544,1
2012-06-28T00:00:00Z,1.0014,1
2012-06-28T01:00:00Z,0.9444,1
2012-06-28T02:00:00Z,0.7014,1
2012-06-28T03:00:00Z,0.3354,1
2012-06-28T04:00:00Z,-0.1556,1
2012-06-28T05:00:00Z,-0.5536,1
2012-06-28T06:00:00Z,-0.8716,1
2012-06-28T07:00:00Z,-0.9727,1
2012-06-28T08:00:00Z,-0.8337,1
2012-06-28T09:00:00Z,-0.4667,1
2012-06-28T10:00:00Z,0.0203,1
2012-06-28T11:00:00Z,0.4693,1
2012-06-28T12:00:00Z,0.7983,1
2012-06-28T13:00:00Z,0.9083,1
2012-06-28T14:00:00Z,0.8113,1
2012-06-28T15:00:00Z,0.5013,1
2012-06-28T16:00:00Z,0.0983,1
2012-06-28T17:00:00Z,-0.3357,1
2012-06-28T18:00:00Z,-0.6127,1
2012-06-28T19:00:00Z,-0.6977,1
2012-06-28T20:00:00Z,-0.6077,1
2012-06-28T21:00:00Z,-0.2997,1
2012-06-28T22:00:00Z,0.1573,1
2012-06-28T23:00:00Z,0.5713,1
2012-06-29T00:00:00Z,0.9203,1
2012-06-29T01:00:00Z,1.0983,1
2012-06-29T02:00:00Z,1.1143,1
2012-06-29T03:00:00Z,0.9233,1
2012-06-29T04:00:00Z,0.5733,1
2012-06-29T05:00:00Z,0.1133,1
2012-06-29T06:00:00Z,-0.3567,1
2012-06-29T07:00:00Z,-0.6997,1
2012-06-29T08:00:00Z,-0.8658,1
2012-06-29T09:00:00Z,-0.7878,1
2012-06-29T10:00:00Z,-0.4218,1
2012-06-29T11:00:00Z,0.0742,1
2012-06-29T12:00:00Z,0.5622,1
2012-06-29T13:00:00Z,0.9122,1
2012-06-29T14:00:00Z,1.0542,1
2012-06-29T15:00:00Z,0.9672,1
2012-06-29T16:00:00Z,0.6392,1
2012-06-29T17:00:00Z,0.2012,1
2012-06-29T18:00:00Z,-0.2758,1
2012-06-29T19:00:00Z,-0.6268,1
2012-06-29T20:00:00Z,-0.8128,1
2012-06-29T21:00:00Z,-0.7518,1
2012-06-29T22:00:00Z,-0.4608,1
2012-06-29T23:00:00Z,-0.0378,1
2012-06-30T00:00:00Z,0.4382,1
2012-06-30T01:00:00Z,0.8172,1
2012-06-30T02:00:00Z,1.0342,1
2012-06-30T03:00:00Z,1.1162,1
2012-06-30T04:00:00Z,0.8822,1
2012-06-30T05:00:00Z,0.5422,1
2012-06-30T06:00:00Z,0.0052,1
2012-06-30T07:00:00Z,-0.4728,1
2012-06-30T08:00:00Z,-0.8538,1
2012-06-30T09:00:00Z,-1.0138,1
2012-06-30T10:00:00Z,-0.9279,1
2012-06-30T11:00:00Z,-0.5439,1
2012-06-30T12:00:00Z,-0.0369,1
2012-06-30T13:00:00Z,0.4821,1
2012-06-30T14:00:00Z,0.8991,1
2012-06-30T15:00:00Z,1.1361,1
2012-06-30T16:00:00Z,1.0211,1
2012-06-30T17:00:00Z,0.7111,1
2012-06-30T18:00:00Z,0.2271,1
2012-06-30T19:00:00Z,-0.3089,1
2012-06-30T20:00:00Z,-0.7429,1
2012-06-30T21:00:00Z,-0.9499,1
2012-06-30T22:00:00Z,-0.9609,1
2012-06-30T23:00:00Z,-0.6579,1
2012-07-01T00:00:00Z,-0.2219,1
2012-07-01T01:00:00Z,0.3611,1
2012-07-01T02:00:00Z,0.8181,1
2012-07-01T03:00:00Z,1.0991,1
2012-07-01T04:00:00Z,1.1091,1
2012-07-01T05:00:00Z,0.8571,1
2012-07-01T06:00:00Z,0.4261,1
2012-07-01T07:00:00Z,-0.1379,1
2012-07-01T08:00:00Z,-0.7239,1
2012-07-01T09:00:00Z,-1.1549,1
2012-07-01T10:00:00Z,-1.3609,1
2012-07-01T11:00:00Z,-1.2519,1
2012-07-01T12:00:00Z,-0.82,1
2012-07-01T13:00:00Z,-0.171,1
2012-07-01T14:00:00Z,0.466,1
2012-07-01T15:00:00Z,0.993,1
2012-07-01T16:00:00Z,1.214,1
2012-07-01T17:00:00Z,1.137,1
2012-07-01T18:00:00Z,0.701,1
2012-07-01T19:00:00Z,0.145,1
2012-07-01T20:00:00Z,-0.512,1
2012-07-01T21:00:00Z,-1.032,1
2012-07-01T22:00:00Z,-1.285,1
2012-07-01T23:00:00Z,-1.286,1
2012-07-02T00:00:00Z,-0.931,1
2012-07-02T01:00:00Z,-0.329,1
2012-07-02T02:00:00Z,0.341,1
2012-07-02T03:00:00Z,0.871,1
2012-07-02T04:00:00Z,1.176,1
2012-07-02T05:00:00Z,1.24,1
2012-07-02T06:00:00Z,0.958,1
2012-07-02T07:00:00Z,0.486,1
2012-07-02T08:00:00Z,-0.146,1
2012-07-02T09:00:00Z,-0.783,1
2012-07-02T10:00:00Z,-1.271,1
2012-07-02T11:00:00Z,-1.443,1
2012-07-02T12:00:00Z,-1.277,1
2012-07-02T13:00:00Z,-0.7221,1
2012-07-02T14:00:00Z,0.0369,1
2012-07-02T15:00:00Z,0.7489,1
2012-07-02T16:00:00Z,1.2609,1
2012-07-02T17:00:00Z,1.5089,1
2012-07-02T18:00:00Z,1.3219,1
2012-07-02T19:00:00Z,0.8349,1
2012-07-02T20:00:00Z,0.1259,1
2012-07-02T21:00:00Z,-0.5941,1
2012-07-02T22:00:00Z,-1.1511,1
2012-07-02T23:00:00Z,-1.4421,1
2012-07-03T00:00:00Z,-1.3911,1
2012-07-03T01:00:00Z,-0.9951,1
2012-07-03T02:00:00Z,-0.3171,1
2012-07-03T03:00:00Z,0.4239,1
2012-07-03T04:00:00Z,0.9739,1
2012-07-03T05:00:00Z,1.3329,1
2012-07-03T06:00:00Z,1.3909,1
2012-07-03T07:00:00Z,1.0489,1
2012-07-03T08:00:00Z,0.4609,1
2012-07-03T09:00:00Z,-0.2801,1
2012-07-03T10:00:00Z,-0.9621,1
2012-07-03T11:00:00Z,-1.4461,1
2012-07-03T12:00:00Z,-1.5691,1
2012-07-03T13:00:00Z,-1.2531,1
2012-07-03T14:00:00Z,-0.5661,1
2012-07-03T15:00:00Z,0.2868,1
2012-07-03T16:00:00Z,1.0748,1
2012-07-03T17:00:00Z,1.5618,1
2012-07-03T18:00:00Z,1.7678,1
2012-07-03T19:00:00Z,1.4858,1
2012-07-03T20:00:00Z,0.8938,1
2012-07-03T21:00:00Z,0.1038,1
2012-07-03T22:00:00Z,-0.6852,1
2012-07-03T23:00:00Z,-1.2662,1
2012-07-04T00:00:00Z,-1.5302,1
2012-07-04T01:00:00Z,-1.4152,1
2012-07-04T02:00:00Z,-0.9292,1
2012-07-04T03:00:00Z,-0.1762,1
2012-07-04T04:00:00Z,0.6078,1
2012-07-04T05:00:00Z,1.1408,1
2012-07-04T06:00:00Z,1.4218,1
2012-07-04T07:00:00Z,1.4088,1
2012-07-04T08:00:00Z,0.9678,1
2012-07-04T09:00:00Z,0.3128,1
2012-07-04T10:00:00Z,-0.5172,1
2012-07-04T11:00:00Z,-1.2172,1
2012-07-04T12:00:00Z,-1.6402,1
2012-07-04T13:00:00Z,-1.6652,1
2012-07-04T14:00:00Z,-1.2172,1
2012-07-04T15:00:00Z,-0.4162,1
2012-07-04T16:00:00Z,0.5488,1
2012-07-04T17:00:00Z,1.3067,1
2012-07-04T18:00:00Z,1.7337,1
2012-07-04T19:00:00Z,1.8517,1
2012-07-04T20:00:00Z,1.4457,1
2012-07-04T21:00:00Z,0.7687,1
2012-07-04T22:00:00Z,-0.0943,1
2012-07-04T23:00:00Z,-0.8963,1
2012-07-05T00:00:00Z,-1.4893,1
2012-07-05T01:00:00Z,-1.7333,1
2012-07-05T02:00:00Z,-1.5643,1
2012-07-05T03:00:00Z,-0.9883,1
2012-07-05T04:00:00Z,-0.1733,1
2012-07-05T05:00:00Z,0.5757,1
2012-07-05T06:00:00Z,1.0727,1
2012-07-05T07:00:00Z,1.3237,1
2012-07-05T08:00:00Z,1.2347,1
2012-07-05T09:00:00Z,0.7167,1
2012-07-05T10:00:00Z,0.0257,1
2012-07-05T11:00:00Z,-0.8043,1
2012-07-05T12:00:00Z,-1.4593,1
2012-07-05T13:00:00Z,-1.7633,1
2012-07-05T14:00:00Z,-1.6343,1
2012-07-05T15:00:00Z,-1.0833,1
2012-07-05T16:00:00Z,-0.2123,1
2012-07-05T17:00:00Z,0.7287,1
2012-07-05T18:00:00Z,1.3786,1
2012-07-05T19:00:00Z,1.7066,1
2012-07-05T20:00:00Z,1.7006,1
2012-07-05T21:00:00Z,1.2266,1
2012-07-05T22:00:00Z,0.4896,1
2012-07-05T23:00:00Z,-0.3274,1
2012-07-06T00:00:00Z,-1.1164,1
2012-07-06T01:00:00Z,-1.6134,1
2012-07-06T02:00:00Z,-1.7714,1
2012-07-06T03:00:00Z,-1.4864,1
2012-07-06T04:00:00Z,-0.8294,1
2012-07-06T05:00:00Z,-4.00E-04,1
2012-07-06T06:00:00Z,0.6756,1
2012-07-06T07:00:00Z,1.0996,1
2012-07-06T08:00:00Z,1.2586,1
2012-07-06T09:00:00Z,1.0326,1
2012-07-06T10:00:00Z,0.4776,1
2012-07-06T11:00:00Z,-0.2664,1
2012-07-06T12:00:00Z,-1.0564,1
2012-07-06T13:00:00Z,-1.5994,1
2012-07-06T14:00:00Z,-1.7784,1
2012-07-06T15:00:00Z,-1.5464,1
2012-07-06T16:00:00Z,-0.8944,1
2012-07-06T17:00:00Z,-0.0254,1
2012-07-06T18:00:00Z,0.8526,1
2012-07-06T19:00:00Z,1.4086,1
2012-07-06T20:00:00Z,1.6985,1
2012-07-06T21:00:00Z,1.5475,1
2012-07-06T22:00:00Z,1.0565,1
2012-07-06T23:00:00Z,0.3515,1
2012-07-07T00:00:00Z,-0.4515,1
2012-07-07T01:00:00Z,-1.1725,1
2012-07-07T02:00:00Z,-1.5635,1
2012-07-07T03:00:00Z,-1.5655,1
2012-07-07T04:00:00Z,-1.2125,1
2012-07-07T05:00:00Z,-0.5495,1
2012-07-07T06:00:00Z,0.1835,1
2012-07-07T07:00:00Z,0.7445,1
2012-07-07T08:00:00Z,1.0365,1
2012-07-07T09:00:00Z,1.0845,1
2012-07-07T10:00:00Z,0.7435,1
2012-07-07T11:00:00Z,0.1865,1
2012-07-07T12:00:00Z,-0.5615,1
2012-07-07T13:00:00Z,-1.2185,1
2012-07-07T14:00:00Z,-1.6225,1
2012-07-07T15:00:00Z,-1.6435,1
2012-07-07T16:00:00Z,-1.3405,1
2012-07-07T17:00:00Z,-0.6685,1
2012-07-07T18:00:00Z,0.1605,1
2012-07-07T19:00:00Z,0.8985,1
2012-07-07T20:00:00Z,1.2985,1
2012-07-07T21:00:00Z,1.4845,1
2012-07-07T22:00:00Z,1.2724,1
2012-07-07T23:00:00Z,0.7934,1
2012-07-08T00:00:00Z,0.0964,1
2012-07-08T01:00:00Z,-0.6056,1
2012-07-08T02:00:00Z,-1.1526,1
2012-07-08T03:00:00Z,-1.4126,1
2012-07-08T04:00:00Z,-1.3636,1
2012-07-08T05:00:00Z,-1.0006,1
2012-07-08T06:00:00Z,-0.3546,1
2012-07-08T07:00:00Z,0.2924,1
2012-07-08T08:00:00Z,0.7174,1
2012-07-08T09:00:00Z,0.9454,1
2012-07-08T10:00:00Z,0.8944,1
2012-07-08T11:00:00Z,0.5214,1
2012-07-08T12:00:00Z,-0.0336,1
2012-07-08T13:00:00Z,-0.6566,1
2012-07-08T14:00:00Z,-1.1346,1
2012-07-08T15:00:00Z,-1.4426,1
2012-07-08T16:00:00Z,-1.3966,1
2012-07-08T17:00:00Z,-1.0366,1
2012-07-08T18:00:00Z,-0.4126,1
2012-07-08T19:00:00Z,0.3254,1
2012-07-08T20:00:00Z,0.8604,1
2012-07-08T21:00:00Z,1.1934,1
2012-07-08T22:00:00Z,1.2724,1
2012-07-08T23:00:00Z,0.9523,1
2012-07-09T00:00:00Z,0.5243,1
2012-07-09T01:00:00Z,-0.0097,1
2012-07-09T02:00:00Z,-0.6407,1
2012-07-09T03:00:00Z,-1.0897,1
2012-07-09T04:00:00Z,-1.2477,1
2012-07-09T05:00:00Z,-1.0947,1
2012-07-09T06:00:00Z,-0.7127,1
2012-07-09T07:00:00Z,-0.1337,1
2012-07-09T08:00:00Z,0.3723,1
2012-07-09T09:00:00Z,0.6613,1
2012-07-09T10:00:00Z,0.7553,1
2012-07-09T11:00:00Z,0.6343,1
2012-07-09T12:00:00Z,0.2653,1
2012-07-09T13:00:00Z,-0.2047,1
2012-07-09T14:00:00Z,-0.7017,1
2012-07-09T15:00:00Z,-1.0997,1
2012-07-09T16:00:00Z,-1.2667,1
2012-07-09T17:00:00Z,-1.1837,1
2012-07-09T18:00:00Z,-0.8247,1
2012-07-09T19:00:00Z,-0.3097,1
2012-07-09T20:00:00Z,0.3073,1
2012-07-09T21:00:00Z,0.7333,1
2012-07-09T22:00:00Z,0.9623,1
2012-07-09T23:00:00Z,1.0113,1
2012-07-10T00:00:00Z,0.7393,1
2012-07-10T01:00:00Z,0.3482,1
2012-07-10T02:00:00Z,-0.1398,1
2012-07-10T03:00:00Z,-0.6288,1
2012-07-10T04:00:00Z,-0.9558,1
2012-07-10T05:00:00Z,-1.0588,1
2012-07-10T06:00:00Z,-0.8928,1
2012-07-10T07:00:00Z,-0.5068,1
2012-07-10T08:00:00Z,-0.0188,1
2012-07-10T09:00:00Z,0.3682,1
2012-07-10T10:00:00Z,0.5942,1
2012-07-10T11:00:00Z,0.6442,1
2012-07-10T12:00:00Z,0.4802,1
2012-07-10T13:00:00Z,0.1842,1
2012-07-10T14:00:00Z,-0.1858,1
2012-07-10T15:00:00Z,-0.5938,1
2012-07-10T16:00:00Z,-0.8888,1
2012-07-10T17:00:00Z,-0.9788,1
2012-07-10T18:00:00Z,-0.8898,1
2012-07-10T19:00:00Z,-0.6198,1
2012-07-10T20:00:00Z,-0.1558,1
2012-07-10T21:00:00Z,0.2882,1
2012-07-10T22:00:00Z,0.6112,1
2012-07-10T23:00:00Z,0.7942,1
2012-07-11T00:00:00Z,0.7782,1
2012-07-11T01:00:00Z,0.5652,1
2012-07-11T02:00:00Z,0.2232,1
2012-07-11T03:00:00Z,-0.2149,1
2012-07-11T04:00:00Z,-0.6139,1
2012-07-11T05:00:00Z,-0.8259,1
2012-07-11T06:00:00Z,-0.8849,1
2012-07-11T07:00:00Z,-0.7209,1
2012-07-11T08:00:00Z,-0.3859,1
2012-07-11T09:00:00Z,-9.00E-04,1
2012-07-11T10:00:00Z,0.2981,1
2012-07-11T11:00:00Z,0.4641,1
2012-07-11T12:00:00Z,0.5081,1
2012-07-11T13:00:00Z,0.3901,1
2012-07-11T14:00:00Z,0.1481,1
2012-07-11T15:00:00Z,-0.1789,1
2012-07-11T16:00:00Z,-0.4829,1
2012-07-11T17:00:00Z,-0.7579,1
2012-07-11T18:00:00Z,-0.8029,1
2012-07-11T19:00:00Z,-0.7049,1
2012-07-11T20:00:00Z,-0.4959,1
2012-07-11T21:00:00Z,-0.1619,1
2012-07-11T22:00:00Z,0.1741,1
2012-07-11T23:00:00Z,0.4801,1
2012-07-12T00:00:00Z,0.6431,1
2012-07-12T01:00:00Z,0.6591,1
2012-07-12T02:00:00Z,0.4521,1
2012-07-12T03:00:00Z,0.1861,1
2012-07-12T04:00:00Z,-0.154,1
2012-07-12T05:00:00Z,-0.497,1
2012-07-12T06:00:00Z,-0.696,1
2012-07-12T07:00:00Z,-0.754,1
2012-07-12T08:00:00Z,-0.648,1
2012-07-12T09:00:00Z,-0.387,1
2012-07-12T10:00:00Z,-0.083,1
2012-07-12T11:00:00Z,0.185,1
2012-07-12T12:00:00Z,0.359,1
2012-07-12T13:00:00Z,0.429,1
2012-07-12T14:00:00Z,0.385,1
2012-07-12T15:00:00Z,0.206,1
2012-07-12T16:00:00Z,-0.005,1
2012-07-12T17:00:00Z,-0.273,1
2012-07-12T18:00:00Z,-0.51,1
2012-07-12T19:00:00Z,-0.657,1
2012-07-12T20:00:00Z,-0.661,1
2012-07-12T21:00:00Z,-0.48,1
2012-07-12T22:00:00Z,-0.191,1
2012-07-12T23:00:00Z,0.144,1
2012-07-13T00:00:00Z,0.434,1
2012-07-13T01:00:00Z,0.607,1
2012-07-13T02:00:00Z,0.624,1
2012-07-13T03:00:00Z,0.488,1
2012-07-13T04:00:00Z,0.238,1
2012-07-13T05:00:00Z,-0.072,1
2012-07-13T06:00:00Z,-0.3831,1
2012-07-13T07:00:00Z,-0.5971,1
2012-07-13T08:00:00Z,-0.6411,1
2012-07-13T09:00:00Z,-0.5501,1
2012-07-13T10:00:00Z,-0.3321,1
2012-07-13T11:00:00Z,-0.0821,1
2012-07-13T12:00:00Z,0.1659,1
2012-07-13T13:00:00Z,0.3859,1
2012-07-13T14:00:00Z,0.5129,1
2012-07-13T15:00:00Z,0.4849,1
2012-07-13T16:00:00Z,0.3689,1
2012-07-13T17:00:00Z,0.1389,1
2012-07-13T18:00:00Z,-0.1451,1
2012-07-13T19:00:00Z,-0.3851,1
2012-07-13T20:00:00Z,-0.5771,1
2012-07-13T21:00:00Z,-0.6101,1
2012-07-13T22:00:00Z,-0.5041,1
2012-07-13T23:00:00Z,-0.2231,1
2012-07-14T00:00:00Z,0.0909,1
2012-07-14T01:00:00Z,0.4129,1
2012-07-14T02:00:00Z,0.6069,1
2012-07-14T03:00:00Z,0.6419,1
2012-07-14T04:00:00Z,0.4719,1
2012-07-14T05:00:00Z,0.2079,1
2012-07-14T06:00:00Z,-0.1341,1
2012-07-14T07:00:00Z,-0.4181,1
2012-07-14T08:00:00Z,-0.6392,1
2012-07-14T09:00:00Z,-0.7132,1
2012-07-14T10:00:00Z,-0.6472,1
2012-07-14T11:00:00Z,-0.4392,1
2012-07-14T12:00:00Z,-0.1502,1
2012-07-14T13:00:00Z,0.1388,1
2012-07-14T14:00:00Z,0.4178,1
2012-07-14T15:00:00Z,0.5858,1
2012-07-14T16:00:00Z,0.5898,1
2012-07-14T17:00:00Z,0.4458,1
2012-07-14T18:00:00Z,0.1558,1
2012-07-14T19:00:00Z,-0.1552,1
2012-07-14T20:00:00Z,-0.4582,1
2012-07-14T21:00:00Z,-0.6542,1
2012-07-14T22:00:00Z,-0.6962,1
2012-07-14T23:00:00Z,-0.5522,1
2012-07-15T00:00:00Z,-0.2542,1
2012-07-15T01:00:00Z,0.1258,1
2012-07-15T02:00:00Z,0.4698,1
2012-07-15T03:00:00Z,0.6538,1
2012-07-15T04:00:00Z,0.6768,1
2012-07-15T05:00:00Z,0.5038,1
2012-07-15T06:00:00Z,0.2008,1
2012-07-15T07:00:00Z,-0.1572,1
2012-07-15T08:00:00Z,-0.4492,1
2012-07-15T09:00:00Z,-0.6913,1
2012-07-15T10:00:00Z,-0.7773,1
2012-07-15T11:00:00Z,-0.6853,1
2012-07-15T12:00:00Z,-0.4513,1
2012-07-15T13:00:00Z,-0.0903,1
2012-07-15T14:00:00Z,0.2837,1
2012-07-15T15:00:00Z,0.6257,1
2012-07-15T16:00:00Z,0.7557,1
2012-07-15T17:00:00Z,0.7067,1
2012-07-15T18:00:00Z,0.5037,1
2012-07-15T19:00:00Z,0.1607,1
2012-07-15T20:00:00Z,-0.2433,1
2012-07-15T21:00:00Z,-0.5553,1
2012-07-15T22:00:00Z,-0.7773,1
2012-07-15T23:00:00Z,-0.7913,1
2012-07-16T00:00:00Z,-0.5973,1
2012-07-16T01:00:00Z,-0.2063,1
2012-07-16T02:00:00Z,0.2227,1
2012-07-16T03:00:00Z,0.5927,1
2012-07-16T04:00:00Z,0.7847,1
2012-07-16T05:00:00Z,0.7457,1
2012-07-16T06:00:00Z,0.5297,1
2012-07-16T07:00:00Z,0.1567,1
2012-07-16T08:00:00Z,-0.2303,1
2012-07-16T09:00:00Z,-0.5983,1
2012-07-16T10:00:00Z,-0.8353,1
2012-07-16T11:00:00Z,-0.9084,1
2012-07-16T12:00:00Z,-0.7164,1
2012-07-16T13:00:00Z,-0.3714,1
2012-07-16T14:00:00Z,0.0856,1
2012-07-16T15:00:00Z,0.5436,1
2012-07-16T16:00:00Z,0.8386,1
2012-07-16T17:00:00Z,0.9646,1
2012-07-16T18:00:00Z,0.8026,1
2012-07-16T19:00:00Z,0.5016,1
2012-07-16T20:00:00Z,0.0166,1
2012-07-16T21:00:00Z,-0.4714,1
2012-07-16T22:00:00Z,-0.8304,1
2012-07-16T23:00:00Z,-1.0564,1
2012-07-17T00:00:00Z,-0.9864,1
2012-07-17T01:00:00Z,-0.6414,1
2012-07-17T02:00:00Z,-0.1504,1
2012-07-17T03:00:00Z,0.3126,1
2012-07-17T04:00:00Z,0.6896,1
2012-07-17T05:00:00Z,0.8196,1
2012-07-17T06:00:00Z,0.7436,1
2012-07-17T07:00:00Z,0.3566,1
2012-07-17T08:00:00Z,-0.0864,1
2012-07-17T09:00:00Z,-0.5874,1
2012-07-17T10:00:00Z,-0.9574,1
2012-07-17T11:00:00Z,-1.1544,1
2012-07-17T12:00:00Z,-1.0814,1
2012-07-17T13:00:00Z,-0.8035,1
2012-07-17T14:00:00Z,-0.2775,1
2012-07-17T15:00:00Z,0.3425,1
2012-07-17T16:00:00Z,0.8165,1
2012-07-17T17:00:00Z,1.1015,1
2012-07-17T18:00:00Z,1.0945,1
2012-07-17T19:00:00Z,0.8515,1
2012-07-17T20:00:00Z,0.4435,1
2012-07-17T21:00:00Z,-0.1025,1
2012-07-17T22:00:00Z,-0.6015,1
2012-07-17T23:00:00Z,-0.9505,1
2012-07-18T00:00:00Z,-1.0405,1
2012-07-18T01:00:00Z,-0.8615,1
2012-07-18T02:00:00Z,-0.3735,1
2012-07-18T03:00:00Z,0.2135,1
2012-07-18T04:00:00Z,0.6835,1
2012-07-18T05:00:00Z,1.0125,1
2012-07-18T06:00:00Z,1.0605,1
2012-07-18T07:00:00Z,0.8145,1
2012-07-18T08:00:00Z,0.3955,1
2012-07-18T09:00:00Z,-0.1605,1
2012-07-18T10:00:00Z,-0.7005,1
2012-07-18T11:00:00Z,-1.0485,1
2012-07-18T12:00:00Z,-1.1525,1
2012-07-18T13:00:00Z,-0.9495,1
2012-07-18T14:00:00Z,-0.5115,1
2012-07-18T15:00:00Z,0.1484,1
2012-07-18T16:00:00Z,0.7674,1
2012-07-18T17:00:00Z,1.1674,1
2012-07-18T18:00:00Z,1.3184,1
2012-07-18T19:00:00Z,1.1494,1
2012-07-18T20:00:00Z,0.7384,1
2012-07-18T21:00:00Z,0.1754,1
2012-07-18T22:00:00Z,-0.4676,1
2012-07-18T23:00:00Z,-0.9336,1
2012-07-19T00:00:00Z,-1.2276,1
2012-07-19T01:00:00Z,-1.2116,1
2012-07-19T02:00:00Z,-0.8736,1
2012-07-19T03:00:00Z,-0.2496,1
2012-07-19T04:00:00Z,0.4264,1
2012-07-19T05:00:00Z,0.8314,1
2012-07-19T06:00:00Z,1.0834,1
2012-07-19T07:00:00Z,1.0254,1
2012-07-19T08:00:00Z,0.6144,1
2012-07-19T09:00:00Z,0.0334,1
2012-07-19T10:00:00Z,-0.5926,1
2012-07-19T11:00:00Z,-1.1296,1
2012-07-19T12:00:00Z,-1.4556,1
2012-07-19T13:00:00Z,-1.4336,1
2012-07-19T14:00:00Z,-1.0626,1
2012-07-19T15:00:00Z,-0.4226,1
2012-07-19T16:00:00Z,0.2993,1
2012-07-19T17:00:00Z,0.8863,1
2012-07-19T18:00:00Z,1.1913,1
2012-07-19T19:00:00Z,1.2493,1
2012-07-19T20:00:00Z,0.9153,1
2012-07-19T21:00:00Z,0.3973,1
2012-07-19T22:00:00Z,-0.2457,1
2012-07-19T23:00:00Z,-0.9107,1
2012-07-20T00:00:00Z,-1.3777,1
2012-07-20T01:00:00Z,-1.5177,1
2012-07-20T02:00:00Z,-1.3327,1
2012-07-20T03:00:00Z,-0.8137,1
2012-07-20T04:00:00Z,-0.1267,1
2012-07-20T05:00:00Z,0.5663,1
2012-07-20T06:00:00Z,0.9463,1
2012-07-20T07:00:00Z,1.1163,1
2012-07-20T08:00:00Z,0.8743,1
2012-07-20T09:00:00Z,0.3803,1
2012-07-20T10:00:00Z,-0.2517,1
2012-07-20T11:00:00Z,-0.9667,1
2012-07-20T12:00:00Z,-1.4627,1
2012-07-20T13:00:00Z,-1.6117,1
2012-07-20T14:00:00Z,-1.4117,1
2012-07-20T15:00:00Z,-0.8607,1
2012-07-20T16:00:00Z,-0.1177,1
2012-07-20T17:00:00Z,0.6473,1
2012-07-20T18:00:00Z,1.1692,1
2012-07-20T19:00:00Z,1.3642,1
2012-07-20T20:00:00Z,1.2322,1
2012-07-20T21:00:00Z,0.7412,1
2012-07-20T22:00:00Z,0.1132,1
2012-07-20T23:00:00Z,-0.5908,1
2012-07-21T00:00:00Z,-1.1708,1
2012-07-21T01:00:00Z,-1.5308,1
2012-07-21T02:00:00Z,-1.5368,1
2012-07-21T03:00:00Z,-1.2118,1
2012-07-21T04:00:00Z,-0.5538,1
2012-07-21T05:00:00Z,0.1632,1
2012-07-21T06:00:00Z,0.7852,1
2012-07-21T07:00:00Z,1.0892,1
2012-07-21T08:00:00Z,1.1052,1
2012-07-21T09:00:00Z,0.7292,1
2012-07-21T10:00:00Z,0.1142,1
2012-07-21T11:00:00Z,-0.6248,1
2012-07-21T12:00:00Z,-1.2478,1
2012-07-21T13:00:00Z,-1.6508,1
2012-07-21T14:00:00Z,-1.5968,1
2012-07-21T15:00:00Z,-1.1958,1
2012-07-21T16:00:00Z,-0.4878,1
2012-07-21T17:00:00Z,0.3142,1
2012-07-21T18:00:00Z,0.9662,1
2012-07-21T19:00:00Z,1.3572,1
2012-07-21T20:00:00Z,1.4431,1
2012-07-21T21:00:00Z,1.1511,1
2012-07-21T22:00:00Z,0.6111,1
2012-07-21T23:00:00Z,-0.0339,1
2012-07-22T00:00:00Z,-0.7409,1
2012-07-22T01:00:00Z,-1.2459,1
2012-07-22T02:00:00Z,-1.4959,1
2012-07-22T03:00:00Z,-1.3209,1
2012-07-22T04:00:00Z,-0.8309,1
2012-07-22T05:00:00Z,-0.0819,1
2012-07-22T06:00:00Z,0.6661,1
2012-07-22T07:00:00Z,1.1571,1
2012-07-22T08:00:00Z,1.3331,1
2012-07-22T09:00:00Z,1.1701,1
2012-07-22T10:00:00Z,0.7151,1
2012-07-22T11:00:00Z,0.0531,1
2012-07-22T12:00:00Z,-0.6769,1
2012-07-22T13:00:00Z,-1.2289,1
2012-07-22T14:00:00Z,-1.4479,1
2012-07-22T15:00:00Z,-1.2129,1
2012-07-22T16:00:00Z,-0.7129,1
2012-07-22T17:00:00Z,0.0641,1
2012-07-22T18:00:00Z,0.8191,1
2012-07-22T19:00:00Z,1.3931,1
2012-07-22T20:00:00Z,1.5871,1
2012-07-22T21:00:00Z,1.481,1
2012-07-22T22:00:00Z,1.034,1
2012-07-22T23:00:00Z,0.511,1
2012-07-23T00:00:00Z,-0.201,1
2012-07-23T01:00:00Z,-0.824,1
2012-07-23T02:00:00Z,-1.236,1
2012-07-23T03:00:00Z,-1.407,1
2012-07-23T04:00:00Z,-1.238,1
2012-07-23T05:00:00Z,-0.66,1
2012-07-23T06:00:00Z,0.188,1
2012-07-23T07:00:00Z,0.904,1
2012-07-23T08:00:00Z,1.227,1
2012-07-23T09:00:00Z,1.297,1
2012-07-23T10:00:00Z,0.873,1
2012-07-23T11:00:00Z,0.353,1
2012-07-23T12:00:00Z,-0.354,1
2012-07-23T13:00:00Z,-0.914,1
2012-07-23T14:00:00Z,-1.476,1
2012-07-23T15:00:00Z,-1.406,1
2012-07-23T16:00:00Z,-1.147,1
2012-07-23T17:00:00Z,-0.641,1
2012-07-23T18:00:00Z,0.148,1
2012-07-23T19:00:00Z,0.868,1
2012-07-23T20:00:00Z,1.162,1
2012-07-23T21:00:00Z,1.403,1
2012-07-23T22:00:00Z,1.082,1
2012-07-23T23:00:00Z,0.7149,1
2012-07-24T00:00:00Z,0.2039,1
2012-07-24T01:00:00Z,-0.5091,1
2012-07-24T02:00:00Z,-1.0421,1
2012-07-24T03:00:00Z,-1.3891,1
2012-07-24T04:00:00Z,-1.4481,1
2012-07-24T05:00:00Z,-1.1071,1
2012-07-24T06:00:00Z,-0.4371,1
2012-07-24T07:00:00Z,0.1859,1
2012-07-24T08:00:00Z,0.6969,1
2012-07-24T09:00:00Z,1.0379,1
2012-07-24T10:00:00Z,1.0279,1
2012-07-24T11:00:00Z,0.6629,1
2012-07-24T12:00:00Z,0.1429,1
2012-07-24T13:00:00Z,-0.5151,1
2012-07-24T14:00:00Z,-1.1231,1
2012-07-24T15:00:00Z,-1.3991,1
2012-07-24T16:00:00Z,-1.3911,1
2012-07-24T17:00:00Z,-0.9961,1
2012-07-24T18:00:00Z,-0.4571,1
2012-07-24T19:00:00Z,0.2589,1
2012-07-24T20:00:00Z,0.7739,1
2012-07-24T21:00:00Z,1.0959,1
2012-07-24T22:00:00Z,1.0759,1
2012-07-24T23:00:00Z,0.9449,1
2012-07-25T00:00:00Z,0.5339,1
2012-07-25T01:00:00Z,-0.0512,1
2012-07-25T02:00:00Z,-0.6382,1
2012-07-25T03:00:00Z,-1.1182,1
2012-07-25T04:00:00Z,-1.3612,1
2012-07-25T05:00:00Z,-1.3512,1
2012-07-25T06:00:00Z,-1.0232,1
2012-07-25T07:00:00Z,-0.3782,1
2012-07-25T08:00:00Z,0.1968,1
2012-07-25T09:00:00Z,0.6348,1
2012-07-25T10:00:00Z,0.8298,1
2012-07-25T11:00:00Z,0.8018,1
2012-07-25T12:00:00Z,0.3888,1
2012-07-25T13:00:00Z,-0.1002,1
2012-07-25T14:00:00Z,-0.7122,1
2012-07-25T15:00:00Z,-1.1492,1
2012-07-25T16:00:00Z,-1.3482,1
2012-07-25T17:00:00Z,-1.2522,1
2012-07-25T18:00:00Z,-0.9062,1
2012-07-25T19:00:00Z,-0.3842,1
2012-07-25T20:00:00Z,0.2308,1
2012-07-25T21:00:00Z,0.7028,1
2012-07-25T22:00:00Z,0.9138,1
2012-07-25T23:00:00Z,0.9248,1
2012-07-26T00:00:00Z,0.7208,1
2012-07-26T01:00:00Z,0.3728,1
2012-07-26T02:00:00Z,-0.0903,1
2012-07-26T03:00:00Z,-0.6233,1
2012-07-26T04:00:00Z,-1.0343,1
2012-07-26T05:00:00Z,-1.2423,1
2012-07-26T06:00:00Z,-1.2063,1
2012-07-26T07:00:00Z,-0.8573,1
2012-07-26T08:00:00Z,-0.3493,1
2012-07-26T09:00:00Z,0.1967,1
2012-07-26T10:00:00Z,0.6157,1
2012-07-26T11:00:00Z,0.7917,1
2012-07-26T12:00:00Z,0.7057,1
2012-07-26T13:00:00Z,0.3987,1
2012-07-26T14:00:00Z,-0.0183,1
2012-07-26T15:00:00Z,-0.5173,1
2012-07-26T16:00:00Z,-0.9103,1
2012-07-26T17:00:00Z,-1.0723,1
2012-07-26T18:00:00Z,-0.9823,1
2012-07-26T19:00:00Z,-0.7233,1
2012-07-26T20:00:00Z,-0.2603,1
2012-07-26T21:00:00Z,0.2447,1
2012-07-26T22:00:00Z,0.6437,1
2012-07-26T23:00:00Z,0.8647,1
2012-07-27T00:00:00Z,0.9187,1
2012-07-27T01:00:00Z,0.7687,1
2012-07-27T02:00:00Z,0.4947,1
2012-07-27T03:00:00Z,0.0357,1
2012-07-27T04:00:00Z,-0.4334,1
2012-07-27T05:00:00Z,-0.7784,1
2012-07-27T06:00:00Z,-0.9844,1
2012-07-27T07:00:00Z,-0.9334,1
2012-07-27T08:00:00Z,-0.6714,1
2012-07-27T09:00:00Z,-0.2104,1
2012-07-27T10:00:00Z,0.2336,1
2012-07-27T11:00:00Z,0.5636,1
2012-07-27T12:00:00Z,0.7506,1
2012-07-27T13:00:00Z,0.7256,1
2012-07-27T14:00:00Z,0.5186,1
2012-07-27T15:00:00Z,0.1156,1
2012-07-27T16:00:00Z,-0.2844,1
2012-07-27T17:00:00Z,-0.6724,1
2012-07-27T18:00:00Z,-0.9394,1
2012-07-27T19:00:00Z,-0.8494,1
2012-07-27T20:00:00Z,-0.7244,1
2012-07-27T21:00:00Z,-0.3524,1
2012-07-27T22:00:00Z,0.0476,1
2012-07-27T23:00:00Z,0.4446,1
2012-07-28T00:00:00Z,0.6906,1
2012-07-28T01:00:00Z,0.8026,1
2012-07-28T02:00:00Z,0.7086,1
2012-07-28T03:00:00Z,0.4996,1
2012-07-28T04:00:00Z,0.1106,1
2012-07-28T05:00:00Z,-0.2984,1
2012-07-28T06:00:00Z,-0.6505,1
2012-07-28T07:00:00Z,-0.9205,1
2012-07-28T08:00:00Z,-0.9465,1
2012-07-28T09:00:00Z,-0.7115,1
2012-07-28T10:00:00Z,-0.3885,1
2012-07-28T11:00:00Z,0.0945,1
2012-07-28T12:00:00Z,0.4605,1
2012-07-28T13:00:00Z,0.7585,1
2012-07-28T14:00:00Z,0.7745,1
2012-07-28T15:00:00Z,0.6325,1
2012-07-28T16:00:00Z,0.4125,1
2012-07-28T17:00:00Z,-0.0805,1
2012-07-28T18:00:00Z,-0.5005,1
2012-07-28T19:00:00Z,-0.7785,1
2012-07-28T20:00:00Z,-0.9155,1
2012-07-28T21:00:00Z,-0.8265,1
2012-07-28T22:00:00Z,-0.5085,1
2012-07-28T23:00:00Z,-0.1385,1
2012-07-29T00:00:00Z,0.2495,1
2012-07-29T01:00:00Z,0.6255,1
2012-07-29T02:00:00Z,0.7755,1
2012-07-29T03:00:00Z,0.7515,1
2012-07-29T04:00:00Z,0.5735,1
2012-07-29T05:00:00Z,0.2245,1
2012-07-29T06:00:00Z,-0.2415,1
2012-07-29T07:00:00Z,-0.6476,1
2012-07-29T08:00:00Z,-0.9896,1
2012-07-29T09:00:00Z,-1.0506,1
2012-07-29T10:00:00Z,-0.9106,1
2012-07-29T11:00:00Z,-0.5266,1
2012-07-29T12:00:00Z,-0.0636,1
2012-07-29T13:00:00Z,0.4714,1
2012-07-29T14:00:00Z,0.7864,1
2012-07-29T15:00:00Z,0.9814,1
2012-07-29T16:00:00Z,0.8424,1
2012-07-29T17:00:00Z,0.5054,1
2012-07-29T18:00:00Z,0.0984,1
2012-07-29T19:00:00Z,-0.4046,1
2012-07-29T20:00:00Z,-0.8646,1
2012-07-29T21:00:00Z,-1.0056,1
2012-07-29T22:00:00Z,-1.0056,1
2012-07-29T23:00:00Z,-0.7406,1
2012-07-30T00:00:00Z,-0.3286,1
2012-07-30T01:00:00Z,0.1884,1
2012-07-30T02:00:00Z,0.5804,1
2012-07-30T03:00:00Z,0.8294,1
2012-07-30T04:00:00Z,0.8884,1
2012-07-30T05:00:00Z,0.7004,1
2012-07-30T06:00:00Z,0.3234,1
2012-07-30T07:00:00Z,-0.1876,1
2012-07-30T08:00:00Z,-0.6986,1
2012-07-30T09:00:00Z,-1.0667,1
2012-07-30T10:00:00Z,-1.1797,1
2012-07-30T11:00:00Z,-1.0527,1
2012-07-30T12:00:00Z,-0.5997,1
2012-07-30T13:00:00Z,-0.0107,1
2012-07-30T14:00:00Z,0.5773,1
2012-07-30T15:00:00Z,1.0013,1
2012-07-30T16:00:00Z,1.2113,1
2012-07-30T17:00:00Z,1.0793,1
2012-07-30T18:00:00Z,0.6693,1
2012-07-30T19:00:00Z,0.1293,1
2012-07-30T20:00:00Z,-0.4767,1
2012-07-30T21:00:00Z,-0.9487,1
2012-07-30T22:00:00Z,-1.1867,1
2012-07-30T23:00:00Z,-1.1707,1
2012-07-31T00:00:00Z,-0.8617,1
2012-07-31T01:00:00Z,-0.3437,1
2012-07-31T02:00:00Z,0.2563,1
2012-07-31T03:00:00Z,0.7363,1
2012-07-31T04:00:00Z,1.0363,1
2012-07-31T05:00:00Z,1.0923,1
2012-07-31T06:00:00Z,0.8293,1
2012-07-31T07:00:00Z,0.4153,1
2012-07-31T08:00:00Z,-0.2137,1
2012-07-31T09:00:00Z,-0.8067,1
2012-07-31T10:00:00Z,-1.1967,1
2012-07-31T11:00:00Z,-1.2988,1
2012-07-31T12:00:00Z,-1.0618,1
2012-07-31T13:00:00Z,-0.5398,1
2012-07-31T14:00:00Z,0.1942,1
2012-07-31T15:00:00Z,0.8942,1
2012-07-31T16:00:00Z,1.3692,1
2012-07-31T17:00:00Z,1.5452,1
2012-07-31T18:00:00Z,1.3202,1
2012-07-31T19:00:00Z,0.8282,1
2012-07-31T20:00:00Z,0.1652,1
2012-07-31T21:00:00Z,-0.5178,1
2012-07-31T22:00:00Z,-1.0318,1
2012-07-31T23:00:00Z,-1.2588,1
2012-08-01T00:00:00Z,-1.1788,1
2012-08-01T01:00:00Z,-0.7668,1
2012-08-01T02:00:00Z,-0.1178,1
2012-08-01T03:00:00Z,0.6012,1
2012-08-01T04:00:00Z,1.1022,1
2012-08-01T05:00:00Z,1.4132,1
2012-08-01T06:00:00Z,1.4132,1
2012-08-01T07:00:00Z,1.0692,1
2012-08-01T08:00:00Z,0.5082,1
2012-08-01T09:00:00Z,-0.1918,1
2012-08-01T10:00:00Z,-0.8538,1
2012-08-01T11:00:00Z,-1.2378,1
2012-08-01T12:00:00Z,-1.2749,1
2012-08-01T13:00:00Z,-0.8819,1
2012-08-01T14:00:00Z,-0.1919,1
2012-08-01T15:00:00Z,0.6671,1
2012-08-01T16:00:00Z,1.4181,1
2012-08-01T17:00:00Z,1.8641,1
2012-08-01T18:00:00Z,1.9511,1
2012-08-01T19:00:00Z,1.6321,1
2012-08-01T20:00:00Z,0.9731,1
2012-08-01T21:00:00Z,0.1921,1
2012-08-01T22:00:00Z,-0.6149,1
2012-08-01T23:00:00Z,-1.1909,1
2012-08-02T00:00:00Z,-1.4509,1
2012-08-02T01:00:00Z,-1.2809,1
2012-08-02T02:00:00Z,-0.7909,1
2012-08-02T03:00:00Z,-0.0459,1
2012-08-02T04:00:00Z,0.6781,1
2012-08-02T05:00:00Z,1.1611,1
2012-08-02T06:00:00Z,1.3921,1
2012-08-02T07:00:00Z,1.2951,1
2012-08-02T08:00:00Z,0.7941,1
2012-08-02T09:00:00Z,0.1231,1
2012-08-02T10:00:00Z,-0.6329,1
2012-08-02T11:00:00Z,-1.2589,1
2012-08-02T12:00:00Z,-1.5659,1
2012-08-02T13:00:00Z,-1.4809,1
2012-08-02T14:00:00Z,-0.97,1
2012-08-02T15:00:00Z,-0.089,1
2012-08-02T16:00:00Z,0.803,1
2012-08-02T17:00:00Z,1.529,1
2012-08-02T18:00:00Z,1.885,1
2012-08-02T19:00:00Z,1.879,1
2012-08-02T20:00:00Z,1.416,1
2012-08-02T21:00:00Z,0.702,1
2012-08-02T22:00:00Z,-0.156,1
2012-08-02T23:00:00Z,-0.942,1
2012-08-03T00:00:00Z,-1.447,1
2012-08-03T01:00:00Z,-1.582,1
2012-08-03T02:00:00Z,-1.29,1
2012-08-03T03:00:00Z,-0.626,1
2012-08-03T04:00:00Z,0.194,1
2012-08-03T05:00:00Z,0.894,1
2012-08-03T06:00:00Z,1.311,1
2012-08-03T07:00:00Z,1.462,1
2012-08-03T08:00:00Z,1.202,1
2012-08-03T09:00:00Z,0.614,1
2012-08-03T10:00:00Z,-0.123,1
2012-08-03T11:00:00Z,-0.945,1
2012-08-03T12:00:00Z,-1.493,1
2012-08-03T13:00:00Z,-1.692,1
2012-08-03T14:00:00Z,-1.442,1
2012-08-03T15:00:00Z,-0.771,1
2012-08-03T16:00:00Z,0.1549,1
2012-08-03T17:00:00Z,1.0589,1
2012-08-03T18:00:00Z,1.6419,1
2012-08-03T19:00:00Z,1.8919,1
2012-08-03T20:00:00Z,1.6849,1
2012-08-03T21:00:00Z,1.1239,1
2012-08-03T22:00:00Z,0.3679,1
2012-08-03T23:00:00Z,-0.4991,1
2012-08-04T00:00:00Z,-1.2181,1
2012-08-04T01:00:00Z,-1.6301,1
2012-08-04T02:00:00Z,-1.6331,1
2012-08-04T03:00:00Z,-1.1971,1
2012-08-04T04:00:00Z,-0.4451,1
2012-08-04T05:00:00Z,0.3659,1
2012-08-04T06:00:00Z,0.9649,1
2012-08-04T07:00:00Z,1.2959,1
2012-08-04T08:00:00Z,1.3299,1
2012-08-04T09:00:00Z,0.9199,1
2012-08-04T10:00:00Z,0.2519,1
2012-08-04T11:00:00Z,-0.5441,1
2012-08-04T12:00:00Z,-1.2931,1
2012-08-04T13:00:00Z,-1.7391,1
2012-08-04T14:00:00Z,-1.7901,1
2012-08-04T15:00:00Z,-1.3921,1
2012-08-04T16:00:00Z,-0.6191,1
2012-08-04T17:00:00Z,0.3388,1
2012-08-04T18:00:00Z,1.1088,1
2012-08-04T19:00:00Z,1.5648,1
2012-08-04T20:00:00Z,1.6968,1
2012-08-04T21:00:00Z,1.3518,1
2012-08-04T22:00:00Z,0.7558,1
2012-08-04T23:00:00Z,-0.0172,1
2012-08-05T00:00:00Z,-0.8302,1
2012-08-05T01:00:00Z,-1.4212,1
2012-08-05T02:00:00Z,-1.6632,1
2012-08-05T03:00:00Z,-1.5152,1
2012-08-05T04:00:00Z,-0.9722,1
2012-08-05T05:00:00Z,-0.1762,1
2012-08-05T06:00:00Z,0.5778,1
2012-08-05T07:00:00Z,1.0458,1
2012-08-05T08:00:00Z,1.2388,1
2012-08-05T09:00:00Z,1.0708,1
2012-08-05T10:00:00Z,0.5758,1
2012-08-05T11:00:00Z,-0.0632,1
2012-08-05T12:00:00Z,-0.8312,1
2012-08-05T13:00:00Z,-1.4002,1
2012-08-05T14:00:00Z,-1.6642,1
2012-08-05T15:00:00Z,-1.5312,1
2012-08-05T16:00:00Z,-1.0572,1
2012-08-05T17:00:00Z,-0.2452,1
2012-08-05T18:00:00Z,0.6048,1
2012-08-05T19:00:00Z,1.2107,1
2012-08-05T20:00:00Z,1.5447,1
2012-08-05T21:00:00Z,1.5117,1
2012-08-05T22:00:00Z,1.1397,1
2012-08-05T23:00:00Z,0.5047,1
2012-08-06T00:00:00Z,-0.2113,1
2012-08-06T01:00:00Z,-0.8833,1
2012-08-06T02:00:00Z,-1.2933,1
2012-08-06T03:00:00Z,-1.3743,1
2012-08-06T04:00:00Z,-1.1003,1
2012-08-06T05:00:00Z,-0.5173,1
2012-08-06T06:00:00Z,0.2147,1
2012-08-06T07:00:00Z,0.7757,1
2012-08-06T08:00:00Z,1.0777,1
2012-08-06T09:00:00Z,1.1197,1
2012-08-06T10:00:00Z,0.8267,1
2012-08-06T11:00:00Z,0.3407,1
2012-08-06T12:00:00Z,-0.2973,1
2012-08-06T13:00:00Z,-0.9043,1
2012-08-06T14:00:00Z,-1.3593,1
2012-08-06T15:00:00Z,-1.4743,1
2012-08-06T16:00:00Z,-1.2183,1
2012-08-06T17:00:00Z,-0.6873,1
2012-08-06T18:00:00Z,0.0517,1
2012-08-06T19:00:00Z,0.7617,1
2012-08-06T20:00:00Z,1.1757,1
2012-08-06T21:00:00Z,1.3506,1
2012-08-06T22:00:00Z,1.1996,1
2012-08-06T23:00:00Z,0.7826,1
2012-08-07T00:00:00Z,0.2136,1
2012-08-07T01:00:00Z,-0.4324,1
2012-08-07T02:00:00Z,-0.9534,1
2012-08-07T03:00:00Z,-1.2314,1
2012-08-07T04:00:00Z,-1.1924,1
2012-08-07T05:00:00Z,-0.8534,1
2012-08-07T06:00:00Z,-0.2624,1
2012-08-07T07:00:00Z,0.3496,1
2012-08-07T08:00:00Z,0.7436,1
2012-08-07T09:00:00Z,0.9166,1
2012-08-07T10:00:00Z,0.8476,1
2012-08-07T11:00:00Z,0.5176,1
2012-08-07T12:00:00Z,0.0456,1
2012-08-07T13:00:00Z,-0.4884,1
2012-08-07T14:00:00Z,-0.9834,1
2012-08-07T15:00:00Z,-1.2514,1
2012-08-07T16:00:00Z,-1.2234,1
2012-08-07T17:00:00Z,-0.9344,1
2012-08-07T18:00:00Z,-0.4174,1
2012-08-07T19:00:00Z,0.2286,1
2012-08-07T20:00:00Z,0.7096,1
2012-08-07T21:00:00Z,1.0016,1
2012-08-07T22:00:00Z,1.0635,1
2012-08-07T23:00:00Z,0.8565,1
2012-08-08T00:00:00Z,0.4615,1
2012-08-08T01:00:00Z,-0.0395,1
2012-08-08T02:00:00Z,-0.5595,1
2012-08-08T03:00:00Z,-0.9215,1
2012-08-08T04:00:00Z,-1.0775,1
2012-08-08T05:00:00Z,-0.9645,1
2012-08-08T06:00:00Z,-0.6055,1
2012-08-08T07:00:00Z,-0.1015,1
2012-08-08T08:00:00Z,0.3655,1
2012-08-08T09:00:00Z,0.6295,1
2012-08-08T10:00:00Z,0.7115,1
2012-08-08T11:00:00Z,0.5945,1
2012-08-08T12:00:00Z,0.2885,1
2012-08-08T13:00:00Z,-0.1175,1
2012-08-08T14:00:00Z,-0.5475,1
2012-08-08T15:00:00Z,-0.8945,1
2012-08-08T16:00:00Z,-1.0515,1
2012-08-08T17:00:00Z,-0.9815,1
2012-08-08T18:00:00Z,-0.7315,1
2012-08-08T19:00:00Z,-0.2995,1
2012-08-08T20:00:00Z,0.1765,1
2012-08-08T21:00:00Z,0.5275,1
2012-08-08T22:00:00Z,0.7225,1
2012-08-08T23:00:00Z,0.7195,1
2012-08-09T00:00:00Z,0.5434,1
2012-08-09T01:00:00Z,0.2064,1
2012-08-09T02:00:00Z,-0.2026,1
2012-08-09T03:00:00Z,-0.6066,1
2012-08-09T04:00:00Z,-0.8656,1
2012-08-09T05:00:00Z,-0.9246,1
2012-08-09T06:00:00Z,-0.7876,1
2012-08-09T07:00:00Z,-0.4416,1
2012-08-09T08:00:00Z,-0.0016,1
2012-08-09T09:00:00Z,0.2954,1
2012-08-09T10:00:00Z,0.4764,1
2012-08-09T11:00:00Z,0.4834,1
2012-08-09T12:00:00Z,0.3544,1
2012-08-09T13:00:00Z,0.1304,1
2012-08-09T14:00:00Z,-0.1746,1
2012-08-09T15:00:00Z,-0.4856,1
2012-08-09T16:00:00Z,-0.7396,1
2012-08-09T17:00:00Z,-0.8546,1
2012-08-09T18:00:00Z,-0.8336,1
2012-08-09T19:00:00Z,-0.6316,1
2012-08-09T20:00:00Z,-0.2916,1
2012-08-09T21:00:00Z,0.0714,1
2012-08-09T22:00:00Z,0.3394,1
2012-08-09T23:00:00Z,0.4834,1
2012-08-10T00:00:00Z,0.4874,1
2012-08-10T01:00:00Z,0.3564,1
2012-08-10T02:00:00Z,0.1143,1
2012-08-10T03:00:00Z,-0.2237,1
2012-08-10T04:00:00Z,-0.5507,1
2012-08-10T05:00:00Z,-0.7567,1
2012-08-10T06:00:00Z,-0.7747,1
2012-08-10T07:00:00Z,-0.6377,1
2012-08-10T08:00:00Z,-0.3917,1
2012-08-10T09:00:00Z,-0.0817,1
2012-08-10T10:00:00Z,0.1413,1
2012-08-10T11:00:00Z,0.3053,1
2012-08-10T12:00:00Z,0.3513,1
2012-08-10T13:00:00Z,0.3063,1
2012-08-10T14:00:00Z,0.1623,1
2012-08-10T15:00:00Z,-0.0547,1
2012-08-10T16:00:00Z,-0.2857,1
2012-08-10T17:00:00Z,-0.5057,1
2012-08-10T18:00:00Z,-0.6097,1
2012-08-10T19:00:00Z,-0.6347,1
2012-08-10T20:00:00Z,-0.5007,1
2012-08-10T21:00:00Z,-0.2347,1
2012-08-10T22:00:00Z,0.0383,1
2012-08-10T23:00:00Z,0.3013,1
2012-08-11T00:00:00Z,0.4363,1
2012-08-11T01:00:00Z,0.4563,1
2012-08-11T02:00:00Z,0.3493,1
2012-08-11T03:00:00Z,0.1412,1
2012-08-11T04:00:00Z,-0.1318,1
2012-08-11T05:00:00Z,-0.3908,1
2012-08-11T06:00:00Z,-0.5618,1
2012-08-11T07:00:00Z,-0.6118,1
2012-08-11T08:00:00Z,-0.5478,1
2012-08-11T09:00:00Z,-0.3698,1
2012-08-11T10:00:00Z,-0.1308,1
2012-08-11T11:00:00Z,0.0992,1
2012-08-11T12:00:00Z,0.2872,1
2012-08-11T13:00:00Z,0.4082,1
2012-08-11T14:00:00Z,0.4242,1
2012-08-11T15:00:00Z,0.3622,1
2012-08-11T16:00:00Z,0.1892,1
2012-08-11T17:00:00Z,-0.0428,1
2012-08-11T18:00:00Z,-0.2588,1
2012-08-11T19:00:00Z,-0.4088,1
2012-08-11T20:00:00Z,-0.4888,1
2012-08-11T21:00:00Z,-0.4218,1
2012-08-11T22:00:00Z,-0.2288,1
2012-08-11T23:00:00Z,0.0542,1
2012-08-12T00:00:00Z,0.3002,1
2012-08-12T01:00:00Z,0.5012,1
2012-08-12T02:00:00Z,0.5712,1
2012-08-12T03:00:00Z,0.4972,1
2012-08-12T04:00:00Z,0.2892,1
2012-08-12T05:00:00Z,0.0051,1
2012-08-12T06:00:00Z,-0.2269,1
2012-08-12T07:00:00Z,-0.4389,1
2012-08-12T08:00:00Z,-0.4989,1
2012-08-12T09:00:00Z,-0.4629,1
2012-08-12T10:00:00Z,-0.3379,1
2012-08-12T11:00:00Z,-0.1129,1
2012-08-12T12:00:00Z,0.1301,1
2012-08-12T13:00:00Z,0.3411,1
2012-08-12T14:00:00Z,0.5291,1
2012-08-12T15:00:00Z,0.5761,1
2012-08-12T16:00:00Z,0.5261,1
2012-08-12T17:00:00Z,0.3311,1
2012-08-12T18:00:00Z,0.0941,1
2012-08-12T19:00:00Z,-0.1739,1
2012-08-12T20:00:00Z,-0.4139,1
2012-08-12T21:00:00Z,-0.5239,1
2012-08-12T22:00:00Z,-0.5009,1
2012-08-12T23:00:00Z,-0.2979,1
2012-08-13T00:00:00Z,0.0071,1
2012-08-13T01:00:00Z,0.3181,1
2012-08-13T02:00:00Z,0.5541,1
2012-08-13T03:00:00Z,0.6551,1
2012-08-13T04:00:00Z,0.5901,1
2012-08-13T05:00:00Z,0.3901,1
2012-08-13T06:00:00Z,0.1061,1
2012-08-13T07:00:00Z,-0.21,1
2012-08-13T08:00:00Z,-0.464,1
2012-08-13T09:00:00Z,-0.566,1
2012-08-13T10:00:00Z,-0.564,1
2012-08-13T11:00:00Z,-0.4,1
2012-08-13T12:00:00Z,-0.081,1
2012-08-13T13:00:00Z,0.269,1
2012-08-13T14:00:00Z,0.589,1
2012-08-13T15:00:00Z,0.804,1
2012-08-13T16:00:00Z,0.869,1
2012-08-13T17:00:00Z,0.777,1
2012-08-13T18:00:00Z,0.535,1
2012-08-13T19:00:00Z,0.213,1
2012-08-13T20:00:00Z,-0.14,1
2012-08-13T21:00:00Z,-0.416,1
2012-08-13T22:00:00Z,-0.563,1
2012-08-13T23:00:00Z,-0.52,1
2012-08-14T00:00:00Z,-0.29,1
2012-08-14T01:00:00Z,0.079,1
2012-08-14T02:00:00Z,0.46,1
2012-08-14T03:00:00Z,0.715,1
2012-08-14T04:00:00Z,0.791,1
2012-08-14T05:00:00Z,0.66,1
2012-08-14T06:00:00Z,0.399,1
2012-08-14T07:00:00Z,0.038,1
2012-08-14T08:00:00Z,-0.336,1
2012-08-14T09:00:00Z,-0.6081,1
2012-08-14T10:00:00Z,-0.7741,1
2012-08-14T11:00:00Z,-0.7321,1
2012-08-14T12:00:00Z,-0.4841,1
2012-08-14T13:00:00Z,-0.0621,1
2012-08-14T14:00:00Z,0.3749,1
2012-08-14T15:00:00Z,0.7509,1
2012-08-14T16:00:00Z,0.9549,1
2012-08-14T17:00:00Z,0.9859,1
2012-08-14T18:00:00Z,0.7679,1
2012-08-14T19:00:00Z,0.4129,1
2012-08-14T20:00:00Z,-0.0131,1
2012-08-14T21:00:00Z,-0.4351,1
2012-08-14T22:00:00Z,-0.7431,1
2012-08-14T23:00:00Z,-0.8461,1
2012-08-15T00:00:00Z,-0.7161,1
2012-08-15T01:00:00Z,-0.3381,1
2012-08-15T02:00:00Z,0.1569,1
2012-08-15T03:00:00Z,0.6109,1
2012-08-15T04:00:00Z,0.8879,1
2012-08-15T05:00:00Z,0.9289,1
2012-08-15T06:00:00Z,0.7149,1
2012-08-15T07:00:00Z,0.3129,1
2012-08-15T08:00:00Z,-0.1101,1
2012-08-15T09:00:00Z,-0.5971,1
2012-08-15T10:00:00Z,-0.8962,1
2012-08-15T11:00:00Z,-1.0072,1
2012-08-15T12:00:00Z,-0.8282,1
2012-08-15T13:00:00Z,-0.3792,1
2012-08-15T14:00:00Z,0.1598,1
2012-08-15T15:00:00Z,0.7078,1
2012-08-15T16:00:00Z,1.0628,1
2012-08-15T17:00:00Z,1.2678,1
2012-08-15T18:00:00Z,1.2188,1
2012-08-15T19:00:00Z,0.8538,1
2012-08-15T20:00:00Z,0.3368,1
2012-08-15T21:00:00Z,-0.1582,1
2012-08-15T22:00:00Z,-0.7242,1
2012-08-15T23:00:00Z,-1.0302,1
2012-08-16T00:00:00Z,-1.0362,1
2012-08-16T01:00:00Z,-0.6932,1
2012-08-16T02:00:00Z,-0.0942,1
2012-08-16T03:00:00Z,0.5608,1
2012-08-16T04:00:00Z,1.0608,1
2012-08-16T05:00:00Z,1.3338,1
2012-08-16T06:00:00Z,1.2988,1
2012-08-16T07:00:00Z,0.9878,1
2012-08-16T08:00:00Z,0.4418,1
2012-08-16T09:00:00Z,-0.1522,1
2012-08-16T10:00:00Z,-0.6532,1
2012-08-16T11:00:00Z,-0.9172,1
2012-08-16T12:00:00Z,-0.9063,1
2012-08-16T13:00:00Z,-0.5763,1
2012-08-16T14:00:00Z,-0.0093,1
2012-08-16T15:00:00Z,0.6537,1
2012-08-16T16:00:00Z,1.1637,1
2012-08-16T17:00:00Z,1.4627,1
2012-08-16T18:00:00Z,1.4857,1
2012-08-16T19:00:00Z,1.1927,1
2012-08-16T20:00:00Z,0.6757,1
2012-08-16T21:00:00Z,0.0347,1
2012-08-16T22:00:00Z,-0.5863,1
2012-08-16T23:00:00Z,-1.0473,1
2012-08-17T00:00:00Z,-1.2233,1
2012-08-17T01:00:00Z,-1.1263,1
2012-08-17T02:00:00Z,-0.6013,1
2012-08-17T03:00:00Z,0.1237,1
2012-08-17T04:00:00Z,0.7677,1
2012-08-17T05:00:00Z,1.2237,1
2012-08-17T06:00:00Z,1.3467,1
2012-08-17T07:00:00Z,1.1627,1
2012-08-17T08:00:00Z,0.6367,1
2012-08-17T09:00:00Z,0.0037,1
2012-08-17T10:00:00Z,-0.6683,1
2012-08-17T11:00:00Z,-1.1523,1
2012-08-17T12:00:00Z,-1.2873,1
2012-08-17T13:00:00Z,-1.0683,1
2012-08-17T14:00:00Z,-0.5284,1
2012-08-17T15:00:00Z,0.2306,1
2012-08-17T16:00:00Z,0.9636,1
2012-08-17T17:00:00Z,1.4606,1
2012-08-17T18:00:00Z,1.6976,1
2012-08-17T19:00:00Z,1.5996,1
2012-08-17T20:00:00Z,1.1606,1
2012-08-17T21:00:00Z,0.4936,1
2012-08-17T22:00:00Z,-0.2634,1
2012-08-17T23:00:00Z,-0.8954,1
2012-08-18T00:00:00Z,-1.3124,1
2012-08-18T01:00:00Z,-1.3664,1
2012-08-18T02:00:00Z,-1.0164,1
2012-08-18T03:00:00Z,-0.3134,1
2012-08-18T04:00:00Z,0.4916,1
2012-08-18T05:00:00Z,1.1356,1
2012-08-18T06:00:00Z,1.4786,1
2012-08-18T07:00:00Z,1.5086,1
2012-08-18T08:00:00Z,1.1016,1
2012-08-18T09:00:00Z,0.4376,1
2012-08-18T10:00:00Z,-0.3594,1
2012-08-18T11:00:00Z,-1.0384,1
2012-08-18T12:00:00Z,-1.4554,1
2012-08-18T13:00:00Z,-1.4784,1
2012-08-18T14:00:00Z,-1.0684,1
2012-08-18T15:00:00Z,-0.3485,1
2012-08-18T16:00:00Z,0.4965,1
2012-08-18T17:00:00Z,1.2005,1
2012-08-18T18:00:00Z,1.6235,1
2012-08-18T19:00:00Z,1.7415,1
2012-08-18T20:00:00Z,1.3755,1
2012-08-18T21:00:00Z,0.8315,1
2012-08-18T22:00:00Z,0.0605,1
2012-08-18T23:00:00Z,-0.7095,1
2012-08-19T00:00:00Z,-1.2725,1
2012-08-19T01:00:00Z,-1.5445,1
2012-08-19T02:00:00Z,-1.3955,1
2012-08-19T03:00:00Z,-0.8115,1
2012-08-19T04:00:00Z,-0.0105,1
2012-08-19T05:00:00Z,0.8095,1
2012-08-19T06:00:00Z,1.3715,1
2012-08-19T07:00:00Z,1.5665,1
2012-08-19T08:00:00Z,1.4145,1
2012-08-19T09:00:00Z,0.8455,1
2012-08-19T10:00:00Z,0.1055,1
2012-08-19T11:00:00Z,-0.7415,1
2012-08-19T12:00:00Z,-1.3765,1
2012-08-19T13:00:00Z,-1.6225,1
2012-08-19T14:00:00Z,-1.4505,1
2012-08-19T15:00:00Z,-0.8315,1
2012-08-19T16:00:00Z,5.00E-04,1
2012-08-19T17:00:00Z,0.9004,1
2012-08-19T18:00:00Z,1.4964,1
2012-08-19T19:00:00Z,1.7674,1
2012-08-19T20:00:00Z,1.6884,1
2012-08-19T21:00:00Z,1.1974,1
2012-08-19T22:00:00Z,0.4994,1
2012-08-19T23:00:00Z,-0.2876,1
2012-08-20T00:00:00Z,-0.9916,1
2012-08-20T01:00:00Z,-1.4566,1
2012-08-20T02:00:00Z,-1.5606,1
2012-08-20T03:00:00Z,-1.2466,1
2012-08-20T04:00:00Z,-0.5496,1
2012-08-20T05:00:00Z,0.3254,1
2012-08-20T06:00:00Z,1.0914,1
2012-08-20T07:00:00Z,1.5334,1
2012-08-20T08:00:00Z,1.6374,1
2012-08-20T09:00:00Z,1.2824,1
2012-08-20T10:00:00Z,0.5834,1
2012-08-20T11:00:00Z,-0.2186,1
2012-08-20T12:00:00Z,-1.0046,1
2012-08-20T13:00:00Z,-1.5296,1
2012-08-20T14:00:00Z,-1.6236,1
2012-08-20T15:00:00Z,-1.2536,1
2012-08-20T16:00:00Z,-0.5546,1
2012-08-20T17:00:00Z,0.3234,1
2012-08-20T18:00:00Z,1.1334,1
2012-08-20T19:00:00Z,1.5923,1
2012-08-20T20:00:00Z,1.7593,1
2012-08-20T21:00:00Z,1.5133,1
2012-08-20T22:00:00Z,0.9403,1
2012-08-20T23:00:00Z,0.2163,1
2012-08-21T00:00:00Z,-0.5997,1
2012-08-21T01:00:00Z,-1.2377,1
2012-08-21T02:00:00Z,-1.5717,1
2012-08-21T03:00:00Z,-1.5447,1
2012-08-21T04:00:00Z,-1.0767,1
2012-08-21T05:00:00Z,-0.2927,1
2012-08-21T06:00:00Z,0.5483,1
2012-08-21T07:00:00Z,1.1853,1
2012-08-21T08:00:00Z,1.4773,1
2012-08-21T09:00:00Z,1.4243,1
2012-08-21T10:00:00Z,0.9813,1
2012-08-21T11:00:00Z,0.2703,1
2012-08-21T12:00:00Z,-0.5387,1
2012-08-21T13:00:00Z,-1.1977,1
2012-08-21T14:00:00Z,-1.5037,1
2012-08-21T15:00:00Z,-1.4587,1
2012-08-21T16:00:00Z,-0.9777,1
2012-08-21T17:00:00Z,-0.1987,1
2012-08-21T18:00:00Z,0.6763,1
2012-08-21T19:00:00Z,1.3183,1
2012-08-21T20:00:00Z,1.6262,1
2012-08-21T21:00:00Z,1.6652,1
2012-08-21T22:00:00Z,1.2882,1
2012-08-21T23:00:00Z,0.7252,1
2012-08-22T00:00:00Z,0.0392,1
2012-08-22T01:00:00Z,-0.6348,1
2012-08-22T02:00:00Z,-1.1728,1
2012-08-22T03:00:00Z,-1.3978,1
2012-08-22T04:00:00Z,-1.2708,1
2012-08-22T05:00:00Z,-0.7518,1
2012-08-22T06:00:00Z,0.0292,1
2012-08-22T07:00:00Z,0.7462,1
2012-08-22T08:00:00Z,1.2412,1
2012-08-22T09:00:00Z,1.4372,1
2012-08-22T10:00:00Z,1.2282,1
2012-08-22T11:00:00Z,0.7752,1
2012-08-22T12:00:00Z,0.0732,1
2012-08-22T13:00:00Z,-0.6508,1
2012-08-22T14:00:00Z,-1.2048,1
2012-08-22T15:00:00Z,-1.4118,1
2012-08-22T16:00:00Z,-1.2348,1
2012-08-22T17:00:00Z,-0.7498,1
2012-08-22T18:00:00Z,-0.0408,1
2012-08-22T19:00:00Z,0.6772,1
2012-08-22T20:00:00Z,1.1492,1
2012-08-22T21:00:00Z,1.3812,1
2012-08-22T22:00:00Z,1.3261,1
2012-08-22T23:00:00Z,1.0041,1
2012-08-23T00:00:00Z,0.4901,1
2012-08-23T01:00:00Z,-0.1449,1
2012-08-23T02:00:00Z,-0.7229,1
2012-08-23T03:00:00Z,-1.1279,1
2012-08-23T04:00:00Z,-1.2649,1
2012-08-23T05:00:00Z,-1.0749,1
2012-08-23T06:00:00Z,-0.5429,1
2012-08-23T07:00:00Z,0.1751,1
2012-08-23T08:00:00Z,0.7731,1
2012-08-23T09:00:00Z,1.1231,1
2012-08-23T10:00:00Z,1.2711,1
2012-08-23T11:00:00Z,1.0481,1
2012-08-23T12:00:00Z,0.6021,1
2012-08-23T13:00:00Z,-0.0029,1
2012-08-23T14:00:00Z,-0.6159,1
2012-08-23T15:00:00Z,-1.0199,1
2012-08-23T16:00:00Z,-1.1309,1
2012-08-23T17:00:00Z,-0.9499,1
2012-08-23T18:00:00Z,-0.5189,1
2012-08-23T19:00:00Z,0.0791,1
2012-08-23T20:00:00Z,0.6601,1
2012-08-23T21:00:00Z,1.0391,1
2012-08-23T22:00:00Z,1.1821,1
2012-08-23T23:00:00Z,1.1331,1
2012-08-24T00:00:00Z,0.855,1
2012-08-24T01:00:00Z,0.465,1
2012-08-24T02:00:00Z,-0.066,1
2012-08-24T03:00:00Z,-0.558,1
2012-08-24T04:00:00Z,-0.869,1
2012-08-24T05:00:00Z,-0.974,1
2012-08-24T06:00:00Z,-0.801,1
2012-08-24T07:00:00Z,-0.343,1
2012-08-24T08:00:00Z,0.238,1
2012-08-24T09:00:00Z,0.705,1
2012-08-24T10:00:00Z,1.038,1
2012-08-24T11:00:00Z,1.112,1
2012-08-24T12:00:00Z,0.951,1
2012-08-24T13:00:00Z,0.586,1
2012-08-24T14:00:00Z,0.127,1
2012-08-24T15:00:00Z,-0.356,1
2012-08-24T16:00:00Z,-0.742,1
2012-08-24T17:00:00Z,-0.849,1
2012-08-24T18:00:00Z,-0.731,1
2012-08-24T19:00:00Z,-0.425,1
2012-08-24T20:00:00Z,0.051,1
2012-08-24T21:00:00Z,0.512,1
2012-08-24T22:00:00Z,0.809,1
2012-08-24T23:00:00Z,0.984,1
2012-08-25T00:00:00Z,1.009,1
2012-08-25T01:00:00Z,0.8149,1
2012-08-25T02:00:00Z,0.4889,1
2012-08-25T03:00:00Z,0.0509,1
2012-08-25T04:00:00Z,-0.3781,1
2012-08-25T05:00:00Z,-0.7071,1
2012-08-25T06:00:00Z,-0.8321,1
2012-08-25T07:00:00Z,-0.7411,1
2012-08-25T08:00:00Z,-0.4011,1
2012-08-25T09:00:00Z,0.0429,1
2012-08-25T10:00:00Z,0.4349,1
2012-08-25T11:00:00Z,0.7259,1
2012-08-25T12:00:00Z,0.8609,1
2012-08-25T13:00:00Z,0.7779,1
2012-08-25T14:00:00Z,0.5239,1
2012-08-25T15:00:00Z,0.1309,1
2012-08-25T16:00:00Z,-0.3321,1
2012-08-25T17:00:00Z,-0.6651,1
2012-08-25T18:00:00Z,-0.8311,1
2012-08-25T19:00:00Z,-0.8341,1
2012-08-25T20:00:00Z,-0.6621,1
2012-08-25T21:00:00Z,-0.3241,1
2012-08-25T22:00:00Z,0.0349,1
2012-08-25T23:00:00Z,0.3499,1
2012-08-26T00:00:00Z,0.5539,1
2012-08-26T01:00:00Z,0.6419,1
2012-08-26T02:00:00Z,0.5869,1
2012-08-26T03:00:00Z,0.3568,1
2012-08-26T04:00:00Z,-0.0052,1
2012-08-26T05:00:00Z,-0.3942,1
2012-08-26T06:00:00Z,-0.7172,1
2012-08-26T07:00:00Z,-0.8852,1
2012-08-26T08:00:00Z,-0.8832,1
2012-08-26T09:00:00Z,-0.6552,1
2012-08-26T10:00:00Z,-0.2872,1
2012-08-26T11:00:00Z,0.1448,1
2012-08-26T12:00:00Z,0.5008,1
2012-08-26T13:00:00Z,0.7368,1
2012-08-26T14:00:00Z,0.7928,1
2012-08-26T15:00:00Z,0.6418,1
2012-08-26T16:00:00Z,0.2868,1
2012-08-26T17:00:00Z,-0.0822,1
2012-08-26T18:00:00Z,-0.4672,1
2012-08-26T19:00:00Z,-0.7202,1
2012-08-26T20:00:00Z,-0.8152,1
2012-08-26T21:00:00Z,-0.7472,1
2012-08-26T22:00:00Z,-0.4652,1
2012-08-26T23:00:00Z,-0.1232,1
2012-08-27T00:00:00Z,0.2858,1
2012-08-27T01:00:00Z,0.6078,1
2012-08-27T02:00:00Z,0.8108,1
2012-08-27T03:00:00Z,0.8278,1
2012-08-27T04:00:00Z,0.6628,1
2012-08-27T05:00:00Z,0.3757,1
2012-08-27T06:00:00Z,0.0247,1
2012-08-27T07:00:00Z,-0.3313,1
2012-08-27T08:00:00Z,-0.5223,1
2012-08-27T09:00:00Z,-0.5393,1
2012-08-27T10:00:00Z,-0.2973,1
2012-08-27T11:00:00Z,0.0457,1
2012-08-27T12:00:00Z,0.5257,1
2012-08-27T13:00:00Z,1.0057,1
2012-08-27T14:00:00Z,1.3127,1
2012-08-27T15:00:00Z,1.3827,1
2012-08-27T16:00:00Z,1.2697,1
2012-08-27T17:00:00Z,0.9447,1
2012-08-27T18:00:00Z,0.4437,1
2012-08-27T19:00:00Z,-0.0323,1
2012-08-27T20:00:00Z,-0.4313,1
2012-08-27T21:00:00Z,-0.6713,1
2012-08-27T22:00:00Z,-0.7203,1
2012-08-27T23:00:00Z,-0.4853,1
2012-08-28T00:00:00Z,-0.0903,1
2012-08-28T01:00:00Z,0.3857,1
2012-08-28T02:00:00Z,0.7587,1
2012-08-28T03:00:00Z,0.9997,1
2012-08-28T04:00:00Z,0.9847,1
2012-08-28T05:00:00Z,0.7797,1
2012-08-28T06:00:00Z,0.4646,1
2012-08-28T07:00:00Z,0.0106,1
2012-08-28T08:00:00Z,-0.4244,1
2012-08-28T09:00:00Z,-0.7194,1
2012-08-28T10:00:00Z,-0.7944,1
2012-08-28T11:00:00Z,-0.6344,1
2012-08-28T12:00:00Z,-0.1504,1
2012-08-28T13:00:00Z,0.3756,1
2012-08-28T14:00:00Z,0.9696,1
2012-08-28T15:00:00Z,1.3396,1
2012-08-28T16:00:00Z,1.4696,1
2012-08-28T17:00:00Z,1.2806,1
2012-08-28T18:00:00Z,0.8506,1
2012-08-28T19:00:00Z,0.3016,1
2012-08-28T20:00:00Z,-0.2664,1
2012-08-28T21:00:00Z,-0.7614,1
2012-08-28T22:00:00Z,-1.0394,1
2012-08-28T23:00:00Z,-1.0384,1
2012-08-29T00:00:00Z,-0.7314,1
2012-08-29T01:00:00Z,-0.2074,1
2012-08-29T02:00:00Z,0.4136,1
2012-08-29T03:00:00Z,0.8376,1
2012-08-29T04:00:00Z,1.1656,1
2012-08-29T05:00:00Z,1.2186,1
2012-08-29T06:00:00Z,0.9846,1
2012-08-29T07:00:00Z,0.5076,1
2012-08-29T08:00:00Z,-0.1115,1
2012-08-29T09:00:00Z,-0.6345,1
2012-08-29T10:00:00Z,-1.0075,1
2012-08-29T11:00:00Z,-1.0155,1
2012-08-29T12:00:00Z,-0.7185,1
2012-08-29T13:00:00Z,-0.0445,1
2012-08-29T14:00:00Z,0.4915,1
2012-08-29T15:00:00Z,1.2635,1
2012-08-29T16:00:00Z,1.5965,1
2012-08-29T17:00:00Z,1.6395,1
2012-08-29T18:00:00Z,1.3435,1
2012-08-29T19:00:00Z,0.8405,1
2012-08-29T20:00:00Z,0.0625,1
2012-08-29T21:00:00Z,-0.5635,1
2012-08-29T22:00:00Z,-1.1185,1
2012-08-29T23:00:00Z,-1.3805,1
2012-08-30T00:00:00Z,-1.2845,1
2012-08-30T01:00:00Z,-0.9595,1
2012-08-30T02:00:00Z,-0.3275,1
2012-08-30T03:00:00Z,0.3005,1
2012-08-30T04:00:00Z,0.7765,1
2012-08-30T05:00:00Z,0.9895,1
2012-08-30T06:00:00Z,0.9385,1
2012-08-30T07:00:00Z,0.5675,1
2012-08-30T08:00:00Z,-0.0145,1
2012-08-30T09:00:00Z,-0.7795,1
2012-08-30T10:00:00Z,-1.4006,1
2012-08-30T11:00:00Z,-1.6706,1
2012-08-30T12:00:00Z,-1.6126,1
2012-08-30T13:00:00Z,-1.1816,1
2012-08-30T14:00:00Z,-0.4486,1
2012-08-30T15:00:00Z,0.3944,1
2012-08-30T16:00:00Z,1.0834,1
2012-08-30T17:00:00Z,1.4294,1
2012-08-30T18:00:00Z,1.3784,1
2012-08-30T19:00:00Z,1.0644,1
2012-08-30T20:00:00Z,0.3574,1
2012-08-30T21:00:00Z,-0.4296,1
2012-08-30T22:00:00Z,-1.1516,1
2012-08-30T23:00:00Z,-1.6326,1
2012-08-31T00:00:00Z,-1.7316,1
2012-08-31T01:00:00Z,-1.4446,1
2012-08-31T02:00:00Z,-0.8476,1
2012-08-31T03:00:00Z,-0.0956,1
2012-08-31T04:00:00Z,0.5274,1
2012-08-31T05:00:00Z,1.0544,1
2012-08-31T06:00:00Z,1.1444,1
2012-08-31T07:00:00Z,0.8654,1
2012-08-31T08:00:00Z,0.3674,1
2012-08-31T09:00:00Z,-0.3566,1
2012-08-31T10:00:00Z,-1.0196,1
2012-08-31T11:00:00Z,-1.5437,1
2012-08-31T12:00:00Z,-1.6967,1
2012-08-31T13:00:00Z,-1.4227,1
2012-08-31T14:00:00Z,-0.8367,1
2012-08-31T15:00:00Z,0.0653,1
2012-08-31T16:00:00Z,0.8923,1
2012-08-31T17:00:00Z,1.4753,1
2012-08-31T18:00:00Z,1.6943,1
2012-08-31T19:00:00Z,1.5443,1
2012-08-31T20:00:00Z,0.9633,1
2012-08-31T21:00:00Z,0.2063,1
2012-08-31T22:00:00Z,-0.5537,1
2012-08-31T23:00:00Z,-1.2257,1
2012-09-01T00:00:00Z,-1.5747,1
2012-09-01T01:00:00Z,-1.5497,1
2012-09-01T02:00:00Z,-1.1607,1
2012-09-01T03:00:00Z,-0.4347,1
2012-09-01T04:00:00Z,0.3693,1
2012-09-01T05:00:00Z,0.9513,1
2012-09-01T06:00:00Z,1.3133,1
2012-09-01T07:00:00Z,1.2923,1
2012-09-01T08:00:00Z,0.9653,1
2012-09-01T09:00:00Z,0.2913,1
2012-09-01T10:00:00Z,-0.5357,1
2012-09-01T11:00:00Z,-1.2397,1
2012-09-01T12:00:00Z,-1.5987,1
2012-09-01T13:00:00Z,-1.5818,1
2012-09-01T14:00:00Z,-1.0948,1
2012-09-01T15:00:00Z,-0.3888,1
2012-09-01T16:00:00Z,0.5802,1
2012-09-01T17:00:00Z,1.3782,1
2012-09-01T18:00:00Z,1.7812,1
2012-09-01T19:00:00Z,1.8572,1
2012-09-01T20:00:00Z,1.5572,1
2012-09-01T21:00:00Z,0.7802,1
2012-09-01T22:00:00Z,0.0612,1
2012-09-01T23:00:00Z,-0.8238,1
2012-09-02T00:00:00Z,-1.3988,1
2012-09-02T01:00:00Z,-1.5858,1
2012-09-02T02:00:00Z,-1.4038,1
2012-09-02T03:00:00Z,-0.8398,1
2012-09-02T04:00:00Z,-0.0678,1
2012-09-02T05:00:00Z,0.6872,1
2012-09-02T06:00:00Z,1.2212,1
2012-09-02T07:00:00Z,1.3682,1
2012-09-02T08:00:00Z,1.1292,1
2012-09-02T09:00:00Z,0.6502,1
2012-09-02T10:00:00Z,-0.1118,1
2012-09-02T11:00:00Z,-0.9268,1
2012-09-02T12:00:00Z,-1.5048,1
2012-09-02T13:00:00Z,-1.8018,1
2012-09-02T14:00:00Z,-1.6258,1
2012-09-02T15:00:00Z,-1.0829,1
2012-09-02T16:00:00Z,-0.2509,1
2012-09-02T17:00:00Z,0.6351,1
2012-09-02T18:00:00Z,1.2701,1
2012-09-02T19:00:00Z,1.5811,1
2012-09-02T20:00:00Z,1.5091,1
2012-09-02T21:00:00Z,1.0751,1
2012-09-02T22:00:00Z,0.3271,1
2012-09-02T23:00:00Z,-0.4409,1
2012-09-03T00:00:00Z,-1.1179,1
2012-09-03T01:00:00Z,-1.5369,1
2012-09-03T02:00:00Z,-1.5369,1
2012-09-03T03:00:00Z,-1.1279,1
2012-09-03T04:00:00Z,-0.5259,1
2012-09-03T05:00:00Z,0.2921,1
2012-09-03T06:00:00Z,0.9081,1
2012-09-03T07:00:00Z,1.2261,1
2012-09-03T08:00:00Z,1.2631,1
2012-09-03T09:00:00Z,0.9621,1
2012-09-03T10:00:00Z,0.3461,1
2012-09-03T11:00:00Z,-0.3459,1
2012-09-03T12:00:00Z,-0.9999,1
2012-09-03T13:00:00Z,-1.4569,1
2012-09-03T14:00:00Z,-1.5119,1
2012-09-03T15:00:00Z,-1.1769,1
2012-09-03T16:00:00Z,-0.514,1
2012-09-03T17:00:00Z,0.339,1
2012-09-03T18:00:00Z,1.123,1
2012-09-03T19:00:00Z,1.514,1
2012-09-03T20:00:00Z,1.678,1
2012-09-03T21:00:00Z,1.392,1
2012-09-03T22:00:00Z,0.823,1
2012-09-03T23:00:00Z,0.101,1
2012-09-04T00:00:00Z,-0.597,1
2012-09-04T01:00:00Z,-1.143,1
2012-09-04T02:00:00Z,-1.352,1
2012-09-04T03:00:00Z,-1.229,1
2012-09-04T04:00:00Z,-0.814,1
2012-09-04T05:00:00Z,-0.075,1
2012-09-04T06:00:00Z,0.622,1
2012-09-04T07:00:00Z,1.092,1
2012-09-04T08:00:00Z,1.128,1
2012-09-04T09:00:00Z,1.087,1
2012-09-04T10:00:00Z,0.902,1
2012-09-04T11:00:00Z,-0.032,1
2012-09-04T12:00:00Z,-0.534,1
2012-09-04T13:00:00Z,-1.138,1
2012-09-04T14:00:00Z,-1.349,1
2012-09-04T15:00:00Z,-1.387,1
2012-09-04T16:00:00Z,-1.073,1
2012-09-04T17:00:00Z,-0.355,1
2012-09-04T18:00:00Z,0.3719,1
2012-09-04T19:00:00Z,0.9579,1
2012-09-04T20:00:00Z,1.1739,1
2012-09-04T21:00:00Z,1.2839,1
2012-09-04T22:00:00Z,0.7169,1
2012-09-04T23:00:00Z,0.2039,1
2012-09-05T00:00:00Z,-0.6111,1
2012-09-05T01:00:00Z,-1.0941,1
2012-09-05T02:00:00Z,-1.3721,1
2012-09-05T03:00:00Z,-1.3001,1
2012-09-05T04:00:00Z,-0.9901,1
2012-09-05T05:00:00Z,-0.5951,1
2012-09-05T06:00:00Z,-0.0401,1
2012-09-05T07:00:00Z,0.5539,1
2012-09-05T08:00:00Z,0.8119,1
2012-09-05T09:00:00Z,1.0759,1
2012-09-05T10:00:00Z,0.6969,1
2012-09-05T11:00:00Z,0.1519,1
2012-09-05T12:00:00Z,-0.3191,1
2012-09-05T13:00:00Z,-0.8311,1
2012-09-05T14:00:00Z,-1.2291,1
2012-09-05T15:00:00Z,-1.3141,1
2012-09-05T16:00:00Z,-1.1291,1
2012-09-05T17:00:00Z,-0.7321,1
2012-09-05T18:00:00Z,-0.0881,1
2012-09-05T19:00:00Z,0.4659,1
2012-09-05T20:00:00Z,0.8458,1
2012-09-05T21:00:00Z,0.9378,1
2012-09-05T22:00:00Z,0.8098,1
2012-09-05T23:00:00Z,0.4168,1
2012-09-06T00:00:00Z,-0.0452,1
2012-09-06T01:00:00Z,-0.5342,1
2012-09-06T02:00:00Z,-0.8982,1
2012-09-06T03:00:00Z,-1.0942,1
2012-09-06T04:00:00Z,-0.9972,1
2012-09-06T05:00:00Z,-0.6412,1
2012-09-06T06:00:00Z,-0.1832,1
2012-09-06T07:00:00Z,0.4468,1
2012-09-06T08:00:00Z,0.8128,1
2012-09-06T09:00:00Z,0.9298,1
2012-09-06T10:00:00Z,0.8948,1
2012-09-06T11:00:00Z,0.6078,1
2012-09-06T12:00:00Z,0.3308,1
2012-09-06T13:00:00Z,-0.1272,1
2012-09-06T14:00:00Z,-0.5452,1
2012-09-06T15:00:00Z,-0.7682,1
2012-09-06T16:00:00Z,-0.8222,1
2012-09-06T17:00:00Z,-0.6072,1
2012-09-06T18:00:00Z,-0.2272,1
2012-09-06T19:00:00Z,0.2718,1
2012-09-06T20:00:00Z,0.6988,1
2012-09-06T21:00:00Z,0.8767,1
2012-09-06T22:00:00Z,0.9057,1
2012-09-06T23:00:00Z,0.6977,1
2012-09-07T00:00:00Z,0.3657,1
2012-09-07T01:00:00Z,0.0297,1
2012-09-07T02:00:00Z,-0.3813,1
2012-09-07T03:00:00Z,-0.7053,1
2012-09-07T04:00:00Z,-0.8013,1
2012-09-07T05:00:00Z,-0.6713,1
2012-09-07T06:00:00Z,-0.3723,1
2012-09-07T07:00:00Z,0.0377,1
2012-09-07T08:00:00Z,0.4517,1
2012-09-07T09:00:00Z,0.6287,1
2012-09-07T10:00:00Z,0.7177,1
2012-09-07T11:00:00Z,0.5857,1
2012-09-07T12:00:00Z,0.3917,1
2012-09-07T13:00:00Z,0.1197,1
2012-09-07T14:00:00Z,-0.2253,1
2012-09-07T15:00:00Z,-0.5403,1
2012-09-07T16:00:00Z,-0.6803,1
2012-09-07T17:00:00Z,-0.6673,1
2012-09-07T18:00:00Z,-0.5153,1
2012-09-07T19:00:00Z,-0.2263,1
2012-09-07T20:00:00Z,0.1437,1
2012-09-07T21:00:00Z,0.4007,1
2012-09-07T22:00:00Z,0.5647,1
2012-09-07T23:00:00Z,0.5846,1
2012-09-08T00:00:00Z,0.4436,1
2012-09-08T01:00:00Z,0.1856,1
2012-09-08T02:00:00Z,-0.1304,1
2012-09-08T03:00:00Z,-0.4334,1
2012-09-08T04:00:00Z,-0.6614,1
2012-09-08T05:00:00Z,-0.7084,1
2012-09-08T06:00:00Z,-0.5514,1
2012-09-08T07:00:00Z,-0.2834,1
2012-09-08T08:00:00Z,0.0446,1
2012-09-08T09:00:00Z,0.3096,1
2012-09-08T10:00:00Z,0.5136,1
2012-09-08T11:00:00Z,0.5316,1
2012-09-08T12:00:00Z,0.4876,1
2012-09-08T13:00:00Z,0.3646,1
2012-09-08T14:00:00Z,0.1676,1
2012-09-08T15:00:00Z,-0.0454,1
2012-09-08T16:00:00Z,-0.2564,1
2012-09-08T17:00:00Z,-0.4024,1
2012-09-08T18:00:00Z,-0.4164,1
2012-09-08T19:00:00Z,-0.3164,1
2012-09-08T20:00:00Z,-0.1014,1
2012-09-08T21:00:00Z,0.1816,1
2012-09-08T22:00:00Z,0.4016,1
2012-09-08T23:00:00Z,0.5286,1
2012-09-09T00:00:00Z,0.5986,1
2012-09-09T01:00:00Z,0.5105,1
2012-09-09T02:00:00Z,0.3225,1
2012-09-09T03:00:00Z,0.1025,1
2012-09-09T04:00:00Z,-0.1775,1
2012-09-09T05:00:00Z,-0.3665,1
2012-09-09T06:00:00Z,-0.4025,1
2012-09-09T07:00:00Z,-0.2755,1
2012-09-09T08:00:00Z,-0.0865,1
2012-09-09T09:00:00Z,0.1695,1
2012-09-09T10:00:00Z,0.3615,1
2012-09-09T11:00:00Z,0.5515,1
2012-09-09T12:00:00Z,0.6455,1
2012-09-09T13:00:00Z,0.6935,1
2012-09-09T14:00:00Z,0.6375,1
2012-09-09T15:00:00Z,0.5285,1
2012-09-09T16:00:00Z,0.3105,1
2012-09-09T17:00:00Z,0.0675,1
2012-09-09T18:00:00Z,-0.0995,1
2012-09-09T19:00:00Z,-0.1895,1
2012-09-09T20:00:00Z,-0.1785,1
2012-09-09T21:00:00Z,-0.0605,1
2012-09-09T22:00:00Z,0.1745,1
2012-09-09T23:00:00Z,0.3885,1
2012-09-10T00:00:00Z,0.5925,1
2012-09-10T01:00:00Z,0.6485,1
2012-09-10T02:00:00Z,0.5975,1
2012-09-10T03:00:00Z,0.3824,1
2012-09-10T04:00:00Z,0.1714,1
2012-09-10T05:00:00Z,-0.1356,1
2012-09-10T06:00:00Z,-0.3286,1
2012-09-10T07:00:00Z,-0.4166,1
2012-09-10T08:00:00Z,-0.4136,1
2012-09-10T09:00:00Z,-0.2776,1
2012-09-10T10:00:00Z,-0.0586,1
2012-09-10T11:00:00Z,0.1514,1
2012-09-10T12:00:00Z,0.3814,1
2012-09-10T13:00:00Z,0.5354,1
2012-09-10T14:00:00Z,0.6344,1
2012-09-10T15:00:00Z,0.6014,1
2012-09-10T16:00:00Z,0.4714,1
2012-09-10T17:00:00Z,0.2024,1
2012-09-10T18:00:00Z,4.00E-04,1
2012-09-10T19:00:00Z,-0.2826,1
2012-09-10T20:00:00Z,-0.4346,1
2012-09-10T21:00:00Z,-0.4756,1
2012-09-10T22:00:00Z,-0.3126,1
2012-09-10T23:00:00Z,-0.1116,1
2012-09-11T00:00:00Z,0.2104,1
2012-09-11T01:00:00Z,0.4394,1
2012-09-11T02:00:00Z,0.5794,1
2012-09-11T03:00:00Z,0.6054,1
2012-09-11T04:00:00Z,0.5283,1
2012-09-11T05:00:00Z,0.1283,1
2012-09-11T06:00:00Z,0.0023,1
2012-09-11T07:00:00Z,-0.3477,1
2012-09-11T08:00:00Z,-0.5327,1
2012-09-11T09:00:00Z,-0.3907,1
2012-09-11T10:00:00Z,-0.2737,1
2012-09-11T11:00:00Z,-0.1537,1
2012-09-11T12:00:00Z,0.1803,1
2012-09-11T13:00:00Z,0.3643,1
2012-09-11T14:00:00Z,0.7433,1
2012-09-11T15:00:00Z,0.7513,1
2012-09-11T16:00:00Z,0.7663,1
2012-09-11T17:00:00Z,0.7233,1
2012-09-11T18:00:00Z,0.2363,1
2012-09-11T19:00:00Z,0.0353,1
2012-09-11T20:00:00Z,-0.2367,1
2012-09-11T23:00:00Z,-0.4917,1
2012-09-12T00:00:00Z,-0.2457,1
2012-09-12T01:00:00Z,0.2913,1
2012-09-12T02:00:00Z,0.6803,1
2012-09-12T03:00:00Z,0.5783,1
2012-09-12T04:00:00Z,0.8543,1
2012-09-12T05:00:00Z,0.6013,1
2012-09-12T06:00:00Z,0.1252,1
2012-09-12T07:00:00Z,-0.1878,1
2012-09-12T08:00:00Z,-0.3888,1
2012-09-12T09:00:00Z,-0.6368,1
2012-09-12T10:00:00Z,-0.6348,1
2012-09-12T11:00:00Z,-0.5258,1
2012-09-12T12:00:00Z,-0.2618,1
2012-09-12T13:00:00Z,0.0612,1
2012-09-12T14:00:00Z,0.5312,1
2012-09-12T15:00:00Z,0.7862,1
2012-09-12T16:00:00Z,0.9652,1
2012-09-12T17:00:00Z,0.8222,1
2012-09-12T18:00:00Z,0.5602,1
2012-09-12T19:00:00Z,0.0602,1
2012-09-12T20:00:00Z,-0.3868,1
2012-09-12T21:00:00Z,-0.7878,1
2012-09-12T22:00:00Z,-1.0668,1
2012-09-12T23:00:00Z,-0.9238,1
2012-09-13T00:00:00Z,-0.6938,1
2012-09-13T01:00:00Z,-0.1238,1
2012-09-13T02:00:00Z,0.3012,1
2012-09-13T03:00:00Z,0.6942,1
2012-09-13T04:00:00Z,0.8312,1
2012-09-13T05:00:00Z,0.8342,1
2012-09-13T06:00:00Z,0.5772,1
2012-09-13T07:00:00Z,0.1792,1
2012-09-13T08:00:00Z,-0.3719,1
2012-09-13T09:00:00Z,-0.7229,1
2012-09-13T10:00:00Z,-0.8699,1
2012-09-13T11:00:00Z,-0.8029,1
2012-09-13T12:00:00Z,-0.5549,1
2012-09-13T13:00:00Z,-0.0099,1
2012-09-13T14:00:00Z,0.5251,1
2012-09-13T15:00:00Z,1.0511,1
2012-09-13T16:00:00Z,1.3201,1
2012-09-13T17:00:00Z,1.3391,1
2012-09-13T18:00:00Z,1.0621,1
2012-09-13T19:00:00Z,0.7281,1
2012-09-13T20:00:00Z,0.2121,1
2012-09-13T21:00:00Z,-0.3089,1
2012-09-13T22:00:00Z,-0.7629,1
2012-09-13T23:00:00Z,-0.9449,1
2012-09-14T00:00:00Z,-0.7759,1
2012-09-14T01:00:00Z,-0.2719,1
2012-09-14T02:00:00Z,0.3041,1
2012-09-14T03:00:00Z,1.0761,1
2012-09-14T04:00:00Z,1.2721,1
2012-09-14T05:00:00Z,1.4941,1
2012-09-14T06:00:00Z,1.0201,1
2012-09-14T07:00:00Z,0.6481,1
2012-09-14T08:00:00Z,0.0311,1
2012-09-14T09:00:00Z,-0.677,1
2012-09-14T10:00:00Z,-1.044,1
2012-09-14T11:00:00Z,-1.177,1
2012-09-14T12:00:00Z,-0.985,1
2012-09-14T13:00:00Z,-0.472,1
2012-09-14T14:00:00Z,0.108,1
2012-09-14T15:00:00Z,0.701,1
2012-09-14T16:00:00Z,1.079,1
2012-09-14T17:00:00Z,1.057,1
2012-09-14T18:00:00Z,1.543,1
2012-09-14T19:00:00Z,0.737,1
2012-09-14T20:00:00Z,0.271,1
2012-09-14T21:00:00Z,-0.456,1
2012-09-14T22:00:00Z,-1.116,1
2012-09-14T23:00:00Z,-1.472,1
2012-09-15T00:00:00Z,-1.338,1
2012-09-15T01:00:00Z,-1.029,1
2012-09-15T02:00:00Z,-0.437,1
2012-09-15T03:00:00Z,0.467,1
2012-09-15T04:00:00Z,0.948,1
2012-09-15T05:00:00Z,1.235,1
2012-09-15T06:00:00Z,1.356,1
2012-09-15T07:00:00Z,0.952,1
2012-09-15T08:00:00Z,0.209,1
2012-09-15T09:00:00Z,-0.476,1
2012-09-15T10:00:00Z,-1.052,1
2012-09-15T11:00:00Z,-1.4411,1
2012-09-15T12:00:00Z,-1.4101,1
2012-09-15T13:00:00Z,-0.9701,1
2012-09-15T14:00:00Z,-0.2741,1
2012-09-15T15:00:00Z,0.5119,1
2012-09-15T16:00:00Z,1.1689,1
2012-09-15T17:00:00Z,1.6789,1
2012-09-15T18:00:00Z,1.6959,1
2012-09-15T19:00:00Z,1.3449,1
2012-09-15T20:00:00Z,0.7929,1
2012-09-15T21:00:00Z,0.0639,1
2012-09-15T22:00:00Z,-0.7291,1
2012-09-15T23:00:00Z,-1.2941,1
2012-09-16T00:00:00Z,-1.5321,1
2012-09-16T01:00:00Z,-1.3091,1
2012-09-16T02:00:00Z,-0.7291,1
2012-09-16T03:00:00Z,0.1319,1
2012-09-16T04:00:00Z,0.9949,1
2012-09-16T05:00:00Z,1.4669,1
2012-09-16T06:00:00Z,1.7459,1
2012-09-16T07:00:00Z,1.5089,1
2012-09-16T08:00:00Z,0.8979,1
2012-09-16T09:00:00Z,0.1059,1
2012-09-16T10:00:00Z,-0.7201,1
2012-09-16T11:00:00Z,-1.3161,1
2012-09-16T12:00:00Z,-1.5301,1
2012-09-16T13:00:00Z,-1.3522,1
2012-09-16T14:00:00Z,-0.7502,1
2012-09-16T15:00:00Z,0.1348,1
2012-09-16T16:00:00Z,1.0838,1
2012-09-16T17:00:00Z,1.8308,1
2012-09-16T18:00:00Z,1.9408,1
2012-09-16T19:00:00Z,1.8968,1
2012-09-16T20:00:00Z,1.4198,1
2012-09-16T21:00:00Z,0.5428,1
2012-09-16T22:00:00Z,-0.3822,1
2012-09-16T23:00:00Z,-1.0722,1
2012-09-17T00:00:00Z,-1.5952,1
2012-09-17T01:00:00Z,-1.6402,1
2012-09-17T02:00:00Z,-1.2702,1
2012-09-17T03:00:00Z,-0.4022,1
2012-09-17T04:00:00Z,0.4788,1
2012-09-17T05:00:00Z,1.3428,1
2012-09-17T06:00:00Z,1.8448,1
2012-09-17T07:00:00Z,1.9598,1
2012-09-17T08:00:00Z,1.4228,1
2012-09-17T09:00:00Z,0.6128,1
2012-09-17T10:00:00Z,-0.3482,1
2012-09-17T11:00:00Z,-1.0872,1
2012-09-17T12:00:00Z,-1.5672,1
2012-09-17T13:00:00Z,-1.6422,1
2012-09-17T14:00:00Z,-1.2463,1
2012-09-17T15:00:00Z,-0.4323,1
2012-09-17T16:00:00Z,0.4757,1
2012-09-17T17:00:00Z,1.4927,1
2012-09-17T18:00:00Z,1.8767,1
2012-09-17T19:00:00Z,1.9557,1
2012-09-17T20:00:00Z,1.8847,1
2012-09-17T21:00:00Z,1.0217,1
2012-09-17T22:00:00Z,0.1767,1
2012-09-17T23:00:00Z,-0.6843,1
2012-09-18T00:00:00Z,-1.4043,1
2012-09-18T01:00:00Z,-1.7643,1
2012-09-18T02:00:00Z,-1.7083,1
2012-09-18T03:00:00Z,-1.1143,1
2012-09-18T04:00:00Z,-0.1893,1
2012-09-18T05:00:00Z,0.7437,1
2012-09-18T06:00:00Z,1.4457,1
2012-09-18T07:00:00Z,1.6947,1
2012-09-18T08:00:00Z,1.5447,1
2012-09-18T09:00:00Z,0.9747,1
2012-09-18T10:00:00Z,0.2147,1
2012-09-18T11:00:00Z,-0.7083,1
2012-09-18T12:00:00Z,-1.4723,1
2012-09-18T13:00:00Z,-1.8193,1
2012-09-18T14:00:00Z,-1.7453,1
2012-09-18T15:00:00Z,-1.2353,1
2012-09-18T16:00:00Z,-0.3864,1
2012-09-18T17:00:00Z,0.5186,1
2012-09-18T18:00:00Z,1.2476,1
2012-09-18T19:00:00Z,1.6536,1
2012-09-18T20:00:00Z,1.6566,1
2012-09-18T21:00:00Z,1.3346,1
2012-09-18T22:00:00Z,0.5196,1
2012-09-18T23:00:00Z,-0.3024,1
2012-09-19T00:00:00Z,-1.0614,1
2012-09-19T01:00:00Z,-1.6984,1
2012-09-19T02:00:00Z,-1.8924,1
2012-09-19T03:00:00Z,-1.5894,1
2012-09-19T04:00:00Z,-0.9194,1
2012-09-19T05:00:00Z,0.0246,1
2012-09-19T06:00:00Z,0.8326,1
2012-09-19T07:00:00Z,1.3736,1
2012-09-19T08:00:00Z,1.6236,1
2012-09-19T09:00:00Z,1.2586,1
2012-09-19T10:00:00Z,0.6506,1
2012-09-19T11:00:00Z,-0.1464,1
2012-09-19T12:00:00Z,-0.9654,1
2012-09-19T13:00:00Z,-1.5784,1
2012-09-19T14:00:00Z,-1.8034,1
2012-09-19T15:00:00Z,-1.5864,1
2012-09-19T16:00:00Z,-1.0074,1
2012-09-19T17:00:00Z,-0.1174,1
2012-09-19T18:00:00Z,0.7205,1
2012-09-19T19:00:00Z,1.2995,1
2012-09-19T20:00:00Z,1.5795,1
2012-09-19T21:00:00Z,1.5145,1
2012-09-19T22:00:00Z,1.0105,1
2012-09-19T23:00:00Z,0.3435,1
2012-09-20T00:00:00Z,-0.4455,1
2012-09-20T01:00:00Z,-1.1205,1
2012-09-20T02:00:00Z,-1.5035,1
2012-09-20T03:00:00Z,-1.5885,1
2012-09-20T04:00:00Z,-1.3025,1
2012-09-20T05:00:00Z,-0.5435,1
2012-09-20T06:00:00Z,0.3455,1
2012-09-20T07:00:00Z,0.9985,1
2012-09-20T08:00:00Z,1.4625,1
2012-09-20T09:00:00Z,1.4745,1
2012-09-20T10:00:00Z,1.1525,1
2012-09-20T11:00:00Z,0.5425,1
2012-09-20T12:00:00Z,-0.1795,1
2012-09-20T13:00:00Z,-0.9075,1
2012-09-20T14:00:00Z,-1.3765,1
2012-09-20T15:00:00Z,-1.5075,1
2012-09-20T16:00:00Z,-1.2895,1
2012-09-20T17:00:00Z,-0.6965,1
2012-09-20T18:00:00Z,0.1005,1
2012-09-20T19:00:00Z,0.7634,1
2012-09-20T20:00:00Z,1.1824,1
2012-09-20T21:00:00Z,1.3264,1
2012-09-20T22:00:00Z,1.1074,1
2012-09-20T23:00:00Z,0.7524,1
2012-09-21T00:00:00Z,0.1614,1
2012-09-21T01:00:00Z,-0.4846,1
2012-09-21T02:00:00Z,-1.0776,1
2012-09-21T03:00:00Z,-1.3676,1
2012-09-21T04:00:00Z,-1.3916,1
2012-09-21T05:00:00Z,-1.0516,1
2012-09-21T06:00:00Z,-0.4336,1
2012-09-21T07:00:00Z,0.3054,1
2012-09-21T08:00:00Z,0.8124,1
2012-09-21T09:00:00Z,1.1374,1
2012-09-21T10:00:00Z,1.1744,1
2012-09-21T11:00:00Z,0.8554,1
2012-09-21T12:00:00Z,0.3424,1
2012-09-21T13:00:00Z,-0.3006,1
2012-09-21T14:00:00Z,-0.9046,1
2012-09-21T15:00:00Z,-1.2846,1
2012-09-21T16:00:00Z,-1.3526,1
2012-09-21T17:00:00Z,-1.1156,1
2012-09-21T18:00:00Z,-0.6446,1
2012-09-21T19:00:00Z,-0.0406,1
2012-09-21T20:00:00Z,0.4744,1
2012-09-21T21:00:00Z,0.7973,1
2012-09-21T22:00:00Z,0.9303,1
2012-09-21T23:00:00Z,0.8153,1
2012-09-22T00:00:00Z,0.5153,1
2012-09-22T01:00:00Z,0.0383,1
2012-09-22T02:00:00Z,-0.4767,1
2012-09-22T03:00:00Z,-0.9017,1
2012-09-22T04:00:00Z,-1.1537,1
2012-09-22T05:00:00Z,-1.1237,1
2012-09-22T06:00:00Z,-0.8427,1
2012-09-22T07:00:00Z,-0.3447,1
2012-09-22T08:00:00Z,0.2233,1
2012-09-22T09:00:00Z,0.5993,1
2012-09-22T10:00:00Z,0.8733,1
2012-09-22T11:00:00Z,0.9183,1
2012-09-22T12:00:00Z,0.7273,1
2012-09-22T13:00:00Z,0.3723,1
2012-09-22T14:00:00Z,-0.1087,1
2012-09-22T15:00:00Z,-0.5867,1
2012-09-22T16:00:00Z,-0.8927,1
2012-09-22T17:00:00Z,-0.9877,1
2012-09-22T18:00:00Z,-0.8587,1
2012-09-22T19:00:00Z,-0.5117,1
2012-09-22T20:00:00Z,-0.0467,1
2012-09-22T21:00:00Z,0.3283,1
2012-09-22T22:00:00Z,0.6303,1
2012-09-22T23:00:00Z,0.7642,1
2012-09-23T00:00:00Z,0.7362,1
2012-09-23T01:00:00Z,0.5492,1
2012-09-23T02:00:00Z,0.1802,1
2012-09-23T03:00:00Z,-0.2008,1
2012-09-23T04:00:00Z,-0.5458,1
2012-09-23T05:00:00Z,-0.6898,1
2012-09-23T06:00:00Z,-0.7248,1
2012-09-23T07:00:00Z,-0.4858,1
2012-09-23T08:00:00Z,-0.1708,1
2012-09-23T09:00:00Z,0.2412,1
2012-09-23T10:00:00Z,0.6532,1
2012-09-23T11:00:00Z,0.8512,1
2012-09-23T12:00:00Z,0.9092,1
2012-09-23T13:00:00Z,0.8422,1
2012-09-23T14:00:00Z,0.7012,1
2012-09-23T15:00:00Z,0.2822,1
2012-09-23T16:00:00Z,-0.0218,1
2012-09-23T17:00:00Z,-0.5148,1
2012-09-23T18:00:00Z,-0.7418,1
2012-09-23T19:00:00Z,-0.7208,1
2012-09-23T20:00:00Z,-0.4428,1
2012-09-23T21:00:00Z,-0.1548,1
2012-09-23T22:00:00Z,0.1432,1
2012-09-23T23:00:00Z,0.4382,1
2012-09-24T00:00:00Z,0.6611,1
2012-09-24T01:00:00Z,0.7471,1
2012-09-24T02:00:00Z,0.7041,1
2012-09-24T03:00:00Z,0.4791,1
2012-09-24T04:00:00Z,0.0681,1
2012-09-24T05:00:00Z,-0.2369,1
2012-09-24T06:00:00Z,-0.4599,1
2012-09-24T07:00:00Z,-0.5749,1
2012-09-24T08:00:00Z,-0.5029,1
2012-09-24T09:00:00Z,-0.2519,1
2012-09-24T10:00:00Z,0.1061,1
2012-09-24T11:00:00Z,0.4911,1
2012-09-24T12:00:00Z,0.8401,1
2012-09-24T13:00:00Z,1.0391,1
2012-09-24T14:00:00Z,1.0621,1
2012-09-24T15:00:00Z,0.8461,1
2012-09-24T16:00:00Z,0.4761,1
2012-09-24T17:00:00Z,0.0921,1
2012-09-24T18:00:00Z,-0.3219,1
2012-09-24T19:00:00Z,-0.5979,1
2012-09-24T20:00:00Z,-0.7089,1
2012-09-24T21:00:00Z,-0.6829,1
2012-09-24T22:00:00Z,-0.4939,1
2012-09-24T23:00:00Z,-0.1619,1
2012-09-25T00:00:00Z,0.1721,1
2012-09-25T01:00:00Z,0.4771,1
2012-09-25T02:00:00Z,0.664,1
2012-09-25T03:00:00Z,0.656,1
2012-09-25T04:00:00Z,0.409,1
2012-09-25T05:00:00Z,0.154,1
2012-09-25T06:00:00Z,-0.269,1
2012-09-25T07:00:00Z,-0.601,1
2012-09-25T08:00:00Z,-0.807,1
2012-09-25T09:00:00Z,-0.794,1
2012-09-25T10:00:00Z,-0.565,1
2012-09-25T11:00:00Z,-0.219,1
2012-09-25T12:00:00Z,0.267,1
2012-09-25T13:00:00Z,0.702,1
2012-09-25T14:00:00Z,0.792,1
2012-09-25T15:00:00Z,1.089,1
2012-09-25T16:00:00Z,0.822,1
2012-09-25T17:00:00Z,0.376,1
2012-09-25T18:00:00Z,-0.09,1
2012-09-25T19:00:00Z,-0.526,1
2012-09-25T20:00:00Z,-0.947,1
2012-09-25T21:00:00Z,-1.162,1
2012-09-25T22:00:00Z,-1.089,1
2012-09-25T23:00:00Z,-1.01,1
2012-09-26T00:00:00Z,-0.617,1
2012-09-26T01:00:00Z,-0.063,1
2012-09-26T02:00:00Z,0.417,1
2012-09-26T03:00:00Z,0.55,1
2012-09-26T04:00:00Z,0.5859,1
2012-09-26T05:00:00Z,0.3319,1
2012-09-26T06:00:00Z,0.0139,1
2012-09-26T07:00:00Z,-0.5551,1
2012-09-26T08:00:00Z,-0.9701,1
2012-09-26T09:00:00Z,-1.1621,1
2012-09-26T10:00:00Z,-1.2781,1
2012-09-26T11:00:00Z,-1.0181,1
2012-09-26T12:00:00Z,-0.4591,1
2012-09-26T13:00:00Z,-0.0011,1
2012-09-26T14:00:00Z,0.5479,1
2012-09-26T15:00:00Z,0.9339,1
2012-09-26T16:00:00Z,1.0469,1
2012-09-26T17:00:00Z,0.7769,1
2012-09-26T18:00:00Z,0.3649,1
2012-09-26T19:00:00Z,-0.1891,1
2012-09-26T20:00:00Z,-0.7171,1
2012-09-26T21:00:00Z,-1.1311,1
2012-09-26T22:00:00Z,-1.3501,1
2012-09-26T23:00:00Z,-1.2961,1
2012-09-27T00:00:00Z,-0.9381,1
2012-09-27T01:00:00Z,-0.4031,1
2012-09-27T02:00:00Z,0.1379,1
2012-09-27T03:00:00Z,0.5899,1
2012-09-27T04:00:00Z,0.7979,1
2012-09-27T05:00:00Z,0.7698,1
2012-09-27T06:00:00Z,0.4858,1
2012-09-27T07:00:00Z,0.0508,1
2012-09-27T08:00:00Z,-0.5202,1
2012-09-27T09:00:00Z,-0.9962,1
2012-09-27T10:00:00Z,-1.2532,1
2012-09-27T11:00:00Z,-1.2172,1
2012-09-27T12:00:00Z,-0.8432,1
2012-09-27T13:00:00Z,-0.2292,1
2012-09-27T14:00:00Z,0.4528,1
2012-09-27T15:00:00Z,1.0648,1
2012-09-27T16:00:00Z,1.4318,1
2012-09-27T17:00:00Z,1.4278,1
2012-09-27T18:00:00Z,1.1188,1
2012-09-27T19:00:00Z,0.6158,1
2012-09-27T20:00:00Z,-0.0592,1
2012-09-27T21:00:00Z,-0.6362,1
2012-09-27T22:00:00Z,-1.0802,1
2012-09-27T23:00:00Z,-1.2232,1
2012-09-28T00:00:00Z,-1.0632,1
2012-09-28T01:00:00Z,-0.5742,1
2012-09-28T02:00:00Z,0.0678,1
2012-09-28T03:00:00Z,0.6808,1
2012-09-28T04:00:00Z,1.0438,1
2012-09-28T05:00:00Z,1.2408,1
2012-09-28T06:00:00Z,1.0538,1
2012-09-28T07:00:00Z,0.6447,1
2012-09-28T08:00:00Z,0.0307,1
2012-09-28T09:00:00Z,-0.5973,1
2012-09-28T10:00:00Z,-1.0563,1
2012-09-28T11:00:00Z,-1.2883,1
2012-09-28T12:00:00Z,-1.1353,1
2012-09-28T13:00:00Z,-0.6223,1
2012-09-28T14:00:00Z,0.1817,1
2012-09-28T15:00:00Z,0.9107,1
2012-09-28T16:00:00Z,1.3547,1
2012-09-28T17:00:00Z,1.4907,1
2012-09-28T18:00:00Z,1.5837,1
2012-09-28T19:00:00Z,1.1237,1
2012-09-28T20:00:00Z,0.2817,1
2012-09-28T21:00:00Z,-0.2903,1
2012-09-28T22:00:00Z,-0.7793,1
2012-09-28T23:00:00Z,-1.3363,1
2012-09-29T00:00:00Z,-1.3023,1
2012-09-29T01:00:00Z,-0.7973,1
2012-09-29T02:00:00Z,-0.2493,1
2012-09-29T03:00:00Z,0.3257,1
2012-09-29T04:00:00Z,0.8187,1
2012-09-29T05:00:00Z,1.0597,1
2012-09-29T06:00:00Z,1.1017,1
2012-09-29T07:00:00Z,0.9987,1
2012-09-29T08:00:00Z,0.1857,1
2012-09-29T09:00:00Z,-0.4004,1
2012-09-29T10:00:00Z,-1.1304,1
2012-09-29T11:00:00Z,-1.6184,1
2012-09-29T12:00:00Z,-1.5034,1
2012-09-29T13:00:00Z,-1.2654,1
2012-09-29T14:00:00Z,-0.4874,1
2012-09-29T15:00:00Z,0.3556,1
2012-09-29T16:00:00Z,0.9886,1
2012-09-29T17:00:00Z,1.3806,1
2012-09-29T18:00:00Z,1.5936,1
2012-09-29T19:00:00Z,1.4066,1
2012-09-29T20:00:00Z,0.7126,1
2012-09-29T21:00:00Z,0.0796,1
2012-09-29T22:00:00Z,-0.6224,1
2012-09-29T23:00:00Z,-1.1304,1
2012-09-30T00:00:00Z,-1.3324,1
2012-09-30T01:00:00Z,-1.0474,1
2012-09-30T02:00:00Z,-0.5094,1
2012-09-30T03:00:00Z,0.2366,1
2012-09-30T04:00:00Z,0.8686,1
2012-09-30T05:00:00Z,1.4046,1
2012-09-30T06:00:00Z,1.5996,1
2012-09-30T07:00:00Z,1.3526,1
2012-09-30T08:00:00Z,0.9236,1
2012-09-30T09:00:00Z,0.2376,1
2012-09-30T10:00:00Z,-0.4625,1
2012-09-30T11:00:00Z,-1.0715,1
2012-09-30T12:00:00Z,-1.3335,1
2012-09-30T13:00:00Z,-1.2295,1
2012-09-30T14:00:00Z,-0.7195,1
2012-09-30T15:00:00Z,0.0465,1
2012-09-30T16:00:00Z,0.8855,1
2012-09-30T17:00:00Z,1.5265,1
2012-09-30T18:00:00Z,1.8285,1
2012-09-30T19:00:00Z,1.7395,1
2012-09-30T20:00:00Z,1.2945,1
2012-09-30T21:00:00Z,0.4735,1
2012-09-30T22:00:00Z,-0.2085,1
2012-09-30T23:00:00Z,-1.0205,1
2012-10-01T00:00:00Z,-1.2565,1
2012-10-01T01:00:00Z,-1.3275,1
2012-10-01T02:00:00Z,-0.8865,1
2012-10-01T03:00:00Z,-0.2235,1
2012-10-01T04:00:00Z,0.4815,1
2012-10-01T05:00:00Z,1.2945,1
2012-10-01T06:00:00Z,1.4825,1
2012-10-01T07:00:00Z,1.4335,1
2012-10-01T08:00:00Z,1.1225,1
2012-10-01T09:00:00Z,0.6025,1
2012-10-01T10:00:00Z,-0.2175,1
2012-10-01T11:00:00Z,-0.8725,1
2012-10-01T12:00:00Z,-1.2756,1
2012-10-01T13:00:00Z,-1.3446,1
2012-10-01T14:00:00Z,-1.0626,1
2012-10-01T15:00:00Z,-0.4176,1
2012-10-01T16:00:00Z,0.3634,1
2012-10-01T17:00:00Z,1.1594,1
2012-10-01T18:00:00Z,1.5714,1
2012-10-01T19:00:00Z,1.7814,1
2012-10-01T20:00:00Z,1.5024,1
2012-10-01T21:00:00Z,0.8964,1
2012-10-01T22:00:00Z,0.2904,1
2012-10-01T23:00:00Z,-0.5466,1
2012-10-02T00:00:00Z,-1.0446,1
2012-10-02T01:00:00Z,-1.3396,1
2012-10-02T02:00:00Z,-1.0876,1
2012-10-02T03:00:00Z,-0.5866,1
2012-10-02T04:00:00Z,0.0884,1
2012-10-02T05:00:00Z,0.8054,1
2012-10-02T06:00:00Z,1.3504,1
2012-10-02T07:00:00Z,1.5094,1
2012-10-02T08:00:00Z,1.4694,1
2012-10-02T09:00:00Z,0.9574,1
2012-10-02T10:00:00Z,0.3314,1
2012-10-02T11:00:00Z,-0.3426,1
2012-10-02T12:00:00Z,-0.9446,1
2012-10-02T13:00:00Z,-1.2816,1
2012-10-02T14:00:00Z,-1.2007,1
2012-10-02T15:00:00Z,-0.7577,1
2012-10-02T16:00:00Z,-0.0807,1
2012-10-02T17:00:00Z,0.7373,1
2012-10-02T18:00:00Z,1.3053,1
2012-10-02T19:00:00Z,1.6213,1
2012-10-02T20:00:00Z,1.5763,1
2012-10-02T21:00:00Z,1.2433,1
2012-10-02T22:00:00Z,0.6233,1
2012-10-02T23:00:00Z,-0.0967,1
2012-10-03T00:00:00Z,-0.7437,1
2012-10-03T01:00:00Z,-1.1177,1
2012-10-03T02:00:00Z,-1.2007,1
2012-10-03T03:00:00Z,-0.8897,1
2012-10-03T04:00:00Z,-0.2957,1
2012-10-03T05:00:00Z,0.4673,1
2012-10-03T06:00:00Z,1.1033,1
2012-10-03T07:00:00Z,1.4253,1
2012-10-03T08:00:00Z,1.4073,1
2012-10-03T09:00:00Z,1.0813,1
2012-10-03T10:00:00Z,0.5893,1
2012-10-03T11:00:00Z,-0.0137,1
2012-10-03T12:00:00Z,-0.6527,1
2012-10-03T13:00:00Z,-1.0937,1
2012-10-03T14:00:00Z,-1.2517,1
2012-10-03T15:00:00Z,-1.0548,1
2012-10-03T16:00:00Z,-0.6248,1
2012-10-03T17:00:00Z,0.1112,1
2012-10-03T18:00:00Z,0.7412,1
2012-10-03T19:00:00Z,1.1912,1
2012-10-03T20:00:00Z,1.3422,1
2012-10-03T21:00:00Z,1.1602,1
2012-10-03T22:00:00Z,0.6682,1
2012-10-03T23:00:00Z,0.1032,1
2012-10-04T00:00:00Z,-0.5478,1
2012-10-04T01:00:00Z,-0.9968,1
2012-10-04T02:00:00Z,-1.2068,1
2012-10-04T03:00:00Z,-1.1048,1
2012-10-04T04:00:00Z,-0.6738,1
2012-10-04T05:00:00Z,-0.0198,1
2012-10-04T06:00:00Z,0.6332,1
2012-10-04T07:00:00Z,1.0472,1
2012-10-04T08:00:00Z,1.2422,1
2012-10-04T09:00:00Z,1.1042,1
2012-10-04T10:00:00Z,0.7552,1
2012-10-04T11:00:00Z,0.2542,1
2012-10-04T12:00:00Z,-0.2788,1
2012-10-04T13:00:00Z,-0.7668,1
2012-10-04T14:00:00Z,-1.0428,1
2012-10-04T15:00:00Z,-1.0658,1
2012-10-04T16:00:00Z,-0.7508,1
2012-10-04T17:00:00Z,-0.2119,1
2012-10-04T18:00:00Z,0.4381,1
2012-10-04T19:00:00Z,0.9681,1
2012-10-04T20:00:00Z,1.2251,1
2012-10-04T21:00:00Z,1.2191,1
2012-10-04T22:00:00Z,0.9521,1
2012-10-04T23:00:00Z,0.5141,1
2012-10-05T00:00:00Z,1.00E-04,1
2012-10-05T01:00:00Z,-0.4869,1
2012-10-05T02:00:00Z,-0.8239,1
2012-10-05T03:00:00Z,-0.8969,1
2012-10-05T04:00:00Z,-0.6769,1
2012-10-05T05:00:00Z,-0.2369,1
2012-10-05T06:00:00Z,0.3411,1
2012-10-05T07:00:00Z,0.8711,1
2012-10-05T08:00:00Z,1.1431,1
2012-10-05T09:00:00Z,1.1601,1
2012-10-05T10:00:00Z,0.9551,1
2012-10-05T11:00:00Z,0.5371,1
2012-10-05T12:00:00Z,0.1271,1
2012-10-05T13:00:00Z,-0.3559,1
2012-10-05T14:00:00Z,-0.6999,1
2012-10-05T15:00:00Z,-0.8849,1
2012-10-05T16:00:00Z,-0.8089,1
2012-10-05T17:00:00Z,-0.4729,1
2012-10-05T18:00:00Z,-0.0049,1
2012-10-05T19:00:00Z,0.498,1
2012-10-05T20:00:00Z,0.77,1
2012-10-05T21:00:00Z,0.913,1
2012-10-05T22:00:00Z,0.854,1
2012-10-05T23:00:00Z,0.585,1
2012-10-06T00:00:00Z,0.173,1
2012-10-06T01:00:00Z,-0.233,1
2012-10-06T02:00:00Z,-0.644,1
2012-10-06T03:00:00Z,-0.853,1
2012-10-06T04:00:00Z,-0.795,1
2012-10-06T05:00:00Z,-0.563,1
2012-10-06T06:00:00Z,-0.103,1
2012-10-06T07:00:00Z,0.312,1
2012-10-06T08:00:00Z,0.685,1
2012-10-06T09:00:00Z,0.812,1
2012-10-06T10:00:00Z,0.799,1
2012-10-06T11:00:00Z,0.639,1
2012-10-06T12:00:00Z,0.368,1
2012-10-06T13:00:00Z,0.006,1
2012-10-06T14:00:00Z,-0.339,1
2012-10-06T15:00:00Z,-0.649,1
2012-10-06T16:00:00Z,-0.763,1
2012-10-06T17:00:00Z,-0.659,1
2012-10-06T18:00:00Z,-0.4,1
2012-10-06T19:00:00Z,0.009,1
2012-10-06T20:00:00Z,0.342,1
2012-10-06T21:00:00Z,0.5759,1
2012-10-06T22:00:00Z,0.6579,1
2012-10-06T23:00:00Z,0.5539,1
2012-10-07T00:00:00Z,0.3009,1
2012-10-07T01:00:00Z,-0.0241,1
2012-10-07T02:00:00Z,-0.3721,1
2012-10-07T03:00:00Z,-0.6601,1
2012-10-07T04:00:00Z,-0.7551,1
2012-10-07T05:00:00Z,-0.6691,1
2012-10-07T06:00:00Z,-0.4391,1
2012-10-07T07:00:00Z,-0.0421,1
2012-10-07T08:00:00Z,0.2939,1
2012-10-07T09:00:00Z,0.5289,1
2012-10-07T10:00:00Z,0.6909,1
2012-10-07T11:00:00Z,0.6439,1
2012-10-07T12:00:00Z,0.5399,1
2012-10-07T13:00:00Z,0.2989,1
2012-10-07T14:00:00Z,0.0699,1
2012-10-07T15:00:00Z,-0.2321,1
2012-10-07T16:00:00Z,-0.4371,1
2012-10-07T17:00:00Z,-0.5201,1
2012-10-07T18:00:00Z,-0.4511,1
2012-10-07T19:00:00Z,-0.2501,1
2012-10-07T20:00:00Z,-0.0101,1
2012-10-07T21:00:00Z,0.2669,1
2012-10-07T22:00:00Z,0.4718,1
2012-10-07T23:00:00Z,0.5178,1
2012-10-08T00:00:00Z,0.4708,1
2012-10-08T01:00:00Z,0.2998,1
2012-10-08T02:00:00Z,0.0488,1
2012-10-08T03:00:00Z,-0.2462,1
2012-10-08T04:00:00Z,-0.4552,1
2012-10-08T05:00:00Z,-0.5782,1
2012-10-08T06:00:00Z,-0.4512,1
2012-10-08T07:00:00Z,-0.2322,1
2012-10-08T08:00:00Z,0.0418,1
2012-10-08T09:00:00Z,0.2948,1
2012-10-08T10:00:00Z,0.4718,1
2012-10-08T11:00:00Z,0.6108,1
2012-10-08T12:00:00Z,0.6328,1
2012-10-08T13:00:00Z,0.6038,1
2012-10-08T14:00:00Z,0.4298,1
2012-10-08T15:00:00Z,0.2158,1
2012-10-08T16:00:00Z,-0.0522,1
2012-10-08T17:00:00Z,-0.2842,1
2012-10-08T18:00:00Z,-0.4442,1
2012-10-08T19:00:00Z,-0.4662,1
2012-10-08T20:00:00Z,-0.3342,1
2012-10-08T21:00:00Z,-0.1232,1
2012-10-08T22:00:00Z,0.1158,1
2012-10-08T23:00:00Z,0.2908,1
2012-10-09T00:00:00Z,0.4067,1
2012-10-09T01:00:00Z,0.3977,1
2012-10-09T02:00:00Z,0.2627,1
2012-10-09T03:00:00Z,0.0417,1
2012-10-09T04:00:00Z,-0.2323,1
2012-10-09T05:00:00Z,-0.4113,1
2012-10-09T06:00:00Z,-0.5293,1
2012-10-09T07:00:00Z,-0.5033,1
2012-10-09T08:00:00Z,-0.3683,1
2012-10-09T09:00:00Z,-0.2073,1
2012-10-09T10:00:00Z,0.0377,1
2012-10-09T11:00:00Z,0.2617,1
2012-10-09T12:00:00Z,0.4317,1
2012-10-09T13:00:00Z,0.5687,1
2012-10-09T14:00:00Z,0.5957,1
2012-10-09T15:00:00Z,0.4537,1
2012-10-09T16:00:00Z,0.1897,1
2012-10-09T17:00:00Z,-0.0573,1
2012-10-09T18:00:00Z,-0.3313,1
2012-10-09T19:00:00Z,-0.4893,1
2012-10-09T20:00:00Z,-0.5633,1
2012-10-09T21:00:00Z,-0.4863,1
2012-10-09T22:00:00Z,-0.3013,1
2012-10-09T23:00:00Z,-0.0053,1
2012-10-10T00:00:00Z,0.2657,1
2012-10-10T01:00:00Z,0.4427,1
2012-10-10T02:00:00Z,0.4956,1
2012-10-10T03:00:00Z,0.4066,1
2012-10-10T04:00:00Z,0.2076,1
2012-10-10T05:00:00Z,-0.0704,1
2012-10-10T06:00:00Z,-0.3054,1
2012-10-10T07:00:00Z,-0.4704,1
2012-10-10T08:00:00Z,-0.4974,1
2012-10-10T09:00:00Z,-0.4174,1
2012-10-10T10:00:00Z,-0.1914,1
2012-10-10T11:00:00Z,0.1086,1
2012-10-10T12:00:00Z,0.3886,1
2012-10-10T13:00:00Z,0.6516,1
2012-10-10T14:00:00Z,0.7896,1
2012-10-10T15:00:00Z,0.8286,1
2012-10-10T16:00:00Z,0.6876,1
2012-10-10T17:00:00Z,0.4326,1
2012-10-10T18:00:00Z,0.0906,1
2012-10-10T19:00:00Z,-0.2484,1
2012-10-10T20:00:00Z,-0.4984,1
2012-10-10T21:00:00Z,-0.6214,1
2012-10-10T22:00:00Z,-0.5394,1
2012-10-10T23:00:00Z,-0.2754,1
2012-10-11T00:00:00Z,0.1276,1
2012-10-11T01:00:00Z,0.4776,1
2012-10-11T02:00:00Z,0.7366,1
2012-10-11T03:00:00Z,0.8045,1
2012-10-11T04:00:00Z,0.6765,1
2012-10-11T05:00:00Z,0.4335,1
2012-10-11T06:00:00Z,0.1055,1
2012-10-11T07:00:00Z,-0.2305,1
2012-10-11T08:00:00Z,-0.4745,1
2012-10-11T09:00:00Z,-0.5495,1
2012-10-11T10:00:00Z,-0.4455,1
2012-10-11T11:00:00Z,-0.1665,1
2012-10-11T12:00:00Z,0.1475,1
2012-10-11T13:00:00Z,0.5665,1
2012-10-11T14:00:00Z,0.8595,1
2012-10-11T15:00:00Z,1.0075,1
2012-10-11T16:00:00Z,1.0285,1
2012-10-11T17:00:00Z,0.7245,1
2012-10-11T18:00:00Z,0.3735,1
2012-10-11T19:00:00Z,-0.0945,1
2012-10-11T20:00:00Z,-0.5165,1
2012-10-11T21:00:00Z,-0.8205,1
2012-10-11T22:00:00Z,-0.9405,1
2012-10-11T23:00:00Z,-0.7675,1
2012-10-12T00:00:00Z,-0.3995,1
2012-10-12T01:00:00Z,0.1445,1
2012-10-12T02:00:00Z,0.5525,1
2012-10-12T03:00:00Z,0.8785,1
2012-10-12T04:00:00Z,1.0085,1
2012-10-12T05:00:00Z,0.7804,1
2012-10-12T06:00:00Z,0.4084,1
2012-10-12T07:00:00Z,-0.1786,1
2012-10-12T08:00:00Z,-0.7026,1
2012-10-12T09:00:00Z,-0.8546,1
2012-10-12T10:00:00Z,-0.9346,1
2012-10-12T11:00:00Z,-0.7116,1
2012-10-12T12:00:00Z,-0.2286,1
2012-10-12T13:00:00Z,0.2374,1
2012-10-12T14:00:00Z,0.6644,1
2012-10-12T15:00:00Z,1.0674,1
2012-10-12T16:00:00Z,1.1494,1
2012-10-12T17:00:00Z,1.0774,1
2012-10-12T18:00:00Z,0.6434,1
2012-10-12T19:00:00Z,0.2114,1
2012-10-12T20:00:00Z,-0.4876,1
2012-10-12T21:00:00Z,-0.9776,1
2012-10-12T22:00:00Z,-1.2306,1
2012-10-12T23:00:00Z,-1.1126,1
2012-10-13T00:00:00Z,-0.8926,1
2012-10-13T01:00:00Z,-0.3136,1
2012-10-13T02:00:00Z,0.3944,1
2012-10-13T03:00:00Z,0.8644,1
2012-10-13T04:00:00Z,1.1624,1
2012-10-13T05:00:00Z,1.0854,1
2012-10-13T06:00:00Z,0.6724,1
2012-10-13T07:00:00Z,0.3053,1
2012-10-13T08:00:00Z,-0.4397,1
2012-10-13T09:00:00Z,-0.9097,1
2012-10-13T10:00:00Z,-1.1887,1
2012-10-13T11:00:00Z,-1.1967,1
2012-10-13T12:00:00Z,-0.8277,1
2012-10-13T13:00:00Z,-0.1737,1
2012-10-13T14:00:00Z,0.4903,1
2012-10-13T15:00:00Z,1.0733,1
2012-10-13T16:00:00Z,1.3113,1
2012-10-13T17:00:00Z,1.4993,1
2012-10-13T18:00:00Z,1.0943,1
2012-10-13T19:00:00Z,0.6573,1
2012-10-13T20:00:00Z,-0.1197,1
2012-10-13T21:00:00Z,-0.7557,1
2012-10-13T22:00:00Z,-1.2667,1
2012-10-13T23:00:00Z,-1.4787,1
2012-10-14T00:00:00Z,-1.2897,1
2012-10-14T01:00:00Z,-0.7397,1
2012-10-14T02:00:00Z,0.0173,1
2012-10-14T03:00:00Z,0.7753,1
2012-10-14T04:00:00Z,1.2513,1
2012-10-14T05:00:00Z,1.4633,1
2012-10-14T06:00:00Z,1.2693,1
2012-10-14T07:00:00Z,0.7383,1
2012-10-14T08:00:00Z,-0.0168,1
2012-10-14T09:00:00Z,-0.7268,1
2012-10-14T10:00:00Z,-1.2838,1
2012-10-14T11:00:00Z,-1.4998,1
2012-10-14T12:00:00Z,-1.2708,1
2012-10-14T13:00:00Z,-0.7198,1
2012-10-14T14:00:00Z,0.0712,1
2012-10-14T15:00:00Z,0.8672,1
2012-10-14T16:00:00Z,1.4332,1
2012-10-14T17:00:00Z,1.6812,1
2012-10-14T18:00:00Z,1.5842,1
2012-10-14T19:00:00Z,1.1032,1
2012-10-14T20:00:00Z,0.4142,1
2012-10-14T21:00:00Z,-0.3908,1
2012-10-14T22:00:00Z,-1.2658,1
2012-10-14T23:00:00Z,-1.7098,1
2012-10-15T00:00:00Z,-1.7188,1
2012-10-15T01:00:00Z,-1.3518,1
2012-10-15T02:00:00Z,-0.6238,1
2012-10-15T03:00:00Z,0.3792,1
2012-10-15T04:00:00Z,1.0802,1
2012-10-15T05:00:00Z,1.6482,1
2012-10-15T06:00:00Z,1.6782,1
2012-10-15T07:00:00Z,1.2032,1
2012-10-15T08:00:00Z,0.4812,1
2012-10-15T09:00:00Z,-0.3778,1
2012-10-15T10:00:00Z,-1.1549,1
2012-10-15T11:00:00Z,-1.5659,1
2012-10-15T12:00:00Z,-1.6369,1
2012-10-15T13:00:00Z,-1.2769,1
2012-10-15T14:00:00Z,-0.5869,1
2012-10-15T15:00:00Z,0.3991,1
2012-10-15T16:00:00Z,1.2251,1
2012-10-15T17:00:00Z,1.7061,1
2012-10-15T18:00:00Z,1.9461,1
2012-10-15T19:00:00Z,1.6271,1
2012-10-15T20:00:00Z,0.9871,1
2012-10-15T21:00:00Z,0.1641,1
2012-10-15T22:00:00Z,-0.7189,1
2012-10-15T23:00:00Z,-1.4159,1
2012-10-16T00:00:00Z,-1.7849,1
2012-10-16T01:00:00Z,-1.6509,1
2012-10-16T02:00:00Z,-1.0239,1
2012-10-16T03:00:00Z,-0.0969,1
2012-10-16T04:00:00Z,0.8561,1
2012-10-16T05:00:00Z,1.5371,1
2012-10-16T06:00:00Z,1.8911,1
2012-10-16T07:00:00Z,1.7681,1
2012-10-16T08:00:00Z,1.1951,1
2012-10-16T09:00:00Z,0.3581,1
2012-10-16T10:00:00Z,-0.6019,1
2012-10-16T11:00:00Z,-1.3779,1
2012-10-16T12:00:00Z,-1.78,1
2012-10-16T13:00:00Z,-1.749,1
2012-10-16T14:00:00Z,-1.219,1
2012-10-16T15:00:00Z,-0.346,1
2012-10-16T16:00:00Z,0.602,1
2012-10-16T17:00:00Z,1.402,1
2012-10-16T18:00:00Z,1.762,1
2012-10-16T19:00:00Z,1.857,1
2012-10-16T20:00:00Z,1.37,1
2012-10-16T21:00:00Z,0.683,1
2012-10-16T22:00:00Z,-0.218,1
2012-10-16T23:00:00Z,-1.097,1
2012-10-17T00:00:00Z,-1.663,1
2012-10-17T01:00:00Z,-1.898,1
2012-10-17T02:00:00Z,-1.55,1
2012-10-17T03:00:00Z,-0.808,1
2012-10-17T04:00:00Z,0.214,1
2012-10-17T05:00:00Z,1.163,1
2012-10-17T06:00:00Z,1.714,1
2012-10-17T07:00:00Z,2.091,1
2012-10-17T08:00:00Z,1.726,1
2012-10-17T09:00:00Z,0.991,1
2012-10-17T10:00:00Z,0.142,1
2012-10-17T11:00:00Z,-0.726,1
2012-10-17T12:00:00Z,-1.372,1
2012-10-17T13:00:00Z,-1.7671,1
2012-10-17T14:00:00Z,-1.5311,1
2012-10-17T15:00:00Z,-0.8821,1
2012-10-17T16:00:00Z,0.0999,1
2012-10-17T17:00:00Z,0.9849,1
2012-10-17T18:00:00Z,1.5929,1
2012-10-17T19:00:00Z,1.9849,1
2012-10-17T20:00:00Z,1.7049,1
2012-10-17T21:00:00Z,1.3649,1
2012-10-17T22:00:00Z,0.5399,1
2012-10-17T23:00:00Z,-0.2761,1
2012-10-18T00:00:00Z,-1.0711,1
2012-10-18T01:00:00Z,-1.6541,1
2012-10-18T02:00:00Z,-1.7821,1
2012-10-18T03:00:00Z,-1.3931,1
2012-10-18T04:00:00Z,-0.6011,1
2012-10-18T05:00:00Z,0.4259,1
2012-10-18T06:00:00Z,1.2069,1
2012-10-18T07:00:00Z,1.6079,1
2012-10-18T08:00:00Z,1.7769,1
2012-10-18T09:00:00Z,1.2759,1
2012-10-18T10:00:00Z,0.6619,1
2012-10-18T11:00:00Z,-0.2901,1
2012-10-18T12:00:00Z,-1.1141,1
2012-10-18T13:00:00Z,-1.7441,1
2012-10-18T14:00:00Z,-1.9451,1
2012-10-18T15:00:00Z,-1.6392,1
2012-10-18T16:00:00Z,-0.9762,1
2012-10-18T17:00:00Z,-0.0822,1
2012-10-18T18:00:00Z,0.7598,1
2012-10-18T19:00:00Z,1.2118,1
2012-10-18T20:00:00Z,1.4738,1
2012-10-18T21:00:00Z,1.2348,1
2012-10-18T22:00:00Z,0.8508,1
2012-10-18T23:00:00Z,0.1668,1
2012-10-19T00:00:00Z,-0.6712,1
2012-10-19T01:00:00Z,-1.3662,1
2012-10-19T02:00:00Z,-1.7592,1
2012-10-19T03:00:00Z,-1.7122,1
2012-10-19T04:00:00Z,-1.2662,1
2012-10-19T05:00:00Z,-0.4642,1
2012-10-19T06:00:00Z,0.4498,1
2012-10-19T07:00:00Z,1.0948,1
2012-10-19T08:00:00Z,1.4668,1
2012-10-19T09:00:00Z,1.4608,1
2012-10-19T10:00:00Z,1.0548,1
2012-10-19T11:00:00Z,0.4228,1
2012-10-19T12:00:00Z,-0.3212,1
2012-10-19T13:00:00Z,-1.0182,1
2012-10-19T14:00:00Z,-1.4532,1
2012-10-19T15:00:00Z,-1.5832,1
2012-10-19T16:00:00Z,-1.3012,1
2012-10-19T17:00:00Z,-0.6773,1
2012-10-19T18:00:00Z,0.1007,1
2012-10-19T19:00:00Z,0.7737,1
2012-10-19T20:00:00Z,1.1627,1
2012-10-19T21:00:00Z,1.2927,1
2012-10-19T22:00:00Z,1.0917,1
2012-10-19T23:00:00Z,0.6777,1
2012-10-20T00:00:00Z,0.0387,1
2012-10-20T01:00:00Z,-0.5813,1
2012-10-20T02:00:00Z,-1.0693,1
2012-10-20T03:00:00Z,-1.3053,1
2012-10-20T04:00:00Z,-1.1913,1
2012-10-20T05:00:00Z,-0.7743,1
2012-10-20T06:00:00Z,-0.0943,1
2012-10-20T07:00:00Z,0.6227,1
2012-10-20T08:00:00Z,1.1807,1
2012-10-20T09:00:00Z,1.4287,1
2012-10-20T10:00:00Z,1.3767,1
2012-10-20T11:00:00Z,1.0647,1
2012-10-20T12:00:00Z,0.5447,1
2012-10-20T13:00:00Z,-0.1693,1
2012-10-20T14:00:00Z,-0.7753,1
2012-10-20T15:00:00Z,-1.1733,1
2012-10-20T16:00:00Z,-1.2053,1
2012-10-20T17:00:00Z,-0.9523,1
2012-10-20T18:00:00Z,-0.5224,1
2012-10-20T19:00:00Z,0.0986,1
2012-10-20T20:00:00Z,0.6056,1
2012-10-20T21:00:00Z,0.9186,1
2012-10-20T22:00:00Z,1.0146,1
2012-10-20T23:00:00Z,0.8676,1
2012-10-21T00:00:00Z,0.5936,1
2012-10-21T01:00:00Z,0.0516,1
2012-10-21T02:00:00Z,-0.4504,1
2012-10-21T03:00:00Z,-0.8564,1
2012-10-21T04:00:00Z,-0.9894,1
2012-10-21T05:00:00Z,-0.8534,1
2012-10-21T06:00:00Z,-0.5354,1
2012-10-21T07:00:00Z,0.0606,1
2012-10-21T08:00:00Z,0.5876,1
2012-10-21T09:00:00Z,1.0216,1
2012-10-21T10:00:00Z,1.2716,1
2012-10-21T11:00:00Z,1.1466,1
2012-10-21T12:00:00Z,0.9796,1
2012-10-21T13:00:00Z,0.4926,1
2012-10-21T14:00:00Z,-0.0364,1
2012-10-21T15:00:00Z,-0.5334,1
2012-10-21T16:00:00Z,-0.7724,1
2012-10-21T17:00:00Z,-0.8924,1
2012-10-21T18:00:00Z,-0.8474,1
2012-10-21T19:00:00Z,-0.4684,1
2012-10-21T20:00:00Z,-0.0505,1
2012-10-21T21:00:00Z,0.3025,1
2012-10-21T22:00:00Z,0.5655,1
2012-10-21T23:00:00Z,0.6575,1
2012-10-22T00:00:00Z,0.6665,1
2012-10-22T01:00:00Z,0.4845,1
2012-10-22T02:00:00Z,0.1385,1
2012-10-22T03:00:00Z,-0.2915,1
2012-10-22T04:00:00Z,-0.6925,1
2012-10-22T05:00:00Z,-0.8065,1
2012-10-22T06:00:00Z,-0.7495,1
2012-10-22T07:00:00Z,-0.5215,1
2012-10-22T08:00:00Z,-0.0725,1
2012-10-22T09:00:00Z,0.3645,1
2012-10-22T10:00:00Z,0.7185,1
2012-10-22T11:00:00Z,1.0305,1
2012-10-22T12:00:00Z,1.0865,1
2012-10-22T13:00:00Z,0.9165,1
2012-10-22T14:00:00Z,0.5895,1
2012-10-22T15:00:00Z,0.1645,1
2012-10-22T16:00:00Z,-0.2675,1
2012-10-22T17:00:00Z,-0.6505,1
2012-10-22T18:00:00Z,-0.8075,1
2012-10-22T19:00:00Z,-0.8085,1
2012-10-22T20:00:00Z,-0.5895,1
2012-10-22T21:00:00Z,-0.3145,1
2012-10-22T22:00:00Z,0.0284,1
2012-10-22T23:00:00Z,0.2984,1
2012-10-23T00:00:00Z,0.4524,1
2012-10-23T01:00:00Z,0.5134,1
2012-10-23T02:00:00Z,0.3914,1
2012-10-23T03:00:00Z,0.1184,1
2012-10-23T04:00:00Z,-0.2596,1
2012-10-23T05:00:00Z,-0.5506,1
2012-10-23T06:00:00Z,-0.7446,1
2012-10-23T07:00:00Z,-0.7706,1
2012-10-23T08:00:00Z,-0.6136,1
2012-10-23T09:00:00Z,-0.3526,1
2012-10-23T10:00:00Z,0.0594,1
2012-10-23T11:00:00Z,0.4334,1
2012-10-23T12:00:00Z,0.7084,1
2012-10-23T13:00:00Z,0.9084,1
2012-10-23T14:00:00Z,0.8164,1
2012-10-23T15:00:00Z,0.5774,1
2012-10-23T16:00:00Z,0.2384,1
2012-10-23T17:00:00Z,-0.1746,1
2012-10-23T18:00:00Z,-0.5796,1
2012-10-23T19:00:00Z,-0.8396,1
2012-10-23T20:00:00Z,-0.8986,1
2012-10-23T21:00:00Z,-0.8366,1
2012-10-23T22:00:00Z,-0.5646,1
2012-10-23T23:00:00Z,-0.2357,1
2012-10-24T00:00:00Z,0.0813,1
2012-10-24T01:00:00Z,0.3773,1
2012-10-24T02:00:00Z,0.4863,1
2012-10-24T03:00:00Z,0.4293,1
2012-10-24T04:00:00Z,0.2053,1
2012-10-24T05:00:00Z,-0.1407,1
2012-10-24T06:00:00Z,-0.4957,1
2012-10-24T07:00:00Z,-0.7597,1
2012-10-24T08:00:00Z,-0.8707,1
2012-10-24T09:00:00Z,-0.7787,1
2012-10-24T10:00:00Z,-0.4957,1
2012-10-24T11:00:00Z,-0.0737,1
2012-10-24T12:00:00Z,0.3653,1
2012-10-24T13:00:00Z,0.7313,1
2012-10-24T14:00:00Z,0.9573,1
2012-10-24T15:00:00Z,0.9363,1
2012-10-24T16:00:00Z,0.6943,1
2012-10-24T17:00:00Z,0.2883,1
2012-10-24T18:00:00Z,-0.1997,1
2012-10-24T19:00:00Z,-0.6187,1
2012-10-24T20:00:00Z,-0.9097,1
2012-10-24T21:00:00Z,-1.0227,1
2012-10-24T22:00:00Z,-0.9907,1
2012-10-24T23:00:00Z,-0.6847,1
2012-10-25T00:00:00Z,-0.2677,1
2012-10-25T01:00:00Z,0.1182,1
2012-10-25T02:00:00Z,0.4122,1
2012-10-25T03:00:00Z,0.5782,1
2012-10-25T04:00:00Z,0.5262,1
2012-10-25T05:00:00Z,0.2622,1
2012-10-25T06:00:00Z,-0.1028,1
2012-10-25T07:00:00Z,-0.5468,1
2012-10-25T08:00:00Z,-0.8978,1
2012-10-25T09:00:00Z,-1.0458,1
2012-10-25T10:00:00Z,-0.9618,1
2012-10-25T11:00:00Z,-0.6358,1
2012-10-25T12:00:00Z,-0.1448,1
2012-10-25T13:00:00Z,0.3792,1
2012-10-25T14:00:00Z,0.8162,1
2012-10-25T15:00:00Z,1.0682,1
2012-10-25T16:00:00Z,1.0292,1
2012-10-25T17:00:00Z,0.7172,1
2012-10-25T18:00:00Z,0.2522,1
2012-10-25T19:00:00Z,-0.2728,1
2012-10-25T20:00:00Z,-0.7358,1
2012-10-25T21:00:00Z,-1.0798,1
2012-10-25T22:00:00Z,-1.1838,1
2012-10-25T23:00:00Z,-1.0438,1
2012-10-26T00:00:00Z,-0.6648,1
2012-10-26T01:00:00Z,-0.1768,1
2012-10-26T02:00:00Z,0.2632,1
2012-10-26T03:00:00Z,0.6151,1
2012-10-26T04:00:00Z,0.7331,1
2012-10-26T05:00:00Z,0.6201,1
2012-10-26T06:00:00Z,0.3151,1
2012-10-26T07:00:00Z,-0.1719,1
2012-10-26T08:00:00Z,-0.6899,1
2012-10-26T09:00:00Z,-1.0469,1
2012-10-26T10:00:00Z,-1.1889,1
2012-10-26T11:00:00Z,-1.0079,1
2012-10-26T12:00:00Z,-0.6239,1
2012-10-26T13:00:00Z,-0.0329,1
2012-10-26T14:00:00Z,0.6151,1
2012-10-26T15:00:00Z,1.0171,1
2012-10-26T16:00:00Z,1.2561,1
2012-10-26T17:00:00Z,1.1331,1
2012-10-26T18:00:00Z,0.7391,1
2012-10-26T19:00:00Z,0.2381,1
2012-10-26T20:00:00Z,-0.4039,1
2012-10-26T21:00:00Z,-0.9229,1
2012-10-26T22:00:00Z,-1.2119,1
2012-10-26T23:00:00Z,-1.2699,1
2012-10-27T00:00:00Z,-1.0699,1
2012-10-27T01:00:00Z,-0.6159,1
2012-10-27T02:00:00Z,0.0531,1
2012-10-27T03:00:00Z,0.4941,1
2012-10-27T04:00:00Z,0.781,1
2012-10-27T05:00:00Z,0.815,1
2012-10-27T06:00:00Z,0.671,1
2012-10-27T07:00:00Z,0.146,1
2012-10-27T08:00:00Z,-0.402,1
2012-10-27T09:00:00Z,-0.945,1
2012-10-27T10:00:00Z,-1.293,1
2012-10-27T11:00:00Z,-1.277,1
2012-10-27T12:00:00Z,-0.935,1
2012-10-27T13:00:00Z,-0.441,1
2012-10-27T14:00:00Z,0.202,1
2012-10-27T15:00:00Z,0.862,1
2012-10-27T16:00:00Z,1.229,1
2012-10-27T17:00:00Z,1.409,1
2012-10-27T18:00:00Z,1.122,1
2012-10-27T19:00:00Z,0.657,1
2012-10-27T20:00:00Z,0.023,1
2012-10-27T21:00:00Z,-0.577,1
2012-10-27T22:00:00Z,-1.076,1
2012-10-27T23:00:00Z,-1.191,1
2012-10-28T00:00:00Z,-1.077,1
2012-10-28T01:00:00Z,-0.703,1
2012-10-28T02:00:00Z,-0.033,1
2012-10-28T03:00:00Z,0.534,1
2012-10-28T04:00:00Z,0.997,1
2012-10-28T05:00:00Z,1.31,1
2012-10-28T06:00:00Z,1.1359,1
2012-10-28T07:00:00Z,0.8249,1
2012-10-28T08:00:00Z,0.1939,1
2012-10-28T09:00:00Z,-0.3601,1
2012-10-28T10:00:00Z,-0.8811,1
2012-10-28T11:00:00Z,-1.1211,1
2012-10-28T12:00:00Z,-1.0421,1
2012-10-28T13:00:00Z,-0.6421,1
2012-10-28T14:00:00Z,0.1009,1
2012-10-28T15:00:00Z,0.7279,1
2012-10-28T16:00:00Z,1.3259,1
2012-10-28T17:00:00Z,1.5849,1
2012-10-28T18:00:00Z,1.5509,1
2012-10-28T19:00:00Z,1.0829,1
2012-10-28T20:00:00Z,0.4739,1
2012-10-28T21:00:00Z,-0.1851,1
2012-10-28T22:00:00Z,-0.7451,1
2012-10-28T23:00:00Z,-1.1591,1
2012-10-29T00:00:00Z,-1.2181,1
2012-10-29T01:00:00Z,-0.9671,1
2012-10-29T02:00:00Z,-0.4221,1
2012-10-29T03:00:00Z,0.2749,1
2012-10-29T04:00:00Z,0.7879,1
2012-10-29T05:00:00Z,1.1759,1
2012-10-29T06:00:00Z,1.2519,1
2012-10-29T07:00:00Z,1.1389,1
2012-10-29T08:00:00Z,0.4618,1
2012-10-29T09:00:00Z,-0.1832,1
2012-10-29T10:00:00Z,-0.8802,1
2012-10-29T11:00:00Z,-1.3612,1
2012-10-29T12:00:00Z,-1.5002,1
2012-10-29T13:00:00Z,-1.2402,1
2012-10-29T14:00:00Z,-0.7492,1
2012-10-29T15:00:00Z,-0.0152,1
2012-10-29T16:00:00Z,0.6938,1
2012-10-29T17:00:00Z,1.2108,1
2012-10-29T18:00:00Z,1.4068,1
2012-10-29T19:00:00Z,1.1678,1
2012-10-29T20:00:00Z,0.6968,1
2012-10-29T21:00:00Z,0.0108,1
2012-10-29T22:00:00Z,-0.6742,1
2012-10-29T23:00:00Z,-1.1252,1
2012-10-30T00:00:00Z,-1.3522,1
2012-10-30T01:00:00Z,-1.2052,1
2012-10-30T02:00:00Z,-0.7692,1
2012-10-30T03:00:00Z,-0.0962,1
2012-10-30T04:00:00Z,0.6228,1
2012-10-30T05:00:00Z,1.1508,1
2012-10-30T06:00:00Z,1.4048,1
2012-10-30T07:00:00Z,1.3278,1
2012-10-30T08:00:00Z,0.9978,1
2012-10-30T09:00:00Z,0.4257,1
2012-10-30T10:00:00Z,-0.2373,1
2012-10-30T11:00:00Z,-0.8463,1
2012-10-30T12:00:00Z,-1.1563,1
2012-10-30T13:00:00Z,-1.1053,1
2012-10-30T14:00:00Z,-0.6433,1
2012-10-30T15:00:00Z,-0.0203,1
2012-10-30T16:00:00Z,0.7947,1
2012-10-30T17:00:00Z,1.3447,1
2012-10-30T18:00:00Z,1.7017,1
2012-10-30T19:00:00Z,1.7067,1
2012-10-30T20:00:00Z,1.3297,1
2012-10-30T21:00:00Z,0.8307,1
2012-10-30T22:00:00Z,0.1307,1
2012-10-30T23:00:00Z,-0.4803,1
2012-10-31T00:00:00Z,-0.8233,1
2012-10-31T01:00:00Z,-0.8723,1
2012-10-31T02:00:00Z,-0.6323,1
2012-10-31T03:00:00Z,-0.0563,1
2012-10-31T04:00:00Z,0.6857,1
2012-10-31T05:00:00Z,1.3197,1
2012-10-31T06:00:00Z,1.7397,1
2012-10-31T07:00:00Z,1.8127,1
2012-10-31T08:00:00Z,1.5007,1
2012-10-31T09:00:00Z,0.9457,1
2012-10-31T10:00:00Z,0.3837,1
2012-10-31T11:00:00Z,-0.2314,1
2012-10-31T12:00:00Z,-0.7624,1
2012-10-31T13:00:00Z,-0.9624,1
2012-10-31T14:00:00Z,-0.8034,1
2012-10-31T15:00:00Z,-0.3484,1
2012-10-31T16:00:00Z,0.3906,1
2012-10-31T17:00:00Z,1.0516,1
2012-10-31T18:00:00Z,1.5326,1
2012-10-31T19:00:00Z,1.6466,1
2012-10-31T20:00:00Z,1.4736,1
2012-10-31T21:00:00Z,0.9796,1
2012-10-31T22:00:00Z,0.4016,1
2012-10-31T23:00:00Z,-0.3194,1
2012-11-01T00:00:00Z,-0.8574,1
2012-11-01T01:00:00Z,-1.0444,1
2012-11-01T02:00:00Z,-0.9724,1
2012-11-01T03:00:00Z,-0.4634,1
2012-11-01T04:00:00Z,0.2146,1
2012-11-01T05:00:00Z,0.8576,1
2012-11-01T06:00:00Z,1.4216,1
2012-11-01T07:00:00Z,1.6326,1
2012-11-01T08:00:00Z,1.5096,1
2012-11-01T09:00:00Z,1.1506,1
2012-11-01T10:00:00Z,0.6226,1
2012-11-01T11:00:00Z,0.1016,1
2012-11-01T12:00:00Z,-0.4964,1
2012-11-01T13:00:00Z,-0.7945,1
2012-11-01T14:00:00Z,-0.8055,1
2012-11-01T15:00:00Z,-0.5275,1
2012-11-01T16:00:00Z,0.0425,1
2012-11-01T17:00:00Z,0.7035,1
2012-11-01T18:00:00Z,1.2975,1
2012-11-01T19:00:00Z,1.4515,1
2012-11-01T20:00:00Z,1.6665,1
2012-11-01T21:00:00Z,1.2985,1
2012-11-01T22:00:00Z,0.8595,1
2012-11-01T23:00:00Z,0.1485,1
2012-11-02T00:00:00Z,-0.5095,1
2012-11-02T01:00:00Z,-0.7755,1
2012-11-02T02:00:00Z,-0.8825,1
2012-11-02T03:00:00Z,-0.6885,1
2012-11-02T04:00:00Z,-0.0415,1
2012-11-02T05:00:00Z,0.5435,1
2012-11-02T06:00:00Z,1.1265,1
2012-11-02T07:00:00Z,1.5265,1
2012-11-02T08:00:00Z,1.6125,1
2012-11-02T09:00:00Z,1.2655,1
2012-11-02T10:00:00Z,0.9895,1
2012-11-02T11:00:00Z,0.3665,1
2012-11-02T12:00:00Z,-0.2345,1
2012-11-02T13:00:00Z,-0.7005,1
2012-11-02T14:00:00Z,-1.1455,1
2012-11-02T15:00:00Z,-0.8676,1
2012-11-02T16:00:00Z,-0.4736,1
2012-11-02T17:00:00Z,-0.0746,1
2012-11-02T18:00:00Z,0.6894,1
2012-11-02T19:00:00Z,1.0454,1
2012-11-02T20:00:00Z,1.1324,1
2012-11-02T21:00:00Z,1.2494,1
2012-11-02T22:00:00Z,0.6564,1
2012-11-02T23:00:00Z,0.3034,1
2012-11-03T00:00:00Z,-0.3016,1
2012-11-03T01:00:00Z,-0.5186,1
2012-11-03T02:00:00Z,-0.8506,1
2012-11-03T03:00:00Z,-0.7756,1
2012-11-03T04:00:00Z,-0.4536,1
2012-11-03T05:00:00Z,0.0294,1
2012-11-03T06:00:00Z,0.7714,1
2012-11-03T07:00:00Z,1.1924,1
2012-11-03T08:00:00Z,1.3854,1
2012-11-03T09:00:00Z,1.3844,1
2012-11-03T10:00:00Z,1.0234,1
2012-11-03T11:00:00Z,0.6984,1
2012-11-03T12:00:00Z,0.2574,1
2012-11-03T13:00:00Z,-0.1636,1
2012-11-03T14:00:00Z,-0.4586,1
2012-11-03T15:00:00Z,-0.5636,1
2012-11-03T16:00:00Z,-0.4417,1
2012-11-03T17:00:00Z,-0.0347,1
2012-11-03T18:00:00Z,0.4913,1
2012-11-03T19:00:00Z,0.8973,1
2012-11-03T20:00:00Z,1.1373,1
2012-11-03T21:00:00Z,1.2673,1
2012-11-03T22:00:00Z,1.0173,1
2012-11-03T23:00:00Z,0.6533,1
2012-11-04T00:00:00Z,0.1473,1
2012-11-04T01:00:00Z,-0.2127,1
2012-11-04T02:00:00Z,-0.5867,1
2012-11-04T03:00:00Z,-0.6907,1
2012-11-04T04:00:00Z,-0.5277,1
2012-11-04T05:00:00Z,-0.1227,1
2012-11-04T06:00:00Z,0.4163,1
2012-11-04T07:00:00Z,0.8663,1
2012-11-04T08:00:00Z,1.1053,1
2012-11-04T09:00:00Z,1.3443,1
2012-11-04T10:00:00Z,1.0403,1
2012-11-04T11:00:00Z,0.7583,1
2012-11-04T12:00:00Z,0.5663,1
2012-11-04T13:00:00Z,0.0183,1
2012-11-04T14:00:00Z,-0.3807,1
2012-11-04T15:00:00Z,-0.6327,1
2012-11-04T16:00:00Z,-0.5857,1
2012-11-04T17:00:00Z,-0.6517,1
2012-11-04T18:00:00Z,-0.1918,1
2012-11-04T19:00:00Z,0.2342,1
2012-11-04T20:00:00Z,0.5742,1
2012-11-04T21:00:00Z,0.8012,1
2012-11-04T22:00:00Z,0.7132,1
2012-11-04T23:00:00Z,0.4982,1
2012-11-05T00:00:00Z,0.1452,1
2012-11-05T01:00:00Z,-0.3138,1
2012-11-05T02:00:00Z,-0.7358,1
2012-11-05T03:00:00Z,-0.9078,1
2012-11-05T04:00:00Z,-0.8938,1
2012-11-05T05:00:00Z,-0.6568,1
2012-11-05T06:00:00Z,-0.2498,1
2012-11-05T07:00:00Z,0.1022,1
2012-11-05T08:00:00Z,0.5722,1
2012-11-05T09:00:00Z,0.7832,1
2012-11-05T10:00:00Z,0.7772,1
2012-11-05T11:00:00Z,0.6612,1
2012-11-05T12:00:00Z,0.4642,1
2012-11-05T13:00:00Z,0.1382,1
2012-11-05T14:00:00Z,-0.2608,1
2012-11-05T15:00:00Z,-0.5818,1
2012-11-05T16:00:00Z,-0.7568,1
2012-11-05T17:00:00Z,-0.7918,1
2012-11-05T18:00:00Z,-0.6048,1
2012-11-05T19:00:00Z,-0.2408,1
2012-11-05T20:00:00Z,0.0811,1
2012-11-05T21:00:00Z,0.3551,1
2012-11-05T22:00:00Z,0.5191,1
2012-11-05T23:00:00Z,0.4741,1
2012-11-06T00:00:00Z,0.2921,1
2012-11-06T01:00:00Z,0.0221,1
2012-11-06T02:00:00Z,-0.2709,1
2012-11-06T03:00:00Z,-0.5669,1
2012-11-06T04:00:00Z,-0.7209,1
2012-11-06T05:00:00Z,-0.6939,1
2012-11-06T06:00:00Z,-0.4799,1
2012-11-06T07:00:00Z,-0.1799,1
2012-11-06T08:00:00Z,0.2121,1
2012-11-06T09:00:00Z,0.5011,1
2012-11-06T10:00:00Z,0.6841,1
2012-11-06T11:00:00Z,0.7401,1
2012-11-06T12:00:00Z,0.6631,1
2012-11-06T13:00:00Z,0.4711,1
2012-11-06T14:00:00Z,0.1881,1
2012-11-06T15:00:00Z,-0.1669,1
2012-11-06T16:00:00Z,-0.4139,1
2012-11-06T17:00:00Z,-0.5769,1
2012-11-06T18:00:00Z,-0.5609,1
2012-11-06T19:00:00Z,-0.5129,1
2012-11-06T20:00:00Z,-0.1969,1
2012-11-06T21:00:00Z,0.101,1
2012-11-06T22:00:00Z,0.262,1
2012-11-06T23:00:00Z,0.43,1
2012-11-07T00:00:00Z,0.424,1
2012-11-07T01:00:00Z,0.342,1
2012-11-07T02:00:00Z,0.162,1
2012-11-07T03:00:00Z,-0.24,1
2012-11-07T04:00:00Z,-0.394,1
2012-11-07T05:00:00Z,-0.517,1
2012-11-07T06:00:00Z,-0.537,1
2012-11-07T07:00:00Z,-0.319,1
2012-11-07T08:00:00Z,-0.017,1
2012-11-07T09:00:00Z,0.246,1
2012-11-07T10:00:00Z,0.592,1
2012-11-07T11:00:00Z,0.81,1
2012-11-07T12:00:00Z,0.95,1
2012-11-07T13:00:00Z,0.774,1
2012-11-07T14:00:00Z,0.777,1
2012-11-07T15:00:00Z,0.451,1
2012-11-07T16:00:00Z,0.077,1
2012-11-07T17:00:00Z,-0.16,1
2012-11-07T18:00:00Z,-0.392,1
2012-11-07T19:00:00Z,-0.494,1
2012-11-07T20:00:00Z,-0.405,1
2012-11-07T21:00:00Z,-0.124,1
2012-11-07T22:00:00Z,0.126,1
2012-11-07T23:00:00Z,0.5029,1
2012-11-08T00:00:00Z,0.5379,1
2012-11-08T01:00:00Z,0.6649,1
2012-11-08T02:00:00Z,0.4359,1
2012-11-08T03:00:00Z,0.3059,1
2012-11-08T04:00:00Z,-0.0931,1
2012-11-08T05:00:00Z,-0.2631,1
2012-11-08T06:00:00Z,-0.5111,1
2012-11-08T07:00:00Z,-0.4631,1
2012-11-08T08:00:00Z,-0.3841,1
2012-11-08T09:00:00Z,-0.2671,1
2012-11-08T10:00:00Z,0.1209,1
2012-11-08T11:00:00Z,0.4169,1
2012-11-08T12:00:00Z,0.6649,1
2012-11-08T13:00:00Z,0.7729,1
2012-11-08T14:00:00Z,0.8489,1
2012-11-08T15:00:00Z,0.7589,1
2012-11-08T16:00:00Z,0.3549,1
2012-11-08T17:00:00Z,0.0219,1
2012-11-08T18:00:00Z,-0.2151,1
2012-11-08T19:00:00Z,-0.5151,1
2012-11-08T20:00:00Z,-0.6161,1
2012-11-08T21:00:00Z,-0.5181,1
2012-11-08T22:00:00Z,-0.2641,1
2012-11-08T23:00:00Z,0.0729,1
2012-11-09T00:00:00Z,0.5149,1
2012-11-09T01:00:00Z,0.8648,1
2012-11-09T02:00:00Z,0.9538,1
2012-11-09T03:00:00Z,0.7558,1
2012-11-09T04:00:00Z,0.5468,1
2012-11-09T05:00:00Z,0.2648,1
2012-11-09T06:00:00Z,-0.0522,1
2012-11-09T07:00:00Z,-0.3132,1
2012-11-09T08:00:00Z,-0.3952,1
2012-11-09T09:00:00Z,-0.3072,1
2012-11-09T10:00:00Z,-0.0182,1
2012-11-09T11:00:00Z,0.3798,1
2012-11-09T12:00:00Z,0.6558,1
2012-11-09T13:00:00Z,1.0848,1
2012-11-09T14:00:00Z,1.2628,1
2012-11-09T15:00:00Z,1.1818,1
2012-11-09T16:00:00Z,1.0338,1
2012-11-09T17:00:00Z,0.7198,1
2012-11-09T18:00:00Z,0.1978,1
2012-11-09T19:00:00Z,-0.1992,1
2012-11-09T20:00:00Z,-0.3372,1
2012-11-09T21:00:00Z,-0.5322,1
2012-11-09T22:00:00Z,-0.4892,1
2012-11-09T23:00:00Z,-0.2602,1
2012-11-10T00:00:00Z,0.1718,1
2012-11-10T01:00:00Z,0.7678,1
2012-11-10T02:00:00Z,0.9277,1
2012-11-10T03:00:00Z,1.0777,1
2012-11-10T04:00:00Z,0.6577,1
2012-11-10T05:00:00Z,0.6207,1
2012-11-10T06:00:00Z,0.3097,1
2012-11-10T07:00:00Z,-0.3563,1
2012-11-10T08:00:00Z,-0.5783,1
2012-11-10T09:00:00Z,-0.6023,1
2012-11-10T10:00:00Z,-0.2693,1
2012-11-10T11:00:00Z,-0.1133,1
2012-11-10T12:00:00Z,0.1947,1
2012-11-10T13:00:00Z,0.6717,1
2012-11-10T14:00:00Z,1.0737,1
2012-11-10T15:00:00Z,1.3877,1
2012-11-10T16:00:00Z,1.0777,1
2012-11-10T17:00:00Z,1.1217,1
2012-11-10T18:00:00Z,0.2847,1
2012-11-10T19:00:00Z,-0.0863,1
2012-11-10T20:00:00Z,-0.7433,1
2012-11-10T21:00:00Z,-1.0573,1
2012-11-10T22:00:00Z,-1.1673,1
2012-11-10T23:00:00Z,-1.0843,1
2012-11-11T00:00:00Z,-0.5383,1
2012-11-11T01:00:00Z,-0.1313,1
2012-11-11T02:00:00Z,0.6667,1
2012-11-11T03:00:00Z,0.9507,1
2012-11-11T04:00:00Z,0.9716,1
2012-11-11T05:00:00Z,0.7316,1
2012-11-11T06:00:00Z,0.1346,1
2012-11-11T07:00:00Z,-0.4424,1
2012-11-11T08:00:00Z,-0.7734,1
2012-11-11T09:00:00Z,-1.2604,1
2012-11-11T10:00:00Z,-1.3404,1
2012-11-11T11:00:00Z,-1.1494,1
2012-11-11T12:00:00Z,-0.5374,1
2012-11-11T13:00:00Z,-0.0124,1
2012-11-11T14:00:00Z,0.5686,1
2012-11-11T15:00:00Z,0.9976,1
2012-11-11T16:00:00Z,1.2226,1
2012-11-11T17:00:00Z,1.0516,1
2012-11-11T18:00:00Z,0.6406,1
2012-11-11T19:00:00Z,0.0636,1
2012-11-11T20:00:00Z,-0.5584,1
2012-11-11T21:00:00Z,-1.1724,1
2012-11-11T22:00:00Z,-1.5464,1
2012-11-11T23:00:00Z,-1.5354,1
2012-11-12T00:00:00Z,-1.0874,1
2012-11-12T01:00:00Z,-0.4664,1
2012-11-12T02:00:00Z,0.3406,1
2012-11-12T03:00:00Z,0.9886,1
2012-11-12T04:00:00Z,1.4616,1
2012-11-12T05:00:00Z,1.4176,1
2012-11-12T06:00:00Z,1.0025,1
2012-11-12T07:00:00Z,0.4685,1
2012-11-12T08:00:00Z,-0.2405,1
2012-11-12T09:00:00Z,-0.8445,1
2012-11-12T10:00:00Z,-1.2335,1
2012-11-12T11:00:00Z,-1.2055,1
2012-11-12T12:00:00Z,-0.8045,1
2012-11-12T13:00:00Z,-0.2155,1
2012-11-12T14:00:00Z,0.4645,1
2012-11-12T15:00:00Z,1.2175,1
2012-11-12T16:00:00Z,1.6035,1
2012-11-12T17:00:00Z,1.6665,1
2012-11-12T18:00:00Z,1.3875,1
2012-11-12T19:00:00Z,0.8165,1
2012-11-12T20:00:00Z,0.0285,1
2012-11-12T21:00:00Z,-0.7315,1
2012-11-12T22:00:00Z,-1.3385,1
2012-11-12T23:00:00Z,-1.6615,1
2012-11-13T00:00:00Z,-1.5325,1
2012-11-13T01:00:00Z,-0.9755,1
2012-11-13T02:00:00Z,-0.1345,1
2012-11-13T03:00:00Z,0.7505,1
2012-11-13T04:00:00Z,1.4075,1
2012-11-13T05:00:00Z,1.7495,1
2012-11-13T06:00:00Z,1.5535,1
2012-11-13T07:00:00Z,1.0434,1
2012-11-13T08:00:00Z,0.2434,1
2012-11-13T09:00:00Z,-0.5326,1
2012-11-13T10:00:00Z,-1.1496,1
2012-11-13T11:00:00Z,-1.5286,1
2012-11-13T12:00:00Z,-1.4256,1
2012-11-13T13:00:00Z,-0.9586,1
2012-11-13T14:00:00Z,-0.1216,1
2012-11-13T15:00:00Z,0.7314,1
2012-11-13T16:00:00Z,1.3454,1
2012-11-13T17:00:00Z,1.6834,1
2012-11-13T18:00:00Z,1.7214,1
2012-11-13T19:00:00Z,1.2694,1
2012-11-13T20:00:00Z,0.5294,1
2012-11-13T21:00:00Z,-0.2476,1
2012-11-13T22:00:00Z,-1.0476,1
2012-11-13T23:00:00Z,-1.5386,1
2012-11-14T00:00:00Z,-1.7526,1
2012-11-14T01:00:00Z,-1.5166,1
2012-11-14T02:00:00Z,-0.7386,1
2012-11-14T03:00:00Z,0.1484,1
2012-11-14T04:00:00Z,1.0624,1
2012-11-14T05:00:00Z,1.7124,1
2012-11-14T06:00:00Z,1.6884,1
2012-11-14T07:00:00Z,1.3664,1
2012-11-14T08:00:00Z,0.8494,1
2012-11-14T09:00:00Z,-0.0927,1
2012-11-14T10:00:00Z,-1.0397,1
2012-11-14T11:00:00Z,-1.6417,1
2012-11-14T12:00:00Z,-1.8077,1
2012-11-14T13:00:00Z,-1.6347,1
2012-11-14T14:00:00Z,-1.0187,1
2012-11-14T15:00:00Z,-0.1797,1
2012-11-14T16:00:00Z,0.8033,1
2012-11-14T17:00:00Z,1.3413,1
2012-11-14T18:00:00Z,1.5893,1
2012-11-14T19:00:00Z,1.5783,1
2012-11-14T20:00:00Z,1.0573,1
2012-11-14T21:00:00Z,0.2573,1
2012-11-14T22:00:00Z,-0.4847,1
2012-11-14T23:00:00Z,-1.3617,1
2012-11-15T00:00:00Z,-1.8157,1
2012-11-15T01:00:00Z,-1.8437,1
2012-11-15T02:00:00Z,-1.4577,1
2012-11-15T03:00:00Z,-0.5317,1
2012-11-15T04:00:00Z,0.4283,1
2012-11-15T05:00:00Z,1.2953,1
2012-11-15T06:00:00Z,1.7113,1
2012-11-15T07:00:00Z,1.8343,1
2012-11-15T08:00:00Z,1.4803,1
2012-11-15T09:00:00Z,0.7203,1
2012-11-15T10:00:00Z,-0.1927,1
2012-11-15T11:00:00Z,-1.0848,1
2012-11-15T12:00:00Z,-1.6968,1
2012-11-15T13:00:00Z,-1.8518,1
2012-11-15T14:00:00Z,-1.5258,1
2012-11-15T15:00:00Z,-0.8558,1
2012-11-15T16:00:00Z,0.1332,1
2012-11-15T17:00:00Z,0.8962,1
2012-11-15T18:00:00Z,1.4462,1
2012-11-15T19:00:00Z,1.7102,1
2012-11-15T20:00:00Z,1.5012,1
2012-11-15T21:00:00Z,0.9862,1
2012-11-15T22:00:00Z,0.2392,1
2012-11-15T23:00:00Z,-0.6628,1
2012-11-16T00:00:00Z,-1.3708,1
2012-11-16T01:00:00Z,-1.6908,1
2012-11-16T02:00:00Z,-1.6018,1
2012-11-16T03:00:00Z,-1.1008,1
2012-11-16T04:00:00Z,-0.1968,1
2012-11-16T05:00:00Z,0.7752,1
2012-11-16T06:00:00Z,1.4912,1
2012-11-16T07:00:00Z,1.8782,1
2012-11-16T08:00:00Z,1.8332,1
2012-11-16T09:00:00Z,1.3432,1
2012-11-16T10:00:00Z,0.5542,1
2012-11-16T11:00:00Z,-0.2388,1
2012-11-16T12:00:00Z,-0.9869,1
2012-11-16T13:00:00Z,-1.5219,1
2012-11-16T14:00:00Z,-1.6279,1
2012-11-16T15:00:00Z,-1.3319,1
2012-11-16T16:00:00Z,-0.6789,1
2012-11-16T17:00:00Z,0.2421,1
2012-11-16T18:00:00Z,0.7991,1
2012-11-16T19:00:00Z,1.6111,1
2012-11-16T20:00:00Z,1.6541,1
2012-11-16T21:00:00Z,1.4971,1
2012-11-16T22:00:00Z,0.8461,1
2012-11-16T23:00:00Z,-0.0129,1
2012-11-17T00:00:00Z,-0.7609,1
2012-11-17T01:00:00Z,-1.3069,1
2012-11-17T02:00:00Z,-1.4979,1
2012-11-17T03:00:00Z,-1.3759,1
2012-11-17T04:00:00Z,-0.8999,1
2012-11-17T05:00:00Z,0.0231,1
2012-11-17T06:00:00Z,1.0091,1
2012-11-17T07:00:00Z,1.4141,1
2012-11-17T08:00:00Z,1.8281,1
2012-11-17T09:00:00Z,1.8091,1
2012-11-17T10:00:00Z,1.2321,1
2012-11-17T11:00:00Z,0.6421,1
2012-11-17T12:00:00Z,-0.2069,1
2012-11-17T13:00:00Z,-0.8649,1
2012-11-17T14:00:00Z,-1.378,1
2012-11-17T15:00:00Z,-1.533,1
2012-11-17T16:00:00Z,-1.117,1
2012-11-17T17:00:00Z,-0.281,1
2012-11-17T18:00:00Z,0.248,1
2012-11-17T19:00:00Z,0.743,1
2012-11-17T20:00:00Z,1.242,1
2012-11-17T21:00:00Z,1.229,1
2012-11-17T22:00:00Z,1.301,1
2012-11-17T23:00:00Z,0.434,1
2012-11-18T00:00:00Z,-0.007,1
2012-11-18T01:00:00Z,-0.737,1
2012-11-18T02:00:00Z,-1.102,1
2012-11-18T03:00:00Z,-1.338,1
2012-11-18T04:00:00Z,-1.152,1
2012-11-18T05:00:00Z,-0.588,1
2012-11-18T06:00:00Z,0.078,1
2012-11-18T07:00:00Z,0.897,1
2012-11-18T08:00:00Z,1.338,1
2012-11-18T09:00:00Z,1.66,1
2012-11-18T10:00:00Z,1.334,1
2012-11-18T11:00:00Z,1.066,1
2012-11-18T12:00:00Z,0.424,1
2012-11-18T13:00:00Z,-0.277,1
2012-11-18T14:00:00Z,-0.871,1
2012-11-18T15:00:00Z,-1.271,1
2012-11-18T16:00:00Z,-1.2101,1
2012-11-18T17:00:00Z,-1.0481,1
2012-11-18T18:00:00Z,-0.4071,1
2012-11-18T19:00:00Z,0.1639,1
2012-11-18T20:00:00Z,0.6779,1
2012-11-18T21:00:00Z,1.0449,1
2012-11-18T22:00:00Z,1.0939,1
2012-11-18T23:00:00Z,0.9209,1
2012-11-19T00:00:00Z,0.5919,1
2012-11-19T01:00:00Z,0.1389,1
2012-11-19T02:00:00Z,-0.4311,1
2012-11-19T03:00:00Z,-0.7651,1
2012-11-19T04:00:00Z,-0.7511,1
2012-11-19T05:00:00Z,-0.5601,1
2012-11-19T06:00:00Z,-0.0431,1
2012-11-19T07:00:00Z,0.6079,1
2012-11-19T08:00:00Z,1.2379,1
2012-11-19T09:00:00Z,1.6949,1
2012-11-19T10:00:00Z,1.8489,1
2012-11-19T11:00:00Z,1.7299,1
2012-11-19T12:00:00Z,1.3819,1
2012-11-19T13:00:00Z,0.8149,1
2012-11-19T14:00:00Z,0.2829,1
2012-11-19T15:00:00Z,-0.2921,1
2012-11-19T16:00:00Z,-0.6631,1
2012-11-19T17:00:00Z,-0.7752,1
2012-11-19T18:00:00Z,-0.5982,1
2012-11-19T19:00:00Z,-0.1912,1
2012-11-19T20:00:00Z,0.2898,1
2012-11-19T21:00:00Z,0.6768,1
2012-11-19T22:00:00Z,0.9038,1
2012-11-19T23:00:00Z,0.9088,1
2012-11-20T00:00:00Z,0.7538,1
2012-11-20T01:00:00Z,0.4608,1
2012-11-20T02:00:00Z,0.0108,1
2012-11-20T03:00:00Z,-0.4722,1
2012-11-20T04:00:00Z,-0.7042,1
2012-11-20T05:00:00Z,-0.7382,1
2012-11-20T06:00:00Z,-0.6142,1
2012-11-20T07:00:00Z,-0.2672,1
2012-11-20T08:00:00Z,0.2828,1
2012-11-20T09:00:00Z,0.7848,1
2012-11-20T10:00:00Z,1.1618,1
2012-11-20T11:00:00Z,1.3658,1
2012-11-20T12:00:00Z,1.4208,1
2012-11-20T13:00:00Z,1.1708,1
2012-11-20T14:00:00Z,0.7328,1
2012-11-20T15:00:00Z,0.3208,1
2012-11-20T16:00:00Z,-0.1712,1
2012-11-20T17:00:00Z,-0.4782,1
2012-11-20T18:00:00Z,-0.5042,1
2012-11-20T19:00:00Z,-0.3253,1
2012-11-20T20:00:00Z,-0.0233,1
2012-11-20T21:00:00Z,0.3157,1
2012-11-20T22:00:00Z,0.5787,1
2012-11-20T23:00:00Z,0.7807,1
2012-11-21T00:00:00Z,0.8277,1
2012-11-21T01:00:00Z,0.8017,1
2012-11-21T02:00:00Z,0.4667,1
2012-11-21T03:00:00Z,0.0887,1
2012-11-21T04:00:00Z,-0.2563,1
2012-11-21T05:00:00Z,-0.5963,1
2012-11-21T06:00:00Z,-0.6823,1
2012-11-21T07:00:00Z,-0.5693,1
2012-11-21T08:00:00Z,-0.2423,1
2012-11-21T09:00:00Z,0.0727,1
2012-11-21T10:00:00Z,0.5327,1
2012-11-21T11:00:00Z,0.9387,1
2012-11-21T12:00:00Z,1.1337,1
2012-11-21T13:00:00Z,1.1487,1
2012-11-21T14:00:00Z,0.9627,1
2012-11-21T15:00:00Z,0.5917,1
2012-11-21T16:00:00Z,0.1867,1
2012-11-21T17:00:00Z,-0.1293,1
2012-11-21T18:00:00Z,-0.4213,1
2012-11-21T19:00:00Z,-0.6073,1
2012-11-21T20:00:00Z,-0.5123,1
2012-11-21T21:00:00Z,-0.2524,1
2012-11-21T22:00:00Z,0.1696,1
2012-11-21T23:00:00Z,0.4056,1
2012-11-22T00:00:00Z,0.7126,1
2012-11-22T01:00:00Z,0.7626,1
2012-11-22T02:00:00Z,0.8336,1
2012-11-22T03:00:00Z,0.6596,1
2012-11-22T04:00:00Z,0.4566,1
2012-11-22T05:00:00Z,0.0996,1
2012-11-22T06:00:00Z,-0.2314,1
2012-11-22T07:00:00Z,-0.3304,1
2012-11-22T08:00:00Z,-0.3314,1
2012-11-22T09:00:00Z,-0.1904,1
2012-11-22T10:00:00Z,0.1116,1
2012-11-22T11:00:00Z,0.5686,1
2012-11-22T12:00:00Z,1.0016,1
2012-11-22T13:00:00Z,1.2206,1
2012-11-22T14:00:00Z,1.3236,1
2012-11-22T15:00:00Z,1.1916,1
2012-11-22T16:00:00Z,0.8376,1
2012-11-22T17:00:00Z,0.4176,1
2012-11-22T18:00:00Z,-0.0124,1
2012-11-22T19:00:00Z,-0.3154,1
2012-11-22T20:00:00Z,-0.5064,1
2012-11-22T21:00:00Z,-0.4534,1
2012-11-22T22:00:00Z,-0.2665,1
2012-11-22T23:00:00Z,0.0675,1
2012-11-23T00:00:00Z,0.3875,1
2012-11-23T01:00:00Z,0.6635,1
2012-11-23T02:00:00Z,0.8395,1
2012-11-23T03:00:00Z,0.8375,1
2012-11-23T04:00:00Z,0.6105,1
2012-11-23T05:00:00Z,0.2975,1
2012-11-23T06:00:00Z,0.0015,1
2012-11-23T07:00:00Z,-0.4015,1
2012-11-23T08:00:00Z,-0.6405,1
2012-11-23T09:00:00Z,-0.6865,1
2012-11-23T10:00:00Z,-0.4735,1
2012-11-23T11:00:00Z,-0.0755,1
2012-11-23T12:00:00Z,0.4105,1
2012-11-23T13:00:00Z,0.8445,1
2012-11-23T14:00:00Z,1.0625,1
2012-11-23T15:00:00Z,1.2185,1
2012-11-23T16:00:00Z,1.0805,1
2012-11-23T17:00:00Z,0.6105,1
2012-11-23T18:00:00Z,0.1755,1
2012-11-23T19:00:00Z,-0.2405,1
2012-11-23T20:00:00Z,-0.5605,1
2012-11-23T21:00:00Z,-0.7265,1
2012-11-23T22:00:00Z,-0.6795,1
2012-11-23T23:00:00Z,-0.4945,1
2012-11-24T00:00:00Z,-0.1126,1
2012-11-24T01:00:00Z,0.3274,1
2012-11-24T02:00:00Z,0.6294,1
2012-11-24T03:00:00Z,0.7654,1
2012-11-24T04:00:00Z,0.7864,1
2012-11-24T05:00:00Z,0.5624,1
2012-11-24T06:00:00Z,0.2084,1
2012-11-24T07:00:00Z,-0.2706,1
2012-11-24T08:00:00Z,-0.6356,1
2012-11-24T09:00:00Z,-0.9106,1
2012-11-24T10:00:00Z,-0.8366,1
2012-11-24T11:00:00Z,-0.4676,1
2012-11-24T12:00:00Z,-0.1686,1
2012-11-24T13:00:00Z,0.3844,1
2012-11-24T14:00:00Z,0.8084,1
2012-11-24T15:00:00Z,0.9664,1
2012-11-24T16:00:00Z,1.0484,1
2012-11-24T17:00:00Z,0.8874,1
2012-11-24T18:00:00Z,0.5674,1
2012-11-24T19:00:00Z,0.1374,1
2012-11-24T20:00:00Z,-0.3556,1
2012-11-24T21:00:00Z,-0.6326,1
2012-11-24T22:00:00Z,-0.7906,1
2012-11-24T23:00:00Z,-0.6366,1
2012-11-25T00:00:00Z,-0.3586,1
2012-11-25T01:00:00Z,0.1644,1
2012-11-25T02:00:00Z,0.5393,1
2012-11-25T03:00:00Z,0.8513,1
2012-11-25T04:00:00Z,1.0603,1
2012-11-25T05:00:00Z,0.9933,1
2012-11-25T06:00:00Z,0.7183,1
2012-11-25T07:00:00Z,0.2483,1
2012-11-25T08:00:00Z,-0.2167,1
2012-11-25T09:00:00Z,-0.6527,1
2012-11-25T10:00:00Z,-0.7787,1
2012-11-25T11:00:00Z,-0.7117,1
2012-11-25T12:00:00Z,-0.4407,1
2012-11-25T13:00:00Z,0.0583,1
2012-11-25T14:00:00Z,0.5503,1
2012-11-25T15:00:00Z,0.9723,1
2012-11-25T16:00:00Z,1.2243,1
2012-11-25T17:00:00Z,1.1283,1
2012-11-25T18:00:00Z,0.9323,1
2012-11-25T19:00:00Z,0.4293,1
2012-11-25T20:00:00Z,-0.1227,1
2012-11-25T21:00:00Z,-0.6217,1
2012-11-25T22:00:00Z,-1.0177,1
2012-11-25T23:00:00Z,-1.0637,1
2012-11-26T00:00:00Z,-0.8877,1
2012-11-26T01:00:00Z,-0.4547,1
2012-11-26T02:00:00Z,0.0593,1
2012-11-26T03:00:00Z,0.5832,1
2012-11-26T04:00:00Z,0.9152,1
2012-11-26T05:00:00Z,1.0642,1
2012-11-26T06:00:00Z,0.7922,1
2012-11-26T07:00:00Z,0.3802,1
2012-11-26T08:00:00Z,-0.1828,1
2012-11-26T09:00:00Z,-0.7098,1
2012-11-26T10:00:00Z,-1.1888,1
2012-11-26T11:00:00Z,-1.2808,1
2012-11-26T12:00:00Z,-1.1318,1
2012-11-26T13:00:00Z,-0.7478,1
2012-11-26T14:00:00Z,-0.1568,1
2012-11-26T15:00:00Z,0.3732,1
2012-11-26T16:00:00Z,0.7622,1
2012-11-26T17:00:00Z,0.9072,1
2012-11-26T18:00:00Z,0.7142,1
2012-11-26T19:00:00Z,0.2992,1
2012-11-26T20:00:00Z,-0.1568,1
2012-11-26T21:00:00Z,-0.7298,1
2012-11-26T22:00:00Z,-1.2248,1
2012-11-26T23:00:00Z,-1.4018,1
2012-11-27T00:00:00Z,-1.3428,1
2012-11-27T01:00:00Z,-0.9578,1
2012-11-27T02:00:00Z,-0.4468,1
2012-11-27T03:00:00Z,0.1642,1
2012-11-27T04:00:00Z,0.6782,1
2012-11-27T05:00:00Z,0.9531,1
2012-11-27T06:00:00Z,0.7591,1
2012-11-27T07:00:00Z,0.5521,1
2012-11-27T08:00:00Z,0.0191,1
2012-11-27T09:00:00Z,-0.5539,1
2012-11-27T10:00:00Z,-1.1399,1
2012-11-27T11:00:00Z,-1.4449,1
2012-11-27T12:00:00Z,-1.4799,1
2012-11-27T13:00:00Z,-1.2179,1
2012-11-27T14:00:00Z,-0.7149,1
2012-11-27T15:00:00Z,-0.1039,1
2012-11-27T16:00:00Z,0.5151,1
2012-11-27T17:00:00Z,0.7911,1
2012-11-27T18:00:00Z,0.8281,1
2012-11-27T19:00:00Z,0.5581,1
2012-11-27T20:00:00Z,0.1151,1
2012-11-27T21:00:00Z,-0.5249,1
2012-11-27T22:00:00Z,-1.0829,1
2012-11-27T23:00:00Z,-1.4929,1
2012-11-28T00:00:00Z,-1.5609,1
2012-11-28T01:00:00Z,-1.3429,1
2012-11-28T02:00:00Z,-0.8179,1
2012-11-28T03:00:00Z,-0.1339,1
2012-11-28T04:00:00Z,0.4691,1
2012-11-28T05:00:00Z,0.8761,1
2012-11-28T06:00:00Z,1.0121,1
2012-11-28T07:00:00Z,0.804,1
2012-11-28T08:00:00Z,0.391,1
2012-11-28T09:00:00Z,-0.117,1
2012-11-28T10:00:00Z,-0.679,1
2012-11-28T11:00:00Z,-1.158,1
2012-11-28T21:00:00Z,-0.032,1
2012-11-28T22:00:00Z,-0.622,1
2012-11-28T23:00:00Z,-1.165,1
2012-11-29T00:00:00Z,-1.413,1
2012-11-29T01:00:00Z,-1.311,1
2012-11-29T02:00:00Z,-0.942,1
2012-11-29T03:00:00Z,-0.314,1
2012-11-29T04:00:00Z,0.394,1
2012-11-29T05:00:00Z,0.96,1
2012-11-29T06:00:00Z,1.21,1
2012-11-29T07:00:00Z,1.196,1
2012-11-29T08:00:00Z,0.898,1
2012-11-29T09:00:00Z,0.3779,1
2012-11-29T10:00:00Z,-0.1971,1
2012-11-29T11:00:00Z,-0.7041,1
2012-11-29T12:00:00Z,-1.1191,1
2012-11-29T13:00:00Z,-1.1891,1
2012-11-29T14:00:00Z,-0.9801,1
2012-11-29T15:00:00Z,-0.4341,1
2012-11-29T16:00:00Z,0.1939,1
2012-11-29T17:00:00Z,0.7829,1
2012-11-29T18:00:00Z,1.1059,1
2012-11-29T19:00:00Z,1.1769,1
2012-11-29T20:00:00Z,0.8879,1
2012-11-29T21:00:00Z,0.4069,1
2012-11-29T22:00:00Z,-0.1911,1
2012-11-29T23:00:00Z,-0.8291,1
2012-11-30T00:00:00Z,-1.2271,1
2012-11-30T01:00:00Z,-1.3361,1
2012-11-30T02:00:00Z,-1.0611,1
2012-11-30T03:00:00Z,-0.5901,1
2012-11-30T04:00:00Z,0.0979,1
2012-11-30T05:00:00Z,0.7059,1
2012-11-30T06:00:00Z,1.0569,1
2012-11-30T07:00:00Z,1.2409,1
2012-11-30T08:00:00Z,1.0799,1
2012-11-30T09:00:00Z,0.6799,1
2012-11-30T10:00:00Z,0.1878,1
2012-11-30T11:00:00Z,-0.4502,1
2012-11-30T12:00:00Z,-0.9212,1
2012-11-30T13:00:00Z,-1.2412,1
2012-11-30T14:00:00Z,-1.2532,1
2012-11-30T15:00:00Z,-0.8702,1
2012-11-30T16:00:00Z,-0.2662,1
2012-11-30T17:00:00Z,0.3778,1
2012-11-30T18:00:00Z,0.9028,1
2012-11-30T19:00:00Z,1.0498,1
2012-11-30T20:00:00Z,1.0838,1
2012-11-30T21:00:00Z,0.6828,1
2012-11-30T22:00:00Z,-0.0072,1
2012-11-30T23:00:00Z,-0.5882,1
2012-12-01T00:00:00Z,-1.0952,1
2012-12-01T01:00:00Z,-1.3922,1
2012-12-01T02:00:00Z,-1.3562,1
2012-12-01T03:00:00Z,-1.0492,1
2012-12-01T04:00:00Z,-0.5562,1
2012-12-01T05:00:00Z,0.1558,1
2012-12-01T06:00:00Z,0.6748,1
2012-12-01T07:00:00Z,1.0598,1
2012-12-01T08:00:00Z,1.0848,1
2012-12-01T09:00:00Z,0.8608,1
2012-12-01T10:00:00Z,0.4028,1
2012-12-01T11:00:00Z,-0.1972,1
2012-12-01T12:00:00Z,-0.7133,1
2012-12-01T13:00:00Z,-1.1793,1
2012-12-01T14:00:00Z,-1.2673,1
2012-12-01T15:00:00Z,-1.0923,1
2012-12-01T16:00:00Z,-0.6253,1
2012-12-01T17:00:00Z,-0.0263,1
2012-12-01T18:00:00Z,0.5817,1
2012-12-01T19:00:00Z,0.8827,1
2012-12-01T20:00:00Z,1.0127,1
2012-12-01T21:00:00Z,0.7337,1
2012-12-01T22:00:00Z,0.3587,1
2012-12-01T23:00:00Z,-0.1953,1
2012-12-02T00:00:00Z,-0.8063,1
2012-12-02T01:00:00Z,-1.2053,1
2012-12-02T02:00:00Z,-1.3243,1
2012-12-02T03:00:00Z,-1.2073,1
2012-12-02T04:00:00Z,-0.6503,1
2012-12-02T05:00:00Z,0.0417,1
2012-12-02T06:00:00Z,0.5557,1
2012-12-02T07:00:00Z,0.9927,1
2012-12-02T08:00:00Z,1.2837,1
2012-12-02T09:00:00Z,1.0317,1
2012-12-02T10:00:00Z,0.6007,1
2012-12-02T11:00:00Z,0.1117,1
2012-12-02T12:00:00Z,-0.3793,1
2012-12-02T13:00:00Z,-0.5463,1
2012-12-02T14:00:00Z,-0.9534,1
2012-12-02T16:00:00Z,-0.9254,1
2012-12-02T17:00:00Z,-0.2404,1
2012-12-02T18:00:00Z,0.1296,1
2012-12-02T19:00:00Z,0.7356,1
2012-12-02T20:00:00Z,1.1246,1
2012-12-02T21:00:00Z,0.9656,1
2012-12-02T22:00:00Z,0.6256,1
2012-12-02T23:00:00Z,0.2896,1
2012-12-03T00:00:00Z,-0.2194,1
2012-12-03T01:00:00Z,-0.9014,1
2012-12-03T02:00:00Z,-0.9294,1
2012-12-03T03:00:00Z,-1.0004,1
2012-12-03T04:00:00Z,-0.6774,1
2012-12-03T05:00:00Z,-0.1204,1
2012-12-03T06:00:00Z,0.4036,1
2012-12-03T07:00:00Z,0.8886,1
2012-12-03T08:00:00Z,1.1726,1
2012-12-03T09:00:00Z,1.3846,1
2012-12-03T10:00:00Z,0.9926,1
2012-12-03T11:00:00Z,0.7306,1
2012-12-03T12:00:00Z,0.2516,1
2012-12-03T13:00:00Z,-0.3274,1
2012-12-03T14:00:00Z,-0.6284,1
2012-12-03T15:00:00Z,-0.8765,1
2012-12-03T16:00:00Z,-0.8215,1
2012-12-03T17:00:00Z,-0.6515,1
2012-12-03T18:00:00Z,-0.0205,1
2012-12-03T19:00:00Z,0.3975,1
2012-12-03T20:00:00Z,0.7865,1
2012-12-03T21:00:00Z,0.8215,1
2012-12-03T22:00:00Z,0.7995,1
2012-12-03T23:00:00Z,0.5535,1
2012-12-04T00:00:00Z,-0.0915,1
2012-12-04T01:00:00Z,-0.5365,1
2012-12-04T02:00:00Z,-0.9885,1
2012-12-04T03:00:00Z,-0.9735,1
2012-12-04T04:00:00Z,-0.7465,1
2012-12-04T05:00:00Z,-0.6085,1
2012-12-04T06:00:00Z,0.0155,1
2012-12-04T07:00:00Z,0.5025,1
2012-12-04T08:00:00Z,0.9015,1
2012-12-04T09:00:00Z,0.8715,1
2012-12-04T10:00:00Z,1.0275,1
2012-12-04T11:00:00Z,0.6465,1
2012-12-04T12:00:00Z,0.3225,1
2012-12-04T13:00:00Z,-0.0715,1
2012-12-04T14:00:00Z,-0.4645,1
2012-12-04T15:00:00Z,-1.0105,1
2012-12-04T16:00:00Z,-0.8855,1
2012-12-04T17:00:00Z,-0.9666,1
2012-12-04T18:00:00Z,-0.4846,1
2012-12-04T19:00:00Z,-0.1636,1
2012-12-04T20:00:00Z,0.2804,1
2012-12-04T21:00:00Z,0.4974,1
2012-12-04T22:00:00Z,0.6084,1
2012-12-04T23:00:00Z,0.3654,1
2012-12-05T00:00:00Z,0.1184,1
2012-12-05T01:00:00Z,-0.4056,1
2012-12-05T02:00:00Z,-0.8526,1
2012-12-05T03:00:00Z,-1.1186,1
2012-12-05T04:00:00Z,-1.2036,1
2012-12-05T05:00:00Z,-1.1316,1
2012-12-05T06:00:00Z,-0.7696,1
2012-12-05T07:00:00Z,-0.3456,1
2012-12-05T08:00:00Z,0.0374,1
2012-12-05T09:00:00Z,0.4594,1
2012-12-05T10:00:00Z,0.5284,1
2012-12-05T11:00:00Z,0.5154,1
2012-12-05T12:00:00Z,0.3104,1
2012-12-05T13:00:00Z,-0.0616,1
2012-12-05T14:00:00Z,-0.3786,1
2012-12-05T15:00:00Z,-0.8116,1
2012-12-05T16:00:00Z,-1.0756,1
2012-12-05T17:00:00Z,-1.1156,1
2012-12-05T18:00:00Z,-1.0276,1
2012-12-05T19:00:00Z,-0.7507,1
2012-12-05T20:00:00Z,-0.3287,1
2012-12-05T21:00:00Z,0.1243,1
2012-12-05T22:00:00Z,0.3453,1
2012-12-05T23:00:00Z,0.4353,1
2012-12-06T00:00:00Z,0.3313,1
2012-12-06T01:00:00Z,0.0853,1
2012-12-06T02:00:00Z,-0.2717,1
2012-12-06T03:00:00Z,-0.5737,1
2012-12-06T04:00:00Z,-0.8277,1
2012-12-06T05:00:00Z,-0.8307,1
2012-12-06T06:00:00Z,-0.6547,1
2012-12-06T07:00:00Z,-0.3007,1
2012-12-06T08:00:00Z,0.1063,1
2012-12-06T09:00:00Z,0.4383,1
2012-12-06T10:00:00Z,0.7823,1
2012-12-06T11:00:00Z,0.9013,1
2012-12-06T12:00:00Z,0.8563,1
2012-12-06T13:00:00Z,0.7233,1
2012-12-06T14:00:00Z,0.4633,1
2012-12-06T15:00:00Z,0.1673,1
2012-12-06T16:00:00Z,-0.2057,1
2012-12-06T17:00:00Z,-0.5087,1
2012-12-06T18:00:00Z,-0.6147,1
2012-12-06T19:00:00Z,-0.5657,1
2012-12-06T20:00:00Z,-0.2968,1
2012-12-06T21:00:00Z,0.0952,1
2012-12-06T22:00:00Z,0.3342,1
2012-12-06T23:00:00Z,0.5782,1
2012-12-07T00:00:00Z,0.7572,1
2012-12-07T01:00:00Z,0.4922,1
2012-12-07T02:00:00Z,0.2972,1
2012-12-07T03:00:00Z,-0.2698,1
2012-12-07T04:00:00Z,-0.4898,1
2012-12-07T05:00:00Z,-0.6948,1
2012-12-07T06:00:00Z,-0.7968,1
2012-12-07T07:00:00Z,-0.7418,1
2012-12-07T08:00:00Z,-0.5118,1
2012-12-07T09:00:00Z,-0.1208,1
2012-12-07T10:00:00Z,0.2092,1
2012-12-07T11:00:00Z,0.4272,1
2012-12-07T12:00:00Z,0.6072,1
2012-12-07T13:00:00Z,0.6482,1
2012-12-07T14:00:00Z,0.4022,1
2012-12-07T15:00:00Z,0.0172,1
2012-12-07T16:00:00Z,-0.3388,1
2012-12-07T17:00:00Z,-0.6598,1
2012-12-07T18:00:00Z,-1.0498,1
2012-12-07T19:00:00Z,-1.1108,1
2012-12-07T20:00:00Z,-1.0538,1
2012-12-07T21:00:00Z,-0.7828,1
2012-12-07T22:00:00Z,-0.3589,1
2012-12-07T23:00:00Z,0.0331,1
2012-12-08T00:00:00Z,0.3511,1
2012-12-08T01:00:00Z,0.4091,1
2012-12-08T02:00:00Z,0.3041,1
2012-12-08T03:00:00Z,0.0111,1
2012-12-08T04:00:00Z,-0.2899,1
2012-12-08T05:00:00Z,-0.6469,1
2012-12-08T06:00:00Z,-0.8869,1
2012-12-08T07:00:00Z,-0.9559,1
2012-12-08T08:00:00Z,-0.8139,1
2012-12-08T09:00:00Z,-0.5689,1
2012-12-08T10:00:00Z,-0.1959,1
2012-12-08T11:00:00Z,0.1391,1
2012-12-08T12:00:00Z,0.4901,1
2012-12-08T13:00:00Z,0.6521,1
2012-12-08T14:00:00Z,0.6721,1
2012-12-08T15:00:00Z,0.5311,1
2012-12-08T16:00:00Z,0.2891,1
2012-12-08T17:00:00Z,-0.1159,1
2012-12-08T18:00:00Z,-0.5699,1
2012-12-08T19:00:00Z,-0.8819,1
2012-12-08T20:00:00Z,-1.0409,1
2012-12-08T21:00:00Z,-0.9549,1
2012-12-08T22:00:00Z,-0.6739,1
2012-12-08T23:00:00Z,-0.2729,1
2012-12-09T00:00:00Z,0.185,1
2012-12-09T01:00:00Z,0.546,1
2012-12-09T02:00:00Z,0.634,1
2012-12-09T03:00:00Z,0.601,1
2012-12-09T04:00:00Z,0.356,1
2012-12-09T05:00:00Z,-0.006,1
2012-12-09T06:00:00Z,-0.421,1
2012-12-09T07:00:00Z,-0.791,1
2012-12-09T08:00:00Z,-0.91,1
2012-12-09T09:00:00Z,-0.916,1
2012-12-09T10:00:00Z,-0.632,1
2012-12-09T11:00:00Z,-0.248,1
2012-12-09T12:00:00Z,0.236,1
2012-12-09T13:00:00Z,0.553,1
2012-12-09T14:00:00Z,0.777,1
2012-12-09T15:00:00Z,0.876,1
2012-12-09T16:00:00Z,0.634,1
2012-12-09T17:00:00Z,0.362,1
2012-12-09T18:00:00Z,-0.287,1
2012-12-09T19:00:00Z,-0.743,1
2012-12-09T20:00:00Z,-1.148,1
2012-12-09T21:00:00Z,-1.259,1
2012-12-09T22:00:00Z,-1.207,1
2012-12-09T23:00:00Z,-0.891,1
2012-12-10T00:00:00Z,-0.317,1
2012-12-10T01:00:00Z,0.1679,1
2012-12-10T02:00:00Z,0.5589,1
2012-12-10T03:00:00Z,0.8879,1
2012-12-10T04:00:00Z,0.7249,1
2012-12-10T05:00:00Z,0.3359,1
2012-12-10T06:00:00Z,-0.0431,1
2012-12-10T07:00:00Z,-0.6121,1
2012-12-10T08:00:00Z,-0.9971,1
2012-12-10T09:00:00Z,-1.2591,1
2012-12-10T10:00:00Z,-1.1261,1
2012-12-10T11:00:00Z,-0.8651,1
2012-12-10T12:00:00Z,-0.3211,1
2012-12-10T13:00:00Z,0.1769,1
2012-12-10T14:00:00Z,0.7319,1
2012-12-10T15:00:00Z,0.9659,1
2012-12-10T16:00:00Z,0.9719,1
2012-12-10T17:00:00Z,0.6629,1
2012-12-10T18:00:00Z,0.2299,1
2012-12-10T19:00:00Z,-0.3451,1
2012-12-10T20:00:00Z,-0.9021,1
2012-12-10T21:00:00Z,-1.3271,1
2012-12-10T22:00:00Z,-1.5071,1
2012-12-10T23:00:00Z,-1.3551,1
2012-12-11T00:00:00Z,-0.8891,1
2012-12-11T01:00:00Z,-0.2221,1
2012-12-11T02:00:00Z,0.4679,1
2012-12-11T03:00:00Z,0.9278,1
2012-12-11T04:00:00Z,1.1368,1
2012-12-11T05:00:00Z,0.9708,1
2012-12-11T06:00:00Z,0.5908,1
2012-12-11T07:00:00Z,-0.0372,1
2012-12-11T08:00:00Z,-0.6942,1
2012-12-11T09:00:00Z,-1.1472,1
2012-12-11T10:00:00Z,-1.3402,1
2012-12-11T11:00:00Z,-1.1962,1
2012-12-11T12:00:00Z,-0.7852,1
2012-12-11T13:00:00Z,-0.1742,1
2012-12-11T14:00:00Z,0.5018,1
2012-12-11T15:00:00Z,0.9958,1
2012-12-11T16:00:00Z,1.2488,1
2012-12-11T17:00:00Z,1.2358,1
2012-12-11T18:00:00Z,0.8958,1
2012-12-11T19:00:00Z,0.4128,1
2012-12-11T20:00:00Z,-0.3172,1
2012-12-11T21:00:00Z,-1.0102,1
2012-12-11T22:00:00Z,-1.4572,1
2012-12-11T23:00:00Z,-1.5732,1
2012-12-12T00:00:00Z,-1.2842,1
2012-12-12T01:00:00Z,-0.6432,1
2012-12-12T02:00:00Z,0.1738,1
2012-12-12T03:00:00Z,0.8988,1
2012-12-12T04:00:00Z,1.4318,1
2012-12-12T05:00:00Z,1.6107,1
2012-12-12T06:00:00Z,1.3017,1
2012-12-12T07:00:00Z,0.7617,1
2012-12-12T08:00:00Z,0.0547,1
2012-12-12T09:00:00Z,-0.6923,1
2012-12-12T10:00:00Z,-1.1813,1
2012-12-12T11:00:00Z,-1.3563,1
2012-12-12T12:00:00Z,-1.1323,1
2012-12-12T13:00:00Z,-0.5853,1
2012-12-12T14:00:00Z,0.1217,1
2012-12-12T15:00:00Z,0.8787,1
2012-12-12T16:00:00Z,1.3887,1
2012-12-12T17:00:00Z,1.6667,1
2012-12-12T18:00:00Z,1.5787,1
2012-12-12T19:00:00Z,1.1317,1
2012-12-12T20:00:00Z,0.4747,1
2012-12-12T21:00:00Z,-0.3373,1
2012-12-12T22:00:00Z,-1.0553,1
2012-12-12T23:00:00Z,-1.5183,1
2012-12-13T00:00:00Z,-1.5123,1
2012-12-13T01:00:00Z,-1.1653,1
2012-12-13T02:00:00Z,-0.3653,1
2012-12-13T03:00:00Z,0.5817,1
2012-12-13T04:00:00Z,1.4207,1
2012-12-13T05:00:00Z,1.7007,1
2012-12-13T06:00:00Z,1.7396,1
2012-12-13T07:00:00Z,1.4776,1
2012-12-13T08:00:00Z,0.8256,1
2012-12-13T09:00:00Z,-0.0714,1
2012-12-13T10:00:00Z,-0.8244,1
2012-12-13T11:00:00Z,-1.3024,1
2012-12-13T12:00:00Z,-1.5144,1
2012-12-13T13:00:00Z,-1.2414,1
2012-12-13T14:00:00Z,-0.5994,1
2012-12-13T15:00:00Z,0.2336,1
2012-12-13T16:00:00Z,0.9726,1
2012-12-13T17:00:00Z,1.5346,1
2012-12-13T18:00:00Z,1.7116,1
2012-12-13T19:00:00Z,1.6466,1
2012-12-13T20:00:00Z,1.0786,1
2012-12-13T21:00:00Z,0.3456,1
2012-12-13T22:00:00Z,-0.5454,1
2012-12-13T23:00:00Z,-1.2334,1
2012-12-14T00:00:00Z,-1.6304,1
2012-12-14T01:00:00Z,-1.5424,1
2012-12-14T02:00:00Z,-0.9684,1
2012-12-14T03:00:00Z,-0.0224,1
2012-12-14T04:00:00Z,0.9496,1
2012-12-14T05:00:00Z,1.6136,1
2012-12-14T06:00:00Z,2.0696,1
2012-12-14T07:00:00Z,2.0286,1
2012-12-14T08:00:00Z,1.6085,1
2012-12-14T09:00:00Z,0.8235,1
2012-12-14T10:00:00Z,-0.0435,1
2012-12-14T11:00:00Z,-0.8015,1
2012-12-14T12:00:00Z,-1.3465,1
2012-12-14T13:00:00Z,-1.4295,1
2012-12-14T14:00:00Z,-1.1585,1
2012-12-14T15:00:00Z,-0.4025,1
2012-12-14T16:00:00Z,0.5925,1
2012-12-14T17:00:00Z,1.3755,1
2012-12-14T18:00:00Z,1.8875,1
2012-12-14T19:00:00Z,2.0875,1
2012-12-14T20:00:00Z,1.7905,1
2012-12-14T21:00:00Z,1.1575,1
2012-12-14T22:00:00Z,0.3565,1
2012-12-14T23:00:00Z,-0.5695,1
2012-12-15T00:00:00Z,-1.2415,1
2012-12-15T01:00:00Z,-1.4855,1
2012-12-15T02:00:00Z,-1.3065,1
2012-12-15T03:00:00Z,-0.6635,1
2012-12-15T04:00:00Z,0.2295,1
2012-12-15T05:00:00Z,1.2075,1
2012-12-15T06:00:00Z,1.8515,1
2012-12-15T07:00:00Z,2.2455,1
2012-12-15T08:00:00Z,2.1065,1
2012-12-15T09:00:00Z,1.5115,1
2012-12-15T10:00:00Z,0.6634,1
2012-12-15T11:00:00Z,-0.2116,1
2012-12-15T12:00:00Z,-1.0096,1
2012-12-15T13:00:00Z,-1.4076,1
2012-12-15T14:00:00Z,-1.4996,1
2012-12-15T15:00:00Z,-1.0866,1
2012-12-15T16:00:00Z,-0.3956,1
2012-12-15T17:00:00Z,0.5024,1
2012-12-15T18:00:00Z,1.2224,1
2012-12-15T19:00:00Z,1.7434,1
2012-12-15T20:00:00Z,1.6954,1
2012-12-15T21:00:00Z,1.3754,1
2012-12-15T22:00:00Z,0.7524,1
2012-12-15T23:00:00Z,-0.0566,1
2012-12-16T00:00:00Z,-0.9026,1
2012-12-16T01:00:00Z,-1.3596,1
2012-12-16T02:00:00Z,-1.4846,1
2012-12-16T03:00:00Z,-1.2136,1
2012-12-16T04:00:00Z,-0.4846,1
2012-12-16T05:00:00Z,0.3664,1
2012-12-16T06:00:00Z,1.1114,1
2012-12-16T07:00:00Z,1.7694,1
2012-12-16T08:00:00Z,2.0654,1
2012-12-16T09:00:00Z,1.8394,1
2012-12-16T10:00:00Z,1.2494,1
2012-12-16T11:00:00Z,0.5403,1
2012-12-16T12:00:00Z,-0.3907,1
2012-12-16T13:00:00Z,-1.0047,1
2012-12-16T14:00:00Z,-1.4037,1
2012-12-16T15:00:00Z,-1.3747,1
2012-12-16T16:00:00Z,-1.0177,1
2012-12-16T17:00:00Z,-0.2417,1
2012-12-16T18:00:00Z,0.5513,1
2012-12-16T19:00:00Z,1.1093,1
2012-12-16T20:00:00Z,1.5453,1
2012-12-16T21:00:00Z,1.4873,1
2012-12-16T22:00:00Z,1.1153,1
2012-12-16T23:00:00Z,0.4943,1
2012-12-17T00:00:00Z,-0.2547,1
2012-12-17T01:00:00Z,-0.9497,1
2012-12-17T02:00:00Z,-1.3397,1
2012-12-17T03:00:00Z,-1.3767,1
2012-12-17T04:00:00Z,-1.0697,1
2012-12-17T05:00:00Z,-0.3797,1
2012-12-17T06:00:00Z,0.4693,1
2012-12-17T07:00:00Z,1.1863,1
2012-12-17T08:00:00Z,1.6553,1
2012-12-17T09:00:00Z,1.8113,1
2012-12-17T10:00:00Z,1.6563,1
2012-12-17T11:00:00Z,1.0543,1
2012-12-17T12:00:00Z,0.3613,1
2012-12-17T13:00:00Z,-0.4308,1
2012-12-17T14:00:00Z,-1.0398,1
2012-12-17T15:00:00Z,-1.4058,1
2012-12-17T16:00:00Z,-1.3908,1
2012-12-17T17:00:00Z,-0.9818,1
2012-12-17T18:00:00Z,-0.3438,1
2012-12-17T19:00:00Z,0.3062,1
2012-12-17T20:00:00Z,0.7372,1
2012-12-17T21:00:00Z,1.0222,1
2012-12-17T22:00:00Z,0.9332,1
2012-12-17T23:00:00Z,0.6832,1
2012-12-18T00:00:00Z,0.0232,1
2012-12-18T01:00:00Z,-0.6218,1
2012-12-18T02:00:00Z,-1.1818,1
2012-12-18T03:00:00Z,-1.5408,1
2012-12-18T04:00:00Z,-1.4858,1
2012-12-18T05:00:00Z,-1.1648,1
2012-12-18T06:00:00Z,-0.5188,1
2012-12-18T07:00:00Z,0.1652,1
2012-12-18T08:00:00Z,0.8002,1
2012-12-18T09:00:00Z,1.1312,1
2012-12-18T10:00:00Z,1.2942,1
2012-12-18T11:00:00Z,1.1202,1
2012-12-18T12:00:00Z,0.6992,1
2012-12-18T13:00:00Z,0.0322,1
2012-12-18T14:00:00Z,-0.6588,1
2012-12-18T15:00:00Z,-1.1169,1
2012-12-18T16:00:00Z,-1.3739,1
2012-12-18T17:00:00Z,-1.2549,1
2012-12-18T18:00:00Z,-0.8969,1
2012-12-18T19:00:00Z,-0.3109,1
2012-12-18T20:00:00Z,0.2731,1
2012-12-18T21:00:00Z,0.5891,1
2012-12-18T22:00:00Z,0.7601,1
2012-12-18T23:00:00Z,0.6951,1
2012-12-19T00:00:00Z,0.4001,1
2012-12-19T01:00:00Z,-0.0649,1
2012-12-19T02:00:00Z,-0.5759,1
2012-12-19T03:00:00Z,-1.0199,1
2012-12-19T04:00:00Z,-1.2909,1
2012-12-19T05:00:00Z,-1.1509,1
2012-12-19T06:00:00Z,-0.7639,1
2012-12-19T07:00:00Z,-0.1739,1
2012-12-19T08:00:00Z,0.4611,1
2012-12-19T09:00:00Z,0.8391,1
2012-12-19T10:00:00Z,1.2901,1
2012-12-19T11:00:00Z,1.4471,1
2012-12-19T12:00:00Z,1.2591,1
2012-12-19T13:00:00Z,0.9361,1
2012-12-19T14:00:00Z,0.4001,1
2012-12-19T15:00:00Z,-0.1059,1
2012-12-19T16:00:00Z,-0.537,1
2012-12-19T17:00:00Z,-0.718,1
2012-12-19T18:00:00Z,-0.678,1
2012-12-19T19:00:00Z,-0.343,1
2012-12-19T20:00:00Z,0.128,1
2012-12-19T21:00:00Z,0.47,1
2012-12-19T22:00:00Z,0.743,1
2012-12-19T23:00:00Z,0.821,1
2012-12-20T00:00:00Z,0.705,1
2012-12-20T01:00:00Z,0.456,1
2012-12-20T02:00:00Z,0.11,1
2012-12-20T03:00:00Z,-0.309,1
2012-12-20T04:00:00Z,-0.625,1
2012-12-20T05:00:00Z,-0.816,1
2012-12-20T06:00:00Z,-0.787,1
2012-12-20T07:00:00Z,-0.56,1
2012-12-20T08:00:00Z,-0.12,1
2012-12-20T09:00:00Z,0.367,1
2012-12-20T10:00:00Z,0.804,1
2012-12-20T11:00:00Z,1.032,1
2012-12-20T12:00:00Z,1.142,1
2012-12-20T13:00:00Z,0.99,1
2012-12-20T14:00:00Z,0.689,1
2012-12-20T15:00:00Z,0.286,1
2012-12-20T16:00:00Z,-0.184,1
2012-12-20T17:00:00Z,-0.517,1
2012-12-20T18:00:00Z,-0.6631,1
2012-12-20T19:00:00Z,-0.5551,1
2012-12-20T20:00:00Z,-0.3611,1
2012-12-20T21:00:00Z,-0.0651,1
2012-12-20T22:00:00Z,0.2259,1
2012-12-20T23:00:00Z,0.4849,1
2012-12-21T00:00:00Z,0.6009,1
2012-12-21T01:00:00Z,0.5909,1
2012-12-21T02:00:00Z,0.4419,1
2012-12-21T03:00:00Z,0.1229,1
2012-12-21T04:00:00Z,-0.2211,1
2012-12-21T05:00:00Z,-0.5321,1
2012-12-21T06:00:00Z,-0.6631,1
2012-12-21T07:00:00Z,-0.6711,1
2012-12-21T08:00:00Z,-0.5521,1
2012-12-21T09:00:00Z,-0.1961,1
2012-12-21T10:00:00Z,0.2359,1
2012-12-21T11:00:00Z,0.5879,1
2012-12-21T12:00:00Z,0.8429,1
2012-12-21T13:00:00Z,0.9209,1
2012-12-21T14:00:00Z,0.8089,1
2012-12-21T15:00:00Z,0.6039,1
2012-12-21T16:00:00Z,0.2289,1
2012-12-21T17:00:00Z,-0.1821,1
2012-12-21T18:00:00Z,-0.4911,1
2012-12-21T19:00:00Z,-0.6911,1
2012-12-21T20:00:00Z,-0.6702,1
2012-12-21T21:00:00Z,-0.5062,1
2012-12-21T22:00:00Z,-0.2372,1
2012-12-21T23:00:00Z,0.0368,1
2012-12-22T00:00:00Z,0.3278,1
2012-12-22T01:00:00Z,0.4638,1
2012-12-22T02:00:00Z,0.5658,1
2012-12-22T03:00:00Z,0.4568,1
2012-12-22T04:00:00Z,0.2868,1
2012-12-22T05:00:00Z,-0.0152,1
2012-12-22T06:00:00Z,-0.2322,1
2012-12-22T07:00:00Z,-0.4312,1
2012-12-22T08:00:00Z,-0.4582,1
2012-12-22T09:00:00Z,-0.3172,1
2012-12-22T10:00:00Z,0.0088,1
2012-12-22T11:00:00Z,0.3748,1
2012-12-22T12:00:00Z,0.7508,1
2012-12-22T13:00:00Z,1.0628,1
2012-12-22T14:00:00Z,1.1818,1
2012-12-22T15:00:00Z,1.0868,1
2012-12-22T16:00:00Z,0.8988,1
2012-12-22T17:00:00Z,0.5538,1
2012-12-22T18:00:00Z,0.1178,1
2012-12-22T19:00:00Z,-0.1692,1
2012-12-22T20:00:00Z,-0.3712,1
2012-12-22T21:00:00Z,-0.3693,1
2012-12-22T22:00:00Z,-0.2513,1
2012-12-22T23:00:00Z,0.0737,1
2012-12-23T00:00:00Z,0.3927,1
2012-12-23T01:00:00Z,0.6907,1
2012-12-23T02:00:00Z,0.9487,1
2012-12-23T03:00:00Z,1.0317,1
2012-12-23T04:00:00Z,0.9967,1
2012-12-23T05:00:00Z,0.8177,1
2012-12-23T06:00:00Z,0.5207,1
2012-12-23T07:00:00Z,0.1127,1
2012-12-23T08:00:00Z,-0.1133,1
2012-12-23T09:00:00Z,-0.2033,1
2012-12-23T10:00:00Z,-0.1363,1
2012-12-23T11:00:00Z,0.0547,1
2012-12-23T12:00:00Z,0.4217,1
2012-12-23T13:00:00Z,0.7367,1
2012-12-23T14:00:00Z,0.9917,1
2012-12-23T15:00:00Z,1.0997,1
2012-12-23T16:00:00Z,1.0437,1
2012-12-23T17:00:00Z,0.6967,1
2012-12-23T18:00:00Z,0.3047,1
2012-12-23T19:00:00Z,-0.1073,1
2012-12-23T20:00:00Z,-0.4883,1
2012-12-23T21:00:00Z,-0.6543,1
2012-12-23T22:00:00Z,-0.6243,1
2012-12-23T23:00:00Z,-0.4864,1
2012-12-24T00:00:00Z,-0.1644,1
2012-12-24T01:00:00Z,0.2066,1
2012-12-24T02:00:00Z,0.6006,1
2012-12-24T03:00:00Z,0.8236,1
2012-12-24T04:00:00Z,0.8886,1
2012-12-24T05:00:00Z,0.7136,1
2012-12-24T06:00:00Z,0.5066,1
2012-12-24T07:00:00Z,0.1936,1
2012-12-24T08:00:00Z,-0.1094,1
2012-12-24T09:00:00Z,-0.3864,1
2012-12-24T10:00:00Z,-0.4154,1
2012-12-24T11:00:00Z,-0.2944,1
2012-12-24T12:00:00Z,0.0536,1
2012-12-24T13:00:00Z,0.4716,1
2012-12-24T14:00:00Z,0.8336,1
2012-12-24T15:00:00Z,1.0936,1
2012-12-24T16:00:00Z,1.1906,1
2012-12-24T17:00:00Z,1.0946,1
2012-12-24T18:00:00Z,0.7786,1
2012-12-24T19:00:00Z,0.3616,1
2012-12-24T20:00:00Z,-0.0864,1
2012-12-24T21:00:00Z,-0.4214,1
2012-12-24T22:00:00Z,-0.6324,1
2012-12-24T23:00:00Z,-0.5644,1
2012-12-25T00:00:00Z,-0.3254,1
2012-12-25T01:00:00Z,0.1005,1
2012-12-25T02:00:00Z,0.4995,1
2012-12-25T03:00:00Z,0.8915,1
2012-12-25T04:00:00Z,1.1425,1
2012-12-25T05:00:00Z,1.1295,1
2012-12-25T06:00:00Z,0.9275,1
2012-12-25T07:00:00Z,0.5675,1
2012-12-25T08:00:00Z,0.1775,1
2012-12-25T09:00:00Z,-0.2435,1
2012-12-25T10:00:00Z,-0.5095,1
2012-12-25T11:00:00Z,-0.5415,1
2012-12-25T12:00:00Z,-0.3945,1
2012-12-25T13:00:00Z,-0.0555,1
2012-12-25T14:00:00Z,0.4445,1
2012-12-25T15:00:00Z,0.8715,1
2012-12-25T16:00:00Z,1.1635,1
2012-12-25T17:00:00Z,1.1965,1
2012-12-25T18:00:00Z,0.9015,1
2012-12-25T19:00:00Z,0.5885,1
2012-12-25T20:00:00Z,0.1175,1
2012-12-25T21:00:00Z,-0.3075,1
2012-12-25T22:00:00Z,-0.6645,1
2012-12-25T23:00:00Z,-0.7305,1
2012-12-26T00:00:00Z,-0.6025,1
2012-12-26T01:00:00Z,-0.2605,1
2012-12-26T02:00:00Z,0.2025,1
2012-12-26T03:00:00Z,0.7354,1
2012-12-26T04:00:00Z,1.1084,1
2012-12-26T05:00:00Z,1.1704,1
2012-12-26T06:00:00Z,1.0584,1
2012-12-26T07:00:00Z,0.7104,1
2012-12-26T08:00:00Z,0.2744,1
2012-12-26T09:00:00Z,-0.2176,1
2012-12-26T10:00:00Z,-0.6726,1
2012-12-26T11:00:00Z,-0.8376,1
2012-12-26T12:00:00Z,-0.8536,1
2012-12-26T13:00:00Z,-0.5756,1
2012-12-26T14:00:00Z,-0.1176,1
2012-12-26T15:00:00Z,0.4314,1
2012-12-26T16:00:00Z,0.8304,1
2012-12-26T17:00:00Z,1.0754,1
2012-12-26T18:00:00Z,1.0804,1
2012-12-26T19:00:00Z,0.8404,1
2012-12-26T20:00:00Z,0.4004,1
2012-12-26T21:00:00Z,-0.1296,1
2012-12-26T22:00:00Z,-0.6006,1
2012-12-26T23:00:00Z,-0.8396,1
2012-12-27T00:00:00Z,-0.8586,1
2012-12-27T01:00:00Z,-0.5856,1
2012-12-27T02:00:00Z,-0.0796,1
2012-12-27T03:00:00Z,0.5684,1
2012-12-27T04:00:00Z,1.0063,1
2012-12-27T05:00:00Z,1.3323,1
2012-12-27T06:00:00Z,1.3283,1
2012-12-27T07:00:00Z,1.0203,1
2012-12-27T08:00:00Z,0.5113,1
2012-12-27T09:00:00Z,-0.0207,1
2012-12-27T10:00:00Z,-0.6857,1
2012-12-27T11:00:00Z,-1.0037,1
2012-12-27T12:00:00Z,-1.1627,1
2012-12-27T13:00:00Z,-1.0447,1
2012-12-27T14:00:00Z,-0.6937,1
2012-12-27T15:00:00Z,-0.0647,1
2012-12-27T16:00:00Z,0.5043,1
2012-12-27T17:00:00Z,0.9223,1
2012-12-27T18:00:00Z,1.0393,1
2012-12-27T19:00:00Z,0.8383,1
2012-12-27T20:00:00Z,0.4193,1
2012-12-27T21:00:00Z,-0.1027,1
2012-12-27T22:00:00Z,-0.6627,1
2012-12-27T23:00:00Z,-1.0517,1
2012-12-28T00:00:00Z,-1.1927,1
2012-12-28T01:00:00Z,-1.0477,1
2012-12-28T02:00:00Z,-0.5567,1
2012-12-28T03:00:00Z,0.0493,1
2012-12-28T04:00:00Z,0.7073,1
2012-12-28T05:00:00Z,1.2123,1
2012-12-28T06:00:00Z,1.4052,1
2012-12-28T07:00:00Z,1.3142,1
2012-12-28T08:00:00Z,0.9922,1
2012-12-28T09:00:00Z,0.5032,1
2012-12-28T10:00:00Z,-0.1498,1
2012-12-28T11:00:00Z,-0.5508,1
2012-12-28T12:00:00Z,-0.8278,1
2012-12-28T13:00:00Z,-0.8628,1
2012-12-28T14:00:00Z,-0.5658,1
2012-12-28T15:00:00Z,0.0192,1
2012-12-28T16:00:00Z,0.6242,1
2012-12-28T17:00:00Z,1.2062,1
2012-12-28T18:00:00Z,1.4982,1
2012-12-28T19:00:00Z,1.5712,1
2012-12-28T20:00:00Z,1.3132,1
2012-12-28T21:00:00Z,0.9112,1
2012-12-28T22:00:00Z,0.1532,1
2012-12-28T23:00:00Z,-0.2698,1
2012-12-29T00:00:00Z,-0.5978,1
2012-12-29T01:00:00Z,-0.5218,1
2012-12-29T02:00:00Z,-0.1288,1
2012-12-29T03:00:00Z,0.3412,1
2012-12-29T04:00:00Z,1.0212,1
2012-12-29T05:00:00Z,1.5092,1
2012-12-29T06:00:00Z,1.9432,1
2012-12-29T07:00:00Z,1.9132,1
2012-12-29T08:00:00Z,1.6431,1
2012-12-29T09:00:00Z,1.2391,1
2012-12-29T10:00:00Z,0.6321,1
2012-12-29T11:00:00Z,-0.1379,1
2012-12-29T12:00:00Z,-0.4589,1
2012-12-29T13:00:00Z,-0.6529,1
2012-12-29T14:00:00Z,-0.6779,1
2012-12-29T15:00:00Z,-0.2359,1
2012-12-29T16:00:00Z,0.3651,1
2012-12-29T17:00:00Z,0.9251,1
2012-12-29T18:00:00Z,1.4141,1
2012-12-29T19:00:00Z,1.4491,1
2012-12-29T20:00:00Z,1.1591,1
2012-12-29T21:00:00Z,0.7471,1
2012-12-29T22:00:00Z,0.1231,1
2012-12-29T23:00:00Z,-0.5709,1
2012-12-30T00:00:00Z,-0.9449,1
2012-12-30T01:00:00Z,-1.0549,1
2012-12-30T02:00:00Z,-0.7349,1
2012-12-30T03:00:00Z,-0.4029,1
2012-12-30T04:00:00Z,0.4091,1
2012-12-30T05:00:00Z,1.1271,1
2012-12-30T06:00:00Z,1.4381,1
2012-12-30T07:00:00Z,1.8041,1
2012-12-30T08:00:00Z,1.5861,1
2012-12-30T09:00:00Z,1.276,1
2012-12-30T10:00:00Z,0.664,1
2012-12-30T11:00:00Z,0.048,1
2012-12-30T12:00:00Z,-0.604,1
2012-12-30T13:00:00Z,-0.429,1
2012-12-30T14:00:00Z,-0.784,1
2012-12-30T15:00:00Z,-0.971,1
2012-12-30T16:00:00Z,-0.383,1
2012-12-30T17:00:00Z,0.552,1
2012-12-30T18:00:00Z,1.026,1
2012-12-30T19:00:00Z,0.936,1
2012-12-30T20:00:00Z,1.395,1
2012-12-30T21:00:00Z,1.08,1
2012-12-30T22:00:00Z,0.357,1
2012-12-30T23:00:00Z,-0.156,1
2012-12-31T00:00:00Z,-0.785,1
2012-12-31T01:00:00Z,-0.896,1
2012-12-31T02:00:00Z,-0.944,1
2012-12-31T03:00:00Z,-0.602,1
2012-12-31T04:00:00Z,0.02,1
2012-12-31T05:00:00Z,0.995,1
2012-12-31T06:00:00Z,1.61,1
2012-12-31T07:00:00Z,1.976,1
2012-12-31T08:00:00Z,2.015,1
2012-12-31T09:00:00Z,1.594,1
2012-12-31T10:00:00Z,1.125,1
2012-12-31T11:00:00Z,0.4549,1
2012-12-31T12:00:00Z,-0.1001,1
2012-12-31T13:00:00Z,-0.6821,1
2012-12-31T14:00:00Z,-0.9661,1
2012-12-31T15:00:00Z,-0.8861,1
2012-12-31T16:00:00Z,-0.5371,1
2012-12-31T17:00:00Z,0.1469,1
2012-12-31T18:00:00Z,0.7459,1
2012-12-31T19:00:00Z,1.1649,1
2012-12-31T20:00:00Z,1.3299,1
2012-12-31T21:00:00Z,1.2779,1
2012-12-31T22:00:00Z,0.8389,1
2012-12-31T23:00:00Z,0.1729,1
