Date,Value,QC_Flag
2009-01-01T00:00:00Z,0.5331,1
2009-01-01T01:00:00Z,0.9731,1
2009-01-01T02:00:00Z,1.1731,1
2009-01-01T03:00:00Z,1.0231,1
2009-01-01T04:00:00Z,0.5231,1
2009-01-01T05:00:00Z,-0.2169,1
2009-01-01T06:00:00Z,-0.9269,1
2009-01-01T07:00:00Z,-1.4069,1
2009-01-01T08:00:00Z,-1.4869,1
2009-01-01T09:00:00Z,-1.1869,1
2009-01-01T10:00:00Z,-0.5769,1
2009-01-01T11:00:00Z,0.1231,1
2009-01-01T12:00:00Z,0.7731,1
2009-01-01T13:00:00Z,1.2531,1
2009-01-01T14:00:00Z,1.5031,1
2009-01-01T15:00:00Z,1.4131,1
2009-01-01T16:00:00Z,0.9431,1
2009-01-01T17:00:00Z,0.2131,1
2009-01-01T18:00:00Z,-0.6369,1
2009-01-01T19:00:00Z,-1.2969,1
2009-01-01T20:00:00Z,-1.6069,1
2009-01-01T21:00:00Z,-1.5269,1
2009-01-01T22:00:00Z,-1.0669,1
2009-01-01T23:00:00Z,-0.4769,1
2009-01-02T00:00:00Z,0.1031,1
2009-01-02T01:00:00Z,0.6131,1
2009-01-02T02:00:00Z,0.9431,1
2009-01-02T03:00:00Z,1.0231,1
2009-01-02T04:00:00Z,0.7631,1
2009-01-02T05:00:00Z,0.1931,1
2009-01-02T06:00:00Z,-0.5069,1
2009-01-02T07:00:00Z,-1.1469,1
2009-01-02T08:00:00Z,-1.4569,1
2009-01-02T09:00:00Z,-1.4269,1
2009-01-02T10:00:00Z,-1.0269,1
2009-01-02T11:00:00Z,-0.3969,1
2009-01-02T12:00:00Z,0.2731,1
2009-01-02T13:00:00Z,0.8531,1
2009-01-02T14:00:00Z,1.2631,1
2009-01-02T15:00:00Z,1.3931,1
2009-01-02T16:00:00Z,1.1731,1
2009-01-02T17:00:00Z,0.6031,1
2009-01-02T18:00:00Z,-0.1469,1
2009-01-02T19:00:00Z,-0.9269,1
2009-01-02T20:00:00Z,-1.4669,1
2009-01-02T21:00:00Z,-1.6569,1
2009-01-02T22:00:00Z,-1.4469,1
2009-01-02T23:00:00Z,-0.9669,1
2009-01-03T00:00:00Z,-0.3969,1
2009-01-03T01:00:00Z,0.1431,1
2009-01-03T02:00:00Z,0.6131,1
2009-01-03T03:00:00Z,0.9131,1
2009-01-03T04:00:00Z,0.9331,1
2009-01-03T05:00:00Z,0.5831,1
2009-01-03T06:00:00Z,-0.0069,1
2009-01-03T07:00:00Z,-0.6569,1
2009-01-03T08:00:00Z,-1.1769,1
2009-01-03T09:00:00Z,-1.3769,1
2009-01-03T10:00:00Z,-1.2269,1
2009-01-03T11:00:00Z,-0.7569,1
2009-01-03T12:00:00Z,-0.1569,1
2009-01-03T13:00:00Z,0.4431,1
2009-01-03T14:00:00Z,0.9531,1
2009-01-03T15:00:00Z,1.2831,1
2009-01-03T16:00:00Z,1.3531,1
2009-01-03T17:00:00Z,1.0431,1
2009-01-03T18:00:00Z,0.4531,1
2009-01-03T19:00:00Z,-0.3069,1
2009-01-03T20:00:00Z,-1.0069,1
2009-01-03T21:00:00Z,-1.4569,1
2009-01-03T22:00:00Z,-1.5369,1
2009-01-03T23:00:00Z,-1.2669,1
2009-01-04T00:00:00Z,-0.7769,1
2009-01-04T01:00:00Z,-0.2469,1
2009-01-04T02:00:00Z,0.2531,1
2009-01-04T03:00:00Z,0.6731,1
2009-01-04T04:00:00Z,0.8831,1
2009-01-04T05:00:00Z,0.8531,1
2009-01-04T06:00:00Z,0.5031,1
2009-01-04T07:00:00Z,-0.0869,1
2009-01-04T08:00:00Z,-0.6669,1
2009-01-04T09:00:00Z,-1.1169,1
2009-01-04T10:00:00Z,-1.2669,1
2009-01-04T11:00:00Z,-1.0769,1
2009-01-04T12:00:00Z,-0.6169,1
2009-01-04T13:00:00Z,-0.0169,1
2009-01-04T14:00:00Z,0.5231,1
2009-01-04T15:00:00Z,0.9931,1
2009-01-04T16:00:00Z,1.2631,1
2009-01-04T17:00:00Z,1.2531,1
2009-01-04T18:00:00Z,0.9331,1
2009-01-04T19:00:00Z,0.3331,1
2009-01-04T20:00:00Z,-0.3969,1
2009-01-04T21:00:00Z,-1.0269,1
2009-01-04T22:00:00Z,-1.3869,1
2009-01-04T23:00:00Z,-1.4169,1
2009-01-05T00:00:00Z,-1.1569,1
2009-01-05T01:00:00Z,-0.7069,1
2009-01-05T02:00:00Z,-0.2269,1
2009-01-05T03:00:00Z,0.2731,1
2009-01-05T04:00:00Z,0.6831,1
2009-01-05T05:00:00Z,0.9131,1
2009-01-05T06:00:00Z,0.8331,1
2009-01-05T07:00:00Z,0.4831,1
2009-01-05T08:00:00Z,-0.0969,1
2009-01-05T09:00:00Z,-0.6969,1
2009-01-05T10:00:00Z,-1.1069,1
2009-01-05T11:00:00Z,-1.2869,1
2009-01-05T12:00:00Z,-1.0869,1
2009-01-05T13:00:00Z,-0.6769,1
2009-01-05T14:00:00Z,-0.1469,1
2009-01-05T15:00:00Z,0.3431,1
2009-01-05T16:00:00Z,0.8031,1
2009-01-05T17:00:00Z,1.0731,1
2009-01-05T18:00:00Z,1.0731,1
2009-01-05T19:00:00Z,0.8331,1
2009-01-05T20:00:00Z,0.2431,1
2009-01-05T21:00:00Z,-0.4169,1
2009-01-05T22:00:00Z,-1.0169,1
2009-01-05T23:00:00Z,-1.3669,1
2009-01-06T00:00:00Z,-1.4069,1
2009-01-06T01:00:00Z,-1.1769,1
2009-01-06T02:00:00Z,-0.7469,1
2009-01-06T03:00:00Z,-0.3069,1
2009-01-06T04:00:00Z,0.1931,1
2009-01-06T05:00:00Z,0.5831,1
2009-01-06T06:00:00Z,0.8131,1
2009-01-06T07:00:00Z,0.7831,1
2009-01-06T08:00:00Z,0.4731,1
2009-01-06T09:00:00Z,-0.0869,1
2009-01-06T10:00:00Z,-0.6469,1
2009-01-06T11:00:00Z,-1.0869,1
2009-01-06T12:00:00Z,-1.2969,1
2009-01-06T13:00:00Z,-1.1469,1
2009-01-06T14:00:00Z,-0.7569,1
2009-01-06T15:00:00Z,-0.2269,1
2009-01-06T16:00:00Z,0.2731,1
2009-01-06T17:00:00Z,0.7331,1
2009-01-06T18:00:00Z,1.0631,1
2009-01-06T19:00:00Z,1.1031,1
2009-01-06T20:00:00Z,0.8531,1
2009-01-06T21:00:00Z,0.3531,1
2009-01-06T22:00:00Z,-0.3069,1
2009-01-06T23:00:00Z,-0.9369,1
2009-01-07T00:00:00Z,-1.3169,1
2009-01-07T01:00:00Z,-1.4169,1
2009-01-07T02:00:00Z,-1.2069,1
2009-01-07T03:00:00Z,-0.8369,1
2009-01-07T04:00:00Z,-0.3469,1
2009-01-07T05:00:00Z,0.1632,1
2009-01-07T06:00:00Z,0.6432,1
2009-01-07T07:00:00Z,0.9232,1
2009-01-07T08:00:00Z,0.9632,1
2009-01-07T09:00:00Z,0.6532,1
2009-01-07T10:00:00Z,0.1132,1
2009-01-07T11:00:00Z,-0.4868,1
2009-01-07T12:00:00Z,-1.0368,1
2009-01-07T13:00:00Z,-1.3268,1
2009-01-07T14:00:00Z,-1.2568,1
2009-01-07T15:00:00Z,-0.8968,1
2009-01-07T16:00:00Z,-0.3968,1
2009-01-07T17:00:00Z,0.1332,1
2009-01-07T18:00:00Z,0.6232,1
2009-01-07T19:00:00Z,1.0032,1
2009-01-07T20:00:00Z,1.1532,1
2009-01-07T21:00:00Z,0.9432,1
2009-01-07T22:00:00Z,0.4432,1
2009-01-07T23:00:00Z,-0.2268,1
2009-01-08T00:00:00Z,-0.9068,1
2009-01-08T01:00:00Z,-1.3768,1
2009-01-08T02:00:00Z,-1.5268,1
2009-01-08T03:00:00Z,-1.3868,1
2009-01-08T04:00:00Z,-0.9468,1
2009-01-08T05:00:00Z,-0.3768,1
2009-01-08T06:00:00Z,0.2032,1
2009-01-08T07:00:00Z,0.7532,1
2009-01-08T08:00:00Z,1.0832,1
2009-01-08T09:00:00Z,1.1632,1
2009-01-08T10:00:00Z,0.8232,1
2009-01-08T11:00:00Z,0.2232,1
2009-01-08T12:00:00Z,-0.4968,1
2009-01-08T13:00:00Z,-1.1568,1
2009-01-08T14:00:00Z,-1.5068,1
2009-01-08T15:00:00Z,-1.4868,1
2009-01-08T16:00:00Z,-1.1268,1
2009-01-08T17:00:00Z,-0.5768,1
2009-01-08T18:00:00Z,0.0632,1
2009-01-08T19:00:00Z,0.6332,1
2009-01-08T20:00:00Z,1.0932,1
2009-01-08T21:00:00Z,1.2932,1
2009-01-08T22:00:00Z,1.1232,1
2009-01-08T23:00:00Z,0.5932,1
2009-01-09T00:00:00Z,-0.1468,1
2009-01-09T01:00:00Z,-0.9168,1
2009-01-09T02:00:00Z,-1.4668,1
2009-01-09T03:00:00Z,-1.6668,1
2009-01-09T04:00:00Z,-1.4368,1
2009-01-09T05:00:00Z,-0.9268,1
2009-01-09T06:00:00Z,-0.2668,1
2009-01-09T07:00:00Z,0.3832,1
2009-01-09T08:00:00Z,0.9632,1
2009-01-09T09:00:00Z,1.3532,1
2009-01-09T10:00:00Z,1.4032,1
2009-01-09T11:00:00Z,1.0432,1
2009-01-09T12:00:00Z,0.3732,1
2009-01-09T13:00:00Z,-0.4768,1
2009-01-09T14:00:00Z,-1.2268,1
2009-01-09T15:00:00Z,-1.6368,1
2009-01-09T16:00:00Z,-1.6368,1
2009-01-09T17:00:00Z,-1.2368,1
2009-01-09T18:00:00Z,-0.5668,1
2009-01-09T19:00:00Z,0.1632,1
2009-01-09T20:00:00Z,0.7932,1
2009-01-09T21:00:00Z,1.2732,1
2009-01-09T22:00:00Z,1.4932,1
2009-01-09T23:00:00Z,1.3032,1
2009-01-10T00:00:00Z,0.7232,1
2009-01-10T01:00:00Z,-0.1268,1
2009-01-10T02:00:00Z,-0.9768,1
2009-01-10T03:00:00Z,-1.5668,1
2009-01-10T04:00:00Z,-1.6968,1
2009-01-10T05:00:00Z,-1.3768,1
2009-01-10T06:00:00Z,-0.7668,1
2009-01-10T07:00:00Z,0.0432,1
2009-01-10T08:00:00Z,0.7632,1
2009-01-10T09:00:00Z,1.3432,1
2009-01-10T10:00:00Z,1.7432,1
2009-01-10T11:00:00Z,1.7332,1
2009-01-10T12:00:00Z,1.3332,1
2009-01-10T13:00:00Z,0.4532,1
2009-01-10T14:00:00Z,-0.4968,1
2009-01-10T15:00:00Z,-1.2868,1
2009-01-10T16:00:00Z,-1.7568,1
2009-01-10T17:00:00Z,-1.6068,1
2009-01-10T18:00:00Z,-1.0368,1
2009-01-10T19:00:00Z,-0.2568,1
2009-01-10T20:00:00Z,0.5732,1
2009-01-10T21:00:00Z,1.2932,1
2009-01-10T22:00:00Z,1.7632,1
2009-01-10T23:00:00Z,1.8932,1
2009-01-11T00:00:00Z,1.6232,1
2009-01-11T01:00:00Z,0.9232,1
2009-01-11T02:00:00Z,-0.0368,1
2009-01-11T03:00:00Z,-0.9568,1
2009-01-11T04:00:00Z,-1.5268,1
2009-01-11T05:00:00Z,-1.6668,1
2009-01-11T06:00:00Z,-1.2568,1
2009-01-11T07:00:00Z,-0.5168,1
2009-01-11T08:00:00Z,0.3632,1
2009-01-11T09:00:00Z,1.1532,1
2009-01-11T10:00:00Z,1.7832,1
2009-01-11T11:00:00Z,2.0432,1
2009-01-11T12:00:00Z,1.9832,1
2009-01-11T13:00:00Z,1.4232,1
2009-01-11T14:00:00Z,0.4632,1
2009-01-11T15:00:00Z,-0.5768,1
2009-01-11T16:00:00Z,-1.3868,1
2009-01-11T17:00:00Z,-1.7868,1
2009-01-11T18:00:00Z,-1.6668,1
2009-01-11T19:00:00Z,-0.9868,1
2009-01-11T20:00:00Z,-0.1168,1
2009-01-11T21:00:00Z,0.7432,1
2009-01-11T22:00:00Z,1.5032,1
2009-01-11T23:00:00Z,2.0032,1
2009-01-12T00:00:00Z,2.1632,1
2009-01-12T01:00:00Z,1.7932,1
2009-01-12T02:00:00Z,1.0332,1
2009-01-12T03:00:00Z,0.0332,1
2009-01-12T04:00:00Z,-0.8768,1
2009-01-12T05:00:00Z,-1.4468,1
2009-01-12T06:00:00Z,-1.4768,1
2009-01-12T07:00:00Z,-0.9368,1
2009-01-12T08:00:00Z,-0.1568,1
2009-01-12T09:00:00Z,0.6432,1
2009-01-12T10:00:00Z,1.3632,1
2009-01-12T11:00:00Z,1.8932,1
2009-01-12T12:00:00Z,2.1032,1
2009-01-12T13:00:00Z,1.8632,1
2009-01-12T14:00:00Z,1.1132,1
2009-01-12T15:00:00Z,0.0932,1
2009-01-12T16:00:00Z,-1.0768,1
2009-01-12T17:00:00Z,-1.9068,1
2009-01-12T18:00:00Z,-2.2068,1
2009-01-12T19:00:00Z,-1.9168,1
2009-01-12T20:00:00Z,-1.1268,1
2009-01-12T21:00:00Z,-0.2068,1
2009-01-12T22:00:00Z,0.6932,1
2009-01-12T23:00:00Z,1.3532,1
2009-01-13T00:00:00Z,1.8232,1
2009-01-13T01:00:00Z,1.8332,1
2009-01-13T02:00:00Z,1.4132,1
2009-01-13T03:00:00Z,0.4932,1
2009-01-13T04:00:00Z,-0.5968,1
2009-01-13T05:00:00Z,-1.5168,1
2009-01-13T06:00:00Z,-1.9068,1
2009-01-13T07:00:00Z,-1.7568,1
2009-01-13T08:00:00Z,-1.1068,1
2009-01-13T09:00:00Z,-0.1868,1
2009-01-13T10:00:00Z,0.6932,1
2009-01-13T11:00:00Z,1.4232,1
2009-01-13T12:00:00Z,1.9332,1
2009-01-13T13:00:00Z,2.1132,1
2009-01-13T14:00:00Z,1.7732,1
2009-01-13T15:00:00Z,0.9732,1
2009-01-13T16:00:00Z,-0.1968,1
2009-01-13T17:00:00Z,-1.3368,1
2009-01-13T18:00:00Z,-2.0968,1
2009-01-13T19:00:00Z,-2.2968,1
2009-01-13T20:00:00Z,-1.9168,1
2009-01-13T21:00:00Z,-1.1168,1
2009-01-13T22:00:00Z,-0.2068,1
2009-01-13T23:00:00Z,0.6132,1
2009-01-14T00:00:00Z,1.2532,1
2009-01-14T01:00:00Z,1.6332,1
2009-01-14T03:00:00Z,1.0632,1
2009-01-14T04:00:00Z,0.1132,1
2009-01-14T05:00:00Z,-0.9468,1
2009-01-14T06:00:00Z,-1.7268,1
2009-01-14T07:00:00Z,-1.9668,1
2009-01-14T08:00:00Z,-1.6568,1
2009-01-14T09:00:00Z,-0.9168,1
2009-01-14T10:00:00Z,-0.0068,1
2009-01-14T11:00:00Z,0.8432,1
2009-01-14T12:00:00Z,1.5132,1
2009-01-14T13:00:00Z,1.9632,1
2009-01-14T14:00:00Z,2.0132,1
2009-01-14T15:00:00Z,1.6332,1
2009-01-14T16:00:00Z,0.7132,1
2009-01-14T17:00:00Z,-0.4268,1
2009-01-14T18:00:00Z,-1.4668,1
2009-01-14T19:00:00Z,-2.0968,1
2009-01-14T20:00:00Z,-2.1468,1
2009-01-14T21:00:00Z,-1.6668,1
2009-01-14T22:00:00Z,-0.8568,1
2009-01-14T23:00:00Z,0.0932,1
2009-01-15T00:00:00Z,0.9032,1
2009-01-15T01:00:00Z,1.5432,1
2009-01-15T02:00:00Z,1.8632,1
2009-01-15T03:00:00Z,1.6932,1
2009-01-15T04:00:00Z,1.0932,1
2009-01-15T05:00:00Z,0.1732,1
2009-01-15T06:00:00Z,-0.7868,1
2009-01-15T07:00:00Z,-1.3968,1
2009-01-15T08:00:00Z,-1.5368,1
2009-01-15T09:00:00Z,-1.1668,1
2009-01-15T10:00:00Z,-0.4568,1
2009-01-15T11:00:00Z,0.3732,1
2009-01-15T12:00:00Z,1.1732,1
2009-01-15T13:00:00Z,1.7732,1
2009-01-15T14:00:00Z,2.2032,1
2009-01-15T15:00:00Z,2.1432,1
2009-01-15T16:00:00Z,1.5832,1
2009-01-15T17:00:00Z,0.6832,1
2009-01-15T18:00:00Z,-0.3668,1
2009-01-15T19:00:00Z,-1.2368,1
2009-01-15T20:00:00Z,-1.6968,1
2009-01-15T21:00:00Z,-1.6168,1
2009-01-15T22:00:00Z,-1.1068,1
2009-01-15T23:00:00Z,-0.3668,1
2009-01-16T00:00:00Z,0.3832,1
2009-01-16T01:00:00Z,0.9932,1
2009-01-16T02:00:00Z,1.4532,1
2009-01-16T03:00:00Z,1.5733,1
2009-01-16T04:00:00Z,1.3533,1
2009-01-16T06:00:00Z,-0.2567,1
2009-01-16T08:00:00Z,-1.6167,1
2009-01-16T09:00:00Z,-1.6667,1
2009-01-16T10:00:00Z,-1.2467,1
2009-01-16T11:00:00Z,-0.5067,1
2009-01-16T12:00:00Z,0.2633,1
2009-01-16T13:00:00Z,0.9633,1
2009-01-16T14:00:00Z,1.5133,1
2009-01-16T15:00:00Z,1.8333,1
2009-01-16T16:00:00Z,1.8033,1
2009-01-16T17:00:00Z,1.3933,1
2009-01-16T18:00:00Z,0.5833,1
2009-01-16T19:00:00Z,-0.3267,1
2009-01-16T20:00:00Z,-1.1067,1
2009-01-16T21:00:00Z,-1.4767,1
2009-01-16T22:00:00Z,-1.3967,1
2009-01-16T23:00:00Z,-0.9567,1
2009-01-17T00:00:00Z,-0.3067,1
2009-01-17T01:00:00Z,0.3433,1
2009-01-17T02:00:00Z,0.9133,1
2009-01-17T03:00:00Z,1.2933,1
2009-01-17T04:00:00Z,1.3433,1
2009-01-17T05:00:00Z,1.0433,1
2009-01-17T06:00:00Z,0.4633,1
2009-01-17T07:00:00Z,-0.3067,1
2009-01-17T08:00:00Z,-0.9167,1
2009-01-17T09:00:00Z,-1.2367,1
2009-01-17T10:00:00Z,-1.1367,1
2009-01-17T11:00:00Z,-0.7467,1
2009-01-17T12:00:00Z,-0.1767,1
2009-01-17T13:00:00Z,0.4133,1
2009-01-17T14:00:00Z,1.0333,1
2009-01-17T15:00:00Z,1.3733,1
2009-01-17T16:00:00Z,1.6533,1
2009-01-17T17:00:00Z,1.4733,1
2009-01-17T18:00:00Z,1.1233,1
2009-01-17T19:00:00Z,0.3033,1
2009-01-17T20:00:00Z,-0.3767,1
2009-01-17T21:00:00Z,-0.6767,1
2009-01-17T22:00:00Z,-0.8867,1
2009-01-17T23:00:00Z,-0.5067,1
2009-01-18T00:00:00Z,-0.0267,1
2009-01-18T01:00:00Z,0.5933,1
2009-01-18T02:00:00Z,0.9833,1
2009-01-18T03:00:00Z,1.2433,1
2009-01-18T04:00:00Z,1.3933,1
2009-01-18T05:00:00Z,1.3333,1
2009-01-18T06:00:00Z,1.0133,1
2009-01-18T07:00:00Z,0.4033,1
2009-01-18T08:00:00Z,-0.2367,1
2009-01-18T09:00:00Z,-0.7667,1
2009-01-18T10:00:00Z,-1.0867,1
2009-01-18T11:00:00Z,-1.1067,1
2009-01-18T12:00:00Z,-0.8167,1
2009-01-18T13:00:00Z,-0.2167,1
2009-01-18T14:00:00Z,0.3133,1
2009-01-18T15:00:00Z,0.8833,1
2009-01-18T16:00:00Z,1.3233,1
2009-01-18T17:00:00Z,1.4933,1
2009-01-18T18:00:00Z,1.3433,1
2009-01-18T19:00:00Z,0.8833,1
2009-01-18T20:00:00Z,0.2633,1
2009-01-18T21:00:00Z,-0.3767,1
2009-01-18T22:00:00Z,-0.8467,1
2009-01-18T23:00:00Z,-1.0367,1
2009-01-19T00:00:00Z,-0.8667,1
2009-01-19T01:00:00Z,-0.4967,1
2009-01-19T02:00:00Z,-0.0467,1
2009-01-19T03:00:00Z,0.3633,1
2009-01-19T04:00:00Z,0.7633,1
2009-01-19T05:00:00Z,1.0933,1
2009-01-19T06:00:00Z,1.2233,1
2009-01-19T07:00:00Z,1.1233,1
2009-01-19T08:00:00Z,0.7433,1
2009-01-19T09:00:00Z,0.1333,1
2009-01-19T10:00:00Z,-0.2467,1
2009-01-19T11:00:00Z,-0.5067,1
2009-01-19T12:00:00Z,-0.4667,1
2009-01-19T13:00:00Z,-0.2567,1
2009-01-19T14:00:00Z,0.1033,1
2009-01-19T15:00:00Z,0.5133,1
2009-01-19T16:00:00Z,0.8433,1
2009-01-19T17:00:00Z,1.0633,1
2009-01-19T18:00:00Z,1.2533,1
2009-01-19T19:00:00Z,1.1133,1
2009-01-19T20:00:00Z,0.6933,1
2009-01-19T21:00:00Z,0.1633,1
2009-01-19T22:00:00Z,-0.3667,1
2009-01-19T23:00:00Z,-0.7867,1
2009-01-20T00:00:00Z,-0.9867,1
2009-01-20T01:00:00Z,-0.8367,1
2009-01-20T02:00:00Z,-0.5167,1
2009-01-20T03:00:00Z,-0.0067,1
2009-01-20T04:00:00Z,0.4733,1
2009-01-20T05:00:00Z,0.7933,1
2009-01-20T06:00:00Z,1.0533,1
2009-01-20T07:00:00Z,1.1133,1
2009-01-20T08:00:00Z,0.9333,1
2009-01-20T09:00:00Z,0.5433,1
2009-01-20T10:00:00Z,-0.0067,1
2009-01-20T11:00:00Z,-0.4267,1
2009-01-20T12:00:00Z,-0.7167,1
2009-01-20T13:00:00Z,-0.8167,1
2009-01-20T14:00:00Z,-0.6567,1
2009-01-20T15:00:00Z,-0.3167,1
2009-01-20T16:00:00Z,0.0633,1
2009-01-20T17:00:00Z,0.4733,1
2009-01-20T18:00:00Z,0.8533,1
2009-01-20T19:00:00Z,1.0633,1
2009-01-20T20:00:00Z,1.0633,1
2009-01-20T21:00:00Z,0.7733,1
2009-01-20T22:00:00Z,0.3433,1
2009-01-20T23:00:00Z,-0.2067,1
2009-01-21T00:00:00Z,-0.5967,1
2009-01-21T02:00:00Z,-0.8467,1
2009-01-21T03:00:00Z,-0.6667,1
2009-01-21T04:00:00Z,-0.3067,1
2009-01-21T05:00:00Z,0.0433,1
2009-01-21T06:00:00Z,0.4433,1
2009-01-21T07:00:00Z,0.7533,1
2009-01-21T08:00:00Z,0.8933,1
2009-01-21T09:00:00Z,0.8033,1
2009-01-21T10:00:00Z,0.4933,1
2009-01-21T11:00:00Z,0.0833,1
2009-01-21T12:00:00Z,-0.3767,1
2009-01-21T13:00:00Z,-0.6967,1
2009-01-21T14:00:00Z,-0.8367,1
2009-01-21T15:00:00Z,-0.7367,1
2009-01-21T16:00:00Z,-0.4467,1
2009-01-21T17:00:00Z,-0.0267,1
2009-01-21T18:00:00Z,0.4033,1
2009-01-21T19:00:00Z,0.8333,1
2009-01-21T20:00:00Z,1.1433,1
2009-01-21T21:00:00Z,1.1733,1
2009-01-21T22:00:00Z,0.9633,1
2009-01-21T23:00:00Z,0.5033,1
2009-01-22T00:00:00Z,0.0333,1
2009-01-22T01:00:00Z,-0.4167,1
2009-01-22T02:00:00Z,-0.6667,1
2009-01-22T03:00:00Z,-0.6667,1
2009-01-22T04:00:00Z,-0.4367,1
2009-01-22T05:00:00Z,-0.0567,1
2009-01-22T06:00:00Z,0.4433,1
2009-01-22T07:00:00Z,0.9733,1
2009-01-22T08:00:00Z,1.3933,1
2009-01-22T09:00:00Z,1.5633,1
2009-01-22T10:00:00Z,1.5033,1
2009-01-22T11:00:00Z,1.0133,1
2009-01-22T12:00:00Z,0.4233,1
2009-01-22T13:00:00Z,-0.1167,1
2009-01-22T14:00:00Z,-0.6267,1
2009-01-22T15:00:00Z,-0.7267,1
2009-01-22T16:00:00Z,-0.6567,1
2009-01-22T17:00:00Z,-0.3267,1
2009-01-22T18:00:00Z,0.0433,1
2009-01-22T19:00:00Z,0.5033,1
2009-01-22T20:00:00Z,0.9433,1
2009-01-22T21:00:00Z,1.2833,1
2009-01-22T22:00:00Z,1.3533,1
2009-01-22T23:00:00Z,1.0833,1
2009-01-23T00:00:00Z,0.6133,1
2009-01-23T01:00:00Z,0.0133,1
2009-01-23T02:00:00Z,-0.4867,1
2009-01-23T03:00:00Z,-0.7467,1
2009-01-23T04:00:00Z,-0.7867,1
2009-01-23T05:00:00Z,-0.5167,1
2009-01-23T06:00:00Z,-0.1067,1
2009-01-23T07:00:00Z,0.4033,1
2009-01-23T08:00:00Z,0.8633,1
2009-01-23T09:00:00Z,1.2533,1
2009-01-23T10:00:00Z,1.3833,1
2009-01-23T11:00:00Z,1.1933,1
2009-01-23T12:00:00Z,0.7733,1
2009-01-23T13:00:00Z,0.1633,1
2009-01-23T14:00:00Z,-0.4067,1
2009-01-23T15:00:00Z,-0.7867,1
2009-01-23T16:00:00Z,-0.8867,1
2009-01-23T17:00:00Z,-0.6967,1
2009-01-23T18:00:00Z,-0.2767,1
2009-01-23T19:00:00Z,0.1833,1
2009-01-23T20:00:00Z,0.6733,1
2009-01-23T21:00:00Z,1.1333,1
2009-01-23T22:00:00Z,1.3733,1
2009-01-23T23:00:00Z,1.3033,1
2009-01-24T00:00:00Z,0.9833,1
2009-01-24T01:00:00Z,0.3233,1
2009-01-24T02:00:00Z,-0.3467,1
2009-01-24T03:00:00Z,-0.8967,1
2009-01-24T04:00:00Z,-1.0967,1
2009-01-24T05:00:00Z,-0.9567,1
2009-01-24T06:00:00Z,-0.4967,1
2009-01-24T07:00:00Z,0.1033,1
2009-01-24T08:00:00Z,0.6933,1
2009-01-24T09:00:00Z,1.2033,1
2009-01-24T10:00:00Z,1.5433,1
2009-01-24T11:00:00Z,1.5433,1
2009-01-24T12:00:00Z,1.2433,1
2009-01-24T13:00:00Z,0.6433,1
2009-01-24T14:00:00Z,-0.0667,1
2009-01-24T15:00:00Z,-0.7367,1
2009-01-24T16:00:00Z,-1.1467,1
2009-01-24T17:00:00Z,-1.2067,1
2009-01-24T18:00:00Z,-0.9067,1
2009-01-24T19:00:00Z,-0.3367,1
2009-01-24T20:00:00Z,0.3033,1
2009-01-24T21:00:00Z,0.9033,1
2009-01-24T22:00:00Z,1.3533,1
2009-01-24T23:00:00Z,1.6833,1
2009-01-25T00:00:00Z,1.4833,1
2009-01-25T01:00:00Z,0.9933,1
2009-01-25T02:00:00Z,0.1734,1
2009-01-25T03:00:00Z,-0.5266,1
2009-01-25T04:00:00Z,-0.9666,1
2009-01-25T05:00:00Z,-1.0666,1
2009-01-25T06:00:00Z,-0.8266,1
2009-01-25T07:00:00Z,-0.3466,1
2009-01-25T08:00:00Z,0.3734,1
2009-01-25T09:00:00Z,1.0134,1
2009-01-25T10:00:00Z,1.5634,1
2009-01-25T11:00:00Z,1.8834,1
2009-01-25T12:00:00Z,1.7934,1
2009-01-25T13:00:00Z,1.3234,1
2009-01-25T14:00:00Z,0.5934,1
2009-01-25T15:00:00Z,-0.2066,1
2009-01-25T16:00:00Z,-0.7966,1
2009-01-25T17:00:00Z,-1.0966,1
2009-01-25T19:00:00Z,-0.5166,1
2009-01-25T20:00:00Z,0.1834,1
2009-01-25T21:00:00Z,0.7934,1
2009-01-25T22:00:00Z,1.2234,1
2009-01-25T23:00:00Z,1.5434,1
2009-01-26T00:00:00Z,1.5734,1
2009-01-26T01:00:00Z,1.1034,1
2009-01-26T02:00:00Z,0.3334,1
2009-01-26T03:00:00Z,-0.5066,1
2009-01-26T04:00:00Z,-1.1766,1
2009-01-26T05:00:00Z,-1.4766,1
2009-01-26T06:00:00Z,-1.3766,1
2009-01-26T07:00:00Z,-0.8566,1
2009-01-26T08:00:00Z,-0.1766,1
2009-01-26T09:00:00Z,0.5234,1
2009-01-26T10:00:00Z,1.1234,1
2009-01-26T11:00:00Z,1.5334,1
2009-01-26T12:00:00Z,1.5634,1
2009-01-26T13:00:00Z,1.2434,1
2009-01-26T14:00:00Z,0.5034,1
2009-01-26T15:00:00Z,-0.3766,1
2009-01-26T16:00:00Z,-1.2266,1
2009-01-26T17:00:00Z,-1.7166,1
2009-01-26T18:00:00Z,-1.7666,1
2009-01-26T19:00:00Z,-1.3766,1
2009-01-26T20:00:00Z,-0.7066,1
2009-01-26T21:00:00Z,0.0334,1
2009-01-26T22:00:00Z,0.6734,1
2009-01-26T23:00:00Z,1.1634,1
2009-01-27T00:00:00Z,1.4434,1
2009-01-27T01:00:00Z,1.2934,1
2009-01-27T02:00:00Z,0.7534,1
2009-01-27T03:00:00Z,-0.0666,1
2009-01-27T04:00:00Z,-0.8866,1
2009-01-27T05:00:00Z,-1.3866,1
2009-01-27T06:00:00Z,-1.4166,1
2009-01-27T07:00:00Z,-1.0866,1
2009-01-27T08:00:00Z,-0.4266,1
2009-01-27T09:00:00Z,0.3134,1
2009-01-27T10:00:00Z,1.0034,1
2009-01-27T11:00:00Z,1.5334,1
2009-01-27T12:00:00Z,1.8034,1
2009-01-27T13:00:00Z,1.6234,1
2009-01-27T14:00:00Z,1.0734,1
2009-01-27T15:00:00Z,0.1634,1
2009-01-27T16:00:00Z,-0.7866,1
2009-01-27T17:00:00Z,-1.5466,1
2009-01-27T18:00:00Z,-1.8466,1
2009-01-27T19:00:00Z,-1.6366,1
2009-01-27T20:00:00Z,-1.0766,1
2009-01-27T21:00:00Z,-0.3566,1
2009-01-27T22:00:00Z,0.3634,1
2009-01-27T23:00:00Z,0.9234,1
2009-01-28T00:00:00Z,1.3234,1
2009-01-28T01:00:00Z,1.3434,1
2009-01-28T02:00:00Z,0.9934,1
2009-01-28T03:00:00Z,0.2634,1
2009-01-28T04:00:00Z,-0.6366,1
2009-01-28T05:00:00Z,-1.3866,1
2009-01-28T06:00:00Z,-1.7166,1
2009-01-28T07:00:00Z,-1.5566,1
2009-01-28T08:00:00Z,-1.0066,1
2009-01-28T09:00:00Z,-0.1866,1
2009-01-28T10:00:00Z,0.5934,1
2009-01-28T11:00:00Z,1.2234,1
2009-01-28T12:00:00Z,1.6534,1
2009-01-28T13:00:00Z,1.7434,1
2009-01-28T14:00:00Z,1.3834,1
2009-01-28T15:00:00Z,0.6534,1
2009-01-28T16:00:00Z,-0.3266,1
2009-01-28T17:00:00Z,-1.2266,1
2009-01-28T18:00:00Z,-1.7466,1
2009-01-28T19:00:00Z,-1.8366,1
2009-01-28T20:00:00Z,-1.4166,1
2009-01-28T21:00:00Z,-0.6966,1
2009-01-28T22:00:00Z,0.0634,1
2009-01-28T23:00:00Z,0.7134,1
2009-01-29T00:00:00Z,1.1934,1
2009-01-29T01:00:00Z,1.4434,1
2009-01-29T02:00:00Z,1.2634,1
2009-01-29T03:00:00Z,0.7134,1
2009-01-29T04:00:00Z,-0.1666,1
2009-01-29T05:00:00Z,-1.0166,1
2009-01-29T06:00:00Z,-1.6266,1
2009-01-29T07:00:00Z,-1.7366,1
2009-01-29T08:00:00Z,-1.3266,1
2009-01-29T09:00:00Z,-0.6066,1
2009-01-29T10:00:00Z,0.2534,1
2009-01-29T11:00:00Z,1.0034,1
2009-01-29T12:00:00Z,1.5134,1
2009-01-29T13:00:00Z,1.8334,1
2009-01-29T14:00:00Z,1.7034,1
2009-01-29T15:00:00Z,1.1934,1
2009-01-29T16:00:00Z,0.3334,1
2009-01-29T17:00:00Z,-0.6466,1
2009-01-29T18:00:00Z,-1.3666,1
2009-01-29T19:00:00Z,-1.7166,1
2009-01-29T20:00:00Z,-1.5166,1
2009-01-29T21:00:00Z,-0.9466,1
2009-01-29T22:00:00Z,-0.2166,1
2009-01-29T23:00:00Z,0.5134,1
2009-01-30T00:00:00Z,1.0534,1
2009-01-30T01:00:00Z,1.4834,1
2009-01-30T02:00:00Z,1.5034,1
2009-01-30T03:00:00Z,1.1534,1
2009-01-30T04:00:00Z,0.4234,1
2009-01-30T05:00:00Z,-0.4366,1
2009-01-30T06:00:00Z,-1.1866,1
2009-02-17T16:00:00Z,0.5236,1
2009-02-17T17:00:00Z,0.7236,1
2009-02-17T18:00:00Z,0.6936,1
2009-02-17T19:00:00Z,0.4136,1
2009-02-17T20:00:00Z,-0.0464,1
2009-02-17T21:00:00Z,-0.5764,1
2009-02-17T22:00:00Z,-0.9764,1
2009-02-17T23:00:00Z,-1.1664,1
2009-02-18T00:00:00Z,-1.0764,1
2009-02-18T02:00:00Z,-0.4064,1
2009-02-18T03:00:00Z,-0.0364,1
2009-02-18T04:00:00Z,0.3136,1
2009-02-18T05:00:00Z,0.5536,1
2009-02-18T06:00:00Z,0.6536,1
2009-02-18T07:00:00Z,0.5236,1
2009-02-18T08:00:00Z,0.1936,1
2009-02-18T09:00:00Z,-0.2664,1
2009-02-18T10:00:00Z,-0.6764,1
2009-02-18T11:00:00Z,-0.9764,1
2009-02-18T12:00:00Z,-1.0564,1
2009-02-18T13:00:00Z,-0.8864,1
2009-02-18T14:00:00Z,-0.6164,1
2009-02-18T15:00:00Z,-0.2964,1
2009-02-18T16:00:00Z,0.0336,1
2009-02-18T17:00:00Z,0.3636,1
2009-02-18T18:00:00Z,0.5736,1
2009-02-18T19:00:00Z,0.6236,1
2009-02-18T20:00:00Z,0.4536,1
2009-02-18T21:00:00Z,0.0936,1
2009-02-18T22:00:00Z,-0.3364,1
2009-02-18T23:00:00Z,-0.7164,1
2009-02-19T00:00:00Z,-0.9264,1
2009-02-19T01:00:00Z,-0.9464,1
2009-02-19T02:00:00Z,-0.7164,1
2009-02-19T03:00:00Z,-0.4564,1
2009-02-19T04:00:00Z,-0.1264,1
2009-02-19T05:00:00Z,0.2036,1
2009-02-19T06:00:00Z,0.4936,1
2009-02-19T07:00:00Z,0.6436,1
2009-02-19T08:00:00Z,0.5936,1
2009-02-19T09:00:00Z,0.3636,1
2009-02-19T10:00:00Z,-0.0264,1
2009-02-19T11:00:00Z,-0.4564,1
2009-02-19T12:00:00Z,-0.8164,1
2009-02-19T13:00:00Z,-1.0064,1
2009-02-19T14:00:00Z,-0.9964,1
2009-02-19T15:00:00Z,-0.8764,1
2009-02-19T16:00:00Z,-0.5964,1
2009-02-19T17:00:00Z,-0.2964,1
2009-02-19T18:00:00Z,0.0636,1
2009-02-19T19:00:00Z,0.3636,1
2009-02-19T20:00:00Z,0.5336,1
2009-02-19T21:00:00Z,0.4536,1
2009-02-19T22:00:00Z,0.1636,1
2009-02-19T23:00:00Z,-0.2264,1
2009-02-20T00:00:00Z,-0.6164,1
2009-02-20T01:00:00Z,-0.9164,1
2009-02-20T02:00:00Z,-0.9864,1
2009-02-20T03:00:00Z,-0.8964,1
2009-02-20T04:00:00Z,-0.6564,1
2009-02-20T05:00:00Z,-0.3064,1
2009-02-20T06:00:00Z,0.0336,1
2009-02-20T08:00:00Z,0.6136,1
2009-02-20T09:00:00Z,0.6836,1
2009-02-20T10:00:00Z,0.4836,1
2009-02-20T11:00:00Z,0.0836,1
2009-02-20T12:00:00Z,-0.3964,1
2009-02-20T13:00:00Z,-0.8264,1
2009-02-20T14:00:00Z,-1.1464,1
2009-02-20T15:00:00Z,-1.2364,1
2009-02-20T16:00:00Z,-1.0664,1
2009-02-20T17:00:00Z,-0.7464,1
2009-02-20T18:00:00Z,-0.3364,1
2009-02-20T19:00:00Z,0.0636,1
2009-02-20T20:00:00Z,0.4137,1
2009-02-20T21:00:00Z,0.6437,1
2009-02-20T22:00:00Z,0.6137,1
2009-02-20T23:00:00Z,0.3437,1
2009-02-21T00:00:00Z,-0.1163,1
2009-02-21T01:00:00Z,-0.6163,1
2009-02-21T02:00:00Z,-1.0063,1
2009-02-21T03:00:00Z,-1.1863,1
2009-02-21T04:00:00Z,-1.0763,1
2009-02-21T05:00:00Z,-0.7363,1
2009-02-21T06:00:00Z,-0.2963,1
2009-02-21T07:00:00Z,0.1637,1
2009-02-21T08:00:00Z,0.5637,1
2009-02-21T09:00:00Z,0.8337,1
2009-02-21T10:00:00Z,0.8437,1
2009-02-21T11:00:00Z,0.6037,1
2009-02-21T12:00:00Z,0.1037,1
2009-02-21T13:00:00Z,-0.4563,1
2009-02-21T14:00:00Z,-1.0063,1
2009-02-21T15:00:00Z,-1.3163,1
2009-02-21T16:00:00Z,-1.3663,1
2009-02-21T17:00:00Z,-1.1263,1
2009-02-21T18:00:00Z,-0.7063,1
2009-02-21T19:00:00Z,-0.2063,1
2009-02-21T20:00:00Z,0.2737,1
2009-02-21T21:00:00Z,0.6737,1
2009-02-21T22:00:00Z,0.8537,1
2009-02-21T23:00:00Z,0.7437,1
2009-02-22T00:00:00Z,0.3337,1
2009-02-22T01:00:00Z,-0.2363,1
2009-02-22T02:00:00Z,-0.8163,1
2009-02-22T03:00:00Z,-1.2263,1
2009-02-22T04:00:00Z,-1.3163,1
2009-02-22T05:00:00Z,-1.0663,1
2009-02-22T06:00:00Z,-0.6063,1
2009-02-22T07:00:00Z,-0.0363,1
2009-02-22T08:00:00Z,0.4837,1
2009-02-22T09:00:00Z,0.8937,1
2009-02-22T10:00:00Z,1.0537,1
2009-02-22T11:00:00Z,0.9837,1
2009-02-22T12:00:00Z,0.5937,1
2009-02-22T13:00:00Z,-0.0763,1
2009-02-22T14:00:00Z,-0.8163,1
2009-02-22T15:00:00Z,-1.3663,1
2009-02-22T16:00:00Z,-1.6563,1
2009-02-22T17:00:00Z,-1.5663,1
2009-02-22T18:00:00Z,-1.1363,1
2009-02-22T19:00:00Z,-0.5863,1
2009-02-22T20:00:00Z,0.0237,1
2009-02-22T21:00:00Z,0.5337,1
2009-02-22T22:00:00Z,0.8837,1
2009-02-22T23:00:00Z,0.9337,1
2009-02-23T00:00:00Z,0.6837,1
2009-02-23T01:00:00Z,0.1137,1
2009-02-23T02:00:00Z,-0.6063,1
2009-02-23T03:00:00Z,-1.2263,1
2009-02-23T04:00:00Z,-1.5363,1
2009-02-23T05:00:00Z,-1.4463,1
2009-02-23T06:00:00Z,-1.0263,1
2009-02-23T07:00:00Z,-0.4063,1
2009-02-23T08:00:00Z,0.2437,1
2009-02-23T09:00:00Z,0.7937,1
2009-02-23T10:00:00Z,1.1637,1
2009-02-23T11:00:00Z,1.2437,1
2009-02-23T12:00:00Z,0.9837,1
2009-02-23T13:00:00Z,0.3537,1
2009-02-23T14:00:00Z,-0.4563,1
2009-02-23T15:00:00Z,-1.2463,1
2009-02-23T16:00:00Z,-1.7263,1
2009-02-23T17:00:00Z,-1.8563,1
2009-02-23T18:00:00Z,-1.5263,1
2009-02-23T19:00:00Z,-0.9463,1
2009-02-23T20:00:00Z,-0.2663,1
2009-02-23T21:00:00Z,0.3437,1
2009-02-23T22:00:00Z,0.8337,1
2009-02-23T23:00:00Z,1.0637,1
2009-02-24T00:00:00Z,0.9637,1
2009-02-24T01:00:00Z,0.4537,1
2009-02-24T02:00:00Z,-0.3163,1
2009-02-24T03:00:00Z,-1.0963,1
2009-02-24T04:00:00Z,-1.6663,1
2009-02-24T05:00:00Z,-1.7963,1
2009-02-24T06:00:00Z,-1.4763,1
2009-02-24T07:00:00Z,-0.8463,1
2009-02-24T08:00:00Z,-0.0763,1
2009-02-24T09:00:00Z,0.5737,1
2009-02-24T10:00:00Z,1.1137,1
2009-02-24T11:00:00Z,1.3737,1
2009-02-24T12:00:00Z,1.2737,1
2009-02-24T13:00:00Z,0.8037,1
2009-02-24T14:00:00Z,-0.0163,1
2009-02-24T15:00:00Z,-0.9063,1
2009-02-24T16:00:00Z,-1.6463,1
2009-02-24T17:00:00Z,-1.9563,1
2009-02-24T18:00:00Z,-1.8163,1
2009-02-24T19:00:00Z,-1.2763,1
2009-02-24T20:00:00Z,-0.5363,1
2009-02-24T21:00:00Z,0.1837,1
2009-02-24T22:00:00Z,0.7837,1
2009-02-24T23:00:00Z,1.1937,1
2009-02-25T00:00:00Z,1.2437,1
2009-02-25T01:00:00Z,0.8637,1
2009-02-25T02:00:00Z,0.1537,1
2009-02-25T03:00:00Z,-0.7263,1
2009-02-25T04:00:00Z,-1.5063,1
2009-02-25T05:00:00Z,-1.8063,1
2009-02-25T06:00:00Z,-1.6863,1
2009-02-25T07:00:00Z,-1.1363,1
2009-02-25T08:00:00Z,-0.3763,1
2009-02-25T09:00:00Z,0.4337,1
2009-02-25T10:00:00Z,1.0837,1
2009-02-25T11:00:00Z,1.5237,1
2009-02-25T12:00:00Z,1.6137,1
2009-02-25T13:00:00Z,1.2837,1
2009-02-25T14:00:00Z,0.5637,1
2009-02-25T15:00:00Z,-0.4163,1
2009-02-25T16:00:00Z,-1.3363,1
2009-02-25T17:00:00Z,-1.9063,1
2009-02-25T18:00:00Z,-1.9663,1
2009-02-25T19:00:00Z,-1.5563,1
2009-02-25T20:00:00Z,-0.8563,1
2009-02-25T21:00:00Z,-0.0763,1
2009-02-25T22:00:00Z,0.6037,1
2009-02-25T23:00:00Z,1.0937,1
2009-02-26T00:00:00Z,1.3137,1
2009-02-26T01:00:00Z,1.1537,1
2009-02-26T02:00:00Z,0.5637,1
2009-02-26T03:00:00Z,-0.3163,1
2009-02-26T04:00:00Z,-1.2463,1
2009-02-26T05:00:00Z,-1.8763,1
2009-02-26T06:00:00Z,-2.0063,1
2009-02-26T07:00:00Z,-1.6263,1
2009-02-26T08:00:00Z,-0.8563,1
2009-02-26T09:00:00Z,0.0337,1
2009-02-26T10:00:00Z,0.8137,1
2009-02-26T11:00:00Z,1.3737,1
2009-02-26T12:00:00Z,1.6537,1
2009-02-26T13:00:00Z,1.5437,1
2009-02-26T14:00:00Z,1.0037,1
2009-02-26T15:00:00Z,0.1037,1
2009-02-26T16:00:00Z,-0.9163,1
2009-02-26T17:00:00Z,-1.7163,1
2009-02-26T18:00:00Z,-2.0463,1
2009-02-26T19:00:00Z,-1.8563,1
2009-02-26T20:00:00Z,-1.2563,1
2009-02-26T21:00:00Z,-0.4463,1
2009-02-26T22:00:00Z,0.3337,1
2009-02-26T23:00:00Z,0.9537,1
2009-02-27T00:00:00Z,1.3837,1
2009-02-27T01:00:00Z,1.4337,1
2009-02-27T02:00:00Z,1.0537,1
2009-02-27T03:00:00Z,0.2937,1
2009-02-27T04:00:00Z,-0.7063,1
2009-02-27T05:00:00Z,-1.5263,1
2009-02-27T06:00:00Z,-1.9563,1
2009-02-27T07:00:00Z,-1.7763,1
2009-02-27T08:00:00Z,-1.1963,1
2009-02-27T09:00:00Z,-0.3463,1
2009-02-27T10:00:00Z,0.5237,1
2009-02-27T11:00:00Z,1.2037,1
2009-02-27T12:00:00Z,1.6537,1
2009-02-27T13:00:00Z,1.7337,1
2009-02-27T14:00:00Z,1.3937,1
2009-02-27T15:00:00Z,0.6537,1
2009-02-27T16:00:00Z,-0.3763,1
2009-02-27T17:00:00Z,-1.3463,1
2009-02-27T18:00:00Z,-1.9463,1
2009-02-27T19:00:00Z,-2.0263,1
2009-02-27T20:00:00Z,-1.5863,1
2009-02-27T21:00:00Z,-0.8363,1
2009-02-27T22:00:00Z,-0.0163,1
2009-02-27T23:00:00Z,0.6937,1
2009-02-28T00:00:00Z,1.2237,1
2009-02-28T01:00:00Z,1.4837,1
2009-02-28T02:00:00Z,1.3337,1
2009-02-28T03:00:00Z,0.7737,1
2009-02-28T04:00:00Z,-0.1363,1
2009-02-28T05:00:00Z,-1.0863,1
2009-02-28T06:00:00Z,-1.7463,1
2009-02-28T07:00:00Z,-1.8863,1
2009-02-28T08:00:00Z,-1.5563,1
2009-02-28T09:00:00Z,-0.7963,1
2009-02-28T10:00:00Z,0.0837,1
2009-02-28T11:00:00Z,0.8837,1
2009-02-28T12:00:00Z,1.4837,1
2009-02-28T13:00:00Z,1.8037,1
2009-02-28T14:00:00Z,1.7037,1
2009-02-28T15:00:00Z,1.2037,1
2009-02-28T16:00:00Z,0.3137,1
2009-02-28T17:00:00Z,-0.7063,1
2009-02-28T18:00:00Z,-1.5363,1
2009-02-28T19:00:00Z,-1.9063,1
2009-02-28T20:00:00Z,-1.7563,1
2009-02-28T21:00:00Z,-1.1763,1
2009-02-28T22:00:00Z,-0.3963,1
2009-02-28T23:00:00Z,0.3637,1
2009-03-01T00:00:00Z,0.9937,1
2009-03-01T01:00:00Z,1.4137,1
2009-03-01T02:00:00Z,1.5137,1
2009-03-01T03:00:00Z,1.1637,1
2009-03-01T04:00:00Z,0.4637,1
2009-03-01T05:00:00Z,-0.4963,1
2009-03-01T06:00:00Z,-1.3463,1
2009-03-01T07:00:00Z,-1.7963,1
2009-03-01T08:00:00Z,-1.7663,1
2009-03-01T09:00:00Z,-1.2563,1
2009-03-01T10:00:00Z,-0.4563,1
2009-03-01T11:00:00Z,0.3737,1
2009-03-01T12:00:00Z,1.0537,1
2009-03-01T13:00:00Z,1.5537,1
2009-03-01T14:00:00Z,1.7337,1
2009-03-01T15:00:00Z,1.4937,1
2009-03-01T16:00:00Z,0.8537,1
2009-03-01T17:00:00Z,-0.0563,1
2009-03-01T18:00:00Z,-1.0063,1
2009-03-01T19:00:00Z,-1.6462,1
2009-03-01T20:00:00Z,-1.8062,1
2009-03-01T21:00:00Z,-1.5262,1
2009-03-01T22:00:00Z,-0.8962,1
2009-03-01T23:00:00Z,-0.1662,1
2009-03-02T00:00:00Z,0.4738,1
2009-03-02T01:00:00Z,0.9938,1
2009-03-02T02:00:00Z,1.2838,1
2009-03-02T04:00:00Z,0.7838,1
2009-03-02T05:00:00Z,0.0038,1
2009-03-02T06:00:00Z,-0.8762,1
2009-03-02T07:00:00Z,-1.5662,1
2009-03-02T08:00:00Z,-1.8562,1
2009-03-02T09:00:00Z,-1.6862,1
2009-03-02T10:00:00Z,-1.1162,1
2009-03-02T11:00:00Z,-0.3462,1
2009-03-02T12:00:00Z,0.4238,1
2009-03-02T13:00:00Z,1.0538,1
2009-03-02T14:00:00Z,1.4738,1
2009-03-02T15:00:00Z,1.5538,1
2009-03-02T16:00:00Z,1.2438,1
2009-03-02T17:00:00Z,0.5738,1
2009-03-02T18:00:00Z,-0.2862,1
2009-03-02T19:00:00Z,-1.0462,1
2009-03-02T20:00:00Z,-1.4562,1
2009-03-02T21:00:00Z,-1.5062,1
2009-03-02T22:00:00Z,-1.1062,1
2009-03-02T23:00:00Z,-0.5162,1
2009-03-03T00:00:00Z,0.1038,1
2009-03-03T01:00:00Z,0.6738,1
2009-03-03T02:00:00Z,1.0938,1
2009-03-03T03:00:00Z,1.2938,1
2009-03-03T04:00:00Z,1.1638,1
2009-03-03T05:00:00Z,0.6738,1
2009-03-03T06:00:00Z,-0.0762,1
2009-03-03T07:00:00Z,-0.8662,1
2009-03-03T08:00:00Z,-1.4062,1
2009-03-03T09:00:00Z,-1.5462,1
2009-03-03T10:00:00Z,-1.2762,1
2009-03-03T11:00:00Z,-0.6962,1
2009-03-03T12:00:00Z,-0.0162,1
2009-03-03T13:00:00Z,0.6438,1
2009-03-03T14:00:00Z,1.1838,1
2009-03-03T15:00:00Z,1.5238,1
2009-03-03T16:00:00Z,1.5738,1
2009-03-03T17:00:00Z,1.3838,1
2009-03-03T18:00:00Z,0.6338,1
2009-03-03T19:00:00Z,-0.1062,1
2009-03-03T20:00:00Z,-0.7162,1
2009-03-03T21:00:00Z,-1.1962,1
2009-03-03T22:00:00Z,-1.1662,1
2009-03-03T23:00:00Z,-0.7262,1
2009-03-04T00:00:00Z,-0.1362,1
2009-03-04T01:00:00Z,0.3538,1
2009-03-04T02:00:00Z,0.8238,1
2009-03-04T03:00:00Z,1.1638,1
2009-03-04T05:00:00Z,1.1938,1
2009-03-04T06:00:00Z,0.7438,1
2009-03-04T07:00:00Z,0.0938,1
2009-03-04T08:00:00Z,-0.6062,1
2009-03-04T09:00:00Z,-1.0562,1
2009-03-04T10:00:00Z,-1.2562,1
2009-03-04T11:00:00Z,-1.0862,1
2009-03-04T13:00:00Z,-0.0962,1
2009-03-04T14:00:00Z,0.4438,1
2009-03-04T15:00:00Z,0.9238,1
2009-03-04T16:00:00Z,1.1738,1
2009-03-04T17:00:00Z,1.2238,1
2009-03-04T18:00:00Z,0.9338,1
2009-03-04T19:00:00Z,0.3838,1
2009-03-04T20:00:00Z,-0.2562,1
2009-03-04T21:00:00Z,-0.7962,1
2009-03-04T22:00:00Z,-1.1262,1
2009-03-04T23:00:00Z,-1.0962,1
2009-03-05T00:00:00Z,-0.8662,1
2009-03-05T01:00:00Z,-0.4362,1
2009-03-05T02:00:00Z,0.0138,1
2009-03-05T03:00:00Z,0.4438,1
2009-03-05T04:00:00Z,0.8338,1
2009-03-05T05:00:00Z,1.0238,1
2009-03-05T06:00:00Z,0.9338,1
2009-03-05T07:00:00Z,0.5438,1
2009-03-05T08:00:00Z,-0.0362,1
2009-03-05T09:00:00Z,-0.6662,1
2009-03-05T10:00:00Z,-1.1562,1
2009-03-05T11:00:00Z,-1.4162,1
2009-03-05T12:00:00Z,-1.3462,1
2009-03-05T13:00:00Z,-1.0162,1
2009-03-05T14:00:00Z,-0.5962,1
2009-03-05T15:00:00Z,-0.1162,1
2009-03-05T16:00:00Z,0.3438,1
2009-03-05T17:00:00Z,0.7738,1
2009-03-05T18:00:00Z,0.9638,1
2009-03-05T19:00:00Z,0.8338,1
2009-03-05T20:00:00Z,0.4438,1
2009-03-05T21:00:00Z,-0.0962,1
2009-03-05T22:00:00Z,-0.6462,1
2009-03-05T23:00:00Z,-1.0462,1
2009-03-06T00:00:00Z,-1.1862,1
2009-03-06T01:00:00Z,-1.0662,1
2009-03-06T02:00:00Z,-0.7962,1
2009-03-06T03:00:00Z,-0.4062,1
2009-03-06T04:00:00Z,0.0238,1
2009-03-06T05:00:00Z,0.4738,1
2009-03-06T06:00:00Z,0.8138,1
2009-03-06T07:00:00Z,0.9338,1
2009-03-06T08:00:00Z,0.7438,1
2009-03-06T10:00:00Z,-0.2862,1
2009-03-06T11:00:00Z,-0.8062,1
2009-03-06T12:00:00Z,-1.1962,1
2009-03-06T13:00:00Z,-1.2562,1
2009-03-06T14:00:00Z,-1.0762,1
2009-03-06T15:00:00Z,-0.7262,1
2009-03-06T16:00:00Z,-0.2962,1
2009-03-06T17:00:00Z,0.2238,1
2009-03-06T18:00:00Z,0.7138,1
2009-03-06T19:00:00Z,1.0738,1
2009-03-06T20:00:00Z,1.1238,1
2009-03-06T21:00:00Z,0.8638,1
2009-03-06T22:00:00Z,0.3438,1
2009-03-06T23:00:00Z,-0.2562,1
2009-03-07T00:00:00Z,-0.7762,1
2009-03-07T01:00:00Z,-1.0862,1
2009-03-07T02:00:00Z,-1.1262,1
2009-03-07T03:00:00Z,-0.8662,1
2009-03-07T04:00:00Z,-0.4762,1
2009-03-07T05:00:00Z,0.0038,1
2009-03-07T06:00:00Z,0.4938,1
2009-03-07T07:00:00Z,0.9038,1
2009-03-07T08:00:00Z,1.1638,1
2009-03-07T09:00:00Z,1.1038,1
2009-03-07T10:00:00Z,0.7138,1
2009-03-07T11:00:00Z,0.0438,1
2009-03-07T12:00:00Z,-0.6262,1
2009-03-07T13:00:00Z,-1.1962,1
2009-03-07T14:00:00Z,-1.4962,1
2009-03-07T15:00:00Z,-1.3362,1
2009-03-07T16:00:00Z,-0.9162,1
2009-03-07T17:00:00Z,-0.3362,1
2009-03-07T18:00:00Z,0.2638,1
2009-03-07T19:00:00Z,0.7938,1
2009-03-07T20:00:00Z,1.2138,1
2009-03-07T21:00:00Z,1.3538,1
2009-03-07T22:00:00Z,1.2038,1
2009-03-07T23:00:00Z,0.7538,1
2009-03-08T00:00:00Z,0.1038,1
2009-03-08T01:00:00Z,-0.4162,1
2009-03-08T02:00:00Z,-0.8462,1
2009-03-08T03:00:00Z,-0.9862,1
2009-03-08T04:00:00Z,-0.7662,1
2009-03-08T05:00:00Z,-0.3262,1
2009-03-08T06:00:00Z,0.2338,1
2009-03-08T07:00:00Z,0.8238,1
2009-03-08T08:00:00Z,1.3238,1
2009-03-08T09:00:00Z,1.5438,1
2009-03-08T10:00:00Z,1.4038,1
2009-03-08T11:00:00Z,0.9438,1
2009-03-08T12:00:00Z,0.1738,1
2009-03-08T13:00:00Z,-0.7462,1
2009-03-08T14:00:00Z,-1.3762,1
2009-03-08T15:00:00Z,-1.5962,1
2009-03-08T16:00:00Z,-1.5362,1
2009-03-08T17:00:00Z,-1.0262,1
2009-03-08T18:00:00Z,-0.3662,1
2009-03-08T19:00:00Z,0.2738,1
2009-03-08T20:00:00Z,0.9038,1
2009-03-08T21:00:00Z,1.3038,1
2009-03-08T22:00:00Z,1.4238,1
2009-03-08T23:00:00Z,1.0838,1
2009-03-09T00:00:00Z,0.5238,1
2009-03-09T01:00:00Z,-0.3662,1
2009-03-09T02:00:00Z,-1.0762,1
2009-03-09T03:00:00Z,-1.5262,1
2009-03-09T04:00:00Z,-1.5262,1
2009-03-09T06:00:00Z,-0.4162,1
2009-03-09T07:00:00Z,0.2938,1
2009-03-09T08:00:00Z,0.9838,1
2009-03-09T09:00:00Z,1.4338,1
2009-03-09T10:00:00Z,1.6338,1
2009-03-09T11:00:00Z,1.4438,1
2009-03-09T12:00:00Z,0.8538,1
2009-03-09T13:00:00Z,-0.0762,1
2009-03-09T14:00:00Z,-1.0662,1
2009-03-09T15:00:00Z,-1.8462,1
2009-03-09T16:00:00Z,-2.1262,1
2009-03-09T17:00:00Z,-1.9062,1
2009-03-09T18:00:00Z,-1.2862,1
2009-03-09T19:00:00Z,-0.4962,1
2009-03-09T20:00:00Z,0.3138,1
2009-03-09T21:00:00Z,0.9938,1
2009-03-09T22:00:00Z,1.4438,1
2009-03-09T23:00:00Z,1.5538,1
2009-03-10T00:00:00Z,1.1838,1
2009-03-10T01:00:00Z,0.4338,1
2009-03-10T02:00:00Z,-0.5162,1
2009-03-10T03:00:00Z,-1.3062,1
2009-03-10T04:00:00Z,-1.6662,1
2009-03-10T05:00:00Z,-1.5462,1
2009-03-10T06:00:00Z,-0.9762,1
2009-03-10T07:00:00Z,-0.1562,1
2009-03-10T08:00:00Z,0.6638,1
2009-03-10T09:00:00Z,1.3238,1
2009-03-10T10:00:00Z,1.8138,1
2009-03-10T11:00:00Z,1.8938,1
2009-03-10T12:00:00Z,1.5138,1
2009-03-10T13:00:00Z,0.7038,1
2009-03-10T14:00:00Z,-0.3962,1
2009-03-10T15:00:00Z,-1.4762,1
2009-03-10T16:00:00Z,-2.1762,1
2009-03-10T17:00:00Z,-2.3161,1
2009-03-10T18:00:00Z,-1.9061,1
2009-03-10T19:00:00Z,-1.1161,1
2009-03-10T20:00:00Z,-0.1961,1
2009-03-10T21:00:00Z,0.5939,1
2009-03-10T22:00:00Z,1.2139,1
2009-03-10T23:00:00Z,1.5239,1
2009-03-11T00:00:00Z,1.4039,1
2009-03-11T01:00:00Z,0.8239,1
2009-03-11T02:00:00Z,-0.1461,1
2009-03-11T03:00:00Z,-1.1961,1
2009-03-11T04:00:00Z,-1.9361,1
2009-03-11T05:00:00Z,-2.1161,1
2009-03-11T06:00:00Z,-1.7661,1
2009-03-11T07:00:00Z,-1.0261,1
2009-03-11T08:00:00Z,-0.0761,1
2009-03-11T09:00:00Z,0.7839,1
2009-03-11T10:00:00Z,1.4439,1
2009-03-11T11:00:00Z,1.8739,1
2009-03-11T12:00:00Z,1.8439,1
2009-03-11T13:00:00Z,1.3639,1
2009-03-11T14:00:00Z,0.4139,1
2009-03-11T15:00:00Z,-0.7761,1
2009-03-11T16:00:00Z,-1.7961,1
2009-03-11T17:00:00Z,-2.3061,1
2009-03-11T18:00:00Z,-2.2461,1
2009-03-11T19:00:00Z,-1.6061,1
2009-03-11T20:00:00Z,-0.6861,1
2009-03-11T21:00:00Z,0.2839,1
2009-03-11T22:00:00Z,1.0139,1
2009-03-11T23:00:00Z,1.5439,1
2009-03-12T00:00:00Z,1.7039,1
2009-03-12T01:00:00Z,1.4039,1
2009-03-12T02:00:00Z,0.6639,1
2009-03-12T03:00:00Z,-0.3661,1
2009-03-12T04:00:00Z,-1.3761,1
2009-03-12T05:00:00Z,-1.9561,1
2009-03-12T06:00:00Z,-1.9761,1
2009-03-12T07:00:00Z,-1.4661,1
2009-03-12T08:00:00Z,-0.5861,1
2009-03-12T09:00:00Z,0.3739,1
2009-03-12T10:00:00Z,1.1239,1
2009-03-12T11:00:00Z,1.6939,1
2009-03-12T12:00:00Z,1.9439,1
2009-03-12T13:00:00Z,1.7339,1
2009-03-12T14:00:00Z,1.0739,1
2009-03-12T15:00:00Z,0.0039,1
2009-03-12T16:00:00Z,-1.1561,1
2009-03-12T17:00:00Z,-2.0561,1
2009-03-12T18:00:00Z,-2.3461,1
2009-03-12T19:00:00Z,-2.0661,1
2009-03-12T20:00:00Z,-1.2961,1
2009-03-12T21:00:00Z,-0.3461,1
2009-03-12T22:00:00Z,0.4939,1
2009-03-12T23:00:00Z,1.1439,1
2009-03-13T00:00:00Z,1.5339,1
2009-03-13T01:00:00Z,1.5239,1
2009-03-13T02:00:00Z,1.0639,1
2009-03-13T03:00:00Z,0.1739,1
2009-03-13T04:00:00Z,-0.9161,1
2009-03-13T05:00:00Z,-1.7961,1
2009-03-13T06:00:00Z,-2.1761,1
2009-03-13T07:00:00Z,-1.9561,1
2009-03-13T08:00:00Z,-1.2661,1
2009-03-13T09:00:00Z,-0.3461,1
2009-03-13T10:00:00Z,0.5439,1
2009-03-13T11:00:00Z,1.2239,1
2009-03-13T12:00:00Z,1.7339,1
2009-03-13T13:00:00Z,1.8939,1
2009-03-13T14:00:00Z,1.5539,1
2009-03-13T15:00:00Z,0.7939,1
2009-03-13T16:00:00Z,-0.3261,1
2009-03-13T17:00:00Z,-1.3561,1
2009-03-13T18:00:00Z,-1.9961,1
2009-03-13T19:00:00Z,-2.0761,1
2009-03-13T20:00:00Z,-1.6061,1
2009-03-13T21:00:00Z,-0.7861,1
2009-03-13T22:00:00Z,0.1339,1
2009-03-13T23:00:00Z,0.9139,1
2009-03-14T00:00:00Z,1.4739,1
2009-03-14T01:00:00Z,1.7239,1
2009-03-14T02:00:00Z,1.5439,1
2009-03-14T03:00:00Z,0.9139,1
2009-03-14T04:00:00Z,-0.0361,1
2009-03-14T05:00:00Z,-1.0261,1
2009-03-14T06:00:00Z,-1.6861,1
2009-03-14T07:00:00Z,-1.8261,1
2009-03-14T08:00:00Z,-1.4761,1
2009-03-14T09:00:00Z,-0.6961,1
2009-03-14T10:00:00Z,0.1939,1
2009-03-14T11:00:00Z,0.9639,1
2009-03-14T12:00:00Z,1.5239,1
2009-03-14T13:00:00Z,1.8039,1
2009-03-14T14:00:00Z,1.7039,1
2009-03-14T15:00:00Z,1.2539,1
2009-03-14T16:00:00Z,0.3439,1
2009-03-14T17:00:00Z,-0.7261,1
2009-03-14T18:00:00Z,-1.6261,1
2009-03-14T19:00:00Z,-2.0561,1
2009-03-14T20:00:00Z,-1.9961,1
2009-03-14T21:00:00Z,-1.4261,1
2009-03-14T22:00:00Z,-0.6561,1
2009-03-14T23:00:00Z,0.1239,1
2009-03-15T00:00:00Z,0.7339,1
2009-03-15T01:00:00Z,1.1739,1
2009-03-15T03:00:00Z,0.9739,1
2009-03-15T04:00:00Z,0.2839,1
2009-03-15T05:00:00Z,-0.6561,1
2009-03-15T06:00:00Z,-1.4561,1
2009-03-15T07:00:00Z,-1.9261,1
2009-03-15T08:00:00Z,-1.9461,1
2009-03-15T09:00:00Z,-1.4761,1
2009-03-15T10:00:00Z,-0.7161,1
2009-03-15T11:00:00Z,0.0739,1
2009-03-15T12:00:00Z,0.7039,1
2009-03-15T13:00:00Z,1.1939,1
2009-03-15T14:00:00Z,1.4139,1
2009-03-15T15:00:00Z,1.2739,1
2009-03-15T16:00:00Z,0.7339,1
2009-03-15T17:00:00Z,-0.1061,1
2009-03-15T18:00:00Z,-1.0061,1
2009-03-15T19:00:00Z,-1.6361,1
2009-03-15T20:00:00Z,-1.8561,1
2009-03-15T21:00:00Z,-1.5861,1
2009-03-15T22:00:00Z,-0.9561,1
2009-03-15T23:00:00Z,-0.2561,1
2009-03-16T00:00:00Z,0.4039,1
2009-03-16T01:00:00Z,0.9439,1
2009-03-16T02:00:00Z,1.2439,1
2009-03-16T03:00:00Z,1.1739,1
2009-03-16T04:00:00Z,0.7639,1
2009-03-16T05:00:00Z,0.0339,1
2009-03-16T06:00:00Z,-0.8061,1
2009-03-16T07:00:00Z,-1.4561,1
2009-03-16T09:00:00Z,-1.6361,1
2009-03-16T10:00:00Z,-1.1461,1
2009-03-16T11:00:00Z,-0.5061,1
2009-03-16T12:00:00Z,0.1239,1
2009-03-16T13:00:00Z,0.6539,1
2009-03-16T14:00:00Z,1.0439,1
2009-03-16T15:00:00Z,1.1539,1
2009-03-16T16:00:00Z,0.9139,1
2009-03-16T17:00:00Z,0.3339,1
2009-03-16T18:00:00Z,-0.4161,1
2009-03-16T19:00:00Z,-1.1161,1
2009-03-16T20:00:00Z,-1.5461,1
2009-03-16T21:00:00Z,-1.5861,1
2009-03-16T22:00:00Z,-1.2661,1
2009-03-16T23:00:00Z,-0.6961,1
2009-03-17T00:00:00Z,-0.0861,1
2009-03-17T01:00:00Z,0.4439,1
2009-03-17T02:00:00Z,0.8739,1
2009-03-17T03:00:00Z,1.0239,1
2009-03-17T04:00:00Z,0.8939,1
2009-03-17T05:00:00Z,0.4539,1
2009-03-17T06:00:00Z,-0.2461,1
2009-03-17T07:00:00Z,-0.9261,1
2009-03-17T08:00:00Z,-1.4361,1
2009-03-17T09:00:00Z,-1.5961,1
2009-03-17T10:00:00Z,-1.4361,1
2009-03-17T11:00:00Z,-0.9961,1
2009-03-17T12:00:00Z,-0.4761,1
2009-03-17T13:00:00Z,0.0339,1
2009-03-17T14:00:00Z,0.4839,1
2009-03-17T15:00:00Z,0.7939,1
2009-03-17T16:00:00Z,0.8439,1
2009-03-17T17:00:00Z,0.5939,1
2009-03-17T18:00:00Z,0.0939,1
2009-03-17T19:00:00Z,-0.5261,1
2009-03-17T20:00:00Z,-1.0461,1
2009-03-17T21:00:00Z,-1.3261,1
2009-03-17T23:00:00Z,-0.9161,1
2009-03-18T00:00:00Z,-0.4561,1
2009-03-18T01:00:00Z,0.0539,1
2009-03-18T02:00:00Z,0.4839,1
2009-03-18T03:00:00Z,0.7739,1
2009-03-18T04:00:00Z,0.8539,1
2009-03-18T05:00:00Z,0.7239,1
2009-03-18T06:00:00Z,0.2939,1
2009-03-18T07:00:00Z,-0.2861,1
2009-03-18T08:00:00Z,-0.8461,1
2009-03-18T09:00:00Z,-1.2261,1
2009-03-18T10:00:00Z,-1.3461,1
2009-03-18T11:00:00Z,-1.1961,1
2009-03-18T12:00:00Z,-0.8261,1
2009-03-18T13:00:00Z,-0.3961,1
2009-03-18T14:00:00Z,0.0439,1
2009-03-18T15:00:00Z,0.4139,1
2009-03-18T16:00:00Z,0.6439,1
2009-03-18T17:00:00Z,0.6939,1
2009-03-18T18:00:00Z,0.4739,1
2009-03-18T19:00:00Z,0.0739,1
2009-03-18T20:00:00Z,-0.4261,1
2009-03-18T21:00:00Z,-0.8561,1
2009-03-18T22:00:00Z,-1.0961,1
2009-03-18T23:00:00Z,-1.0361,1
2009-03-19T00:00:00Z,-0.7861,1
2009-03-19T01:00:00Z,-0.4161,1
2009-03-19T02:00:00Z,-0.0561,1
2009-03-19T03:00:00Z,0.2739,1
2009-03-19T04:00:00Z,0.5539,1
2009-03-19T05:00:00Z,0.6539,1
2009-03-19T06:00:00Z,0.5539,1
2009-03-19T07:00:00Z,0.2639,1
2009-03-19T08:00:00Z,-0.1861,1
2009-03-19T09:00:00Z,-0.6461,1
2009-03-19T10:00:00Z,-0.9861,1
2009-03-19T11:00:00Z,-1.1061,1
2009-03-19T12:00:00Z,-1.0061,1
2009-03-19T13:00:00Z,-0.7561,1
2009-03-19T14:00:00Z,-0.4361,1
2009-03-19T15:00:00Z,-0.116,1
2009-03-19T16:00:00Z,0.204,1
2009-03-19T17:00:00Z,0.424,1
2009-03-19T19:00:00Z,0.414,1
2009-03-19T20:00:00Z,0.134,1
2009-03-19T21:00:00Z,-0.236,1
2009-03-19T22:00:00Z,-0.576,1
2009-03-19T23:00:00Z,-0.806,1
2009-03-20T00:00:00Z,-0.846,1
2009-03-20T01:00:00Z,-0.676,1
2009-03-20T02:00:00Z,-0.436,1
2009-03-20T03:00:00Z,-0.116,1
2009-03-20T04:00:00Z,0.184,1
2009-03-20T05:00:00Z,0.464,1
2009-03-20T06:00:00Z,0.604,1
2009-03-20T07:00:00Z,0.584,1
2009-03-20T08:00:00Z,0.354,1
2009-03-20T09:00:00Z,-0.016,1
2009-03-20T10:00:00Z,-0.446,1
2009-03-20T11:00:00Z,-0.796,1
2009-03-20T12:00:00Z,-1.016,1
2009-03-20T13:00:00Z,-1.036,1
2009-03-20T14:00:00Z,-0.896,1
2009-03-20T15:00:00Z,-0.666,1
2009-03-20T16:00:00Z,-0.356,1
2009-03-20T17:00:00Z,-0.026,1
2009-03-20T18:00:00Z,0.274,1
2009-03-20T19:00:00Z,0.474,1
2009-03-20T20:00:00Z,0.484,1
2009-03-20T21:00:00Z,0.294,1
2009-03-20T22:00:00Z,-0.036,1
2009-03-20T23:00:00Z,-0.346,1
2009-03-21T00:00:00Z,-0.656,1
2009-03-21T01:00:00Z,-0.786,1
2009-03-21T02:00:00Z,-0.726,1
2009-03-21T03:00:00Z,-0.516,1
2009-03-21T04:00:00Z,-0.246,1
2009-03-21T05:00:00Z,0.084,1
2009-03-21T06:00:00Z,0.394,1
2009-03-21T07:00:00Z,0.614,1
2009-03-21T08:00:00Z,0.644,1
2009-03-21T09:00:00Z,0.494,1
2009-03-21T10:00:00Z,0.124,1
2009-03-21T11:00:00Z,-0.356,1
2009-03-21T12:00:00Z,-0.796,1
2009-03-21T13:00:00Z,-1.156,1
2009-03-21T14:00:00Z,-1.276,1
2009-03-21T15:00:00Z,-1.206,1
2009-03-21T16:00:00Z,-0.956,1
2009-03-21T17:00:00Z,-0.596,1
2009-03-21T18:00:00Z,-0.196,1
2009-03-21T19:00:00Z,0.174,1
2009-03-21T20:00:00Z,0.464,1
2009-03-21T21:00:00Z,0.534,1
2009-03-21T22:00:00Z,0.394,1
2009-03-21T23:00:00Z,0.054,1
2009-03-22T00:00:00Z,-0.386,1
2009-03-22T01:00:00Z,-0.796,1
2009-03-22T02:00:00Z,-1.066,1
2009-03-22T03:00:00Z,-1.056,1
2009-03-22T04:00:00Z,-0.866,1
2009-03-22T05:00:00Z,-0.496,1
2009-03-22T06:00:00Z,-0.076,1
2009-03-22T07:00:00Z,0.334,1
2009-03-22T08:00:00Z,0.614,1
2009-03-22T09:00:00Z,0.704,1
2009-03-22T10:00:00Z,0.574,1
2009-03-22T11:00:00Z,0.184,1
2009-03-22T12:00:00Z,-0.356,1
2009-03-22T13:00:00Z,-0.886,1
2009-03-22T14:00:00Z,-1.276,1
2009-03-22T15:00:00Z,-1.416,1
2009-03-22T16:00:00Z,-1.276,1
2009-03-22T17:00:00Z,-0.926,1
2009-03-22T18:00:00Z,-0.456,1
2009-03-22T19:00:00Z,0.064,1
2009-03-22T20:00:00Z,0.484,1
2009-03-22T21:00:00Z,0.754,1
2009-03-22T22:00:00Z,0.774,1
2009-03-22T23:00:00Z,0.474,1
2009-03-23T00:00:00Z,-0.036,1
2009-03-23T01:00:00Z,-0.606,1
2009-03-23T02:00:00Z,-1.106,1
2009-03-23T03:00:00Z,-1.316,1
2009-03-23T04:00:00Z,-1.206,1
2009-03-23T05:00:00Z,-0.806,1
2009-03-23T06:00:00Z,-0.246,1
2009-03-23T07:00:00Z,0.344,1
2009-03-23T08:00:00Z,0.784,1
2009-03-23T09:00:00Z,1.114,1
2009-03-23T10:00:00Z,1.154,1
2009-03-23T11:00:00Z,0.924,1
2009-03-23T12:00:00Z,0.384,1
2009-03-23T13:00:00Z,-0.336,1
2009-03-23T14:00:00Z,-1.006,1
2009-03-23T15:00:00Z,-1.366,1
2009-03-23T16:00:00Z,-1.396,1
2009-03-23T17:00:00Z,-1.186,1
2009-03-23T18:00:00Z,-0.716,1
2009-03-23T19:00:00Z,-0.146,1
2009-03-23T20:00:00Z,0.374,1
2009-03-23T21:00:00Z,0.774,1
2009-03-23T22:00:00Z,0.914,1
2009-03-23T23:00:00Z,0.784,1
2009-03-24T00:00:00Z,0.314,1
2009-03-24T01:00:00Z,-0.376,1
2009-03-24T02:00:00Z,-1.046,1
2009-03-24T03:00:00Z,-1.536,1
2009-03-24T04:00:00Z,-1.596,1
2009-03-24T05:00:00Z,-1.296,1
2009-03-24T06:00:00Z,-0.736,1
2009-03-24T07:00:00Z,-0.066,1
2009-03-24T08:00:00Z,0.524,1
2009-03-24T09:00:00Z,0.994,1
2009-03-24T10:00:00Z,1.234,1
2009-03-24T11:00:00Z,1.134,1
2009-03-24T12:00:00Z,0.694,1
2009-03-24T13:00:00Z,-0.066,1
2009-03-24T14:00:00Z,-0.866,1
2009-03-24T15:00:00Z,-1.476,1
2009-03-24T16:00:00Z,-1.736,1
2009-03-24T17:00:00Z,-1.546,1
2009-03-24T18:00:00Z,-1.036,1
2009-03-24T19:00:00Z,-0.356,1
2009-03-24T20:00:00Z,0.374,1
2009-03-24T21:00:00Z,0.984,1
2009-03-24T22:00:00Z,1.384,1
2009-03-24T23:00:00Z,1.384,1
2009-03-25T00:00:00Z,1.054,1
2009-03-25T01:00:00Z,0.404,1
2009-03-25T02:00:00Z,-0.426,1
2009-03-25T03:00:00Z,-1.136,1
2009-03-25T04:00:00Z,-1.456,1
2009-03-25T05:00:00Z,-1.346,1
2009-03-25T06:00:00Z,-0.846,1
2009-03-25T07:00:00Z,-0.136,1
2009-03-25T08:00:00Z,0.594,1
2009-03-25T09:00:00Z,1.114,1
2009-03-25T10:00:00Z,1.504,1
2009-03-25T11:00:00Z,1.474,1
2009-03-25T12:00:00Z,1.154,1
2009-03-25T13:00:00Z,0.424,1
2009-03-25T14:00:00Z,-0.516,1
2009-03-25T15:00:00Z,-1.356,1
2009-03-25T16:00:00Z,-1.856,1
2009-03-25T17:00:00Z,-1.906,1
2009-03-25T18:00:00Z,-1.496,1
2009-03-25T19:00:00Z,-0.826,1
2009-03-25T20:00:00Z,-0.016,1
2009-03-25T21:00:00Z,0.624,1
2009-03-25T22:00:00Z,1.114,1
2009-03-25T23:00:00Z,1.344,1
2009-03-26T00:00:00Z,1.154,1
2009-03-26T01:00:00Z,0.594,1
2009-03-26T02:00:00Z,-0.266,1
2009-03-26T03:00:00Z,-1.116,1
2009-03-26T04:00:00Z,-1.666,1
2009-03-26T05:00:00Z,-1.736,1
2009-03-26T06:00:00Z,-1.296,1
2009-03-26T07:00:00Z,-0.506,1
2009-03-26T08:00:00Z,0.384,1
2009-03-26T09:00:00Z,1.214,1
2009-03-26T10:00:00Z,1.744,1
2009-03-26T11:00:00Z,1.984,1
2009-03-26T12:00:00Z,1.794,1
2009-03-26T13:00:00Z,1.224,1
2009-03-26T14:00:00Z,0.324,1
2009-03-26T15:00:00Z,-0.726,1
2009-03-26T16:00:00Z,-1.486,1
2009-03-26T17:00:00Z,-1.856,1
2009-03-26T18:00:00Z,-1.676,1
2009-03-26T19:00:00Z,-1.086,1
2009-03-26T20:00:00Z,-0.336,1
2009-03-26T21:00:00Z,0.454,1
2009-03-26T22:00:00Z,1.084,1
2009-03-26T23:00:00Z,1.484,1
2009-03-27T00:00:00Z,1.484,1
2009-03-27T01:00:00Z,1.094,1
2009-03-27T02:00:00Z,0.344,1
2009-03-27T03:00:00Z,-0.586,1
2009-03-27T04:00:00Z,-1.376,1
2009-03-27T05:00:00Z,-1.756,1
2009-03-27T06:00:00Z,-1.606,1
2009-03-27T07:00:00Z,-0.986,1
2009-03-27T08:00:00Z,-0.146,1
2009-03-27T09:00:00Z,0.704,1
2009-03-27T10:00:00Z,1.344,1
2009-03-27T11:00:00Z,1.774,1
2009-03-27T12:00:00Z,1.804,1
2009-03-27T13:00:00Z,1.494,1
2009-03-27T14:00:00Z,0.694,1
2009-03-27T15:00:00Z,-0.316,1
2009-03-27T16:00:00Z,-1.346,1
2009-03-27T17:00:00Z,-1.936,1
2009-03-27T18:00:00Z,-1.966,1
2009-03-27T19:00:00Z,-1.496,1
2009-03-27T20:00:00Z,-0.646,1
2009-03-27T21:00:00Z,0.214,1
2009-03-27T22:00:00Z,0.974,1
2009-03-27T23:00:00Z,1.504,1
2009-03-28T00:00:00Z,1.714,1
2009-03-28T01:00:00Z,1.514,1
2009-03-28T02:00:00Z,0.834,1
2009-03-28T03:00:00Z,-0.106,1
2009-03-28T04:00:00Z,-1.176,1
2009-03-28T05:00:00Z,-1.906,1
2009-03-28T06:00:00Z,-2.116,1
2009-03-28T07:00:00Z,-1.756,1
2009-03-28T08:00:00Z,-1.066,1
2009-03-28T09:00:00Z,-0.146,1
2009-03-28T10:00:00Z,0.644,1
2009-03-28T11:00:00Z,1.174,1
2009-03-28T12:00:00Z,1.484,1
2009-03-28T13:00:00Z,1.3241,1
2009-03-28T14:00:00Z,0.8141,1
2009-03-28T15:00:00Z,-0.1059,1
2009-03-28T16:00:00Z,-1.1559,1
2009-03-28T17:00:00Z,-1.9759,1
2009-03-28T18:00:00Z,-2.2759,1
2009-03-28T19:00:00Z,-2.0259,1
2009-03-28T20:00:00Z,-1.3659,1
2009-03-28T21:00:00Z,-0.4659,1
2009-03-28T22:00:00Z,0.3541,1
2009-03-28T23:00:00Z,1.0341,1
2009-03-29T00:00:00Z,1.4441,1
2009-03-29T01:00:00Z,1.5241,1
2009-03-29T02:00:00Z,1.1641,1
2009-03-29T03:00:00Z,0.3741,1
2009-03-29T04:00:00Z,-0.6759,1
2009-03-29T05:00:00Z,-1.5859,1
2009-03-29T06:00:00Z,-2.0659,1
2009-03-29T07:00:00Z,-1.9959,1
2009-03-29T08:00:00Z,-1.4559,1
2009-03-29T09:00:00Z,-0.5659,1
2009-03-29T10:00:00Z,0.3141,1
2009-03-29T11:00:00Z,1.0341,1
2009-03-29T12:00:00Z,1.5841,1
2009-03-29T13:00:00Z,1.7841,1
2009-03-29T14:00:00Z,1.5241,1
2009-03-29T15:00:00Z,0.8441,1
2009-03-29T16:00:00Z,-0.1559,1
2009-03-29T17:00:00Z,-1.1559,1
2009-03-29T18:00:00Z,-1.7659,1
2009-03-29T19:00:00Z,-1.8859,1
2009-03-29T20:00:00Z,-1.5159,1
2009-03-29T21:00:00Z,-0.7659,1
2009-03-29T22:00:00Z,0.0541,1
2009-03-29T23:00:00Z,0.7741,1
2009-03-30T00:00:00Z,1.3441,1
2009-03-30T01:00:00Z,1.6441,1
2009-03-30T02:00:00Z,1.5341,1
2009-03-30T03:00:00Z,0.9841,1
2009-03-30T04:00:00Z,0.0741,1
2009-03-30T05:00:00Z,-0.9359,1
2009-03-30T06:00:00Z,-1.7359,1
2009-03-30T07:00:00Z,-2.0259,1
2009-03-30T08:00:00Z,-1.8259,1
2009-03-30T10:00:00Z,-0.3159,1
2009-03-30T11:00:00Z,0.4841,1
2009-03-30T12:00:00Z,1.1141,1
2009-03-30T13:00:00Z,1.5341,1
2009-03-30T14:00:00Z,1.5841,1
2009-03-30T15:00:00Z,1.2041,1
2009-03-30T16:00:00Z,0.4141,1
2009-03-30T17:00:00Z,-0.5459,1
2009-03-30T18:00:00Z,-1.4059,1
2009-03-30T19:00:00Z,-1.8559,1
2009-03-30T20:00:00Z,-1.8159,1
2009-03-30T21:00:00Z,-1.3359,1
2009-03-30T22:00:00Z,-0.6159,1
2009-03-30T23:00:00Z,0.1441,1
2009-03-31T00:00:00Z,0.7741,1
2009-03-31T01:00:00Z,1.2541,1
2009-03-31T02:00:00Z,1.4341,1
2009-03-31T03:00:00Z,1.2241,1
2009-03-31T04:00:00Z,0.6341,1
2009-03-31T05:00:00Z,-0.2459,1
2009-03-31T06:00:00Z,-1.1559,1
2009-03-31T07:00:00Z,-1.7759,1
2009-03-31T08:00:00Z,-1.9559,1
2009-03-31T09:00:00Z,-1.6459,1
2009-03-31T10:00:00Z,-0.9859,1
2009-03-31T11:00:00Z,-0.2159,1
2009-03-31T12:00:00Z,0.4941,1
2009-03-31T13:00:00Z,1.0641,1
2009-03-31T14:00:00Z,1.3941,1
2009-03-31T15:00:00Z,1.3741,1
2009-03-31T16:00:00Z,0.9541,1
2009-03-31T17:00:00Z,0.1941,1
2009-03-31T18:00:00Z,-0.6859,1
2009-03-31T19:00:00Z,-1.3859,1
2009-03-31T20:00:00Z,-1.7059,1
2009-03-31T21:00:00Z,-1.5959,1
2009-03-31T22:00:00Z,-1.1059,1
2009-03-31T23:00:00Z,-0.4459,1
2009-04-01T00:00:00Z,0.2041,1
2009-04-01T01:00:00Z,0.7541,1
2009-04-01T02:00:00Z,1.1441,1
2009-04-01T03:00:00Z,1.2541,1
2009-04-01T04:00:00Z,1.0241,1
2009-04-01T05:00:00Z,0.4141,1
2009-04-01T06:00:00Z,-0.3759,1
2009-04-01T07:00:00Z,-1.1759,1
2009-04-01T08:00:00Z,-1.6959,1
2009-04-01T09:00:00Z,-1.8259,1
2009-04-01T10:00:00Z,-1.5159,1
2009-04-01T11:00:00Z,-0.9259,1
2009-04-01T12:00:00Z,-0.2659,1
2009-04-01T13:00:00Z,0.3641,1
2009-04-01T14:00:00Z,0.8641,1
2009-04-01T15:00:00Z,1.1541,1
2009-04-01T16:00:00Z,1.1341,1
2009-04-01T17:00:00Z,0.7441,1
2009-04-01T18:00:00Z,0.0741,1
2009-04-01T19:00:00Z,-0.6659,1
2009-04-01T20:00:00Z,-1.2459,1
2009-04-01T21:00:00Z,-1.5059,1
2009-04-01T22:00:00Z,-1.3859,1
2009-04-01T23:00:00Z,-0.9959,1
2009-04-02T00:00:00Z,-0.4359,1
2009-04-02T01:00:00Z,0.1141,1
2009-04-02T02:00:00Z,0.6141,1
2009-04-02T03:00:00Z,0.9841,1
2009-04-02T04:00:00Z,1.1141,1
2009-04-02T05:00:00Z,0.9141,1
2009-04-02T06:00:00Z,0.3841,1
2009-04-02T07:00:00Z,-0.3059,1
2009-04-02T08:00:00Z,-1.0259,1
2009-04-02T09:00:00Z,-1.4859,1
2009-04-02T10:00:00Z,-1.6259,1
2009-04-02T11:00:00Z,-1.4259,1
2009-04-02T12:00:00Z,-0.9759,1
2009-04-02T13:00:00Z,-0.4159,1
2009-04-02T14:00:00Z,0.1141,1
2009-04-02T15:00:00Z,0.6141,1
2009-04-02T16:00:00Z,0.9241,1
2009-04-02T17:00:00Z,0.9741,1
2009-04-02T18:00:00Z,0.7141,1
2009-04-02T19:00:00Z,0.2041,1
2009-04-02T20:00:00Z,-0.4259,1
2009-04-02T21:00:00Z,-0.9459,1
2009-04-02T22:00:00Z,-1.1959,1
2009-04-02T23:00:00Z,-1.1559,1
2009-04-03T00:00:00Z,-0.8459,1
2009-04-03T01:00:00Z,-0.3859,1
2009-04-03T02:00:00Z,0.0941,1
2009-04-03T03:00:00Z,0.5541,1
2009-04-03T04:00:00Z,0.9341,1
2009-04-03T05:00:00Z,1.1241,1
2009-04-03T06:00:00Z,1.0141,1
2009-04-03T07:00:00Z,0.6241,1
2009-04-03T08:00:00Z,0.0041,1
2009-04-03T09:00:00Z,-0.6659,1
2009-04-03T10:00:00Z,-1.1859,1
2009-04-03T11:00:00Z,-1.4259,1
2009-04-03T12:00:00Z,-1.3559,1
2009-04-03T13:00:00Z,-1.0259,1
2009-04-03T14:00:00Z,-0.5659,1
2009-04-03T15:00:00Z,-0.0759,1
2009-04-03T16:00:00Z,0.4441,1
2009-04-03T17:00:00Z,0.8541,1
2009-04-03T18:00:00Z,1.0441,1
2009-04-03T19:00:00Z,0.9341,1
2009-04-03T20:00:00Z,0.5441,1
2009-04-03T21:00:00Z,-0.0259,1
2009-04-03T22:00:00Z,-0.5259,1
2009-04-03T23:00:00Z,-0.9259,1
2009-04-04T00:00:00Z,-1.0159,1
2009-04-04T01:00:00Z,-0.8959,1
2009-04-04T02:00:00Z,-0.5559,1
2009-04-04T03:00:00Z,-0.1659,1
2009-04-04T04:00:00Z,0.2941,1
2009-04-04T05:00:00Z,0.7041,1
2009-04-04T06:00:00Z,1.0341,1
2009-04-04T07:00:00Z,1.0541,1
2009-04-04T09:00:00Z,0.2641,1
2009-04-04T10:00:00Z,-0.4159,1
2009-04-04T11:00:00Z,-1.0259,1
2009-04-04T12:00:00Z,-1.3959,1
2009-04-04T13:00:00Z,-1.4559,1
2009-04-04T14:00:00Z,-1.2859,1
2009-04-04T15:00:00Z,-0.8559,1
2009-04-04T16:00:00Z,-0.3759,1
2009-04-04T17:00:00Z,0.1741,1
2009-04-04T18:00:00Z,0.6141,1
2009-04-04T19:00:00Z,0.9241,1
2009-04-04T20:00:00Z,0.9341,1
2009-04-04T21:00:00Z,0.6441,1
2009-04-04T22:00:00Z,0.1141,1
2009-04-04T23:00:00Z,-0.4759,1
2009-04-05T00:00:00Z,-0.9959,1
2009-04-05T01:00:00Z,-1.2459,1
2009-04-05T02:00:00Z,-1.2059,1
2009-04-05T03:00:00Z,-0.9059,1
2009-04-05T04:00:00Z,-0.4459,1
2009-04-05T05:00:00Z,0.0741,1
2009-04-05T06:00:00Z,0.5941,1
2009-04-05T07:00:00Z,0.9841,1
2009-04-05T08:00:00Z,1.1441,1
2009-04-05T09:00:00Z,0.9641,1
2009-04-05T10:00:00Z,0.4741,1
2009-04-05T11:00:00Z,-0.2459,1
2009-04-05T12:00:00Z,-0.9659,1
2009-04-05T13:00:00Z,-1.5259,1
2009-04-05T14:00:00Z,-1.7259,1
2009-04-05T15:00:00Z,-1.5459,1
2009-04-05T16:00:00Z,-1.1159,1
2009-04-05T17:00:00Z,-0.5259,1
2009-04-05T18:00:00Z,0.1141,1
2009-04-05T19:00:00Z,0.7041,1
2009-04-05T20:00:00Z,1.0941,1
2009-04-05T21:00:00Z,1.1841,1
2009-04-05T22:00:00Z,0.9141,1
2009-04-05T23:00:00Z,0.3641,1
2009-04-06T00:00:00Z,-0.3659,1
2009-04-06T01:00:00Z,-0.9559,1
2009-04-06T02:00:00Z,-1.3159,1
2009-04-06T03:00:00Z,-1.2759,1
2009-04-06T04:00:00Z,-0.9259,1
2009-04-06T05:00:00Z,-0.3459,1
2009-04-06T06:00:00Z,0.2841,1
2009-04-06T07:00:00Z,0.8841,1
2009-04-06T08:00:00Z,1.3341,1
2009-04-06T09:00:00Z,1.5241,1
2009-04-06T10:00:00Z,1.3441,1
2009-04-06T11:00:00Z,0.7642,1
2009-04-06T12:00:00Z,-0.0758,1
2009-04-06T13:00:00Z,-0.9158,1
2009-04-06T14:00:00Z,-1.5658,1
2009-04-06T15:00:00Z,-1.7858,1
2009-04-06T16:00:00Z,-1.5858,1
2009-04-06T17:00:00Z,-1.0458,1
2009-04-06T18:00:00Z,-0.3458,1
2009-04-06T19:00:00Z,0.3342,1
2009-04-06T20:00:00Z,0.9442,1
2009-04-06T21:00:00Z,1.3742,1
2009-04-06T22:00:00Z,1.4342,1
2009-04-06T23:00:00Z,1.0742,1
2009-04-07T00:00:00Z,0.3942,1
2009-04-07T01:00:00Z,-0.3958,1
2009-04-07T02:00:00Z,-1.0658,1
2009-04-07T03:00:00Z,-1.3658,1
2009-04-07T04:00:00Z,-1.2458,1
2009-04-07T05:00:00Z,-0.7458,1
2009-04-07T06:00:00Z,-0.0658,1
2009-04-07T07:00:00Z,0.6542,1
2009-04-07T08:00:00Z,1.2442,1
2009-04-07T09:00:00Z,1.6642,1
2009-04-07T10:00:00Z,1.7242,1
2009-04-07T11:00:00Z,1.3842,1
2009-04-07T12:00:00Z,0.6342,1
2009-04-07T13:00:00Z,-0.2958,1
2009-04-07T14:00:00Z,-1.2558,1
2009-04-07T15:00:00Z,-1.8458,1
2009-04-07T16:00:00Z,-1.9258,1
2009-04-07T17:00:00Z,-1.5558,1
2009-04-07T18:00:00Z,-0.8058,1
2009-04-07T19:00:00Z,0.0042,1
2009-04-07T20:00:00Z,0.8042,1
2009-04-07T21:00:00Z,1.4042,1
2009-04-07T22:00:00Z,1.7042,1
2009-04-07T23:00:00Z,1.6242,1
2009-04-08T00:00:00Z,1.0442,1
2009-04-08T01:00:00Z,0.1242,1
2009-04-08T02:00:00Z,-0.7558,1
2009-04-08T03:00:00Z,-1.4358,1
2009-04-08T04:00:00Z,-1.6158,1
2009-04-08T05:00:00Z,-1.2758,1
2009-04-08T06:00:00Z,-0.6358,1
2009-04-08T07:00:00Z,0.1842,1
2009-04-08T08:00:00Z,0.8942,1
2009-04-08T09:00:00Z,1.4642,1
2009-04-08T10:00:00Z,1.8442,1
2009-04-08T11:00:00Z,1.7942,1
2009-04-08T12:00:00Z,1.3142,1
2009-04-08T13:00:00Z,0.4342,1
2009-04-08T14:00:00Z,-0.6158,1
2009-04-08T15:00:00Z,-1.5458,1
2009-04-08T16:00:00Z,-2.0258,1
2009-04-08T17:00:00Z,-1.9858,1
2009-04-08T18:00:00Z,-1.4358,1
2009-04-08T19:00:00Z,-0.6058,1
2009-04-08T20:00:00Z,0.2042,1
2009-04-08T21:00:00Z,0.8842,1
2009-04-08T22:00:00Z,1.3742,1
2009-04-08T23:00:00Z,1.5542,1
2009-04-09T00:00:00Z,1.2542,1
2009-04-09T01:00:00Z,0.5742,1
2009-04-09T02:00:00Z,-0.3558,1
2009-04-09T03:00:00Z,-1.2758,1
2009-04-09T04:00:00Z,-1.7758,1
2009-04-09T05:00:00Z,-1.8058,1
2009-04-09T06:00:00Z,-1.3658,1
2009-04-09T07:00:00Z,-0.5658,1
2009-04-09T08:00:00Z,0.3142,1
2009-04-09T09:00:00Z,1.0942,1
2009-04-09T10:00:00Z,1.7042,1
2009-04-09T11:00:00Z,1.9842,1
2009-04-09T12:00:00Z,1.8242,1
2009-04-09T13:00:00Z,1.2142,1
2009-04-09T14:00:00Z,0.1942,1
2009-04-09T15:00:00Z,-0.8358,1
2009-04-09T16:00:00Z,-1.5858,1
2009-04-09T17:00:00Z,-1.8258,1
2009-04-09T18:00:00Z,-1.5158,1
2009-04-09T19:00:00Z,-0.8258,1
2009-04-09T20:00:00Z,0.0542,1
2009-04-09T21:00:00Z,0.8542,1
2009-04-09T22:00:00Z,1.4642,1
2009-04-09T23:00:00Z,1.8442,1
2009-04-10T00:00:00Z,1.7842,1
2009-04-10T01:00:00Z,1.2542,1
2009-04-10T02:00:00Z,0.3442,1
2009-04-10T03:00:00Z,-0.7158,1
2009-04-10T10:00:00Z,1.3042,1
2009-04-10T11:00:00Z,1.8142,1
2009-04-10T12:00:00Z,1.9142,1
2009-04-10T13:00:00Z,1.5742,1
2009-04-10T14:00:00Z,0.7642,1
2009-04-10T15:00:00Z,-0.3058,1
2009-04-10T16:00:00Z,-1.2858,1
2009-04-10T17:00:00Z,-1.8758,1
2009-04-10T18:00:00Z,-1.9358,1
2009-04-10T19:00:00Z,-1.4558,1
2009-04-10T20:00:00Z,-0.6158,1
2009-04-10T21:00:00Z,0.2442,1
2009-04-10T22:00:00Z,0.9942,1
2009-04-10T23:00:00Z,1.5342,1
2009-04-11T00:00:00Z,1.7542,1
2009-04-11T01:00:00Z,1.5542,1
2009-04-11T02:00:00Z,0.9142,1
2009-04-11T03:00:00Z,-0.0558,1
2009-04-11T04:00:00Z,-1.0558,1
2009-04-11T05:00:00Z,-1.7458,1
2009-04-11T06:00:00Z,-1.8958,1
2009-04-11T07:00:00Z,-1.5458,1
2009-04-11T08:00:00Z,-0.8358,1
2009-04-11T09:00:00Z,0.0042,1
2009-04-11T10:00:00Z,0.7542,1
2009-04-11T11:00:00Z,1.3142,1
2009-04-11T12:00:00Z,1.6542,1
2009-04-11T13:00:00Z,1.5942,1
2009-04-11T14:00:00Z,1.1242,1
2009-04-11T15:00:00Z,0.2442,1
2009-04-11T16:00:00Z,-0.7758,1
2009-04-11T17:00:00Z,-1.5958,1
2009-04-11T18:00:00Z,-1.9358,1
2009-04-11T19:00:00Z,-1.7658,1
2009-04-11T20:00:00Z,-1.1558,1
2009-04-11T21:00:00Z,-0.3158,1
2009-04-11T22:00:00Z,0.4842,1
2009-04-11T23:00:00Z,1.1142,1
2009-04-12T00:00:00Z,1.5042,1
2009-04-12T01:00:00Z,1.5542,1
2009-04-12T02:00:00Z,1.1542,1
2009-04-12T03:00:00Z,0.3942,1
2009-04-12T04:00:00Z,-0.5958,1
2009-04-12T05:00:00Z,-1.4758,1
2009-04-12T06:00:00Z,-1.9258,1
2009-04-12T07:00:00Z,-1.8958,1
2009-04-12T08:00:00Z,-1.4058,1
2009-04-12T09:00:00Z,-0.6458,1
2009-04-12T10:00:00Z,0.1642,1
2009-04-12T11:00:00Z,0.8442,1
2009-04-12T12:00:00Z,1.3642,1
2009-04-12T13:00:00Z,1.5742,1
2009-04-12T14:00:00Z,1.3742,1
2009-04-12T15:00:00Z,0.7742,1
2009-04-12T16:00:00Z,-0.1458,1
2009-04-12T17:00:00Z,-1.0558,1
2009-04-12T18:00:00Z,-1.6658,1
2009-04-12T19:00:00Z,-1.8158,1
2009-04-12T20:00:00Z,-1.4858,1
2009-04-12T21:00:00Z,-0.8058,1
2009-04-12T22:00:00Z,-0.0158,1
2009-04-12T23:00:00Z,0.6742,1
2009-04-13T00:00:00Z,1.2142,1
2009-04-13T01:00:00Z,1.5042,1
2009-04-13T02:00:00Z,1.4042,1
2009-04-13T03:00:00Z,0.9342,1
2009-04-13T04:00:00Z,0.1342,1
2009-04-13T05:00:00Z,-0.7658,1
2009-04-13T06:00:00Z,-1.4358,1
2009-04-13T07:00:00Z,-1.7058,1
2009-04-13T08:00:00Z,-1.5458,1
2009-04-13T09:00:00Z,-0.9958,1
2009-04-13T10:00:00Z,-0.2658,1
2009-04-13T11:00:00Z,0.4142,1
2009-04-13T12:00:00Z,0.9842,1
2009-04-13T13:00:00Z,1.3642,1
2009-04-13T14:00:00Z,1.4442,1
2009-04-13T15:00:00Z,1.1242,1
2009-04-13T16:00:00Z,0.4642,1
2009-04-13T17:00:00Z,-0.3658,1
2009-04-13T18:00:00Z,-1.1058,1
2009-04-13T19:00:00Z,-1.4858,1
2009-04-13T20:00:00Z,-1.4458,1
2009-04-13T21:00:00Z,-1.0158,1
2009-04-13T22:00:00Z,-0.3558,1
2009-04-13T23:00:00Z,0.3742,1
2009-04-14T00:00:00Z,0.9642,1
2009-04-14T01:00:00Z,1.3742,1
2009-04-14T02:00:00Z,1.5242,1
2009-04-14T03:00:00Z,1.2542,1
2009-04-14T04:00:00Z,0.6642,1
2009-04-14T05:00:00Z,-0.1558,1
2009-04-14T06:00:00Z,-0.9458,1
2009-04-14T07:00:00Z,-1.4458,1
2009-04-14T08:00:00Z,-1.5658,1
2009-04-14T09:00:00Z,-1.2958,1
2009-04-14T10:00:00Z,-0.7358,1
2009-04-14T11:00:00Z,-0.1058,1
2009-04-14T12:00:00Z,0.4842,1
2009-04-14T13:00:00Z,0.9442,1
2009-04-14T14:00:00Z,1.2242,1
2009-04-14T15:00:00Z,1.2042,1
2009-04-14T16:00:00Z,0.8042,1
2009-04-14T17:00:00Z,0.1542,1
2009-04-14T18:00:00Z,-0.5658,1
2009-04-14T19:00:00Z,-1.1358,1
2009-04-14T20:00:00Z,-1.3558,1
2009-04-14T21:00:00Z,-1.2158,1
2009-04-14T22:00:00Z,-0.7458,1
2009-04-14T23:00:00Z,-0.1358,1
2009-04-15T00:00:00Z,0.4542,1
2009-04-15T01:00:00Z,0.9442,1
2009-04-15T02:00:00Z,1.2642,1
2009-04-15T03:00:00Z,1.3042,1
2009-04-15T04:00:00Z,1.0042,1
2009-04-15T05:00:00Z,0.4242,1
2009-04-15T06:00:00Z,-0.3058,1
2009-04-15T07:00:00Z,-0.9558,1
2009-04-15T08:00:00Z,-1.3258,1
2009-04-15T09:00:00Z,-1.3258,1
2009-04-15T10:00:00Z,-1.0257,1
2009-04-15T11:00:00Z,-0.5057,1
2009-04-15T12:00:00Z,-0.0057,1
2009-04-15T13:00:00Z,0.4643,1
2009-04-15T14:00:00Z,0.8643,1
2009-04-15T15:00:00Z,0.9943,1
2009-04-15T16:00:00Z,0.9343,1
2009-04-15T17:00:00Z,0.5143,1
2009-04-15T18:00:00Z,-0.0457,1
2009-04-15T19:00:00Z,-0.6157,1
2009-04-15T20:00:00Z,-0.9957,1
2009-04-15T21:00:00Z,-1.1057,1
2009-04-15T22:00:00Z,-0.9057,1
2009-04-15T23:00:00Z,-0.4357,1
2009-04-16T00:00:00Z,0.0843,1
2009-04-16T01:00:00Z,0.5143,1
2009-04-16T02:00:00Z,0.9243,1
2009-04-16T03:00:00Z,1.0943,1
2009-04-16T04:00:00Z,1.0743,1
2009-04-16T05:00:00Z,0.7943,1
2009-04-16T06:00:00Z,0.1943,1
2009-04-16T07:00:00Z,-0.4257,1
2009-04-16T08:00:00Z,-0.9157,1
2009-04-16T09:00:00Z,-1.2457,1
2009-04-16T10:00:00Z,-1.1657,1
2009-04-16T11:00:00Z,-0.8757,1
2009-04-16T12:00:00Z,-0.4457,1
2009-04-16T13:00:00Z,-0.0057,1
2009-04-16T14:00:00Z,0.3843,1
2009-04-16T15:00:00Z,0.7243,1
2009-04-16T16:00:00Z,0.8543,1
2009-04-16T17:00:00Z,0.7943,1
2009-04-16T18:00:00Z,0.4443,1
2009-04-16T19:00:00Z,-0.0257,1
2009-04-16T20:00:00Z,-0.4757,1
2009-04-16T21:00:00Z,-0.7857,1
2009-04-16T23:00:00Z,-0.6757,1
2009-04-17T00:00:00Z,-0.3457,1
2009-04-17T01:00:00Z,0.0543,1
2009-04-17T02:00:00Z,0.4443,1
2009-04-17T03:00:00Z,0.7643,1
2009-04-17T04:00:00Z,0.9443,1
2009-04-17T05:00:00Z,0.8743,1
2009-04-17T06:00:00Z,0.6043,1
2009-04-17T07:00:00Z,0.1343,1
2009-04-17T08:00:00Z,-0.4157,1
2009-04-17T09:00:00Z,-0.8557,1
2009-04-17T10:00:00Z,-1.0957,1
2009-04-17T11:00:00Z,-1.0657,1
2009-04-17T12:00:00Z,-0.8257,1
2009-04-17T13:00:00Z,-0.4957,1
2009-04-17T14:00:00Z,-0.1557,1
2009-04-17T15:00:00Z,0.2043,1
2009-04-17T16:00:00Z,0.4943,1
2009-04-17T17:00:00Z,0.6643,1
2009-04-17T18:00:00Z,0.6143,1
2009-04-17T19:00:00Z,0.3443,1
2009-04-17T20:00:00Z,-0.0257,1
2009-04-17T21:00:00Z,-0.4357,1
2009-04-17T22:00:00Z,-0.7157,1
2009-04-17T23:00:00Z,-0.8157,1
2009-04-18T00:00:00Z,-0.6557,1
2009-04-18T01:00:00Z,-0.3857,1
2009-04-18T02:00:00Z,-0.0357,1
2009-04-18T03:00:00Z,0.3043,1
2009-04-18T04:00:00Z,0.5843,1
2009-04-18T05:00:00Z,0.8043,1
2009-04-18T06:00:00Z,0.7743,1
2009-04-18T07:00:00Z,0.5343,1
2009-04-18T08:00:00Z,0.1443,1
2009-04-18T09:00:00Z,-0.3357,1
2009-04-18T10:00:00Z,-0.7657,1
2009-04-18T11:00:00Z,-1.0557,1
2009-04-18T12:00:00Z,-1.0957,1
2009-04-18T13:00:00Z,-0.9557,1
2009-04-18T14:00:00Z,-0.7057,1
2009-04-18T15:00:00Z,-0.3957,1
2009-04-18T16:00:00Z,-0.0257,1
2009-04-18T17:00:00Z,0.2943,1
2009-04-18T18:00:00Z,0.5343,1
2009-04-18T19:00:00Z,0.5543,1
2009-04-18T20:00:00Z,0.3743,1
2009-04-18T21:00:00Z,0.0443,1
2009-04-18T22:00:00Z,-0.3457,1
2009-04-18T23:00:00Z,-0.6757,1
2009-04-19T00:00:00Z,-0.8357,1
2009-04-19T01:00:00Z,-0.7757,1
2009-04-19T02:00:00Z,-0.5557,1
2009-04-19T03:00:00Z,-0.2557,1
2009-04-19T04:00:00Z,0.0843,1
2009-04-19T05:00:00Z,0.4143,1
2009-04-19T06:00:00Z,0.6643,1
2009-04-19T07:00:00Z,0.7143,1
2009-04-19T08:00:00Z,0.5543,1
2009-04-19T09:00:00Z,0.1943,1
2009-04-19T10:00:00Z,-0.2957,1
2009-04-19T11:00:00Z,-0.7757,1
2009-04-19T12:00:00Z,-1.1157,1
2009-04-19T13:00:00Z,-1.2357,1
2009-04-19T14:00:00Z,-1.1557,1
2009-04-19T15:00:00Z,-0.8957,1
2009-04-19T16:00:00Z,-0.5357,1
2009-04-19T17:00:00Z,-0.1357,1
2009-04-19T18:00:00Z,0.2443,1
2009-04-19T19:00:00Z,0.5543,1
2009-04-19T20:00:00Z,0.6243,1
2009-04-19T21:00:00Z,0.4843,1
2009-04-19T22:00:00Z,0.1243,1
2009-04-19T23:00:00Z,-0.3057,1
2009-04-20T00:00:00Z,-0.7157,1
2009-04-20T01:00:00Z,-0.9757,1
2009-04-20T02:00:00Z,-0.9757,1
2009-04-20T03:00:00Z,-0.7657,1
2009-04-20T04:00:00Z,-0.3757,1
2009-04-20T05:00:00Z,0.0443,1
2009-04-20T06:00:00Z,0.4243,1
2009-04-20T07:00:00Z,0.7143,1
2009-04-20T08:00:00Z,0.8343,1
2009-04-20T09:00:00Z,0.6843,1
2009-04-20T10:00:00Z,0.2943,1
2009-04-20T11:00:00Z,-0.2557,1
2009-04-20T12:00:00Z,-0.8157,1
2009-04-20T13:00:00Z,-1.2557,1
2009-04-20T14:00:00Z,-1.4257,1
2009-04-20T15:00:00Z,-1.3557,1
2009-04-20T16:00:00Z,-1.0357,1
2009-04-20T17:00:00Z,-0.5957,1
2009-04-20T18:00:00Z,-0.1257,1
2009-04-20T19:00:00Z,0.3243,1
2009-04-20T20:00:00Z,0.6543,1
2009-04-20T21:00:00Z,0.7443,1
2009-04-20T22:00:00Z,0.5343,1
2009-04-20T23:00:00Z,0.0843,1
2009-04-21T00:00:00Z,-0.4557,1
2009-04-21T01:00:00Z,-0.9457,1
2009-04-21T02:00:00Z,-1.2157,1
2009-04-21T03:00:00Z,-1.1557,1
2009-04-21T04:00:00Z,-0.8257,1
2009-04-21T05:00:00Z,-0.3557,1
2009-04-21T06:00:00Z,0.1843,1
2009-04-21T07:00:00Z,0.6343,1
2009-04-21T08:00:00Z,0.9443,1
2009-04-21T10:00:00Z,0.8243,1
2009-04-21T11:00:00Z,0.3043,1
2009-04-21T12:00:00Z,-0.3457,1
2009-04-21T13:00:00Z,-1.0357,1
2009-04-21T14:00:00Z,-1.4257,1
2009-04-21T15:00:00Z,-1.5457,1
2009-04-21T16:00:00Z,-1.3657,1
2009-04-21T17:00:00Z,-0.9457,1
2009-04-21T18:00:00Z,-0.3757,1
2009-04-21T19:00:00Z,0.1443,1
2009-04-21T20:00:00Z,0.6343,1
2009-04-21T21:00:00Z,0.9143,1
2009-04-21T22:00:00Z,0.8843,1
2009-04-21T23:00:00Z,0.4843,1
2009-04-22T00:00:00Z,-0.1457,1
2009-04-22T01:00:00Z,-0.8057,1
2009-04-22T02:00:00Z,-1.3557,1
2009-04-22T03:00:00Z,-1.5357,1
2009-04-22T04:00:00Z,-1.3757,1
2009-04-22T05:00:00Z,-0.9057,1
2009-04-22T06:00:00Z,-0.2957,1
2009-04-22T07:00:00Z,0.3043,1
2009-04-22T08:00:00Z,0.8243,1
2009-04-22T09:00:00Z,1.1143,1
2009-04-22T10:00:00Z,1.0843,1
2009-04-22T11:00:00Z,0.7443,1
2009-04-22T12:00:00Z,0.0643,1
2009-04-22T13:00:00Z,-0.7057,1
2009-04-22T14:00:00Z,-1.4057,1
2009-04-22T15:00:00Z,-1.7557,1
2009-04-22T16:00:00Z,-1.7257,1
2009-04-22T17:00:00Z,-1.3157,1
2009-04-22T18:00:00Z,-0.7057,1
2009-04-22T19:00:00Z,-0.0257,1
2009-04-22T20:00:00Z,0.5943,1
2009-04-22T21:00:00Z,1.0643,1
2009-04-22T22:00:00Z,1.2343,1
2009-04-22T23:00:00Z,1.0343,1
2009-04-23T00:00:00Z,0.4843,1
2009-04-23T01:00:00Z,-0.3057,1
2009-04-23T02:00:00Z,-1.0657,1
2009-04-23T03:00:00Z,-1.5257,1
2009-04-23T04:00:00Z,-1.5457,1
2009-04-23T05:00:00Z,-1.1857,1
2009-04-23T06:00:00Z,-0.5357,1
2009-04-23T07:00:00Z,0.1843,1
2009-04-23T08:00:00Z,0.8343,1
2009-04-23T09:00:00Z,1.2743,1
2009-04-23T10:00:00Z,1.4543,1
2009-04-23T11:00:00Z,1.2443,1
2009-04-23T12:00:00Z,0.6843,1
2009-04-23T13:00:00Z,-0.1857,1
2009-04-23T14:00:00Z,-1.0857,1
2009-04-23T15:00:00Z,-1.7357,1
2009-04-23T16:00:00Z,-1.9357,1
2009-04-23T17:00:00Z,-1.6957,1
2009-04-23T18:00:00Z,-1.1057,1
2009-04-23T19:00:00Z,-0.3657,1
2009-04-23T20:00:00Z,0.3543,1
2009-04-23T21:00:00Z,0.9343,1
2009-04-23T22:00:00Z,1.3443,1
2009-04-23T23:00:00Z,1.3343,1
2009-04-24T00:00:00Z,0.9243,1
2009-04-24T01:00:00Z,0.1343,1
2009-04-24T02:00:00Z,-0.7457,1
2009-04-24T03:00:00Z,-1.4757,1
2009-04-24T04:00:00Z,-1.7757,1
2009-04-24T05:00:00Z,-1.6357,1
2009-04-24T06:00:00Z,-1.0257,1
2009-04-24T07:00:00Z,-0.2357,1
2009-04-24T08:00:00Z,0.5244,1
2009-04-24T09:00:00Z,1.1644,1
2009-04-24T10:00:00Z,1.5744,1
2009-04-26T13:00:00Z,1.4344,1
2009-04-26T14:00:00Z,0.7444,1
2009-04-26T15:00:00Z,-0.2656,1
2009-04-26T16:00:00Z,-1.2656,1
2009-04-26T17:00:00Z,-1.8856,1
2009-04-26T18:00:00Z,-1.9656,1
2009-04-26T19:00:00Z,-1.5356,1
2009-04-26T20:00:00Z,-0.7756,1
2009-04-26T21:00:00Z,0.1044,1
2009-04-26T22:00:00Z,0.8844,1
2009-04-26T23:00:00Z,1.4844,1
2009-04-27T00:00:00Z,1.8344,1
2009-04-27T01:00:00Z,1.7344,1
2009-04-27T02:00:00Z,1.1844,1
2009-04-27T03:00:00Z,0.2744,1
2009-04-27T04:00:00Z,-0.7356,1
2009-04-27T05:00:00Z,-1.5556,1
2009-04-27T06:00:00Z,-1.8856,1
2009-04-27T07:00:00Z,-1.6956,1
2009-04-27T08:00:00Z,-1.0256,1
2009-04-27T09:00:00Z,-0.1556,1
2009-04-27T10:00:00Z,0.6844,1
2009-04-27T11:00:00Z,1.3244,1
2009-04-27T12:00:00Z,1.7544,1
2009-04-27T13:00:00Z,1.7944,1
2009-04-27T14:00:00Z,1.3944,1
2009-04-27T15:00:00Z,0.5644,1
2009-04-27T16:00:00Z,-0.4656,1
2009-04-27T17:00:00Z,-1.4056,1
2009-04-27T18:00:00Z,-1.8756,1
2009-04-27T19:00:00Z,-1.8256,1
2009-04-27T20:00:00Z,-1.3056,1
2009-04-27T21:00:00Z,-0.5156,1
2009-04-27T22:00:00Z,0.3044,1
2009-04-27T23:00:00Z,1.0044,1
2009-04-28T00:00:00Z,1.5244,1
2009-04-28T01:00:00Z,1.7244,1
2009-04-28T02:00:00Z,1.4844,1
2009-04-28T03:00:00Z,0.8144,1
2009-04-28T04:00:00Z,-0.1756,1
2009-04-28T05:00:00Z,-1.1856,1
2009-04-28T06:00:00Z,-1.8956,1
2009-04-28T07:00:00Z,-2.1056,1
2009-04-28T08:00:00Z,-1.7956,1
2009-04-28T09:00:00Z,-1.1056,1
2009-04-28T10:00:00Z,-0.2656,1
2009-04-28T11:00:00Z,0.5144,1
2009-04-28T13:00:00Z,1.5044,1
2009-04-28T14:00:00Z,1.5044,1
2009-04-28T15:00:00Z,1.0344,1
2009-04-28T16:00:00Z,0.2044,1
2009-04-28T17:00:00Z,-0.7356,1
2009-04-28T18:00:00Z,-1.5456,1
2009-04-28T19:00:00Z,-1.8456,1
2009-04-28T20:00:00Z,-1.6756,1
2009-04-28T21:00:00Z,-1.1056,1
2009-04-28T22:00:00Z,-0.3656,1
2009-04-28T23:00:00Z,0.4044,1
2009-04-29T00:00:00Z,1.0444,1
2009-04-29T01:00:00Z,1.4744,1
2009-04-29T02:00:00Z,1.5944,1
2009-04-29T03:00:00Z,1.3144,1
2009-04-29T04:00:00Z,0.6344,1
2009-04-29T05:00:00Z,-0.3256,1
2009-04-29T06:00:00Z,-1.2356,1
2009-04-29T07:00:00Z,-1.8256,1
2009-04-29T08:00:00Z,-1.9456,1
2009-04-29T09:00:00Z,-1.5756,1
2009-04-29T10:00:00Z,-0.9056,1
2009-04-29T11:00:00Z,-0.1256,1
2009-04-29T12:00:00Z,0.5744,1
2009-04-29T13:00:00Z,1.1444,1
2009-04-29T14:00:00Z,1.4544,1
2009-04-29T15:00:00Z,1.3944,1
2009-04-29T16:00:00Z,0.9444,1
2009-04-29T17:00:00Z,0.1444,1
2009-04-29T18:00:00Z,-0.7156,1
2009-04-29T19:00:00Z,-1.3256,1
2009-04-29T20:00:00Z,-1.5656,1
2009-04-29T21:00:00Z,-1.3756,1
2009-04-29T23:00:00Z,-0.1556,1
2009-04-30T00:00:00Z,0.5344,1
2009-04-30T01:00:00Z,1.1244,1
2009-04-30T02:00:00Z,1.5244,1
2009-04-30T03:00:00Z,1.6244,1
2009-04-30T04:00:00Z,1.2844,1
2009-04-30T05:00:00Z,0.6244,1
2009-04-30T06:00:00Z,-0.2556,1
2009-04-30T07:00:00Z,-1.1056,1
2009-04-30T08:00:00Z,-1.6456,1
2009-04-30T09:00:00Z,-1.7456,1
2009-04-30T10:00:00Z,-1.4256,1
2009-04-30T11:00:00Z,-0.8556,1
2009-04-30T12:00:00Z,-0.1856,1
2009-04-30T13:00:00Z,0.4344,1
2009-04-30T14:00:00Z,0.9644,1
2009-04-30T15:00:00Z,1.2644,1
2009-04-30T16:00:00Z,1.2144,1
2009-04-30T17:00:00Z,0.7844,1
2009-04-30T18:00:00Z,0.0844,1
2009-04-30T19:00:00Z,-0.6656,1
2009-04-30T20:00:00Z,-1.2456,1
2009-04-30T21:00:00Z,-1.4656,1
2009-04-30T22:00:00Z,-1.3356,1
2009-04-30T23:00:00Z,-0.8956,1
2009-05-01T00:00:00Z,-0.3056,1
2009-05-01T01:00:00Z,0.2644,1
2009-05-01T02:00:00Z,0.8144,1
2009-05-01T03:00:00Z,1.1944,1
2009-05-01T04:00:00Z,1.3144,1
2009-05-01T05:00:00Z,1.0644,1
2009-05-01T06:00:00Z,0.4744,1
2009-05-01T07:00:00Z,-0.3156,1
2009-05-01T08:00:00Z,-1.0556,1
2009-05-01T09:00:00Z,-1.5156,1
2009-05-01T10:00:00Z,-1.6556,1
2009-05-01T11:00:00Z,-1.3956,1
2009-05-01T12:00:00Z,-0.9056,1
2009-05-01T13:00:00Z,-0.2956,1
2009-05-01T14:00:00Z,0.2944,1
2009-05-01T15:00:00Z,0.8044,1
2009-05-01T16:00:00Z,1.1244,1
2009-05-01T17:00:00Z,1.1744,1
2009-05-01T18:00:00Z,0.8644,1
2009-05-01T19:00:00Z,0.2544,1
2009-05-01T20:00:00Z,-0.4356,1
2009-05-01T21:00:00Z,-0.9956,1
2009-05-01T22:00:00Z,-1.3056,1
2009-05-01T23:00:00Z,-1.2256,1
2009-05-02T00:00:00Z,-0.9056,1
2009-05-02T01:00:00Z,-0.4056,1
2009-05-02T02:00:00Z,0.1244,1
2009-05-02T03:00:00Z,0.5944,1
2009-05-02T04:00:00Z,0.9644,1
2009-05-02T05:00:00Z,1.1344,1
2009-05-02T06:00:00Z,0.9844,1
2009-05-02T07:00:00Z,0.4944,1
2009-05-02T08:00:00Z,-0.2056,1
2009-05-02T09:00:00Z,-0.9456,1
2009-05-02T10:00:00Z,-1.5156,1
2009-05-02T11:00:00Z,-1.7456,1
2009-05-02T12:00:00Z,-1.6356,1
2009-05-02T13:00:00Z,-1.2656,1
2009-05-02T14:00:00Z,-0.7656,1
2009-05-02T16:00:00Z,0.3244,1
2009-05-02T17:00:00Z,0.7244,1
2009-05-02T18:00:00Z,0.8944,1
2009-05-02T19:00:00Z,0.7544,1
2009-05-02T20:00:00Z,0.2944,1
2009-05-02T21:00:00Z,-0.2756,1
2009-05-02T22:00:00Z,-0.8456,1
2009-05-02T23:00:00Z,-1.1556,1
2009-05-03T00:00:00Z,-1.1856,1
2009-05-03T01:00:00Z,-0.9456,1
2009-05-03T02:00:00Z,-0.4856,1
2009-05-03T03:00:00Z,0.0244,1
2009-05-03T04:00:00Z,0.5044,1
2009-05-03T05:00:00Z,0.9044,1
2009-05-03T06:00:00Z,1.1545,1
2009-05-03T07:00:00Z,1.0845,1
2009-05-03T08:00:00Z,0.6445,1
2009-05-03T09:00:00Z,-0.0255,1
2009-05-03T10:00:00Z,-0.7955,1
2009-05-03T11:00:00Z,-1.4355,1
2009-05-03T12:00:00Z,-1.8055,1
2009-05-03T13:00:00Z,-1.8055,1
2009-05-03T14:00:00Z,-1.5355,1
2009-05-03T15:00:00Z,-1.0455,1
2009-05-03T16:00:00Z,-0.4155,1
2009-05-03T17:00:00Z,0.1445,1
2009-05-03T18:00:00Z,0.6345,1
2009-05-03T19:00:00Z,0.8945,1
2009-05-03T20:00:00Z,0.8445,1
2009-05-03T21:00:00Z,0.4445,1
2009-05-03T22:00:00Z,-0.1755,1
2009-05-03T23:00:00Z,-0.7755,1
2009-05-04T00:00:00Z,-1.2355,1
2009-05-04T01:00:00Z,-1.3655,1
2009-05-04T02:00:00Z,-1.1655,1
2009-05-04T03:00:00Z,-0.7755,1
2009-05-04T04:00:00Z,-0.2155,1
2009-05-04T05:00:00Z,0.3145,1
2009-05-04T06:00:00Z,0.7845,1
2009-05-04T07:00:00Z,1.0845,1
2009-05-04T08:00:00Z,1.1045,1
2009-05-04T09:00:00Z,0.7945,1
2009-05-04T10:00:00Z,0.1945,1
2009-05-04T11:00:00Z,-0.5455,1
2009-05-04T12:00:00Z,-1.2155,1
2009-05-04T13:00:00Z,-1.6455,1
2009-05-04T14:00:00Z,-1.6855,1
2009-05-04T15:00:00Z,-1.3855,1
2009-05-04T16:00:00Z,-0.8455,1
2009-05-04T17:00:00Z,-0.2155,1
2009-05-04T18:00:00Z,0.4145,1
2009-05-04T19:00:00Z,0.9045,1
2009-05-04T20:00:00Z,1.1345,1
2009-05-04T21:00:00Z,1.0145,1
2009-05-04T22:00:00Z,0.5645,1
2009-05-04T23:00:00Z,-0.1255,1
2009-05-05T00:00:00Z,-0.8155,1
2009-05-05T01:00:00Z,-1.2955,1
2009-05-05T02:00:00Z,-1.4855,1
2009-05-05T03:00:00Z,-1.2955,1
2009-05-05T04:00:00Z,-0.8555,1
2009-05-05T05:00:00Z,-0.2455,1
2009-05-05T06:00:00Z,0.3645,1
2009-05-05T07:00:00Z,0.8545,1
2009-05-05T09:00:00Z,1.2145,1
2009-05-05T10:00:00Z,0.8545,1
2009-05-05T11:00:00Z,0.1645,1
2009-05-05T12:00:00Z,-0.6655,1
2009-05-05T13:00:00Z,-1.4055,1
2009-05-05T14:00:00Z,-1.8255,1
2009-05-05T15:00:00Z,-1.8155,1
2009-05-05T16:00:00Z,-1.4355,1
2009-05-05T17:00:00Z,-0.8155,1
2009-05-05T18:00:00Z,-0.0555,1
2009-05-05T19:00:00Z,0.6045,1
2009-05-05T20:00:00Z,1.1045,1
2009-05-05T21:00:00Z,1.3045,1
2009-05-05T22:00:00Z,1.1845,1
2009-05-05T23:00:00Z,0.6745,1
2009-05-06T00:00:00Z,-0.0855,1
2009-05-06T01:00:00Z,-0.8355,1
2009-05-06T02:00:00Z,-1.3655,1
2009-05-06T03:00:00Z,-1.5155,1
2009-05-06T04:00:00Z,-1.2555,1
2009-05-06T05:00:00Z,-0.7555,1
2009-05-06T06:00:00Z,-0.1055,1
2009-05-06T07:00:00Z,0.5045,1
2009-05-06T08:00:00Z,1.0345,1
2009-05-06T09:00:00Z,1.3545,1
2009-05-06T10:00:00Z,1.2845,1
2009-05-06T11:00:00Z,0.8245,1
2009-05-06T12:00:00Z,0.0645,1
2009-05-06T13:00:00Z,-0.8355,1
2009-05-06T14:00:00Z,-1.5255,1
2009-05-06T15:00:00Z,-1.8655,1
2009-05-06T16:00:00Z,-1.7055,1
2009-05-06T17:00:00Z,-1.1855,1
2009-05-06T18:00:00Z,-0.4655,1
2009-05-06T19:00:00Z,0.2745,1
2009-05-06T20:00:00Z,0.9245,1
2009-05-06T21:00:00Z,1.3945,1
2009-05-06T22:00:00Z,1.5145,1
2009-05-06T23:00:00Z,1.2645,1
2009-05-07T00:00:00Z,0.6445,1
2009-05-07T01:00:00Z,-0.1455,1
2009-05-07T02:00:00Z,-0.9655,1
2009-05-07T03:00:00Z,-1.4255,1
2009-05-07T04:00:00Z,-1.4755,1
2009-05-07T05:00:00Z,-1.0755,1
2009-05-07T06:00:00Z,-0.4355,1
2009-05-07T07:00:00Z,0.2945,1
2009-05-07T08:00:00Z,0.9145,1
2009-05-07T09:00:00Z,1.3745,1
2009-05-07T10:00:00Z,1.5945,1
2009-05-07T11:00:00Z,1.4045,1
2009-05-07T12:00:00Z,0.8545,1
2009-05-07T13:00:00Z,-0.0155,1
2009-05-07T14:00:00Z,-0.9355,1
2009-05-07T15:00:00Z,-1.6155,1
2009-05-07T16:00:00Z,-1.8755,1
2009-05-07T17:00:00Z,-1.6255,1
2009-05-07T18:00:00Z,-0.9655,1
2009-05-07T19:00:00Z,-0.1255,1
2009-05-07T20:00:00Z,0.6345,1
2009-05-07T21:00:00Z,1.2645,1
2009-05-07T22:00:00Z,1.6245,1
2009-05-07T23:00:00Z,1.5745,1
2009-05-08T00:00:00Z,1.1745,1
2009-05-08T01:00:00Z,0.4345,1
2009-05-08T02:00:00Z,-0.5055,1
2009-05-08T03:00:00Z,-1.1955,1
2009-05-08T04:00:00Z,-1.4755,1
2009-05-08T05:00:00Z,-1.3455,1
2009-05-08T06:00:00Z,-0.8455,1
2009-05-08T07:00:00Z,-0.1555,1
2009-05-08T08:00:00Z,0.5945,1
2009-05-08T09:00:00Z,1.2445,1
2009-05-08T10:00:00Z,1.6845,1
2009-05-08T11:00:00Z,1.7745,1
2009-05-08T12:00:00Z,1.4745,1
2009-05-08T13:00:00Z,0.7645,1
2009-05-08T14:00:00Z,-0.2255,1
2009-05-08T15:00:00Z,-1.1755,1
2009-05-08T16:00:00Z,-1.8055,1
2009-05-08T17:00:00Z,-1.8055,1
2009-05-08T18:00:00Z,-1.4455,1
2009-05-08T19:00:00Z,-0.7155,1
2009-05-08T20:00:00Z,0.0445,1
2009-05-08T21:00:00Z,0.7045,1
2009-05-08T22:00:00Z,1.2145,1
2009-05-08T23:00:00Z,1.4845,1
2009-05-09T00:00:00Z,1.2945,1
2009-05-09T01:00:00Z,0.7445,1
2009-05-09T02:00:00Z,-0.0755,1
2009-05-09T03:00:00Z,-0.9455,1
2009-05-09T04:00:00Z,-1.5555,1
2009-05-09T05:00:00Z,-1.7355,1
2009-05-09T06:00:00Z,-1.4555,1
2009-05-09T07:00:00Z,-0.8455,1
2009-05-09T08:00:00Z,-0.0655,1
2009-05-09T09:00:00Z,0.6345,1
2009-05-09T10:00:00Z,1.1945,1
2009-05-09T11:00:00Z,1.5345,1
2009-05-09T12:00:00Z,1.5145,1
2009-05-09T13:00:00Z,1.0745,1
2009-05-09T14:00:00Z,0.2945,1
2009-05-09T15:00:00Z,-0.6255,1
2009-05-09T16:00:00Z,-1.3855,1
2009-05-09T17:00:00Z,-1.7755,1
2009-05-09T18:00:00Z,-1.6155,1
2009-05-09T19:00:00Z,-1.0355,1
2009-05-09T20:00:00Z,-0.2755,1
2009-05-09T21:00:00Z,0.4645,1
2009-05-09T22:00:00Z,1.0845,1
2009-05-09T23:00:00Z,1.4845,1
2009-05-10T00:00:00Z,1.5545,1
2009-05-10T01:00:00Z,1.1945,1
2009-05-10T02:00:00Z,0.4645,1
2009-05-10T03:00:00Z,-0.4555,1
2009-05-10T04:00:00Z,-1.3155,1
2009-05-10T05:00:00Z,-1.7755,1
2009-05-10T06:00:00Z,-1.8055,1
2009-05-10T07:00:00Z,-1.3955,1
2009-05-10T08:00:00Z,-0.7255,1
2009-05-10T09:00:00Z,0.0345,1
2009-05-10T10:00:00Z,0.6745,1
2009-05-10T11:00:00Z,1.1845,1
2009-05-10T12:00:00Z,1.4045,1
2009-05-10T13:00:00Z,1.2345,1
2009-05-10T14:00:00Z,0.6745,1
2009-05-10T15:00:00Z,-0.2055,1
2009-05-10T16:00:00Z,-1.0955,1
2009-05-10T17:00:00Z,-1.7055,1
2009-05-10T18:00:00Z,-1.8555,1
2009-05-10T19:00:00Z,-1.5055,1
2009-05-10T20:00:00Z,-0.8555,1
2009-05-10T21:00:00Z,-0.1055,1
2009-05-10T22:00:00Z,0.5945,1
2009-05-10T23:00:00Z,1.1345,1
2009-05-11T00:00:00Z,1.4245,1
2009-05-11T01:00:00Z,1.3445,1
2009-05-11T02:00:00Z,0.8645,1
2009-05-11T03:00:00Z,0.0745,1
2009-05-11T04:00:00Z,-0.8255,1
2009-05-11T05:00:00Z,-1.5455,1
2009-05-11T06:00:00Z,-1.8455,1
2009-05-11T07:00:00Z,-1.6855,1
2009-05-11T08:00:00Z,-1.1655,1
2009-05-11T09:00:00Z,-0.4755,1
2009-05-11T10:00:00Z,0.2245,1
2009-05-11T11:00:00Z,0.7845,1
2009-05-11T12:00:00Z,1.2345,1
2009-05-11T13:00:00Z,1.2645,1
2009-05-11T14:00:00Z,0.9745,1
2009-05-11T15:00:00Z,0.3045,1
2009-05-11T16:00:00Z,-0.5355,1
2009-05-11T17:00:00Z,-1.3255,1
2009-05-11T18:00:00Z,-1.6955,1
2009-05-11T19:00:00Z,-1.6555,1
2009-05-11T20:00:00Z,-1.2055,1
2009-05-11T21:00:00Z,-0.4755,1
2009-05-11T22:00:00Z,0.2545,1
2009-05-11T23:00:00Z,0.8745,1
2009-05-12T00:00:00Z,1.3245,1
2009-05-12T01:00:00Z,1.4745,1
2009-05-12T02:00:00Z,1.2145,1
2009-05-12T03:00:00Z,0.6145,1
2009-05-12T04:00:00Z,-0.2154,1
2009-05-12T05:00:00Z,-1.0354,1
2009-05-12T06:00:00Z,-1.6254,1
2009-05-12T07:00:00Z,-1.7454,1
2009-05-12T08:00:00Z,-1.4354,1
2009-05-12T09:00:00Z,-0.9054,1
2009-05-12T10:00:00Z,-0.2354,1
2009-05-12T11:00:00Z,0.3546,1
2009-05-12T12:00:00Z,0.8846,1
2009-05-12T13:00:00Z,1.1546,1
2009-05-12T14:00:00Z,1.1046,1
2009-05-12T15:00:00Z,0.7346,1
2009-05-12T16:00:00Z,0.0346,1
2009-05-12T17:00:00Z,-0.7354,1
2009-05-12T18:00:00Z,-1.3454,1
2009-05-12T19:00:00Z,-1.5554,1
2009-05-12T20:00:00Z,-1.3654,1
2009-05-12T21:00:00Z,-0.8254,1
2009-05-12T22:00:00Z,-0.1254,1
2009-05-12T23:00:00Z,0.5346,1
2009-05-13T00:00:00Z,1.0546,1
2009-05-13T01:00:00Z,1.3646,1
2009-05-13T02:00:00Z,1.3446,1
2009-05-13T03:00:00Z,1.0346,1
2009-05-13T04:00:00Z,0.4046,1
2009-05-13T05:00:00Z,-0.4054,1
2009-05-13T06:00:00Z,-1.1154,1
2009-05-13T07:00:00Z,-1.5554,1
2009-05-13T08:00:00Z,-1.5254,1
2009-05-13T09:00:00Z,-1.1754,1
2009-05-13T10:00:00Z,-0.6154,1
2009-05-13T11:00:00Z,0.0046,1
2009-05-13T12:00:00Z,0.5546,1
2009-05-13T13:00:00Z,0.9446,1
2009-05-13T14:00:00Z,1.1346,1
2009-05-13T15:00:00Z,0.9746,1
2009-05-13T16:00:00Z,0.5446,1
2009-05-13T18:00:00Z,-0.7954,1
2009-05-13T19:00:00Z,-1.2254,1
2009-05-13T20:00:00Z,-1.2954,1
2009-05-13T21:00:00Z,-1.0054,1
2009-05-13T22:00:00Z,-0.4354,1
2009-05-13T23:00:00Z,0.1846,1
2009-05-14T00:00:00Z,0.7546,1
2009-05-14T01:00:00Z,1.2046,1
2009-05-14T02:00:00Z,1.4146,1
2009-05-14T03:00:00Z,1.3046,1
2009-05-14T04:00:00Z,0.8646,1
2009-05-14T05:00:00Z,0.1646,1
2009-05-14T06:00:00Z,-0.5954,1
2009-05-14T07:00:00Z,-1.1854,1
2009-05-14T08:00:00Z,-1.4454,1
2009-05-14T09:00:00Z,-1.3454,1
2009-05-14T10:00:00Z,-0.9454,1
2009-05-14T11:00:00Z,-0.4054,1
2009-05-14T12:00:00Z,0.1146,1
2009-05-14T13:00:00Z,0.6046,1
2009-05-14T14:00:00Z,0.9546,1
2009-05-14T15:00:00Z,1.0446,1
2009-05-14T16:00:00Z,0.8546,1
2009-05-14T17:00:00Z,0.3446,1
2009-05-14T18:00:00Z,-0.2854,1
2009-05-14T19:00:00Z,-0.8454,1
2009-05-14T20:00:00Z,-1.1354,1
2009-05-14T21:00:00Z,-1.1154,1
2009-05-14T22:00:00Z,-0.7454,1
2009-05-14T23:00:00Z,-0.2154,1
2009-05-15T00:00:00Z,0.3346,1
2009-05-15T01:00:00Z,0.8246,1
2009-05-15T02:00:00Z,1.1346,1
2009-05-15T03:00:00Z,1.2546,1
2009-05-15T04:00:00Z,1.0846,1
2009-05-15T05:00:00Z,0.6046,1
2009-05-15T06:00:00Z,-0.0554,1
2009-05-15T07:00:00Z,-0.7354,1
2009-05-15T08:00:00Z,-1.2154,1
2009-05-15T09:00:00Z,-1.4054,1
2009-05-15T10:00:00Z,-1.2354,1
2009-05-15T11:00:00Z,-0.8354,1
2009-05-15T12:00:00Z,-0.3654,1
2009-05-15T13:00:00Z,0.1146,1
2009-05-15T14:00:00Z,0.5246,1
2009-05-15T15:00:00Z,0.8246,1
2009-05-15T16:00:00Z,0.8546,1
2009-05-15T17:00:00Z,0.6246,1
2009-05-15T18:00:00Z,0.1546,1
2009-05-15T19:00:00Z,-0.3754,1
2009-05-15T20:00:00Z,-0.7854,1
2009-05-15T21:00:00Z,-0.9854,1
2009-05-15T22:00:00Z,-0.8854,1
2009-05-15T23:00:00Z,-0.5854,1
2009-05-16T00:00:00Z,-0.1254,1
2009-05-16T01:00:00Z,0.4046,1
2009-05-16T02:00:00Z,0.8346,1
2009-05-16T03:00:00Z,1.1846,1
2009-05-16T04:00:00Z,1.2846,1
2009-05-16T05:00:00Z,1.0846,1
2009-05-16T06:00:00Z,0.6146,1
2009-05-16T07:00:00Z,0.0346,1
2009-05-16T08:00:00Z,-0.5154,1
2009-05-16T09:00:00Z,-0.8954,1
2009-05-16T10:00:00Z,-1.0054,1
2009-05-16T11:00:00Z,-0.8554,1
2009-05-16T12:00:00Z,-0.5054,1
2009-05-16T13:00:00Z,-0.0954,1
2009-05-16T14:00:00Z,0.3146,1
2009-05-16T15:00:00Z,0.6846,1
2009-05-16T16:00:00Z,0.8846,1
2009-05-16T17:00:00Z,0.8746,1
2009-05-16T18:00:00Z,0.5646,1
2009-05-16T19:00:00Z,0.1646,1
2009-05-16T20:00:00Z,-0.3154,1
2009-05-16T21:00:00Z,-0.6454,1
2009-05-16T22:00:00Z,-0.8554,1
2009-05-16T23:00:00Z,-0.7554,1
2009-05-17T00:00:00Z,-0.4454,1
2009-05-17T01:00:00Z,-0.0054,1
2009-05-17T02:00:00Z,0.4446,1
2009-05-17T03:00:00Z,0.8646,1
2009-05-17T04:00:00Z,1.1246,1
2009-05-17T05:00:00Z,1.1846,1
2009-05-17T06:00:00Z,0.9946,1
2009-05-17T07:00:00Z,0.5146,1
2009-05-17T08:00:00Z,-0.0854,1
2009-05-17T09:00:00Z,-0.6354,1
2009-05-17T10:00:00Z,-0.9554,1
2009-05-17T11:00:00Z,-1.0654,1
2009-05-17T12:00:00Z,-0.9354,1
2009-05-17T13:00:00Z,-0.6254,1
2009-05-17T14:00:00Z,-0.2454,1
2009-05-17T15:00:00Z,0.1746,1
2009-05-17T16:00:00Z,0.5946,1
2009-05-17T17:00:00Z,0.8646,1
2009-05-17T18:00:00Z,0.9246,1
2009-05-17T19:00:00Z,0.7046,1
2009-05-17T20:00:00Z,0.2846,1
2009-05-17T21:00:00Z,-0.1254,1
2009-05-17T22:00:00Z,-0.4754,1
2009-05-17T23:00:00Z,-0.6554,1
2009-05-18T00:00:00Z,-0.5654,1
2009-05-18T01:00:00Z,-0.2854,1
2009-05-18T02:00:00Z,0.1146,1
2009-05-18T03:00:00Z,0.5046,1
2009-05-18T04:00:00Z,0.8846,1
2009-05-18T05:00:00Z,1.1346,1
2009-05-18T06:00:00Z,1.1746,1
2009-05-18T07:00:00Z,0.9546,1
2009-05-18T08:00:00Z,0.4746,1
2009-05-18T09:00:00Z,-0.1154,1
2009-05-18T10:00:00Z,-0.6554,1
2009-05-18T11:00:00Z,-1.0154,1
2009-05-18T12:00:00Z,-1.1154,1
2009-05-18T13:00:00Z,-0.9854,1
2009-05-18T14:00:00Z,-0.7154,1
2009-05-18T15:00:00Z,-0.3454,1
2009-05-18T16:00:00Z,0.1146,1
2009-05-18T17:00:00Z,0.5246,1
2009-05-18T18:00:00Z,0.8146,1
2009-05-18T19:00:00Z,0.8846,1
2009-05-18T20:00:00Z,0.6946,1
2009-05-18T21:00:00Z,0.2946,1
2009-05-18T22:00:00Z,-0.1954,1
2009-05-18T23:00:00Z,-0.6054,1
2009-05-19T00:00:00Z,-0.8354,1
2009-05-19T01:00:00Z,-0.8054,1
2009-05-19T02:00:00Z,-0.5654,1
2009-05-19T03:00:00Z,-0.1754,1
2009-05-19T04:00:00Z,0.2546,1
2009-05-19T05:00:00Z,0.6746,1
2009-05-19T06:00:00Z,0.9546,1
2009-05-19T07:00:00Z,1.0346,1
2009-05-19T08:00:00Z,0.8446,1
2009-05-19T09:00:00Z,0.3946,1
2009-05-19T10:00:00Z,-0.1954,1
2009-05-19T11:00:00Z,-0.7454,1
2009-05-19T12:00:00Z,-1.1454,1
2009-05-19T14:00:00Z,-1.1454,1
2009-05-19T15:00:00Z,-0.8354,1
2009-05-19T16:00:00Z,-0.3854,1
2009-05-19T17:00:00Z,0.1046,1
2009-05-19T18:00:00Z,0.5446,1
2009-05-19T19:00:00Z,0.8946,1
2009-05-19T20:00:00Z,0.9746,1
2009-05-19T21:00:00Z,0.7546,1
2009-05-19T22:00:00Z,0.2846,1
2009-05-19T23:00:00Z,-0.2654,1
2009-05-20T00:00:00Z,-0.7454,1
2009-05-20T01:00:00Z,-1.0254,1
2009-05-20T02:00:00Z,-0.9754,1
2009-05-20T03:00:00Z,-0.6654,1
2009-05-20T04:00:00Z,-0.2154,1
2009-05-20T05:00:00Z,0.2846,1
2009-05-20T06:00:00Z,0.7246,1
2009-05-20T07:00:00Z,1.0346,1
2009-05-20T08:00:00Z,1.1246,1
2009-05-20T09:00:00Z,0.8946,1
2009-05-20T10:00:00Z,0.4246,1
2009-05-20T11:00:00Z,-0.2254,1
2009-05-20T12:00:00Z,-0.8654,1
2009-05-20T13:00:00Z,-1.3054,1
2009-05-20T14:00:00Z,-1.4254,1
2009-05-20T15:00:00Z,-1.2554,1
2009-05-20T16:00:00Z,-0.8354,1
2009-05-20T17:00:00Z,-0.2854,1
2009-05-20T18:00:00Z,0.2746,1
2009-05-20T19:00:00Z,0.7846,1
2009-05-20T20:00:00Z,1.1046,1
2009-05-20T21:00:00Z,1.1146,1
2009-05-20T22:00:00Z,0.7946,1
2009-05-20T23:00:00Z,0.1946,1
2009-05-21T00:00:00Z,-0.4454,1
2009-05-21T01:00:00Z,-0.9854,1
2009-05-21T02:00:00Z,-1.2454,1
2009-05-21T03:00:00Z,-1.1453,1
2009-05-21T04:00:00Z,-0.7353,1
2009-05-21T05:00:00Z,-0.1553,1
2009-05-21T06:00:00Z,0.4147,1
2009-05-21T07:00:00Z,0.8947,1
2009-05-21T08:00:00Z,1.2247,1
2009-05-21T09:00:00Z,1.2747,1
2009-05-21T10:00:00Z,0.9747,1
2009-05-21T11:00:00Z,0.3747,1
2009-05-21T12:00:00Z,-0.3753,1
2009-05-21T13:00:00Z,-1.0753,1
2009-05-21T14:00:00Z,-1.5253,1
2009-05-21T15:00:00Z,-1.5753,1
2009-05-21T16:00:00Z,-1.2953,1
2009-05-21T17:00:00Z,-0.7753,1
2009-05-21T18:00:00Z,-0.1653,1
2009-05-21T19:00:00Z,0.4647,1
2009-05-21T20:00:00Z,0.9747,1
2009-05-21T21:00:00Z,1.2447,1
2009-05-21T22:00:00Z,1.1547,1
2009-05-21T23:00:00Z,0.7047,1
2009-05-22T00:00:00Z,-0.0153,1
2009-05-22T01:00:00Z,-0.7553,1
2009-05-22T02:00:00Z,-1.3253,1
2009-05-22T03:00:00Z,-1.5053,1
2009-05-22T04:00:00Z,-1.2453,1
2009-05-22T05:00:00Z,-0.7253,1
2009-05-22T06:00:00Z,-0.0653,1
2009-05-22T07:00:00Z,0.5647,1
2009-05-22T08:00:00Z,1.0947,1
2009-05-22T09:00:00Z,1.3947,1
2009-05-22T10:00:00Z,1.3647,1
2009-05-22T11:00:00Z,0.9547,1
2009-05-22T12:00:00Z,0.2447,1
2009-05-22T13:00:00Z,-0.5953,1
2009-05-22T14:00:00Z,-1.3253,1
2009-05-22T15:00:00Z,-1.6753,1
2009-05-22T16:00:00Z,-1.6053,1
2009-05-22T17:00:00Z,-1.1753,1
2009-05-22T18:00:00Z,-0.5353,1
2009-05-22T19:00:00Z,0.1847,1
2009-05-22T20:00:00Z,0.8147,1
2009-05-22T21:00:00Z,1.2847,1
2009-05-22T22:00:00Z,1.4347,1
2009-05-22T23:00:00Z,1.1847,1
2009-05-23T00:00:00Z,0.5347,1
2009-05-23T01:00:00Z,-0.2953,1
2009-05-23T02:00:00Z,-1.1153,1
2009-05-23T03:00:00Z,-1.6153,1
2009-05-23T04:00:00Z,-1.6853,1
2009-05-23T05:00:00Z,-1.2853,1
2009-05-23T06:00:00Z,-0.6253,1
2009-05-23T07:00:00Z,0.1347,1
2009-05-23T08:00:00Z,0.8047,1
2009-05-23T09:00:00Z,1.3347,1
2009-05-23T10:00:00Z,1.5747,1
2009-05-23T11:00:00Z,1.4447,1
2009-05-23T12:00:00Z,0.8247,1
2009-05-23T13:00:00Z,-0.0153,1
2009-05-23T14:00:00Z,-0.9353,1
2009-05-23T15:00:00Z,-1.6553,1
2009-05-23T16:00:00Z,-1.8553,1
2009-05-23T17:00:00Z,-1.6453,1
2009-05-23T18:00:00Z,-1.0453,1
2009-05-23T19:00:00Z,-0.2653,1
2009-05-23T20:00:00Z,0.4647,1
2009-05-23T21:00:00Z,1.0747,1
2009-05-23T22:00:00Z,1.4747,1
2009-05-23T23:00:00Z,1.4947,1
2009-05-24T00:00:00Z,1.0847,1
2009-05-24T01:00:00Z,0.2947,1
2009-05-24T02:00:00Z,-0.6653,1
2009-05-24T03:00:00Z,-1.4753,1
2009-05-24T04:00:00Z,-1.9153,1
2009-05-24T05:00:00Z,-1.8353,1
2009-05-24T06:00:00Z,-1.3153,1
2009-05-24T07:00:00Z,-0.5353,1
2009-05-24T08:00:00Z,0.2747,1
2009-05-24T09:00:00Z,0.9647,1
2009-05-24T10:00:00Z,1.4447,1
2009-05-24T11:00:00Z,1.5847,1
2009-05-24T12:00:00Z,1.3247,1
2009-05-24T13:00:00Z,0.6447,1
2009-05-24T14:00:00Z,-0.3153,1
2009-05-24T15:00:00Z,-1.2553,1
2009-05-24T16:00:00Z,-1.8253,1
2009-05-24T17:00:00Z,-1.9353,1
2009-05-24T18:00:00Z,-1.5353,1
2009-05-24T19:00:00Z,-0.8153,1
2009-05-24T20:00:00Z,0.0047,1
2009-05-24T21:00:00Z,0.7447,1
2009-05-24T22:00:00Z,1.3247,1
2009-05-24T23:00:00Z,1.6347,1
2009-05-25T00:00:00Z,1.5547,1
2009-05-25T01:00:00Z,1.0147,1
2009-05-25T02:00:00Z,0.1047,1
2009-05-25T03:00:00Z,-0.9153,1
2009-05-25T04:00:00Z,-1.7153,1
2009-05-25T05:00:00Z,-2.0553,1
2009-05-25T06:00:00Z,-1.8553,1
2009-05-25T07:00:00Z,-1.1953,1
2009-05-25T08:00:00Z,-0.3553,1
2009-05-25T09:00:00Z,0.4847,1
2009-05-25T10:00:00Z,1.1347,1
2009-05-25T11:00:00Z,1.5747,1
2009-05-25T12:00:00Z,1.6247,1
2009-05-25T13:00:00Z,1.2447,1
2009-05-25T14:00:00Z,0.4547,1
2009-05-25T15:00:00Z,-0.5653,1
2009-05-25T16:00:00Z,-1.4853,1
2009-05-25T17:00:00Z,-1.9553,1
2009-05-25T18:00:00Z,-1.8953,1
2009-05-25T19:00:00Z,-1.3853,1
2009-05-25T20:00:00Z,-0.5953,1
2009-05-25T21:00:00Z,0.2647,1
2009-05-25T22:00:00Z,0.9847,1
2009-05-25T23:00:00Z,1.5347,1
2009-05-26T00:00:00Z,1.7447,1
2009-05-26T01:00:00Z,1.5047,1
2009-05-26T02:00:00Z,0.8547,1
2009-05-26T03:00:00Z,-0.1253,1
2009-05-26T04:00:00Z,-1.1553,1
2009-05-26T05:00:00Z,-1.8853,1
2009-05-26T06:00:00Z,-2.1153,1
2009-05-26T07:00:00Z,-1.8053,1
2009-05-26T08:00:00Z,-1.1053,1
2009-05-26T09:00:00Z,-0.2153,1
2009-05-26T10:00:00Z,0.5947,1
2009-05-26T11:00:00Z,1.2447,1
2009-05-26T12:00:00Z,1.6347,1
2009-05-26T13:00:00Z,1.5947,1
2009-05-26T14:00:00Z,1.1347,1
2009-05-26T15:00:00Z,0.3047,1
2009-05-26T16:00:00Z,-0.6953,1
2009-05-26T17:00:00Z,-1.5453,1
2009-05-26T18:00:00Z,-1.9053,1
2009-05-26T19:00:00Z,-1.7553,1
2009-05-26T20:00:00Z,-1.1853,1
2009-05-26T21:00:00Z,-0.3353,1
2009-05-26T22:00:00Z,0.4547,1
2009-05-26T23:00:00Z,1.1147,1
2009-05-27T00:00:00Z,1.5847,1
2009-05-27T01:00:00Z,1.7347,1
2009-05-27T02:00:00Z,1.4147,1
2009-05-27T03:00:00Z,0.7047,1
2009-05-27T04:00:00Z,-0.3353,1
2009-05-27T05:00:00Z,-1.3253,1
2009-05-27T06:00:00Z,-1.9353,1
2009-05-27T07:00:00Z,-2.0753,1
2009-05-27T08:00:00Z,-1.7053,1
2009-05-27T09:00:00Z,-0.9553,1
2009-05-27T10:00:00Z,-0.0453,1
2009-05-27T11:00:00Z,0.7847,1
2009-05-27T12:00:00Z,1.4047,1
2009-05-27T13:00:00Z,1.7347,1
2009-05-27T14:00:00Z,1.6047,1
2009-05-27T15:00:00Z,1.0947,1
2009-05-27T16:00:00Z,0.1847,1
2009-05-27T17:00:00Z,-0.8253,1
2009-05-27T18:00:00Z,-1.6153,1
2009-05-27T19:00:00Z,-1.9253,1
2009-05-27T20:00:00Z,-1.7253,1
2009-05-27T21:00:00Z,-1.0853,1
2009-05-27T22:00:00Z,-0.2953,1
2009-05-27T23:00:00Z,0.4647,1
2009-05-28T00:00:00Z,1.0947,1
2009-05-28T01:00:00Z,1.5347,1
2009-05-28T02:00:00Z,1.6347,1
2009-05-28T03:00:00Z,1.2647,1
2009-05-28T04:00:00Z,0.5147,1
2009-05-28T05:00:00Z,-0.4953,1
2009-05-28T06:00:00Z,-1.4553,1
2009-05-28T07:00:00Z,-2.0553,1
2009-05-28T08:00:00Z,-2.1653,1
2009-05-28T09:00:00Z,-1.7853,1
2009-05-28T10:00:00Z,-1.0953,1
2009-05-28T11:00:00Z,-0.2953,1
2009-05-28T12:00:00Z,0.4247,1
2009-05-28T13:00:00Z,0.9847,1
2009-05-28T14:00:00Z,1.2847,1
2009-05-28T15:00:00Z,1.2247,1
2009-05-28T16:00:00Z,0.7247,1
2009-05-28T17:00:00Z,-0.0853,1
2009-05-28T18:00:00Z,-0.9653,1
2009-05-28T19:00:00Z,-1.5953,1
2009-05-28T20:00:00Z,-1.8053,1
2009-05-28T21:00:00Z,-1.5353,1
2009-05-28T22:00:00Z,-0.9253,1
2009-05-28T23:00:00Z,-0.1753,1
2009-05-29T00:00:00Z,0.5047,1
2009-05-29T01:00:00Z,1.1147,1
2009-05-29T02:00:00Z,1.4647,1
2009-05-29T03:00:00Z,1.4947,1
2009-05-29T04:00:00Z,1.1247,1
2009-05-29T05:00:00Z,0.3847,1
2009-05-29T06:00:00Z,-0.6053,1
2009-05-29T07:00:00Z,-1.5153,1
2009-05-29T08:00:00Z,-2.0553,1
2009-05-29T09:00:00Z,-2.1053,1
2009-05-29T10:00:00Z,-1.7553,1
2009-05-29T11:00:00Z,-1.1053,1
2009-05-29T12:00:00Z,-0.3753,1
2009-05-29T13:00:00Z,0.3147,1
2009-05-29T14:00:00Z,0.8647,1
2009-05-29T15:00:00Z,1.1647,1
2009-05-29T16:00:00Z,1.1047,1
2009-05-29T17:00:00Z,0.6447,1
2009-05-29T18:00:00Z,-0.0953,1
2009-05-29T19:00:00Z,-0.9053,1
2009-05-29T20:00:00Z,-1.4653,1
2009-05-29T21:00:00Z,-1.6253,1
2009-05-29T22:00:00Z,-1.3853,1
2009-05-29T23:00:00Z,-0.8453,1
2009-05-30T00:00:00Z,-0.1553,1
2009-05-30T01:00:00Z,0.4948,1
2009-05-30T02:00:00Z,1.0648,1
2009-05-30T03:00:00Z,1.4248,1
2009-05-30T04:00:00Z,1.4748,1
2009-05-30T05:00:00Z,1.1348,1
2009-05-30T06:00:00Z,0.4248,1
2009-05-30T07:00:00Z,-0.4752,1
2009-05-30T08:00:00Z,-1.3352,1
2009-05-30T09:00:00Z,-1.8652,1
2009-05-30T10:00:00Z,-1.9552,1
2009-05-30T11:00:00Z,-1.6452,1
2009-05-30T12:00:00Z,-1.0852,1
2009-05-30T13:00:00Z,-0.4352,1
2009-05-30T14:00:00Z,0.2048,1
2009-05-30T15:00:00Z,0.7248,1
2009-05-30T16:00:00Z,1.0348,1
2009-05-30T17:00:00Z,1.0148,1
2009-05-30T18:00:00Z,0.6148,1
2009-05-30T19:00:00Z,-0.0452,1
2009-05-30T20:00:00Z,-0.7652,1
2009-05-30T21:00:00Z,-1.3052,1
2009-05-30T22:00:00Z,-1.4852,1
2009-05-30T23:00:00Z,-1.3052,1
2009-05-31T00:00:00Z,-0.8152,1
2009-05-31T01:00:00Z,-0.2452,1
2009-05-31T02:00:00Z,0.3548,1
2009-05-31T03:00:00Z,0.8548,1
2009-05-31T04:00:00Z,1.2148,1
2009-05-31T05:00:00Z,1.2948,1
2009-05-31T06:00:00Z,1.0048,1
2009-05-31T07:00:00Z,0.3748,1
2009-05-31T08:00:00Z,-0.4652,1
2009-05-31T09:00:00Z,-1.2652,1
2009-05-31T10:00:00Z,-1.7952,1
2009-05-31T11:00:00Z,-1.9452,1
2009-05-31T12:00:00Z,-1.6752,1
2009-05-31T13:00:00Z,-1.1952,1
2009-05-31T14:00:00Z,-0.5752,1
2009-05-31T15:00:00Z,0.0248,1
2009-05-31T16:00:00Z,0.5348,1
2009-05-31T17:00:00Z,0.8648,1
2009-05-31T18:00:00Z,0.8948,1
2009-05-31T19:00:00Z,0.5748,1
2009-05-31T20:00:00Z,-0.0152,1
2009-05-31T21:00:00Z,-0.6652,1
2009-05-31T22:00:00Z,-1.1952,1
2009-05-31T23:00:00Z,-1.4052,1
2009-06-01T00:00:00Z,-1.2652,1
2009-06-01T01:00:00Z,-0.8652,1
2009-06-01T02:00:00Z,-0.3452,1
2009-06-01T03:00:00Z,0.2048,1
2009-06-01T04:00:00Z,0.6948,1
2009-06-01T05:00:00Z,1.0948,1
2009-06-01T07:00:00Z,0.9748,1
2009-06-01T08:00:00Z,0.4148,1
2009-06-01T09:00:00Z,-0.3452,1
2009-06-01T10:00:00Z,-1.1152,1
2009-06-01T11:00:00Z,-1.6352,1
2009-06-01T12:00:00Z,-1.8152,1
2009-06-01T13:00:00Z,-1.6052,1
2009-06-01T14:00:00Z,-1.1752,1
2009-06-01T15:00:00Z,-0.5952,1
2009-06-01T16:00:00Z,-0.0252,1
2009-06-01T17:00:00Z,0.4948,1
2009-06-01T18:00:00Z,0.8548,1
2009-06-01T19:00:00Z,0.9148,1
2009-06-01T20:00:00Z,0.6348,1
2009-06-01T21:00:00Z,0.0748,1
2009-06-01T22:00:00Z,-0.5652,1
2009-06-01T23:00:00Z,-1.0952,1
2009-06-02T00:00:00Z,-1.3452,1
2009-06-02T01:00:00Z,-1.2552,1
2009-06-02T02:00:00Z,-0.8952,1
2009-06-02T03:00:00Z,-0.3952,1
2009-06-02T04:00:00Z,0.1448,1
2009-06-02T05:00:00Z,0.6448,1
2009-06-02T06:00:00Z,1.0348,1
2009-06-02T07:00:00Z,1.1948,1
2009-06-02T08:00:00Z,1.0148,1
2009-06-02T09:00:00Z,0.4848,1
2009-06-02T10:00:00Z,-0.2452,1
2009-06-02T11:00:00Z,-1.0052,1
2009-06-02T12:00:00Z,-1.5352,1
2009-06-02T13:00:00Z,-1.7352,1
2009-06-02T14:00:00Z,-1.5552,1
2009-06-02T15:00:00Z,-1.1352,1
2009-06-02T16:00:00Z,-0.5552,1
2009-06-02T17:00:00Z,0.0148,1
2009-06-02T18:00:00Z,0.5348,1
2009-06-02T19:00:00Z,0.9048,1
2009-06-02T20:00:00Z,0.9948,1
2009-06-02T21:00:00Z,0.7348,1
2009-06-02T22:00:00Z,0.1848,1
2009-06-02T23:00:00Z,-0.4752,1
2009-06-03T00:00:00Z,-1.0352,1
2009-06-03T01:00:00Z,-1.3252,1
2009-06-03T02:00:00Z,-1.2852,1
2009-06-03T03:00:00Z,-0.9352,1
2009-06-03T04:00:00Z,-0.4452,1
2009-06-03T05:00:00Z,0.1048,1
2009-06-03T06:00:00Z,0.6148,1
2009-06-03T07:00:00Z,1.0248,1
2009-06-03T08:00:00Z,1.1848,1
2009-06-03T09:00:00Z,1.0248,1
2009-06-03T10:00:00Z,0.5148,1
2009-06-03T11:00:00Z,-0.2052,1
2009-06-03T12:00:00Z,-0.9552,1
2009-06-03T13:00:00Z,-1.5052,1
2009-06-03T14:00:00Z,-1.7052,1
2009-06-03T15:00:00Z,-1.5152,1
2009-06-03T16:00:00Z,-1.0652,1
2009-06-03T17:00:00Z,-0.4652,1
2009-06-03T18:00:00Z,0.1248,1
2009-06-03T19:00:00Z,0.6448,1
2009-06-03T20:00:00Z,1.0048,1
2009-06-03T21:00:00Z,1.0648,1
2009-06-03T22:00:00Z,0.7848,1
2009-06-03T23:00:00Z,0.1848,1
2009-06-04T00:00:00Z,-0.4852,1
2009-06-04T01:00:00Z,-1.1052,1
2009-06-04T02:00:00Z,-1.3852,1
2009-06-04T03:00:00Z,-1.3452,1
2009-06-04T04:00:00Z,-1.0052,1
2009-06-04T05:00:00Z,-0.4652,1
2009-06-04T06:00:00Z,0.1148,1
2009-06-04T07:00:00Z,0.6548,1
2009-06-04T08:00:00Z,1.0448,1
2009-06-04T09:00:00Z,1.2148,1
2009-06-04T10:00:00Z,1.0348,1
2009-06-04T11:00:00Z,0.5048,1
2009-06-04T12:00:00Z,-0.2352,1
2009-06-04T13:00:00Z,-0.9952,1
2009-06-04T14:00:00Z,-1.5252,1
2009-06-04T15:00:00Z,-1.6352,1
2009-06-04T16:00:00Z,-1.4052,1
2009-06-04T17:00:00Z,-0.8752,1
2009-06-04T18:00:00Z,-0.2252,1
2009-06-04T19:00:00Z,0.3848,1
2009-06-04T20:00:00Z,0.9348,1
2009-06-04T21:00:00Z,1.2348,1
2009-06-04T22:00:00Z,1.2248,1
2009-06-04T23:00:00Z,0.8548,1
2009-06-05T00:00:00Z,0.1948,1
2009-06-05T01:00:00Z,-0.5352,1
2009-06-05T02:00:00Z,-1.1552,1
2009-06-05T03:00:00Z,-1.4352,1
2009-06-05T04:00:00Z,-1.3352,1
2009-06-05T05:00:00Z,-0.9252,1
2009-06-05T06:00:00Z,-0.3352,1
2009-06-05T07:00:00Z,0.2548,1
2009-06-05T08:00:00Z,0.8248,1
2009-06-05T09:00:00Z,1.2348,1
2009-06-05T10:00:00Z,1.3648,1
2009-06-05T11:00:00Z,1.1048,1
2009-06-05T12:00:00Z,0.5148,1
2009-06-05T13:00:00Z,-0.2652,1
2009-06-05T14:00:00Z,-0.9952,1
2009-06-05T15:00:00Z,-1.4552,1
2009-06-05T16:00:00Z,-1.5052,1
2009-06-05T17:00:00Z,-1.1752,1
2009-06-05T18:00:00Z,-0.5752,1
2009-06-05T19:00:00Z,0.0848,1
2009-06-05T20:00:00Z,0.6848,1
2009-06-05T21:00:00Z,1.1648,1
2009-06-05T22:00:00Z,1.3748,1
2009-06-05T23:00:00Z,1.2548,1
2009-06-06T00:00:00Z,0.7748,1
2009-06-06T01:00:00Z,0.0248,1
2009-06-06T02:00:00Z,-0.7552,1
2009-06-06T03:00:00Z,-1.3252,1
2009-06-06T04:00:00Z,-1.5352,1
2009-06-06T05:00:00Z,-1.3252,1
2009-06-06T06:00:00Z,-0.8052,1
2009-06-06T07:00:00Z,-0.2252,1
2009-06-06T08:00:00Z,0.4348,1
2009-06-06T09:00:00Z,0.9648,1
2009-06-06T10:00:00Z,1.3148,1
2009-06-06T11:00:00Z,1.3848,1
2009-06-06T12:00:00Z,1.0348,1
2009-06-06T13:00:00Z,0.3948,1
2009-06-06T14:00:00Z,-0.4852,1
2009-06-06T15:00:00Z,-1.1452,1
2009-06-06T16:00:00Z,-1.5252,1
2009-06-06T17:00:00Z,-1.4152,1
2009-06-06T18:00:00Z,-0.8952,1
2009-06-06T19:00:00Z,-0.2352,1
2009-06-06T20:00:00Z,0.4648,1
2009-06-06T21:00:00Z,1.0348,1
2009-06-06T22:00:00Z,1.4448,1
2009-06-06T23:00:00Z,1.5148,1
2009-06-07T00:00:00Z,1.2448,1
2009-06-07T01:00:00Z,0.6248,1
2009-06-07T02:00:00Z,-0.2052,1
2009-06-07T03:00:00Z,-1.0252,1
2009-06-07T04:00:00Z,-1.4652,1
2009-06-07T05:00:00Z,-1.5252,1
2009-06-07T06:00:00Z,-1.2352,1
2009-06-07T07:00:00Z,-0.6452,1
2009-06-07T08:00:00Z,-0.0252,1
2009-06-07T09:00:00Z,0.5848,1
2009-06-07T10:00:00Z,1.0748,1
2009-06-07T11:00:00Z,1.3348,1
2009-06-07T12:00:00Z,1.2548,1
2009-06-07T13:00:00Z,0.7948,1
2009-06-07T14:00:00Z,0.0348,1
2009-06-07T15:00:00Z,-0.7752,1
2009-06-07T16:00:00Z,-1.3952,1
2009-06-07T17:00:00Z,-1.5652,1
2009-06-07T18:00:00Z,-1.2852,1
2009-06-07T19:00:00Z,-0.7252,1
2009-06-07T20:00:00Z,-0.0152,1
2009-06-07T21:00:00Z,0.6448,1
2009-06-07T22:00:00Z,1.1848,1
2009-06-07T23:00:00Z,1.4949,1
2009-06-08T00:00:00Z,1.4649,1
2009-06-08T01:00:00Z,1.0649,1
2009-06-08T02:00:00Z,0.3449,1
2009-06-08T03:00:00Z,-0.5051,1
2009-06-08T04:00:00Z,-1.2051,1
2009-06-08T05:00:00Z,-1.5451,1
2009-06-08T06:00:00Z,-1.4651,1
2009-06-08T07:00:00Z,-1.0051,1
2009-06-08T08:00:00Z,-0.3851,1
2009-06-08T09:00:00Z,0.2849,1
2009-06-08T10:00:00Z,0.8749,1
2009-06-08T11:00:00Z,1.2849,1
2009-06-08T12:00:00Z,1.4049,1
2009-06-08T13:00:00Z,1.1649,1
2009-06-08T14:00:00Z,0.5849,1
2009-06-08T15:00:00Z,-0.2251,1
2009-06-08T16:00:00Z,-0.9951,1
2009-06-08T17:00:00Z,-1.4251,1
2009-06-08T18:00:00Z,-1.4151,1
2009-06-08T19:00:00Z,-1.0051,1
2009-06-08T20:00:00Z,-0.3451,1
2009-06-08T21:00:00Z,0.3949,1
2009-06-08T22:00:00Z,1.0249,1
2009-06-08T23:00:00Z,1.4949,1
2009-06-09T00:00:00Z,1.6549,1
2009-06-09T01:00:00Z,1.4649,1
2009-06-09T02:00:00Z,0.9049,1
2009-06-09T03:00:00Z,0.0649,1
2009-06-09T04:00:00Z,-0.7751,1
2009-06-09T05:00:00Z,-1.3751,1
2009-06-09T06:00:00Z,-1.5751,1
2009-06-09T07:00:00Z,-1.3451,1
2009-06-09T08:00:00Z,-0.8351,1
2009-06-09T09:00:00Z,-0.1751,1
2009-06-09T10:00:00Z,0.4849,1
2009-06-09T11:00:00Z,1.0049,1
2009-06-09T12:00:00Z,1.3449,1
2009-06-09T13:00:00Z,1.3349,1
2009-06-09T14:00:00Z,0.9549,1
2009-06-09T15:00:00Z,0.2349,1
2009-06-09T16:00:00Z,-0.5551,1
2009-06-09T17:00:00Z,-1.2051,1
2009-06-09T18:00:00Z,-1.4551,1
2009-06-09T19:00:00Z,-1.2851,1
2009-06-09T20:00:00Z,-0.7551,1
2009-06-09T21:00:00Z,-0.0651,1
2009-06-09T22:00:00Z,0.6249,1
2009-06-09T23:00:00Z,1.1649,1
2009-06-10T00:00:00Z,1.5149,1
2009-06-10T01:00:00Z,1.5549,1
2009-06-10T02:00:00Z,1.2249,1
2009-06-10T03:00:00Z,0.5549,1
2009-06-10T04:00:00Z,-0.2951,1
2009-06-10T05:00:00Z,-1.0751,1
2009-06-10T06:00:00Z,-1.5451,1
2009-06-10T07:00:00Z,-1.5751,1
2009-06-10T08:00:00Z,-1.1951,1
2009-06-10T09:00:00Z,-0.6051,1
2009-06-10T10:00:00Z,0.0549,1
2009-06-10T11:00:00Z,0.6549,1
2009-06-10T12:00:00Z,1.1149,1
2009-06-10T13:00:00Z,1.3149,1
2009-06-10T14:00:00Z,1.1649,1
2009-06-10T15:00:00Z,0.6849,1
2009-06-10T16:00:00Z,-0.0551,1
2009-06-10T17:00:00Z,-0.7951,1
2009-06-10T18:00:00Z,-1.2751,1
2009-06-10T19:00:00Z,-1.3651,1
2009-06-10T21:00:00Z,-0.4251,1
2009-06-10T22:00:00Z,0.2649,1
2009-06-10T23:00:00Z,0.8949,1
2009-06-11T00:00:00Z,1.3749,1
2009-06-11T01:00:00Z,1.6049,1
2009-06-11T02:00:00Z,1.4649,1
2009-06-11T03:00:00Z,0.9849,1
2009-06-11T04:00:00Z,0.1949,1
2009-06-11T05:00:00Z,-0.6351,1
2009-06-11T06:00:00Z,-1.3251,1
2009-06-11T07:00:00Z,-1.6151,1
2009-06-11T08:00:00Z,-1.5051,1
2009-06-11T09:00:00Z,-1.0351,1
2009-06-11T10:00:00Z,-0.4251,1
2009-06-11T11:00:00Z,0.1849,1
2009-06-11T12:00:00Z,0.7149,1
2009-06-11T13:00:00Z,1.0649,1
2009-06-11T14:00:00Z,1.1349,1
2009-06-11T15:00:00Z,0.8649,1
2009-06-11T16:00:00Z,0.2549,1
2009-06-11T17:00:00Z,-0.4651,1
2009-06-11T18:00:00Z,-1.1051,1
2009-06-11T19:00:00Z,-1.4251,1
2009-06-11T20:00:00Z,-1.3551,1
2009-06-11T21:00:00Z,-0.9151,1
2009-06-11T22:00:00Z,-0.3051,1
2009-06-11T23:00:00Z,0.3549,1
2009-06-12T00:00:00Z,0.9149,1
2009-06-12T01:00:00Z,1.3249,1
2009-06-12T02:00:00Z,1.4249,1
2009-06-12T03:00:00Z,1.2149,1
2009-06-12T04:00:00Z,0.6449,1
2009-06-12T05:00:00Z,-0.1451,1
2009-06-12T06:00:00Z,-0.9051,1
2009-06-12T07:00:00Z,-1.4451,1
2009-06-12T08:00:00Z,-1.5851,1
2009-06-12T09:00:00Z,-1.3351,1
2009-06-12T10:00:00Z,-0.8551,1
2009-06-12T11:00:00Z,-0.2451,1
2009-06-12T12:00:00Z,0.2949,1
2009-06-12T13:00:00Z,0.7849,1
2009-06-12T14:00:00Z,1.0349,1
2009-06-12T15:00:00Z,1.0049,1
2009-06-12T16:00:00Z,0.6349,1
2009-06-12T17:00:00Z,0.0149,1
2009-06-12T18:00:00Z,-0.6451,1
2009-06-12T19:00:00Z,-1.1251,1
2009-06-12T20:00:00Z,-1.2851,1
2009-06-12T21:00:00Z,-1.0651,1
2009-06-12T22:00:00Z,-0.6151,1
2009-06-12T23:00:00Z,0.0049,1
2009-06-13T00:00:00Z,0.6049,1
2009-06-13T01:00:00Z,1.1049,1
2009-06-13T02:00:00Z,1.4149,1
2009-06-13T03:00:00Z,1.3849,1
2009-06-13T04:00:00Z,1.0249,1
2009-06-13T05:00:00Z,0.3849,1
2009-06-13T06:00:00Z,-0.3651,1
2009-06-13T07:00:00Z,-1.0551,1
2009-06-13T08:00:00Z,-1.4351,1
2009-06-13T09:00:00Z,-1.4551,1
2009-06-13T10:00:00Z,-1.1451,1
2009-06-13T11:00:00Z,-0.6351,1
2009-06-13T12:00:00Z,-0.0751,1
2009-06-13T13:00:00Z,0.4149,1
2009-06-13T14:00:00Z,0.8249,1
2009-06-13T15:00:00Z,1.0149,1
2009-06-13T16:00:00Z,0.8849,1
2009-06-13T17:00:00Z,0.4449,1
2009-06-13T18:00:00Z,-0.1751,1
2009-06-13T19:00:00Z,-0.7451,1
2009-06-13T20:00:00Z,-1.1451,1
2009-06-13T22:00:00Z,-0.9251,1
2009-06-13T23:00:00Z,-0.4451,1
2009-06-14T00:00:00Z,0.1349,1
2009-06-14T01:00:00Z,0.6749,1
2009-06-14T02:00:00Z,1.0949,1
2009-06-14T03:00:00Z,1.3049,1
2009-06-14T04:00:00Z,1.2249,1
2009-06-14T05:00:00Z,0.8049,1
2009-06-14T06:00:00Z,0.1649,1
2009-06-14T07:00:00Z,-0.5751,1
2009-06-14T08:00:00Z,-1.1451,1
2009-06-14T09:00:00Z,-1.4251,1
2009-06-14T10:00:00Z,-1.3351,1
2009-06-14T11:00:00Z,-0.9951,1
2009-06-14T12:00:00Z,-0.4851,1
2009-06-14T13:00:00Z,0.0349,1
2009-06-14T14:00:00Z,0.4749,1
2009-06-14T15:00:00Z,0.8049,1
2009-06-14T16:00:00Z,0.9249,1
2009-06-14T17:00:00Z,0.7249,1
2009-06-14T18:00:00Z,0.2849,1
2009-06-14T19:00:00Z,-0.2851,1
2009-06-14T20:00:00Z,-0.8051,1
2009-06-14T21:00:00Z,-1.1151,1
2009-06-14T22:00:00Z,-1.1151,1
2009-06-14T23:00:00Z,-0.8151,1
2009-06-15T00:00:00Z,-0.3251,1
2009-06-15T01:00:00Z,0.2149,1
2009-06-15T02:00:00Z,0.7049,1
2009-06-15T03:00:00Z,1.0849,1
2009-06-15T04:00:00Z,1.2249,1
2009-06-15T05:00:00Z,1.0749,1
2009-06-15T06:00:00Z,0.6049,1
2009-06-15T07:00:00Z,-0.0151,1
2009-06-15T08:00:00Z,-0.6851,1
2009-06-15T09:00:00Z,-1.1751,1
2009-06-15T10:00:00Z,-1.3451,1
2009-06-15T11:00:00Z,-1.2051,1
2009-06-15T12:00:00Z,-0.8551,1
2009-06-15T13:00:00Z,-0.4051,1
2009-06-15T14:00:00Z,0.0649,1
2009-06-15T15:00:00Z,0.4949,1
2009-06-15T16:00:00Z,0.8049,1
2009-06-15T17:00:00Z,0.8549,1
2009-06-15T18:00:00Z,0.6449,1
2009-06-15T19:00:00Z,0.1749,1
2009-06-15T20:00:00Z,-0.3651,1
2009-06-15T21:00:00Z,-0.8351,1
2009-06-15T22:00:00Z,-1.0951,1
2009-06-15T23:00:00Z,-1.0751,1
2009-06-16T00:00:00Z,-0.7451,1
2009-06-16T01:00:00Z,-0.2751,1
2009-06-16T02:00:00Z,0.2249,1
2009-06-16T03:00:00Z,0.6649,1
2009-06-16T04:00:00Z,0.9749,1
2009-06-16T05:00:00Z,1.0849,1
2009-06-16T06:00:00Z,0.9049,1
2009-06-16T07:00:00Z,0.4249,1
2009-06-16T08:00:00Z,-0.1851,1
2009-06-16T09:00:00Z,-0.8251,1
2009-06-16T10:00:00Z,-1.2551,1
2009-06-16T11:00:00Z,-1.4051,1
2009-06-16T12:00:00Z,-1.2551,1
2009-06-16T13:00:00Z,-0.9151,1
2009-06-16T14:00:00Z,-0.4551,1
2009-06-16T15:00:00Z,0.0049,1
2009-06-16T16:00:00Z,0.4249,1
2009-06-16T17:00:00Z,0.7049,1
2009-06-16T18:00:00Z,0.7749,1
2009-06-16T19:00:00Z,0.5249,1
2009-06-16T20:00:00Z,0.0849,1
2009-06-16T21:00:00Z,-0.425,1
2009-06-16T22:00:00Z,-0.885,1
2009-06-16T23:00:00Z,-1.095,1
2009-06-17T00:00:00Z,-1.035,1
2009-06-17T01:00:00Z,-0.695,1
2009-06-17T02:00:00Z,-0.225,1
2009-06-17T03:00:00Z,0.295,1
2009-06-17T04:00:00Z,0.785,1
2009-06-17T05:00:00Z,1.105,1
2009-06-17T06:00:00Z,1.225,1
2009-06-17T07:00:00Z,1.045,1
2009-06-17T08:00:00Z,0.595,1
2009-06-17T09:00:00Z,-0.005,1
2009-06-17T10:00:00Z,-0.565,1
2009-06-17T11:00:00Z,-0.995,1
2009-06-17T12:00:00Z,-1.095,1
2009-06-17T13:00:00Z,-0.965,1
2009-06-17T14:00:00Z,-0.595,1
2009-06-17T15:00:00Z,-0.165,1
2009-06-17T16:00:00Z,0.295,1
2009-06-17T17:00:00Z,0.695,1
2009-06-17T18:00:00Z,0.935,1
2009-06-17T19:00:00Z,0.945,1
2009-06-17T20:00:00Z,0.695,1
2009-06-17T21:00:00Z,0.205,1
2009-06-17T22:00:00Z,-0.375,1
2009-06-17T23:00:00Z,-0.865,1
2009-06-18T00:00:00Z,-1.175,1
2009-06-18T01:00:00Z,-1.095,1
2009-06-18T02:00:00Z,-0.775,1
2009-06-18T03:00:00Z,-0.285,1
2009-06-18T04:00:00Z,0.255,1
2009-06-18T05:00:00Z,0.745,1
2009-06-18T06:00:00Z,1.075,1
2009-06-18T07:00:00Z,1.195,1
2009-06-18T08:00:00Z,1.015,1
2009-06-18T09:00:00Z,0.545,1
2009-06-18T10:00:00Z,-0.075,1
2009-06-18T11:00:00Z,-0.675,1
2009-06-18T12:00:00Z,-1.135,1
2009-06-18T13:00:00Z,-1.245,1
2009-06-18T14:00:00Z,-1.105,1
2009-06-18T15:00:00Z,-0.745,1
2009-06-18T16:00:00Z,-0.285,1
2009-06-18T17:00:00Z,0.245,1
2009-06-18T18:00:00Z,0.735,1
2009-06-18T19:00:00Z,1.075,1
2009-06-18T20:00:00Z,1.135,1
2009-06-18T21:00:00Z,0.885,1
2009-06-18T22:00:00Z,0.375,1
2009-06-18T23:00:00Z,-0.225,1
2009-06-19T00:00:00Z,-0.795,1
2009-06-19T01:00:00Z,-1.135,1
2009-06-19T02:00:00Z,-1.075,1
2009-06-19T03:00:00Z,-0.785,1
2009-06-19T04:00:00Z,-0.295,1
2009-06-19T05:00:00Z,0.225,1
2009-06-19T06:00:00Z,0.705,1
2009-06-19T07:00:00Z,1.035,1
2009-06-19T08:00:00Z,1.135,1
2009-06-19T09:00:00Z,0.935,1
2009-06-19T10:00:00Z,0.475,1
2009-06-19T11:00:00Z,-0.225,1
2009-06-19T12:00:00Z,-0.905,1
2009-06-19T13:00:00Z,-1.375,1
2009-06-19T14:00:00Z,-1.545,1
2009-06-19T15:00:00Z,-1.335,1
2009-06-19T16:00:00Z,-0.925,1
2009-06-19T17:00:00Z,-0.345,1
2009-06-19T18:00:00Z,0.245,1
2009-06-19T19:00:00Z,0.725,1
2009-06-19T20:00:00Z,1.065,1
2009-06-19T21:00:00Z,1.075,1
2009-06-19T22:00:00Z,0.785,1
2009-06-19T23:00:00Z,0.185,1
2009-06-20T00:00:00Z,-0.505,1
2009-06-20T01:00:00Z,-1.135,1
2009-06-20T02:00:00Z,-1.455,1
2009-06-20T03:00:00Z,-1.385,1
2009-06-20T04:00:00Z,-1.015,1
2009-06-20T05:00:00Z,-0.425,1
2009-06-20T06:00:00Z,0.195,1
2009-06-20T07:00:00Z,0.725,1
2009-06-20T08:00:00Z,1.125,1
2009-06-20T09:00:00Z,1.255,1
2009-06-20T10:00:00Z,1.035,1
2009-06-20T11:00:00Z,0.475,1
2009-06-20T12:00:00Z,-0.285,1
2009-06-20T13:00:00Z,-1.015,1
2009-06-20T14:00:00Z,-1.535,1
2009-06-20T15:00:00Z,-1.645,1
2009-06-20T16:00:00Z,-1.415,1
2009-06-20T17:00:00Z,-0.905,1
2009-06-20T18:00:00Z,-0.255,1
2009-06-20T19:00:00Z,0.375,1
2009-06-20T20:00:00Z,0.915,1
2009-06-20T21:00:00Z,1.215,1
2009-06-20T22:00:00Z,1.205,1
2009-06-20T23:00:00Z,0.795,1
2009-06-21T00:00:00Z,0.075,1
2009-06-21T01:00:00Z,-0.735,1
2009-06-21T02:00:00Z,-1.425,1
2009-06-21T03:00:00Z,-1.715,1
2009-06-21T04:00:00Z,-1.605,1
2009-06-21T05:00:00Z,-1.125,1
2009-06-21T06:00:00Z,-0.455,1
2009-06-21T07:00:00Z,0.205,1
2009-06-21T08:00:00Z,0.795,1
2009-06-21T09:00:00Z,1.215,1
2009-06-21T10:00:00Z,1.335,1
2009-06-21T11:00:00Z,1.075,1
2009-06-21T12:00:00Z,0.425,1
2009-06-21T13:00:00Z,-0.415,1
2009-06-21T14:00:00Z,-1.205,1
2009-06-21T15:00:00Z,-1.715,1
2009-06-21T16:00:00Z,-1.755,1
2009-06-21T17:00:00Z,-1.425,1
2009-06-21T18:00:00Z,-0.785,1
2009-06-21T19:00:00Z,-0.055,1
2009-06-21T20:00:00Z,0.605,1
2009-06-21T21:00:00Z,1.185,1
2009-06-21T22:00:00Z,1.445,1
2009-06-21T23:00:00Z,1.325,1
2009-06-22T00:00:00Z,0.805,1
2009-06-22T01:00:00Z,-0.025,1
2009-06-22T02:00:00Z,-0.945,1
2009-06-22T03:00:00Z,-1.655,1
2009-06-22T04:00:00Z,-1.935,1
2009-06-22T05:00:00Z,-1.735,1
2009-06-22T06:00:00Z,-1.175,1
2009-06-22T07:00:00Z,-0.435,1
2009-06-22T08:00:00Z,0.315,1
2009-06-22T09:00:00Z,0.935,1
2009-06-22T10:00:00Z,1.355,1
2009-06-22T11:00:00Z,1.405,1
2009-06-22T12:00:00Z,1.055,1
2009-06-22T13:00:00Z,0.295,1
2009-06-22T14:00:00Z,-0.625,1
2009-06-22T15:00:00Z,-1.455,1
2009-06-22T16:00:00Z,-1.905,1
2009-06-22T17:00:00Z,-1.855,1
2009-06-22T18:00:00Z,-1.395,1
2009-06-22T19:00:00Z,-0.685,1
2009-06-22T20:00:00Z,0.125,1
2009-06-22T21:00:00Z,0.835,1
2009-06-22T22:00:00Z,1.375,1
2009-06-22T23:00:00Z,1.605,1
2009-06-23T00:00:00Z,1.375,1
2009-06-23T01:00:00Z,0.735,1
2009-06-23T02:00:00Z,-0.225,1
2009-06-23T03:00:00Z,-1.215,1
2009-06-23T04:00:00Z,-1.915,1
2009-06-23T05:00:00Z,-2.135,1
2009-06-23T06:00:00Z,-1.835,1
2009-06-23T07:00:00Z,-1.155,1
2009-06-23T08:00:00Z,-0.325,1
2009-06-23T09:00:00Z,0.435,1
2009-06-23T10:00:00Z,1.075,1
2009-06-23T12:00:00Z,1.455,1
2009-06-23T13:00:00Z,1.015,1
2009-06-23T14:00:00Z,0.165,1
2009-06-23T15:00:00Z,-0.825,1
2009-06-23T16:00:00Z,-1.655,1
2009-06-23T17:00:00Z,-2.035,1
2009-06-23T18:00:00Z,-1.885,1
2009-06-23T19:00:00Z,-1.295,1
2009-06-23T20:00:00Z,-0.475,1
2009-06-23T21:00:00Z,0.355,1
2009-06-23T22:00:00Z,1.065,1
2009-06-23T23:00:00Z,1.585,1
2009-06-24T00:00:00Z,1.725,1
2009-06-24T01:00:00Z,1.425,1
2009-06-24T02:00:00Z,0.685,1
2009-06-24T03:00:00Z,-0.365,1
2009-06-24T04:00:00Z,-1.385,1
2009-06-24T05:00:00Z,-2.055,1
2009-06-24T06:00:00Z,-2.205,1
2009-06-24T07:00:00Z,-1.805,1
2009-06-24T08:00:00Z,-1.065,1
2009-06-24T09:00:00Z,-0.185,1
2009-06-24T10:00:00Z,0.615,1
2009-06-24T11:00:00Z,1.225,1
2009-06-24T12:00:00Z,1.575,1
2009-06-24T13:00:00Z,1.525,1
2009-06-24T14:00:00Z,0.995,1
2009-06-24T15:00:00Z,0.085,1
2009-06-24T16:00:00Z,-0.925,1
2009-06-24T17:00:00Z,-1.695,1
2009-06-24T18:00:00Z,-1.945,1
2009-06-24T19:00:00Z,-1.685,1
2009-06-24T20:00:00Z,-1.005,1
2009-06-24T21:00:00Z,-0.125,1
2009-06-24T22:00:00Z,0.705,1
2009-06-24T23:00:00Z,1.365,1
2009-06-25T00:00:00Z,1.825,1
2009-06-25T01:00:00Z,1.895,1
2009-06-25T02:00:00Z,1.465,1
2009-06-25T03:00:00Z,0.615,1
2009-06-25T04:00:00Z,-0.505,1
2009-06-25T05:00:00Z,-1.525,1
2009-06-25T06:00:00Z,-2.155,1
2009-06-25T07:00:00Z,-2.225,1
2009-06-25T08:00:00Z,-1.755,1
2009-06-25T09:00:00Z,-0.955,1
2009-06-25T10:00:00Z,-0.055,1
2009-06-25T11:00:00Z,0.735,1
2009-06-25T12:00:00Z,1.355,1
2009-06-25T13:00:00Z,1.665,1
2009-06-25T14:00:00Z,1.525,1
2009-06-25T15:00:00Z,0.925,1
2009-06-25T16:00:00Z,-0.025,1
2009-06-25T17:00:00Z,-1.015,1
2009-06-25T18:00:00Z,-1.705,1
2009-06-25T20:00:00Z,-1.5349,1
2009-06-25T21:00:00Z,-0.8049,1
2009-06-25T22:00:00Z,0.0751,1
2009-06-25T23:00:00Z,0.8851,1
2009-06-26T00:00:00Z,1.5251,1
2009-06-26T01:00:00Z,1.9351,1
2009-06-26T02:00:00Z,1.9151,1
2009-06-26T03:00:00Z,1.4551,1
2009-06-26T04:00:00Z,0.5551,1
2009-06-26T05:00:00Z,-0.5449,1
2009-06-26T06:00:00Z,-1.5249,1
2009-06-26T07:00:00Z,-2.0649,1
2009-06-26T08:00:00Z,-2.0649,1
2009-06-26T09:00:00Z,-1.5549,1
2009-06-26T10:00:00Z,-0.7649,1
2009-06-26T11:00:00Z,0.0851,1
2009-06-26T12:00:00Z,0.8351,1
2009-06-26T13:00:00Z,1.3751,1
2009-06-26T14:00:00Z,1.6351,1
2009-06-26T15:00:00Z,1.4251,1
2009-06-26T16:00:00Z,0.8051,1
2009-06-26T18:00:00Z,-1.0749,1
2009-06-26T19:00:00Z,-1.6549,1
2009-06-26T20:00:00Z,-1.7149,1
2009-06-26T21:00:00Z,-1.3349,1
2009-06-26T22:00:00Z,-0.5949,1
2009-06-26T23:00:00Z,0.2151,1
2009-06-27T00:00:00Z,0.9551,1
2009-06-27T01:00:00Z,1.5551,1
2009-06-27T02:00:00Z,1.8951,1
2009-06-27T03:00:00Z,1.8251,1
2009-06-27T04:00:00Z,1.3051,1
2009-06-27T05:00:00Z,0.3851,1
2009-06-27T06:00:00Z,-0.6849,1
2009-06-27T07:00:00Z,-1.5549,1
2009-06-27T08:00:00Z,-2.0549,1
2009-06-27T09:00:00Z,-1.9749,1
2009-06-27T10:00:00Z,-1.4449,1
2009-06-27T11:00:00Z,-0.7049,1
2009-06-27T12:00:00Z,0.0851,1
2009-06-27T13:00:00Z,0.7851,1
2009-06-27T14:00:00Z,1.3051,1
2009-06-27T15:00:00Z,1.5051,1
2009-06-27T16:00:00Z,1.2651,1
2009-06-27T17:00:00Z,0.6351,1
2009-06-27T18:00:00Z,-0.2549,1
2009-06-27T19:00:00Z,-1.0649,1
2009-06-27T20:00:00Z,-1.5649,1
2009-06-27T21:00:00Z,-1.5849,1
2009-06-27T22:00:00Z,-1.1549,1
2009-06-27T23:00:00Z,-0.4749,1
2009-06-28T00:00:00Z,0.2751,1
2009-06-28T01:00:00Z,0.9651,1
2009-06-28T02:00:00Z,1.5051,1
2009-06-28T03:00:00Z,1.7851,1
2009-06-28T04:00:00Z,1.6851,1
2009-06-28T05:00:00Z,1.1651,1
2009-06-28T06:00:00Z,0.2751,1
2009-06-28T07:00:00Z,-0.7149,1
2009-06-28T08:00:00Z,-1.5149,1
2009-06-28T09:00:00Z,-1.9149,1
2009-06-28T10:00:00Z,-1.8049,1
2009-06-28T11:00:00Z,-1.3049,1
2009-06-28T12:00:00Z,-0.6149,1
2009-06-28T13:00:00Z,0.0951,1
2009-06-28T14:00:00Z,0.7151,1
2009-06-28T15:00:00Z,1.1951,1
2009-06-28T16:00:00Z,1.3751,1
2009-06-28T17:00:00Z,1.1451,1
2009-06-28T18:00:00Z,0.5551,1
2009-06-28T19:00:00Z,-0.2449,1
2009-06-28T20:00:00Z,-0.9849,1
2009-06-28T21:00:00Z,-1.3949,1
2009-06-28T22:00:00Z,-1.3649,1
2009-06-28T23:00:00Z,-0.9949,1
2009-06-29T00:00:00Z,-0.3849,1
2009-06-29T01:00:00Z,0.2951,1
2009-06-29T02:00:00Z,0.9051,1
2009-06-29T03:00:00Z,1.3951,1
2009-06-29T04:00:00Z,1.6451,1
2009-06-29T05:00:00Z,1.5451,1
2009-06-29T06:00:00Z,1.0451,1
2009-06-29T07:00:00Z,0.2451,1
2009-06-29T08:00:00Z,-0.6549,1
2009-06-29T09:00:00Z,-1.3749,1
2009-06-29T10:00:00Z,-1.7149,1
2009-06-29T11:00:00Z,-1.6149,1
2009-06-29T12:00:00Z,-1.1549,1
2009-06-29T13:00:00Z,-0.5549,1
2009-06-29T14:00:00Z,0.0651,1
2009-06-29T15:00:00Z,0.6351,1
2009-06-29T16:00:00Z,1.0551,1
2009-06-29T17:00:00Z,1.2151,1
2009-06-29T18:00:00Z,1.0051,1
2009-06-29T19:00:00Z,0.4551,1
2009-06-29T20:00:00Z,-0.2549,1
2009-06-29T21:00:00Z,-0.8849,1
2009-06-29T22:00:00Z,-1.2549,1
2009-06-29T23:00:00Z,-1.2549,1
2009-06-30T00:00:00Z,-0.9149,1
2009-06-30T01:00:00Z,-0.3949,1
2009-06-30T02:00:00Z,0.1851,1
2009-06-30T03:00:00Z,0.7151,1
2009-06-30T04:00:00Z,1.1551,1
2009-06-30T05:00:00Z,1.3851,1
2009-06-30T06:00:00Z,1.3051,1
2009-06-30T07:00:00Z,0.8551,1
2009-06-30T08:00:00Z,0.1351,1
2009-06-30T09:00:00Z,-0.6549,1
2009-06-30T10:00:00Z,-1.2949,1
2009-06-30T11:00:00Z,-1.6049,1
2009-06-30T12:00:00Z,-1.5249,1
2009-06-30T13:00:00Z,-1.1149,1
2009-06-30T14:00:00Z,-0.5749,1
2009-06-30T15:00:00Z,-0.0049,1
2009-06-30T16:00:00Z,0.5051,1
2009-06-30T17:00:00Z,0.9151,1
2009-06-30T18:00:00Z,1.0651,1
2009-06-30T19:00:00Z,0.9051,1
2009-06-30T20:00:00Z,0.4451,1
2009-06-30T21:00:00Z,-0.1849,1
2009-06-30T22:00:00Z,-0.7649,1
2009-06-30T23:00:00Z,-1.1249,1
2009-07-01T00:00:00Z,-1.1549,1
2009-07-01T01:00:00Z,-0.8749,1
2009-07-01T02:00:00Z,-0.4449,1
2009-07-01T03:00:00Z,0.0551,1
2009-07-01T04:00:00Z,0.5451,1
2009-07-01T05:00:00Z,0.9551,1
2009-07-01T06:00:00Z,1.2051,1
2009-07-01T07:00:00Z,1.1651,1
2009-07-01T08:00:00Z,0.7951,1
2009-07-01T09:00:00Z,0.1651,1
2009-07-01T10:00:00Z,-0.5449,1
2009-07-01T11:00:00Z,-1.1449,1
2009-07-01T12:00:00Z,-1.4449,1
2009-07-01T13:00:00Z,-1.3749,1
2009-07-01T14:00:00Z,-1.0449,1
2009-07-01T15:00:00Z,-0.5449,1
2009-07-01T16:00:00Z,-0.0249,1
2009-07-01T17:00:00Z,0.4651,1
2009-07-01T18:00:00Z,0.8751,1
2009-07-01T19:00:00Z,1.0351,1
2009-07-01T20:00:00Z,0.9151,1
2009-07-01T21:00:00Z,0.4951,1
2009-07-01T22:00:00Z,-0.0749,1
2009-07-01T23:00:00Z,-0.6649,1
2009-07-02T00:00:00Z,-1.0349,1
2009-07-02T01:00:00Z,-1.1349,1
2009-07-02T02:00:00Z,-0.9149,1
2009-07-02T03:00:00Z,-0.5049,1
2009-07-02T04:00:00Z,-0.0749,1
2009-07-02T05:00:00Z,0.3651,1
2009-07-02T06:00:00Z,0.8151,1
2009-07-02T07:00:00Z,1.0951,1
2009-07-02T08:00:00Z,1.1351,1
2009-07-02T09:00:00Z,0.8351,1
2009-07-02T10:00:00Z,0.2651,1
2009-07-02T11:00:00Z,-0.3849,1
2009-07-02T12:00:00Z,-0.9449,1
2009-07-02T13:00:00Z,-1.2449,1
2009-07-02T14:00:00Z,-1.2249,1
2009-07-02T15:00:00Z,-0.9249,1
2009-07-02T16:00:00Z,-0.4749,1
2009-07-02T17:00:00Z,0.0651,1
2009-07-02T18:00:00Z,0.5151,1
2009-07-02T19:00:00Z,0.9051,1
2009-07-02T20:00:00Z,1.1051,1
2009-07-02T21:00:00Z,1.0051,1
2009-07-02T22:00:00Z,0.6051,1
2009-07-02T23:00:00Z,0.0251,1
2009-07-03T00:00:00Z,-0.5749,1
2009-07-03T01:00:00Z,-0.9849,1
2009-07-03T03:00:00Z,-0.9549,1
2009-07-03T04:00:00Z,-0.5949,1
2009-07-03T05:00:00Z,-0.1049,1
2009-07-03T06:00:00Z,0.3751,1
2009-07-03T07:00:00Z,0.8251,1
2009-07-03T08:00:00Z,1.1051,1
2009-07-03T09:00:00Z,1.1551,1
2009-07-03T10:00:00Z,0.8851,1
2009-07-03T11:00:00Z,0.3451,1
2009-07-03T12:00:00Z,-0.2949,1
2009-07-03T13:00:00Z,-0.8149,1
2009-07-03T14:00:00Z,-1.1449,1
2009-07-03T15:00:00Z,-1.1049,1
2009-07-03T16:00:00Z,-0.8249,1
2009-07-03T17:00:00Z,-0.3349,1
2009-07-03T18:00:00Z,0.1951,1
2009-07-03T19:00:00Z,0.6951,1
2009-07-03T20:00:00Z,1.0951,1
2009-07-03T21:00:00Z,1.2751,1
2009-07-03T22:00:00Z,1.1251,1
2009-07-03T23:00:00Z,0.6651,1
2009-07-04T00:00:00Z,0.0351,1
2009-07-04T01:00:00Z,-0.5949,1
2009-07-04T02:00:00Z,-1.0449,1
2009-07-04T03:00:00Z,-1.1949,1
2009-07-04T04:00:00Z,-1.0149,1
2009-07-04T05:00:00Z,-0.6049,1
2009-07-04T06:00:00Z,-0.1049,1
2009-07-04T07:00:00Z,0.3951,1
2009-07-04T08:00:00Z,0.8551,1
2009-07-04T09:00:00Z,1.1751,1
2009-07-04T10:00:00Z,1.1651,1
2009-07-04T11:00:00Z,0.8851,1
2009-07-04T12:00:00Z,0.3351,1
2009-07-04T13:00:00Z,-0.3149,1
2009-07-04T14:00:00Z,-0.8549,1
2009-07-04T15:00:00Z,-1.1649,1
2009-07-04T16:00:00Z,-1.0649,1
2009-07-04T17:00:00Z,-0.7349,1
2009-07-04T18:00:00Z,-0.1848,1
2009-07-04T19:00:00Z,0.3752,1
2009-07-04T20:00:00Z,0.9052,1
2009-07-04T21:00:00Z,1.3152,1
2009-07-04T22:00:00Z,1.4252,1
2009-07-05T00:00:00Z,0.6652,1
2009-07-05T01:00:00Z,-0.0248,1
2009-07-05T02:00:00Z,-0.6848,1
2009-07-05T03:00:00Z,-1.1248,1
2009-07-05T04:00:00Z,-1.2448,1
2009-07-05T05:00:00Z,-1.0048,1
2009-07-05T06:00:00Z,-0.5548,1
2009-07-05T07:00:00Z,-0.0048,1
2009-07-05T08:00:00Z,0.5452,1
2009-07-05T09:00:00Z,1.0052,1
2009-07-05T10:00:00Z,1.2852,1
2009-07-05T11:00:00Z,1.2552,1
2009-07-05T12:00:00Z,0.8552,1
2009-07-05T13:00:00Z,0.2252,1
2009-07-05T14:00:00Z,-0.4648,1
2009-07-05T15:00:00Z,-1.0048,1
2009-07-05T16:00:00Z,-1.2048,1
2009-07-05T17:00:00Z,-1.0248,1
2009-07-05T18:00:00Z,-0.5648,1
2009-07-05T19:00:00Z,0.0552,1
2009-07-05T20:00:00Z,0.6652,1
2009-07-05T21:00:00Z,1.1852,1
2009-07-05T22:00:00Z,1.5152,1
2009-07-05T23:00:00Z,1.5252,1
2009-07-06T00:00:00Z,1.1752,1
2009-07-06T01:00:00Z,0.5452,1
2009-07-06T02:00:00Z,-0.2448,1
2009-07-06T03:00:00Z,-0.9448,1
2009-07-06T04:00:00Z,-1.3248,1
2009-07-06T05:00:00Z,-1.3148,1
2009-07-06T06:00:00Z,-0.9948,1
2009-07-06T07:00:00Z,-0.4648,1
2009-07-06T08:00:00Z,0.1552,1
2009-07-06T09:00:00Z,0.7052,1
2009-07-06T10:00:00Z,1.1452,1
2009-07-06T11:00:00Z,1.3352,1
2009-07-06T12:00:00Z,1.1752,1
2009-07-06T13:00:00Z,0.6652,1
2009-07-06T14:00:00Z,-0.0748,1
2009-07-06T15:00:00Z,-0.7748,1
2009-07-06T16:00:00Z,-1.2748,1
2009-07-06T17:00:00Z,-1.3548,1
2009-07-06T18:00:00Z,-1.0248,1
2009-07-06T19:00:00Z,-0.4448,1
2009-07-06T20:00:00Z,0.1952,1
2009-07-06T21:00:00Z,0.8052,1
2009-07-06T22:00:00Z,1.2752,1
2009-07-06T23:00:00Z,1.5152,1
2009-07-07T00:00:00Z,1.3852,1
2009-07-07T01:00:00Z,0.8952,1
2009-07-07T02:00:00Z,0.1352,1
2009-07-07T03:00:00Z,-0.6848,1
2009-07-07T04:00:00Z,-1.3248,1
2009-07-07T05:00:00Z,-1.5848,1
2009-07-07T06:00:00Z,-1.4648,1
2009-07-07T07:00:00Z,-0.9948,1
2009-07-07T08:00:00Z,-0.3648,1
2009-07-07T09:00:00Z,0.2552,1
2009-07-07T10:00:00Z,0.7852,1
2009-07-07T11:00:00Z,1.1452,1
2009-07-07T12:00:00Z,1.2152,1
2009-07-07T13:00:00Z,0.9052,1
2009-07-07T14:00:00Z,0.2652,1
2009-07-07T15:00:00Z,-0.4948,1
2009-07-07T16:00:00Z,-1.1648,1
2009-07-07T17:00:00Z,-1.4648,1
2009-07-07T18:00:00Z,-1.3748,1
2009-07-07T19:00:00Z,-0.9148,1
2009-07-07T20:00:00Z,-0.2548,1
2009-07-07T21:00:00Z,0.4252,1
2009-07-07T22:00:00Z,1.0152,1
2009-07-07T23:00:00Z,1.3852,1
2009-07-08T00:00:00Z,1.4652,1
2009-07-08T01:00:00Z,1.1752,1
2009-07-08T02:00:00Z,0.5352,1
2009-07-08T03:00:00Z,-0.3048,1
2009-07-08T04:00:00Z,-1.1248,1
2009-07-08T05:00:00Z,-1.6448,1
2009-07-08T06:00:00Z,-1.7148,1
2009-07-08T07:00:00Z,-1.4148,1
2009-07-08T08:00:00Z,-0.8548,1
2009-07-08T09:00:00Z,-0.1848,1
2009-07-08T10:00:00Z,0.4252,1
2009-07-08T11:00:00Z,0.9152,1
2009-07-08T12:00:00Z,1.1752,1
2009-07-08T13:00:00Z,1.0752,1
2009-07-08T14:00:00Z,0.6152,1
2009-07-08T15:00:00Z,-0.1048,1
2009-07-08T16:00:00Z,-0.8748,1
2009-07-08T17:00:00Z,-1.4248,1
2009-07-08T18:00:00Z,-1.5548,1
2009-07-08T19:00:00Z,-1.2748,1
2009-07-08T20:00:00Z,-0.6648,1
2009-07-08T21:00:00Z,0.0452,1
2009-07-08T22:00:00Z,0.7052,1
2009-07-08T23:00:00Z,1.2152,1
2009-07-09T00:00:00Z,1.4952,1
2009-07-09T02:00:00Z,0.9552,1
2009-07-09T03:00:00Z,0.1852,1
2009-07-09T04:00:00Z,-0.6848,1
2009-07-09T05:00:00Z,-1.4248,1
2009-07-09T06:00:00Z,-1.7548,1
2009-07-09T07:00:00Z,-1.6548,1
2009-07-09T08:00:00Z,-1.1848,1
2009-07-09T09:00:00Z,-0.5448,1
2009-07-09T10:00:00Z,0.1552,1
2009-07-09T11:00:00Z,0.7252,1
2009-07-09T12:00:00Z,1.1252,1
2009-07-09T13:00:00Z,1.2152,1
2009-07-09T14:00:00Z,0.9552,1
2009-07-09T15:00:00Z,0.3252,1
2009-07-09T16:00:00Z,-0.4748,1
2009-07-09T17:00:00Z,-1.1848,1
2009-07-09T18:00:00Z,-1.5748,1
2009-07-09T19:00:00Z,-1.5148,1
2009-07-09T20:00:00Z,-1.0548,1
2009-07-09T21:00:00Z,-0.3448,1
2009-07-09T22:00:00Z,0.3652,1
2009-07-09T23:00:00Z,0.9852,1
2009-07-10T00:00:00Z,1.4152,1
2009-07-10T01:00:00Z,1.5352,1
2009-07-10T02:00:00Z,1.2752,1
2009-07-10T03:00:00Z,0.6852,1
2009-07-10T04:00:00Z,-0.1848,1
2009-07-10T05:00:00Z,-1.0248,1
2009-07-10T06:00:00Z,-1.6048,1
2009-07-10T07:00:00Z,-1.7448,1
2009-07-10T08:00:00Z,-1.4548,1
2009-07-10T09:00:00Z,-0.8848,1
2009-07-10T10:00:00Z,-0.1948,1
2009-07-10T11:00:00Z,0.4452,1
2009-07-10T12:00:00Z,0.9252,1
2009-07-10T13:00:00Z,1.2052,1
2009-07-10T14:00:00Z,1.1752,1
2009-07-10T15:00:00Z,0.7352,1
2009-07-10T16:00:00Z,0.0152,1
2009-07-10T17:00:00Z,-0.7548,1
2009-07-10T18:00:00Z,-1.3448,1
2009-07-10T19:00:00Z,-1.5148,1
2009-07-10T20:00:00Z,-1.2948,1
2009-07-10T21:00:00Z,-0.7048,1
2009-07-10T22:00:00Z,0.0452,1
2009-07-10T23:00:00Z,0.7152,1
2009-07-11T00:00:00Z,1.2552,1
2009-07-11T01:00:00Z,1.5652,1
2009-07-11T02:00:00Z,1.5252,1
2009-07-11T03:00:00Z,1.1252,1
2009-07-11T04:00:00Z,0.3752,1
2009-07-11T05:00:00Z,-0.5048,1
2009-07-11T06:00:00Z,-1.2648,1
2009-07-11T07:00:00Z,-1.6648,1
2009-07-11T08:00:00Z,-1.6048,1
2009-07-11T09:00:00Z,-1.1848,1
2009-07-11T10:00:00Z,-0.5848,1
2009-07-11T11:00:00Z,0.0852,1
2009-07-11T12:00:00Z,0.6452,1
2009-07-11T13:00:00Z,1.0652,1
2009-07-11T14:00:00Z,1.2152,1
2009-07-11T15:00:00Z,1.0152,1
2009-07-11T16:00:00Z,0.4752,1
2009-07-11T17:00:00Z,-0.2548,1
2009-07-11T18:00:00Z,-0.9448,1
2009-07-11T19:00:00Z,-1.2948,1
2009-07-11T20:00:00Z,-1.2848,1
2009-07-11T21:00:00Z,-0.8848,1
2009-07-11T22:00:00Z,-0.2648,1
2009-07-11T23:00:00Z,0.4452,1
2009-07-12T00:00:00Z,1.0552,1
2009-07-12T01:00:00Z,1.4952,1
2009-07-12T02:00:00Z,1.6952,1
2009-07-12T03:00:00Z,1.4552,1
2009-07-12T04:00:00Z,0.8552,1
2009-07-12T05:00:00Z,0.0252,1
2009-07-12T06:00:00Z,-0.7948,1
2009-07-12T07:00:00Z,-1.3948,1
2009-07-12T08:00:00Z,-1.5648,1
2009-07-12T09:00:00Z,-1.3348,1
2009-07-12T10:00:00Z,-0.7548,1
2009-07-12T11:00:00Z,-0.0848,1
2009-07-12T12:00:00Z,0.5452,1
2009-07-12T13:00:00Z,1.0652,1
2009-07-12T14:00:00Z,1.3652,1
2009-07-12T15:00:00Z,1.3252,1
2009-07-12T16:00:00Z,0.9652,1
2009-07-12T17:00:00Z,0.2852,1
2009-07-12T18:00:00Z,-0.4748,1
2009-07-12T19:00:00Z,-1.0948,1
2009-07-12T20:00:00Z,-1.3448,1
2009-07-12T21:00:00Z,-1.2348,1
2009-07-12T22:00:00Z,-0.7648,1
2009-07-12T23:00:00Z,-0.1148,1
2009-07-13T00:00:00Z,0.5252,1
2009-07-13T01:00:00Z,1.0452,1
2009-07-13T02:00:00Z,1.4152,1
2009-07-13T03:00:00Z,1.4552,1
2009-07-13T04:00:00Z,1.1652,1
2009-07-13T05:00:00Z,0.5452,1
2009-07-13T06:00:00Z,-0.2448,1
2009-07-13T07:00:00Z,-0.9848,1
2009-07-13T08:00:00Z,-1.4248,1
2009-07-13T09:00:00Z,-1.4548,1
2009-07-13T10:00:00Z,-1.1148,1
2009-07-13T11:00:00Z,-0.5448,1
2009-07-13T12:00:00Z,0.0652,1
2009-07-13T13:00:00Z,0.6152,1
2009-07-13T14:00:00Z,1.0752,1
2009-07-13T15:00:00Z,1.2652,1
2009-07-13T16:00:00Z,1.1353,1
2009-07-13T17:00:00Z,0.7253,1
2009-07-13T18:00:00Z,-0.0047,1
2009-07-13T19:00:00Z,-0.6247,1
2009-07-13T20:00:00Z,-1.1347,1
2009-07-13T21:00:00Z,-1.2147,1
2009-07-13T22:00:00Z,-0.9947,1
2009-07-13T23:00:00Z,-0.4647,1
2009-07-14T00:00:00Z,0.1553,1
2009-07-14T01:00:00Z,0.7353,1
2009-07-14T02:00:00Z,1.2153,1
2009-07-14T03:00:00Z,1.4853,1
2009-07-14T04:00:00Z,1.4153,1
2009-07-14T05:00:00Z,0.9953,1
2009-07-14T06:00:00Z,0.3153,1
2009-07-14T07:00:00Z,-0.4547,1
2009-07-14T08:00:00Z,-1.0647,1
2009-07-14T09:00:00Z,-1.3747,1
2009-07-14T10:00:00Z,-1.2947,1
2009-07-14T11:00:00Z,-0.9247,1
2009-07-14T12:00:00Z,-0.4047,1
2009-07-14T13:00:00Z,0.1553,1
2009-07-14T14:00:00Z,0.6653,1
2009-07-14T15:00:00Z,1.0253,1
2009-07-14T16:00:00Z,1.1653,1
2009-07-14T17:00:00Z,0.9653,1
2009-07-14T18:00:00Z,0.4653,1
2009-07-14T19:00:00Z,-0.1747,1
2009-07-14T20:00:00Z,-0.7547,1
2009-07-14T21:00:00Z,-1.1047,1
2009-07-14T22:00:00Z,-1.1047,1
2009-07-14T23:00:00Z,-0.8147,1
2009-07-15T00:00:00Z,-0.3047,1
2009-07-15T01:00:00Z,0.2753,1
2009-07-15T02:00:00Z,0.8253,1
2009-07-15T03:00:00Z,1.2153,1
2009-07-15T04:00:00Z,1.3853,1
2009-07-15T05:00:00Z,1.2353,1
2009-07-15T06:00:00Z,0.7753,1
2009-07-15T07:00:00Z,0.0753,1
2009-07-15T08:00:00Z,-0.6447,1
2009-07-15T09:00:00Z,-1.1847,1
2009-07-15T10:00:00Z,-1.3947,1
2009-07-15T11:00:00Z,-1.2447,1
2009-07-15T12:00:00Z,-0.8447,1
2009-07-15T13:00:00Z,-0.3447,1
2009-07-15T14:00:00Z,0.1553,1
2009-07-15T15:00:00Z,0.6253,1
2009-07-15T16:00:00Z,0.9453,1
2009-07-15T17:00:00Z,1.0253,1
2009-07-15T18:00:00Z,0.7853,1
2009-07-15T19:00:00Z,0.2853,1
2009-07-15T20:00:00Z,-0.3047,1
2009-07-15T21:00:00Z,-0.8247,1
2009-07-15T22:00:00Z,-1.1347,1
2009-07-15T23:00:00Z,-1.1047,1
2009-07-16T00:00:00Z,-0.8247,1
2009-07-16T01:00:00Z,-0.3347,1
2009-07-16T02:00:00Z,0.1753,1
2009-07-16T03:00:00Z,0.6753,1
2009-07-16T04:00:00Z,1.0553,1
2009-07-16T05:00:00Z,1.1653,1
2009-07-16T06:00:00Z,1.0453,1
2009-07-16T07:00:00Z,0.5553,1
2009-07-16T08:00:00Z,-0.0847,1
2009-07-16T09:00:00Z,-0.7447,1
2009-07-16T10:00:00Z,-1.2247,1
2009-07-16T11:00:00Z,-1.3747,1
2009-07-16T12:00:00Z,-1.2447,1
2009-07-16T13:00:00Z,-0.8647,1
2009-07-16T14:00:00Z,-0.4347,1
2009-07-16T15:00:00Z,0.0653,1
2009-07-16T16:00:00Z,0.5453,1
2009-07-16T17:00:00Z,0.8553,1
2009-07-16T18:00:00Z,0.9853,1
2009-07-16T19:00:00Z,0.7853,1
2009-07-16T20:00:00Z,0.3653,1
2009-07-16T21:00:00Z,-0.2047,1
2009-07-16T22:00:00Z,-0.7347,1
2009-07-16T23:00:00Z,-1.0647,1
2009-07-17T00:00:00Z,-1.0647,1
2009-07-17T01:00:00Z,-0.8347,1
2009-07-17T02:00:00Z,-0.4047,1
2009-07-17T03:00:00Z,0.0653,1
2009-07-17T04:00:00Z,0.5153,1
2009-07-17T05:00:00Z,0.8653,1
2009-07-17T06:00:00Z,1.0253,1
2009-07-17T07:00:00Z,0.9053,1
2009-07-17T08:00:00Z,0.4953,1
2009-07-17T09:00:00Z,-0.0947,1
2009-07-17T10:00:00Z,-0.7247,1
2009-07-17T11:00:00Z,-1.1647,1
2009-07-17T12:00:00Z,-1.3847,1
2009-07-17T13:00:00Z,-1.2747,1
2009-07-17T14:00:00Z,-0.9747,1
2009-07-17T15:00:00Z,-0.5047,1
2009-07-17T16:00:00Z,-0.0247,1
2009-07-17T17:00:00Z,0.4553,1
2009-07-17T18:00:00Z,0.8253,1
2009-07-17T19:00:00Z,0.9253,1
2009-07-17T20:00:00Z,0.8053,1
2009-07-17T21:00:00Z,0.3853,1
2009-07-17T22:00:00Z,-0.1747,1
2009-07-17T23:00:00Z,-0.7647,1
2009-07-18T00:00:00Z,-1.1447,1
2009-07-18T01:00:00Z,-1.2247,1
2009-07-18T02:00:00Z,-0.9947,1
2009-07-18T03:00:00Z,-0.6047,1
2009-07-18T04:00:00Z,-0.1247,1
2009-07-18T05:00:00Z,0.3553,1
2009-07-18T06:00:00Z,0.7353,1
2009-07-18T07:00:00Z,0.9753,1
2009-07-18T08:00:00Z,0.9453,1
2009-07-18T09:00:00Z,0.6253,1
2009-07-18T10:00:00Z,0.0553,1
2009-07-18T11:00:00Z,-0.5447,1
2009-07-18T13:00:00Z,-1.3247,1
2009-07-18T14:00:00Z,-1.2747,1
2009-07-18T15:00:00Z,-0.9847,1
2009-07-18T16:00:00Z,-0.5247,1
2009-07-18T17:00:00Z,0.0053,1
2009-07-18T18:00:00Z,0.5253,1
2009-07-18T19:00:00Z,0.9653,1
2009-07-18T20:00:00Z,1.1653,1
2009-07-18T21:00:00Z,1.0353,1
2009-07-18T22:00:00Z,0.5953,1
2009-07-18T23:00:00Z,-0.0447,1
2009-07-19T00:00:00Z,-0.6647,1
2009-07-19T01:00:00Z,-1.1447,1
2009-07-19T02:00:00Z,-1.3147,1
2009-07-19T03:00:00Z,-1.1347,1
2009-07-19T04:00:00Z,-0.7147,1
2009-07-19T05:00:00Z,-0.1447,1
2009-07-19T06:00:00Z,0.4053,1
2009-07-19T07:00:00Z,0.8953,1
2009-07-19T08:00:00Z,1.2353,1
2009-07-19T09:00:00Z,1.2353,1
2009-07-19T10:00:00Z,0.9053,1
2009-07-19T11:00:00Z,0.3153,1
2009-07-19T12:00:00Z,-0.3747,1
2009-07-19T13:00:00Z,-0.9647,1
2009-07-19T14:00:00Z,-1.3147,1
2009-07-19T15:00:00Z,-1.3347,1
2009-07-19T16:00:00Z,-1.0547,1
2009-07-19T17:00:00Z,-0.5147,1
2009-07-19T18:00:00Z,0.0653,1
2009-07-19T19:00:00Z,0.6453,1
2009-07-19T20:00:00Z,1.1553,1
2009-07-19T21:00:00Z,1.3853,1
2009-07-19T22:00:00Z,1.2653,1
2009-07-19T23:00:00Z,0.7453,1
2009-07-20T00:00:00Z,0.0153,1
2009-07-20T01:00:00Z,-0.7547,1
2009-07-20T02:00:00Z,-1.3347,1
2009-07-20T03:00:00Z,-1.5447,1
2009-07-20T04:00:00Z,-1.3647,1
2009-07-20T05:00:00Z,-0.8847,1
2009-07-20T06:00:00Z,-0.2247,1
2009-07-20T07:00:00Z,0.4053,1
2009-07-20T08:00:00Z,0.9753,1
2009-07-20T09:00:00Z,1.3353,1
2009-07-20T10:00:00Z,1.3553,1
2009-07-20T11:00:00Z,1.0153,1
2009-07-20T12:00:00Z,0.3453,1
2009-07-20T13:00:00Z,-0.4447,1
2009-07-20T14:00:00Z,-1.1347,1
2009-07-20T15:00:00Z,-1.5047,1
2009-07-20T16:00:00Z,-1.4747,1
2009-07-20T17:00:00Z,-1.0347,1
2009-07-20T18:00:00Z,-0.4047,1
2009-07-20T19:00:00Z,0.3153,1
2009-07-20T20:00:00Z,0.9653,1
2009-07-20T21:00:00Z,1.4853,1
2009-07-20T22:00:00Z,1.7053,1
2009-07-20T23:00:00Z,1.4853,1
2009-07-21T00:00:00Z,0.8153,1
2009-07-21T01:00:00Z,-0.0247,1
2009-07-21T02:00:00Z,-0.9347,1
2009-07-21T03:00:00Z,-1.5647,1
2009-07-21T04:00:00Z,-1.7747,1
2009-07-21T05:00:00Z,-1.4747,1
2009-07-21T06:00:00Z,-0.8647,1
2009-07-21T07:00:00Z,-0.1047,1
2009-07-21T08:00:00Z,0.6553,1
2009-07-21T09:00:00Z,1.2853,1
2009-07-21T10:00:00Z,1.7153,1
2009-07-21T11:00:00Z,1.7053,1
2009-07-21T12:00:00Z,1.2853,1
2009-07-21T13:00:00Z,0.4953,1
2009-07-21T14:00:00Z,-0.4047,1
2009-07-21T15:00:00Z,-1.1747,1
2009-07-21T16:00:00Z,-1.5347,1
2009-07-21T17:00:00Z,-1.4747,1
2009-07-21T18:00:00Z,-0.9347,1
2009-07-21T19:00:00Z,-0.2147,1
2009-07-21T20:00:00Z,0.6053,1
2009-07-21T21:00:00Z,1.3153,1
2009-07-21T22:00:00Z,1.8453,1
2009-07-22T00:00:00Z,1.6753,1
2009-07-22T01:00:00Z,0.9253,1
2009-07-22T02:00:00Z,-0.0347,1
2009-07-22T03:00:00Z,-1.0147,1
2009-07-22T04:00:00Z,-1.6147,1
2009-07-22T05:00:00Z,-1.7447,1
2009-07-22T06:00:00Z,-1.3947,1
2009-07-22T07:00:00Z,-0.7147,1
2009-07-22T08:00:00Z,0.1553,1
2009-07-22T09:00:00Z,0.9253,1
2009-07-22T10:00:00Z,1.5653,1
2009-07-22T11:00:00Z,1.9153,1
2009-07-22T12:00:00Z,1.7953,1
2009-07-22T13:00:00Z,1.2353,1
2009-07-22T14:00:00Z,0.3254,1
2009-07-22T15:00:00Z,-0.6946,1
2009-07-22T16:00:00Z,-1.4746,1
2009-07-22T17:00:00Z,-1.7546,1
2009-07-22T18:00:00Z,-1.4846,1
2009-07-22T19:00:00Z,-0.7946,1
2009-07-22T20:00:00Z,0.0654,1
2009-07-22T21:00:00Z,0.9154,1
2009-07-22T23:00:00Z,2.0654,1
2009-07-23T00:00:00Z,2.0854,1
2009-07-23T01:00:00Z,1.5954,1
2009-07-23T02:00:00Z,0.7054,1
2009-07-23T03:00:00Z,-0.4446,1
2009-07-23T04:00:00Z,-1.4946,1
2009-07-23T05:00:00Z,-2.1046,1
2009-07-23T06:00:00Z,-2.1446,1
2009-07-23T07:00:00Z,-1.6246,1
2009-07-23T08:00:00Z,-0.7846,1
2009-07-23T09:00:00Z,0.1354,1
2009-07-23T10:00:00Z,0.9554,1
2009-07-23T11:00:00Z,1.5754,1
2009-07-23T12:00:00Z,1.8754,1
2009-07-23T13:00:00Z,1.6954,1
2009-07-23T14:00:00Z,1.0754,1
2009-07-23T15:00:00Z,0.0554,1
2009-07-23T16:00:00Z,-0.9946,1
2009-07-23T17:00:00Z,-1.6846,1
2009-07-23T18:00:00Z,-1.8846,1
2009-07-23T19:00:00Z,-1.4546,1
2009-07-23T20:00:00Z,-0.6446,1
2009-07-23T21:00:00Z,0.3054,1
2009-07-23T22:00:00Z,1.1254,1
2009-07-23T23:00:00Z,1.7654,1
2009-07-24T00:00:00Z,2.1454,1
2009-07-24T01:00:00Z,2.0554,1
2009-07-24T02:00:00Z,1.4954,1
2009-07-24T03:00:00Z,0.4854,1
2009-07-24T04:00:00Z,-0.6846,1
2009-07-24T05:00:00Z,-1.7146,1
2009-07-24T06:00:00Z,-2.2446,1
2009-07-24T07:00:00Z,-2.1846,1
2009-07-24T08:00:00Z,-1.5946,1
2009-07-24T09:00:00Z,-0.7046,1
2009-07-24T10:00:00Z,0.2354,1
2009-07-24T11:00:00Z,0.9954,1
2009-07-24T12:00:00Z,1.5654,1
2009-07-24T13:00:00Z,1.7554,1
2009-07-24T14:00:00Z,1.4754,1
2009-07-24T15:00:00Z,0.7154,1
2009-07-24T16:00:00Z,-0.3546,1
2009-07-24T17:00:00Z,-1.3546,1
2009-07-24T18:00:00Z,-1.9146,1
2009-07-24T19:00:00Z,-1.8946,1
2009-07-24T20:00:00Z,-1.4046,1
2009-07-24T21:00:00Z,-0.5346,1
2009-07-24T22:00:00Z,0.3854,1
2009-07-24T23:00:00Z,1.1754,1
2009-07-25T00:00:00Z,1.7354,1
2009-07-25T01:00:00Z,2.0154,1
2009-07-25T02:00:00Z,1.8354,1
2009-07-25T03:00:00Z,1.1854,1
2009-07-25T04:00:00Z,0.0854,1
2009-07-25T05:00:00Z,-1.1046,1
2009-07-25T06:00:00Z,-2.0246,1
2009-07-25T07:00:00Z,-2.4246,1
2009-07-25T08:00:00Z,-2.2446,1
2009-07-25T09:00:00Z,-1.5546,1
2009-07-25T10:00:00Z,-0.6146,1
2009-07-25T11:00:00Z,0.2654,1
2009-07-25T12:00:00Z,0.9554,1
2009-07-25T13:00:00Z,1.4454,1
2009-07-25T14:00:00Z,1.5254,1
2009-07-25T15:00:00Z,1.1754,1
2009-07-25T16:00:00Z,0.3654,1
2009-07-25T17:00:00Z,-0.6946,1
2009-07-25T18:00:00Z,-1.5846,1
2009-07-25T19:00:00Z,-2.0046,1
2009-07-25T20:00:00Z,-1.8946,1
2009-07-25T21:00:00Z,-1.2746,1
2009-07-25T22:00:00Z,-0.3746,1
2009-07-25T23:00:00Z,0.5154,1
2009-07-26T00:00:00Z,1.2554,1
2009-07-26T01:00:00Z,1.8054,1
2009-07-26T02:00:00Z,2.0454,1
2009-07-26T03:00:00Z,1.7754,1
2009-07-26T04:00:00Z,1.0654,1
2009-07-26T05:00:00Z,-0.0046,1
2009-07-26T06:00:00Z,-1.0846,1
2009-07-26T07:00:00Z,-1.8446,1
2009-07-26T08:00:00Z,-2.0746,1
2009-07-26T09:00:00Z,-1.8146,1
2009-07-26T10:00:00Z,-1.1446,1
2009-07-26T11:00:00Z,-0.2146,1
2009-07-26T12:00:00Z,0.5954,1
2009-07-26T13:00:00Z,1.2454,1
2009-07-26T14:00:00Z,1.6254,1
2009-07-26T15:00:00Z,1.6154,1
2009-07-26T16:00:00Z,1.1554,1
2009-07-26T17:00:00Z,0.2954,1
2009-07-26T18:00:00Z,-0.6546,1
2009-07-26T19:00:00Z,-1.4246,1
2009-07-26T20:00:00Z,-1.6846,1
2009-07-26T21:00:00Z,-1.4546,1
2009-07-26T22:00:00Z,-0.8246,1
2009-07-26T23:00:00Z,-0.0046,1
2009-07-27T00:00:00Z,0.7754,1
2009-07-27T01:00:00Z,1.3754,1
2009-07-27T02:00:00Z,1.8354,1
2009-07-27T03:00:00Z,1.9254,1
2009-07-27T04:00:00Z,1.6054,1
2009-07-27T05:00:00Z,0.8754,1
2009-07-27T06:00:00Z,-0.1246,1
2009-07-27T07:00:00Z,-1.1246,1
2009-07-27T08:00:00Z,-1.7646,1
2009-07-27T09:00:00Z,-1.9046,1
2009-07-27T11:00:00Z,-0.8746,1
2009-07-27T12:00:00Z,-0.1146,1
2009-07-27T13:00:00Z,0.5754,1
2009-07-27T14:00:00Z,1.0854,1
2009-07-27T15:00:00Z,1.3954,1
2009-07-27T16:00:00Z,1.3054,1
2009-07-27T17:00:00Z,0.8454,1
2009-07-27T18:00:00Z,0.0754,1
2009-07-27T19:00:00Z,-0.7646,1
2009-07-27T20:00:00Z,-1.3746,1
2009-07-27T21:00:00Z,-1.5546,1
2009-07-27T22:00:00Z,-1.3446,1
2009-07-27T23:00:00Z,-0.7646,1
2009-07-28T00:00:00Z,-0.0546,1
2009-07-28T01:00:00Z,0.6054,1
2009-07-28T02:00:00Z,1.1854,1
2009-07-28T03:00:00Z,1.5454,1
2009-07-28T04:00:00Z,1.5954,1
2009-07-28T05:00:00Z,1.2654,1
2009-07-28T06:00:00Z,0.5754,1
2009-07-28T07:00:00Z,-0.2646,1
2009-07-28T08:00:00Z,-1.0646,1
2009-07-28T09:00:00Z,-1.5146,1
2009-07-28T10:00:00Z,-1.5946,1
2009-07-28T11:00:00Z,-1.2146,1
2009-07-28T12:00:00Z,-0.6146,1
2009-07-30T14:00:00Z,-0.5046,1
2009-07-30T15:00:00Z,-0.0746,1
2009-07-30T16:00:00Z,0.3554,1
2009-07-30T17:00:00Z,0.7154,1
2009-07-30T18:00:00Z,0.9254,1
2009-07-30T19:00:00Z,0.8454,1
2009-07-30T20:00:00Z,0.5354,1
2009-07-30T21:00:00Z,0.0154,1
2009-07-30T22:00:00Z,-0.4946,1
2009-07-30T23:00:00Z,-0.9246,1
2009-07-31T00:00:00Z,-1.1046,1
2009-07-31T01:00:00Z,-1.0246,1
2009-07-31T02:00:00Z,-0.7646,1
2009-07-31T03:00:00Z,-0.3846,1
2009-07-31T04:00:00Z,0.0554,1
2009-07-31T05:00:00Z,0.4654,1
2009-07-31T06:00:00Z,0.7954,1
2009-07-31T07:00:00Z,0.9254,1
2009-07-31T08:00:00Z,0.7954,1
2009-07-31T09:00:00Z,0.3954,1
2009-07-31T10:00:00Z,-0.1246,1
2009-07-31T11:00:00Z,-0.6046,1
2009-07-31T12:00:00Z,-0.9146,1
2009-07-31T13:00:00Z,-0.9745,1
2009-07-31T14:00:00Z,-0.8045,1
2009-07-31T15:00:00Z,-0.4845,1
2009-07-31T16:00:00Z,-0.0245,1
2009-07-31T17:00:00Z,0.3655,1
2009-07-31T18:00:00Z,0.7555,1
2009-07-31T19:00:00Z,0.9855,1
2009-07-31T20:00:00Z,1.0755,1
2009-07-31T21:00:00Z,0.8555,1
2009-07-31T22:00:00Z,0.4155,1
2009-07-31T23:00:00Z,-0.1045,1
2009-08-01T00:00:00Z,-0.4945,1
2009-08-01T01:00:00Z,-0.7645,1
2009-08-01T02:00:00Z,-0.8045,1
2009-08-01T03:00:00Z,-0.6145,1
2009-08-01T04:00:00Z,-0.2745,1
2009-08-01T05:00:00Z,0.1155,1
2009-08-01T06:00:00Z,0.5255,1
2009-08-01T07:00:00Z,0.8355,1
2009-08-01T08:00:00Z,1.0155,1
2009-08-01T09:00:00Z,0.9055,1
2009-08-01T10:00:00Z,0.5555,1
2009-08-01T11:00:00Z,0.0855,1
2009-08-01T12:00:00Z,-0.4145,1
2009-08-01T13:00:00Z,-0.8145,1
2009-08-01T14:00:00Z,-0.9645,1
2009-08-01T15:00:00Z,-0.8445,1
2009-08-01T16:00:00Z,-0.5045,1
2009-08-01T17:00:00Z,-0.1045,1
2009-08-01T18:00:00Z,0.3655,1
2009-08-01T19:00:00Z,0.7955,1
2009-08-01T20:00:00Z,1.0855,1
2009-08-01T21:00:00Z,1.1355,1
2009-08-01T22:00:00Z,0.9155,1
2009-08-01T23:00:00Z,0.4755,1
2009-08-02T00:00:00Z,-0.0845,1
2009-08-02T01:00:00Z,-0.6145,1
2009-08-02T02:00:00Z,-0.9845,1
2009-08-02T03:00:00Z,-1.0845,1
2009-08-02T04:00:00Z,-0.9245,1
2009-08-02T05:00:00Z,-0.6045,1
2009-08-02T06:00:00Z,-0.1745,1
2009-08-02T07:00:00Z,0.2755,1
2009-08-02T08:00:00Z,0.6555,1
2009-08-02T09:00:00Z,0.8755,1
2009-08-02T10:00:00Z,0.8655,1
2009-08-02T11:00:00Z,0.5555,1
2009-08-02T12:00:00Z,0.0755,1
2009-08-02T13:00:00Z,-0.4545,1
2009-08-02T14:00:00Z,-0.8645,1
2009-08-02T15:00:00Z,-1.0345,1
2009-08-02T16:00:00Z,-0.8945,1
2009-08-02T17:00:00Z,-0.5545,1
2009-08-02T18:00:00Z,-0.0545,1
2009-08-02T19:00:00Z,0.4355,1
2009-08-02T20:00:00Z,0.8855,1
2009-08-02T21:00:00Z,1.1755,1
2009-08-02T22:00:00Z,1.2255,1
2009-08-02T23:00:00Z,0.9555,1
2009-08-03T00:00:00Z,0.4155,1
2009-08-03T01:00:00Z,-0.2345,1
2009-08-03T02:00:00Z,-0.8145,1
2009-08-03T03:00:00Z,-1.1845,1
2009-08-03T04:00:00Z,-1.2245,1
2009-08-03T05:00:00Z,-0.9845,1
2009-08-03T06:00:00Z,-0.5545,1
2009-08-03T07:00:00Z,-0.0245,1
2009-08-03T08:00:00Z,0.4855,1
2009-08-03T09:00:00Z,0.8855,1
2009-08-03T10:00:00Z,1.1155,1
2009-08-03T11:00:00Z,1.0055,1
2009-08-03T12:00:00Z,0.5955,1
2009-08-03T13:00:00Z,0.0155,1
2009-08-03T14:00:00Z,-0.5945,1
2009-08-03T15:00:00Z,-1.0245,1
2009-08-03T16:00:00Z,-1.1345,1
2009-08-03T17:00:00Z,-0.8945,1
2009-08-03T18:00:00Z,-0.4245,1
2009-08-03T19:00:00Z,0.1455,1
2009-08-03T20:00:00Z,0.7055,1
2009-08-03T21:00:00Z,1.1955,1
2009-08-03T23:00:00Z,1.3555,1
2009-08-04T00:00:00Z,0.9455,1
2009-08-04T01:00:00Z,0.2955,1
2009-08-04T02:00:00Z,-0.4345,1
2009-08-04T03:00:00Z,-1.0345,1
2009-08-04T04:00:00Z,-1.3445,1
2009-08-04T05:00:00Z,-1.2545,1
2009-08-04T06:00:00Z,-0.8845,1
2009-08-04T07:00:00Z,-0.3245,1
2009-08-04T08:00:00Z,0.2655,1
2009-08-04T09:00:00Z,0.7655,1
2009-08-04T10:00:00Z,1.1455,1
2009-08-04T11:00:00Z,1.2655,1
2009-08-04T12:00:00Z,1.0255,1
2009-08-04T13:00:00Z,0.4355,1
2009-08-04T14:00:00Z,-0.2545,1
2009-08-04T15:00:00Z,-0.9045,1
2009-08-04T16:00:00Z,-1.2545,1
2009-08-04T17:00:00Z,-1.2345,1
2009-08-04T18:00:00Z,-0.8345,1
2009-08-04T19:00:00Z,-0.2345,1
2009-08-04T20:00:00Z,0.4255,1
2009-08-04T21:00:00Z,1.0055,1
2009-08-04T22:00:00Z,1.4055,1
2009-08-04T23:00:00Z,1.5455,1
2009-08-05T00:00:00Z,1.2955,1
2009-08-05T01:00:00Z,0.7355,1
2009-08-05T02:00:00Z,-0.0445,1
2009-08-05T03:00:00Z,-0.8345,1
2009-08-05T04:00:00Z,-1.3545,1
2009-08-05T05:00:00Z,-1.5045,1
2009-08-05T06:00:00Z,-1.2745,1
2009-08-05T07:00:00Z,-0.7445,1
2009-08-05T08:00:00Z,-0.1145,1
2009-08-05T09:00:00Z,0.5055,1
2009-08-05T10:00:00Z,1.0055,1
2009-08-05T11:00:00Z,1.2755,1
2009-08-05T12:00:00Z,1.2255,1
2009-08-05T13:00:00Z,0.8055,1
2009-08-05T14:00:00Z,0.1255,1
2009-08-05T15:00:00Z,-0.6645,1
2009-08-05T16:00:00Z,-1.2445,1
2009-08-05T17:00:00Z,-1.4545,1
2009-08-05T18:00:00Z,-1.2145,1
2009-08-05T19:00:00Z,-0.6545,1
2009-08-05T20:00:00Z,0.0855,1
2009-08-05T21:00:00Z,0.7555,1
2009-08-05T22:00:00Z,1.2755,1
2009-08-05T23:00:00Z,1.5655,1
2009-08-06T00:00:00Z,1.5155,1
2009-08-06T01:00:00Z,1.1055,1
2009-08-06T02:00:00Z,0.3455,1
2009-08-06T03:00:00Z,-0.5245,1
2009-08-06T04:00:00Z,-1.2945,1
2009-08-06T05:00:00Z,-1.6745,1
2009-08-06T06:00:00Z,-1.6445,1
2009-08-06T07:00:00Z,-1.2145,1
2009-08-06T08:00:00Z,-0.5745,1
2009-08-06T09:00:00Z,0.0955,1
2009-08-06T10:00:00Z,0.6655,1
2009-08-06T11:00:00Z,1.0955,1
2009-08-06T12:00:00Z,1.2255,1
2009-08-06T13:00:00Z,0.9955,1
2009-08-06T14:00:00Z,0.3855,1
2009-08-06T15:00:00Z,-0.4145,1
2009-08-06T16:00:00Z,-1.1645,1
2009-08-06T17:00:00Z,-1.5845,1
2009-08-06T18:00:00Z,-1.5645,1
2009-08-06T19:00:00Z,-1.1245,1
2009-08-06T20:00:00Z,-0.4045,1
2009-08-06T21:00:00Z,0.3655,1
2009-08-06T22:00:00Z,1.0055,1
2009-08-06T23:00:00Z,1.4555,1
2009-08-07T00:00:00Z,1.6055,1
2009-08-07T01:00:00Z,1.3555,1
2009-08-07T02:00:00Z,0.7555,1
2009-08-07T03:00:00Z,-0.1445,1
2009-08-07T04:00:00Z,-1.0445,1
2009-08-07T05:00:00Z,-1.6745,1
2009-08-07T06:00:00Z,-1.8245,1
2009-08-07T07:00:00Z,-1.5745,1
2009-08-07T08:00:00Z,-0.9645,1
2009-08-07T09:00:00Z,-0.2645,1
2009-08-07T11:00:00Z,0.9255,1
2009-08-07T12:00:00Z,1.2355,1
2009-08-07T13:00:00Z,1.1855,1
2009-08-07T14:00:00Z,0.7355,1
2009-08-07T15:00:00Z,-0.0245,1
2009-08-07T16:00:00Z,-0.8645,1
2009-08-07T17:00:00Z,-1.5145,1
2009-08-07T18:00:00Z,-1.7245,1
2009-08-07T19:00:00Z,-1.4845,1
2009-08-07T20:00:00Z,-0.8545,1
2009-08-07T21:00:00Z,-0.0445,1
2009-08-07T22:00:00Z,0.6955,1
2009-08-07T23:00:00Z,1.2655,1
2009-08-08T00:00:00Z,1.6055,1
2009-08-08T01:00:00Z,1.5655,1
2009-08-08T02:00:00Z,1.1255,1
2009-08-08T03:00:00Z,0.3455,1
2009-08-08T04:00:00Z,-0.5745,1
2009-08-08T05:00:00Z,-1.3745,1
2009-08-08T06:00:00Z,-1.7845,1
2009-08-08T07:00:00Z,-1.7245,1
2009-08-08T08:00:00Z,-1.2645,1
2009-08-08T09:00:00Z,-0.5645,1
2009-08-08T10:00:00Z,0.1855,1
2009-08-08T11:00:00Z,0.7755,1
2009-08-08T12:00:00Z,1.2255,1
2009-08-08T13:00:00Z,1.3655,1
2009-08-08T14:00:00Z,1.0855,1
2009-08-08T15:00:00Z,0.4555,1
2009-08-08T16:00:00Z,-0.4045,1
2009-08-08T17:00:00Z,-1.2145,1
2009-08-08T18:00:00Z,-1.6545,1
2009-08-08T19:00:00Z,-1.6545,1
2009-08-08T20:00:00Z,-1.2145,1
2009-08-08T21:00:00Z,-0.4445,1
2009-08-08T22:00:00Z,0.3455,1
2009-08-08T23:00:00Z,1.0255,1
2009-08-09T00:00:00Z,1.4755,1
2009-08-09T01:00:00Z,1.6455,1
2009-08-09T02:00:00Z,1.4055,1
2009-08-09T03:00:00Z,0.7955,1
2009-08-09T04:00:00Z,-0.0845,1
2009-08-09T05:00:00Z,-1.0245,1
2009-08-09T06:00:00Z,-1.6745,1
2009-08-09T07:00:00Z,-1.8445,1
2009-08-09T08:00:00Z,-1.6045,1
2009-08-09T09:00:00Z,-0.9945,1
2009-08-09T10:00:00Z,-0.2645,1
2009-08-09T11:00:00Z,0.3956,1
2009-08-09T12:00:00Z,0.9556,1
2009-08-09T13:00:00Z,1.2556,1
2009-08-09T14:00:00Z,1.2156,1
2009-08-09T15:00:00Z,0.7456,1
2009-08-09T16:00:00Z,-0.0044,1
2009-08-09T17:00:00Z,-0.8444,1
2009-08-09T18:00:00Z,-1.5044,1
2009-08-09T19:00:00Z,-1.7044,1
2009-08-09T20:00:00Z,-1.4744,1
2009-08-09T21:00:00Z,-0.8644,1
2009-08-09T22:00:00Z,-0.0544,1
2009-08-09T23:00:00Z,0.6856,1
2009-08-10T00:00:00Z,1.2856,1
2009-08-10T01:00:00Z,1.6456,1
2009-08-10T02:00:00Z,1.6456,1
2009-08-10T03:00:00Z,1.2356,1
2009-08-10T04:00:00Z,0.4856,1
2009-08-10T05:00:00Z,-0.4344,1
2009-08-10T06:00:00Z,-1.2544,1
2009-08-10T07:00:00Z,-1.6544,1
2009-08-10T08:00:00Z,-1.6244,1
2009-08-10T09:00:00Z,-1.1544,1
2009-08-10T10:00:00Z,-0.4644,1
2009-08-10T11:00:00Z,0.2356,1
2009-08-10T12:00:00Z,0.8156,1
2009-08-10T13:00:00Z,1.2156,1
2009-08-10T14:00:00Z,1.3556,1
2009-08-10T15:00:00Z,1.1056,1
2009-08-10T16:00:00Z,0.4856,1
2009-08-10T17:00:00Z,-0.3444,1
2009-08-10T18:00:00Z,-1.1444,1
2009-08-10T19:00:00Z,-1.6244,1
2009-08-10T20:00:00Z,-1.6844,1
2009-08-10T21:00:00Z,-1.2944,1
2009-08-10T22:00:00Z,-0.6244,1
2009-08-10T23:00:00Z,0.1556,1
2009-08-11T00:00:00Z,0.7956,1
2009-08-11T01:00:00Z,1.2956,1
2009-08-11T02:00:00Z,1.4956,1
2009-08-11T03:00:00Z,1.3156,1
2009-08-11T04:00:00Z,0.7756,1
2009-08-11T05:00:00Z,-0.0344,1
2009-08-11T06:00:00Z,-0.9244,1
2009-08-11T07:00:00Z,-1.5544,1
2009-08-11T08:00:00Z,-1.8044,1
2009-08-11T09:00:00Z,-1.5944,1
2009-08-11T10:00:00Z,-1.0344,1
2009-08-11T11:00:00Z,-0.3844,1
2009-08-11T12:00:00Z,0.2556,1
2009-08-11T13:00:00Z,0.7856,1
2009-08-11T14:00:00Z,1.1456,1
2009-08-11T15:00:00Z,1.1556,1
2009-08-11T16:00:00Z,0.8156,1
2009-08-11T17:00:00Z,0.1556,1
2009-08-11T18:00:00Z,-0.6444,1
2009-08-11T19:00:00Z,-1.2444,1
2009-08-11T20:00:00Z,-1.5344,1
2009-08-11T21:00:00Z,-1.4144,1
2009-08-11T22:00:00Z,-0.9244,1
2009-08-11T23:00:00Z,-0.2444,1
2009-08-12T01:00:00Z,0.9856,1
2009-08-12T02:00:00Z,1.3656,1
2009-08-12T03:00:00Z,1.4456,1
2009-08-12T04:00:00Z,1.1656,1
2009-08-12T05:00:00Z,0.5256,1
2009-08-12T06:00:00Z,-0.2944,1
2009-08-12T07:00:00Z,-1.0644,1
2009-08-12T08:00:00Z,-1.5544,1
2009-08-12T09:00:00Z,-1.6544,1
2009-08-12T10:00:00Z,-1.3244,1
2009-08-12T11:00:00Z,-0.7644,1
2009-08-12T12:00:00Z,-0.1344,1
2009-08-12T13:00:00Z,0.4156,1
2009-08-12T14:00:00Z,0.8856,1
2009-08-12T15:00:00Z,1.1056,1
2009-08-12T16:00:00Z,0.9856,1
2009-08-12T17:00:00Z,0.6156,1
2009-08-12T18:00:00Z,-0.0644,1
2009-08-12T19:00:00Z,-0.7444,1
2009-08-12T20:00:00Z,-1.2544,1
2009-08-12T21:00:00Z,-1.4344,1
2009-08-12T22:00:00Z,-1.2844,1
2009-08-12T23:00:00Z,-0.7544,1
2009-08-13T00:00:00Z,-0.1444,1
2009-08-13T01:00:00Z,0.4656,1
2009-08-13T02:00:00Z,0.9256,1
2009-08-13T03:00:00Z,1.2356,1
2009-08-13T04:00:00Z,1.2356,1
2009-08-13T05:00:00Z,0.8956,1
2009-08-13T06:00:00Z,0.2456,1
2009-08-13T07:00:00Z,-0.5044,1
2009-08-13T08:00:00Z,-1.1944,1
2009-08-13T09:00:00Z,-1.5144,1
2009-08-13T10:00:00Z,-1.4844,1
2009-08-13T11:00:00Z,-1.1144,1
2009-08-13T12:00:00Z,-0.6244,1
2009-08-13T13:00:00Z,-0.0644,1
2009-08-13T14:00:00Z,0.4256,1
2009-08-13T15:00:00Z,0.7856,1
2009-08-13T16:00:00Z,0.9856,1
2009-08-13T17:00:00Z,0.8256,1
2009-08-13T18:00:00Z,0.4256,1
2009-08-13T19:00:00Z,-0.1944,1
2009-08-13T20:00:00Z,-0.8044,1
2009-08-13T21:00:00Z,-1.2544,1
2009-08-13T22:00:00Z,-1.3744,1
2009-08-13T23:00:00Z,-1.1644,1
2009-08-14T00:00:00Z,-0.6944,1
2009-08-14T01:00:00Z,-0.1344,1
2009-08-14T02:00:00Z,0.3856,1
2009-08-14T03:00:00Z,0.8256,1
2009-08-14T04:00:00Z,1.1156,1
2009-08-14T05:00:00Z,1.0856,1
2009-08-14T06:00:00Z,0.7856,1
2009-08-14T07:00:00Z,0.1856,1
2009-08-14T08:00:00Z,-0.4544,1
2009-08-14T09:00:00Z,-1.0144,1
2009-08-14T10:00:00Z,-1.3144,1
2009-08-14T11:00:00Z,-1.2844,1
2009-08-14T12:00:00Z,-0.9944,1
2009-08-14T13:00:00Z,-0.5344,1
2009-08-14T14:00:00Z,-0.0444,1
2009-08-14T15:00:00Z,0.4356,1
2009-08-14T16:00:00Z,0.8556,1
2009-08-14T17:00:00Z,1.0456,1
2009-08-14T18:00:00Z,0.9856,1
2009-08-14T19:00:00Z,0.6356,1
2009-08-14T20:00:00Z,0.1256,1
2009-08-14T21:00:00Z,-0.4544,1
2009-08-14T22:00:00Z,-0.8844,1
2009-08-14T23:00:00Z,-1.0544,1
2009-08-15T00:00:00Z,-0.9044,1
2009-08-15T01:00:00Z,-0.5344,1
2009-08-15T02:00:00Z,-0.0444,1
2009-08-15T03:00:00Z,0.4056,1
2009-08-15T04:00:00Z,0.8356,1
2009-08-15T05:00:00Z,1.0756,1
2009-08-15T06:00:00Z,1.0856,1
2009-08-15T07:00:00Z,0.8656,1
2009-08-15T08:00:00Z,0.3956,1
2009-08-15T09:00:00Z,-0.1644,1
2009-08-15T10:00:00Z,-0.6744,1
2009-08-15T11:00:00Z,-0.9544,1
2009-08-15T12:00:00Z,-1.0144,1
2009-08-15T13:00:00Z,-0.7744,1
2009-08-15T14:00:00Z,-0.3944,1
2009-08-15T15:00:00Z,0.0156,1
2009-08-15T16:00:00Z,0.4556,1
2009-08-15T17:00:00Z,0.8456,1
2009-08-15T18:00:00Z,1.0756,1
2009-08-15T19:00:00Z,1.0256,1
2009-08-15T20:00:00Z,0.7256,1
2009-08-15T21:00:00Z,0.2356,1
2009-08-15T22:00:00Z,-0.3444,1
2009-08-15T23:00:00Z,-0.8344,1
2009-08-16T00:00:00Z,-1.1144,1
2009-08-16T01:00:00Z,-1.0844,1
2009-08-16T02:00:00Z,-0.7944,1
2009-08-16T03:00:00Z,-0.3844,1
2009-08-16T04:00:00Z,0.0756,1
2009-08-16T05:00:00Z,0.5356,1
2009-08-16T06:00:00Z,0.8956,1
2009-08-16T07:00:00Z,1.0356,1
2009-08-16T08:00:00Z,0.9256,1
2009-08-16T09:00:00Z,0.5256,1
2009-08-16T10:00:00Z,0.0056,1
2009-08-16T11:00:00Z,-0.5344,1
2009-08-16T12:00:00Z,-0.9544,1
2009-08-16T13:00:00Z,-1.1044,1
2009-08-16T14:00:00Z,-0.9944,1
2009-08-16T15:00:00Z,-0.6744,1
2009-08-16T16:00:00Z,-0.2044,1
2009-08-16T17:00:00Z,0.3056,1
2009-08-16T18:00:00Z,0.7656,1
2009-08-16T19:00:00Z,1.1156,1
2009-08-16T20:00:00Z,1.2456,1
2009-08-16T21:00:00Z,0.9156,1
2009-08-16T22:00:00Z,0.4756,1
2009-08-16T23:00:00Z,-0.2144,1
2009-08-17T00:00:00Z,-0.8344,1
2009-08-17T01:00:00Z,-1.2244,1
2009-08-17T02:00:00Z,-1.3644,1
2009-08-17T03:00:00Z,-1.1444,1
2009-08-17T04:00:00Z,-0.7444,1
2009-08-17T05:00:00Z,-0.2044,1
2009-08-17T06:00:00Z,0.3556,1
2009-08-17T07:00:00Z,0.7956,1
2009-08-17T08:00:00Z,1.1056,1
2009-08-17T09:00:00Z,1.0956,1
2009-08-17T10:00:00Z,0.7856,1
2009-08-17T11:00:00Z,0.2356,1
2009-08-17T12:00:00Z,-0.4144,1
2009-08-17T13:00:00Z,-0.9644,1
2009-08-17T14:00:00Z,-1.2244,1
2009-08-17T15:00:00Z,-1.1844,1
2009-08-17T16:00:00Z,-0.8244,1
2009-08-17T17:00:00Z,-0.3244,1
2009-08-17T18:00:00Z,0.2656,1
2009-08-17T19:00:00Z,0.8056,1
2009-08-17T20:00:00Z,1.2156,1
2009-08-17T21:00:00Z,1.3656,1
2009-08-17T22:00:00Z,1.1456,1
2009-08-17T23:00:00Z,0.5856,1
2009-08-18T00:00:00Z,-0.1844,1
2009-08-18T01:00:00Z,-0.9644,1
2009-08-18T02:00:00Z,-1.5044,1
2009-08-18T03:00:00Z,-1.6644,1
2009-08-18T04:00:00Z,-1.4344,1
2009-08-18T05:00:00Z,-0.9144,1
2009-08-18T06:00:00Z,-0.2644,1
2009-08-18T07:00:00Z,0.3656,1
2009-08-18T08:00:00Z,0.9556,1
2009-08-18T09:00:00Z,1.3057,1
2009-08-18T10:00:00Z,1.3257,1
2009-08-18T11:00:00Z,0.9357,1
2009-08-18T12:00:00Z,0.2557,1
2009-08-18T13:00:00Z,-0.5143,1
2009-08-18T14:00:00Z,-1.2043,1
2009-08-18T15:00:00Z,-1.4943,1
2009-08-18T16:00:00Z,-1.3843,1
2009-08-18T17:00:00Z,-0.9243,1
2009-08-18T18:00:00Z,-0.2443,1
2009-08-18T19:00:00Z,0.4857,1
2009-08-18T20:00:00Z,1.1457,1
2009-08-18T21:00:00Z,1.5957,1
2009-08-18T22:00:00Z,1.7157,1
2009-08-18T23:00:00Z,1.3957,1
2009-08-19T00:00:00Z,0.7057,1
2009-08-19T02:00:00Z,-1.1543,1
2009-08-19T03:00:00Z,-1.7543,1
2009-08-19T04:00:00Z,-1.9143,1
2009-08-19T05:00:00Z,-1.5743,1
2009-08-19T06:00:00Z,-0.9143,1
2009-08-19T07:00:00Z,-0.1343,1
2009-08-19T08:00:00Z,0.6257,1
2009-08-19T09:00:00Z,1.2257,1
2009-08-19T10:00:00Z,1.6257,1
2009-08-19T11:00:00Z,1.5657,1
2009-08-19T12:00:00Z,1.0957,1
2009-08-19T13:00:00Z,0.2757,1
2009-08-19T14:00:00Z,-0.6243,1
2009-08-19T15:00:00Z,-1.3443,1
2009-08-19T16:00:00Z,-1.6143,1
2009-08-19T17:00:00Z,-1.4343,1
2009-08-19T18:00:00Z,-0.7943,1
2009-08-19T19:00:00Z,0.0157,1
2009-08-19T20:00:00Z,0.8257,1
2009-08-19T21:00:00Z,1.4657,1
2009-08-19T22:00:00Z,1.9357,1
2009-08-19T23:00:00Z,1.9857,1
2009-08-20T00:00:00Z,1.5357,1
2009-08-20T01:00:00Z,0.7157,1
2009-08-20T02:00:00Z,-0.3543,1
2009-08-20T03:00:00Z,-1.4043,1
2009-08-20T04:00:00Z,-1.9143,1
2009-08-20T05:00:00Z,-2.0043,1
2009-08-20T06:00:00Z,-1.4443,1
2009-08-20T07:00:00Z,-0.6543,1
2009-08-20T08:00:00Z,0.2957,1
2009-08-20T09:00:00Z,0.9857,1
2009-08-20T10:00:00Z,1.6357,1
2009-08-20T11:00:00Z,1.8757,1
2009-08-20T12:00:00Z,1.7057,1
2009-08-20T13:00:00Z,1.0657,1
2009-08-20T14:00:00Z,0.0357,1
2009-08-20T15:00:00Z,-1.0443,1
2009-08-20T16:00:00Z,-1.6743,1
2009-08-20T17:00:00Z,-1.8143,1
2009-08-20T18:00:00Z,-1.4043,1
2009-08-20T19:00:00Z,-0.6543,1
2009-08-20T20:00:00Z,0.2457,1
2009-08-20T21:00:00Z,1.0957,1
2009-08-20T22:00:00Z,1.7257,1
2009-08-20T23:00:00Z,2.0757,1
2009-08-21T00:00:00Z,1.9357,1
2009-08-21T01:00:00Z,1.3557,1
2009-08-21T02:00:00Z,0.3457,1
2009-08-21T03:00:00Z,-0.8243,1
2009-08-21T04:00:00Z,-1.8243,1
2009-08-21T05:00:00Z,-2.2943,1
2009-08-21T06:00:00Z,-2.2143,1
2009-08-21T07:00:00Z,-1.5543,1
2009-08-21T08:00:00Z,-0.6343,1
2009-08-21T09:00:00Z,0.2957,1
2009-08-21T10:00:00Z,1.0657,1
2009-08-21T11:00:00Z,1.5857,1
2009-08-21T12:00:00Z,1.7357,1
2009-08-21T13:00:00Z,1.3857,1
2009-08-21T14:00:00Z,0.6157,1
2009-08-21T15:00:00Z,-0.5043,1
2009-08-21T16:00:00Z,-1.4743,1
2009-08-21T17:00:00Z,-2.0243,1
2009-08-21T18:00:00Z,-1.9543,1
2009-08-21T19:00:00Z,-1.3743,1
2009-08-21T20:00:00Z,-0.4443,1
2009-08-21T21:00:00Z,0.5257,1
2009-08-21T22:00:00Z,1.3457,1
2009-08-21T23:00:00Z,1.8857,1
2009-08-22T00:00:00Z,2.1257,1
2009-08-22T01:00:00Z,1.8957,1
2009-08-22T02:00:00Z,1.1857,1
2009-08-22T03:00:00Z,0.0257,1
2009-08-22T04:00:00Z,-1.1843,1
2009-08-22T05:00:00Z,-2.1143,1
2009-08-22T06:00:00Z,-2.4543,1
2009-08-22T07:00:00Z,-2.1843,1
2009-08-22T08:00:00Z,-1.3843,1
2009-08-22T09:00:00Z,-0.3843,1
2009-08-22T10:00:00Z,0.5057,1
2009-08-22T11:00:00Z,1.1957,1
2009-08-22T12:00:00Z,1.6157,1
2009-08-22T13:00:00Z,1.6357,1
2009-08-22T14:00:00Z,1.1857,1
2009-08-22T15:00:00Z,0.2657,1
2009-08-22T16:00:00Z,-0.8543,1
2009-08-22T17:00:00Z,-1.7643,1
2009-08-22T18:00:00Z,-2.1343,1
2009-08-22T19:00:00Z,-1.9143,1
2009-08-22T21:00:00Z,-0.2243,1
2009-08-22T22:00:00Z,0.7057,1
2009-08-22T23:00:00Z,1.4457,1
2009-08-23T00:00:00Z,1.9657,1
2009-08-23T01:00:00Z,2.1157,1
2009-08-23T02:00:00Z,1.7857,1
2009-08-23T03:00:00Z,0.9657,1
2009-08-23T04:00:00Z,-0.2043,1
2009-08-23T05:00:00Z,-1.2743,1
2009-08-23T06:00:00Z,-2.0143,1
2009-08-23T07:00:00Z,-2.1343,1
2009-08-23T08:00:00Z,-1.6843,1
2009-08-23T09:00:00Z,-0.8643,1
2009-08-23T10:00:00Z,0.0757,1
2009-08-23T11:00:00Z,0.8957,1
2009-08-23T12:00:00Z,1.4857,1
2009-08-23T13:00:00Z,1.8457,1
2009-08-23T14:00:00Z,1.6757,1
2009-08-23T15:00:00Z,1.1057,1
2009-08-23T16:00:00Z,0.1057,1
2009-08-23T17:00:00Z,-0.9643,1
2009-08-23T18:00:00Z,-1.7143,1
2009-08-23T19:00:00Z,-1.8743,1
2009-08-23T20:00:00Z,-1.5843,1
2009-08-23T21:00:00Z,-0.7743,1
2009-08-23T22:00:00Z,0.1757,1
2009-08-23T23:00:00Z,1.0257,1
2009-08-24T00:00:00Z,1.6757,1
2009-08-24T01:00:00Z,2.0557,1
2009-08-24T02:00:00Z,2.0557,1
2009-08-24T03:00:00Z,1.6057,1
2009-08-24T04:00:00Z,0.6757,1
2009-08-24T05:00:00Z,-0.4743,1
2009-08-24T06:00:00Z,-1.4743,1
2009-08-24T07:00:00Z,-2.0043,1
2009-08-24T08:00:00Z,-2.0043,1
2009-08-24T09:00:00Z,-1.4643,1
2009-08-24T10:00:00Z,-0.6143,1
2009-08-24T11:00:00Z,0.2357,1
2009-08-24T12:00:00Z,0.9457,1
2009-08-24T13:00:00Z,1.4557,1
2009-08-24T14:00:00Z,1.6757,1
2009-08-24T15:00:00Z,1.4657,1
2009-08-24T16:00:00Z,0.7957,1
2009-08-24T17:00:00Z,-0.1643,1
2009-08-24T18:00:00Z,-1.0743,1
2009-08-24T19:00:00Z,-1.6243,1
2009-08-24T20:00:00Z,-1.6943,1
2009-08-24T21:00:00Z,-1.2543,1
2009-08-24T22:00:00Z,-0.4943,1
2009-08-24T23:00:00Z,0.3857,1
2009-08-25T00:00:00Z,1.1057,1
2009-08-25T01:00:00Z,1.6457,1
2009-08-25T02:00:00Z,1.9457,1
2009-08-25T03:00:00Z,1.8457,1
2009-08-25T04:00:00Z,1.3657,1
2009-08-25T05:00:00Z,0.4957,1
2009-08-25T06:00:00Z,-0.4843,1
2009-08-25T07:00:00Z,-1.2843,1
2009-08-25T08:00:00Z,-1.6643,1
2009-08-25T09:00:00Z,-1.5243,1
2009-08-25T11:00:00Z,-0.2143,1
2009-08-25T12:00:00Z,0.5157,1
2009-08-25T13:00:00Z,1.0857,1
2009-08-25T14:00:00Z,1.4357,1
2009-08-25T15:00:00Z,1.4857,1
2009-08-25T16:00:00Z,1.1557,1
2009-08-25T17:00:00Z,0.4457,1
2009-08-25T18:00:00Z,-0.4043,1
2009-08-25T19:00:00Z,-1.1643,1
2009-08-25T20:00:00Z,-1.5543,1
2009-08-25T21:00:00Z,-1.5043,1
2009-08-25T22:00:00Z,-1.0543,1
2009-08-25T23:00:00Z,-0.3743,1
2009-08-26T00:00:00Z,0.3557,1
2009-08-26T01:00:00Z,0.9657,1
2009-08-26T02:00:00Z,1.4457,1
2009-08-26T03:00:00Z,1.7257,1
2009-08-26T04:00:00Z,1.6257,1
2009-08-26T05:00:00Z,1.1257,1
2009-08-26T06:00:00Z,0.3757,1
2009-08-26T07:00:00Z,-0.4543,1
2009-08-26T08:00:00Z,-1.1043,1
2009-08-26T09:00:00Z,-1.3243,1
2009-08-26T10:00:00Z,-1.1243,1
2009-08-26T11:00:00Z,-0.6043,1
2009-08-26T12:00:00Z,0.0457,1
2009-08-26T13:00:00Z,0.6657,1
2009-08-26T14:00:00Z,1.1457,1
2009-08-26T15:00:00Z,1.4457,1
2009-08-26T16:00:00Z,1.4057,1
2009-08-26T17:00:00Z,0.9957,1
2009-08-26T18:00:00Z,0.3457,1
2009-08-26T19:00:00Z,-0.3843,1
2009-08-26T20:00:00Z,-1.0143,1
2009-08-26T21:00:00Z,-1.2343,1
2009-08-26T22:00:00Z,-1.1943,1
2009-08-26T23:00:00Z,-0.7843,1
2009-08-27T00:00:00Z,-0.2843,1
2009-08-27T01:00:00Z,0.2857,1
2009-08-27T02:00:00Z,0.7757,1
2009-08-27T03:00:00Z,1.1257,1
2009-08-27T04:00:00Z,1.2657,1
2009-08-27T05:00:00Z,1.0957,1
2009-08-27T06:00:00Z,0.6257,1
2009-08-27T07:00:00Z,-0.0642,1
2009-08-27T08:00:00Z,-0.7242,1
2009-08-27T09:00:00Z,-1.1742,1
2009-08-27T10:00:00Z,-1.2942,1
2009-08-27T11:00:00Z,-1.0342,1
2009-08-27T12:00:00Z,-0.6042,1
2009-08-27T13:00:00Z,-0.0642,1
2009-08-27T14:00:00Z,0.4658,1
2009-08-27T15:00:00Z,0.8758,1
2009-08-27T16:00:00Z,1.1658,1
2009-08-27T17:00:00Z,1.0858,1
2009-08-27T18:00:00Z,0.7858,1
2009-08-27T19:00:00Z,0.2558,1
2009-08-27T20:00:00Z,-0.2842,1
2009-08-27T21:00:00Z,-0.7342,1
2009-08-27T22:00:00Z,-0.9742,1
2009-08-27T23:00:00Z,-0.8942,1
2009-08-28T00:00:00Z,-0.5842,1
2009-08-28T01:00:00Z,-0.1242,1
2009-08-28T02:00:00Z,0.2758,1
2009-08-28T03:00:00Z,0.6658,1
2009-08-28T04:00:00Z,0.9058,1
2009-08-28T05:00:00Z,1.0558,1
2009-08-28T06:00:00Z,0.9658,1
2009-08-28T07:00:00Z,0.6158,1
2009-08-28T08:00:00Z,0.0958,1
2009-08-28T09:00:00Z,-0.4342,1
2009-08-28T10:00:00Z,-0.8342,1
2009-08-28T11:00:00Z,-0.9642,1
2009-08-28T12:00:00Z,-0.8542,1
2009-08-28T13:00:00Z,-0.5142,1
2009-08-28T14:00:00Z,-0.1442,1
2009-08-28T15:00:00Z,0.2358,1
2009-08-28T16:00:00Z,0.5758,1
2009-08-28T17:00:00Z,0.7658,1
2009-08-28T18:00:00Z,0.7658,1
2009-08-28T19:00:00Z,0.5658,1
2009-08-28T20:00:00Z,0.1058,1
2009-08-28T21:00:00Z,-0.3742,1
2009-08-28T22:00:00Z,-0.8042,1
2009-08-28T23:00:00Z,-1.0642,1
2009-08-29T00:00:00Z,-1.0942,1
2009-08-29T01:00:00Z,-0.9042,1
2009-08-29T02:00:00Z,-0.5942,1
2009-08-29T03:00:00Z,-0.2442,1
2009-08-29T04:00:00Z,0.1258,1
2009-08-29T05:00:00Z,0.4258,1
2009-08-29T06:00:00Z,0.5958,1
2009-08-29T07:00:00Z,0.5958,1
2009-08-29T08:00:00Z,0.3658,1
2009-08-29T09:00:00Z,-0.0042,1
2009-08-29T10:00:00Z,-0.4142,1
2009-08-29T11:00:00Z,-0.7442,1
2009-08-29T12:00:00Z,-0.8542,1
2009-08-29T13:00:00Z,-0.7842,1
2009-08-29T14:00:00Z,-0.4842,1
2009-08-29T15:00:00Z,-0.1742,1
2009-08-29T16:00:00Z,0.2058,1
2009-08-29T17:00:00Z,0.5558,1
2009-08-29T18:00:00Z,0.8358,1
2009-08-29T19:00:00Z,0.8958,1
2009-08-29T20:00:00Z,0.7658,1
2009-08-29T21:00:00Z,0.3958,1
2009-08-29T22:00:00Z,-0.0742,1
2009-08-29T23:00:00Z,-0.5342,1
2009-08-30T00:00:00Z,-0.8742,1
2009-08-30T01:00:00Z,-1.0142,1
2009-08-30T02:00:00Z,-0.9142,1
2009-08-30T03:00:00Z,-0.7242,1
2009-08-30T04:00:00Z,-0.3742,1
2009-08-30T05:00:00Z,-0.0442,1
2009-08-30T06:00:00Z,0.3358,1
2009-08-30T07:00:00Z,0.6258,1
2009-08-30T08:00:00Z,0.7458,1
2009-08-30T09:00:00Z,0.6158,1
2009-08-30T10:00:00Z,0.3258,1
2009-08-30T11:00:00Z,-0.1042,1
2009-08-30T12:00:00Z,-0.4642,1
2009-08-30T13:00:00Z,-0.6942,1
2009-08-30T14:00:00Z,-0.7342,1
2009-08-30T15:00:00Z,-0.5442,1
2009-08-30T16:00:00Z,-0.2142,1
2009-08-30T17:00:00Z,0.1658,1
2009-08-30T18:00:00Z,0.5458,1
2009-08-30T19:00:00Z,0.8958,1
2009-08-30T20:00:00Z,1.0658,1
2009-08-30T21:00:00Z,1.0258,1
2009-08-30T22:00:00Z,0.7258,1
2009-08-30T23:00:00Z,0.2658,1
2009-08-31T00:00:00Z,-0.2342,1
2009-08-31T01:00:00Z,-0.6642,1
2009-08-31T02:00:00Z,-0.9042,1
2009-08-31T03:00:00Z,-0.9142,1
2009-08-31T04:00:00Z,-0.7042,1
2009-08-31T05:00:00Z,-0.3142,1
2009-08-31T06:00:00Z,0.1158,1
2009-08-31T07:00:00Z,0.5158,1
2009-08-31T08:00:00Z,0.8258,1
2009-08-31T09:00:00Z,0.9958,1
2009-08-31T10:00:00Z,0.8358,1
2009-08-31T11:00:00Z,0.4958,1
2009-08-31T12:00:00Z,-0.0442,1
2009-08-31T13:00:00Z,-0.5142,1
2009-08-31T14:00:00Z,-0.7842,1
2009-08-31T15:00:00Z,-0.8642,1
2009-08-31T16:00:00Z,-0.6642,1
2009-08-31T17:00:00Z,-0.3142,1
2009-08-31T18:00:00Z,0.2758,1
2009-08-31T19:00:00Z,0.6658,1
2009-08-31T20:00:00Z,1.0358,1
2009-08-31T22:00:00Z,1.1258,1
2009-08-31T23:00:00Z,0.7758,1
2009-09-01T00:00:00Z,0.2058,1
2009-09-01T01:00:00Z,-0.4342,1
2009-09-01T02:00:00Z,-0.8942,1
2009-09-01T03:00:00Z,-1.1342,1
2009-09-01T04:00:00Z,-1.0542,1
2009-09-01T05:00:00Z,-0.7542,1
2009-09-01T06:00:00Z,-0.2942,1
2009-09-01T08:00:00Z,0.6758,1
2009-09-01T09:00:00Z,1.0458,1
2009-09-01T10:00:00Z,1.1558,1
2009-09-01T11:00:00Z,0.9858,1
2009-09-01T12:00:00Z,0.4758,1
2009-09-01T13:00:00Z,-0.0942,1
2009-09-01T14:00:00Z,-0.6242,1
2009-09-01T15:00:00Z,-0.9142,1
2009-09-01T16:00:00Z,-0.9242,1
2009-09-01T17:00:00Z,-0.6142,1
2009-09-01T18:00:00Z,-0.1042,1
2009-09-01T19:00:00Z,0.4458,1
2009-09-01T20:00:00Z,0.9458,1
2009-09-01T21:00:00Z,1.2258,1
2009-09-01T22:00:00Z,1.3058,1
2009-09-01T23:00:00Z,1.0758,1
2009-09-02T00:00:00Z,0.5458,1
2009-09-02T01:00:00Z,-0.1742,1
2009-09-02T02:00:00Z,-0.8442,1
2009-09-02T03:00:00Z,-1.3442,1
2009-09-02T04:00:00Z,-1.5042,1
2009-09-02T05:00:00Z,-1.2642,1
2009-09-02T06:00:00Z,-0.8242,1
2009-09-02T07:00:00Z,-0.2242,1
2009-09-02T08:00:00Z,0.3558,1
2009-09-02T09:00:00Z,0.8558,1
2009-09-02T10:00:00Z,1.1658,1
2009-09-02T11:00:00Z,1.1358,1
2009-09-02T12:00:00Z,0.7958,1
2009-09-02T13:00:00Z,0.1858,1
2009-09-02T14:00:00Z,-0.4742,1
2009-09-02T15:00:00Z,-0.9542,1
2009-09-02T16:00:00Z,-1.0742,1
2009-09-02T17:00:00Z,-0.8642,1
2009-09-02T18:00:00Z,-0.4342,1
2009-09-02T19:00:00Z,0.1958,1
2009-09-02T20:00:00Z,0.7958,1
2009-09-02T21:00:00Z,1.3158,1
2009-09-02T22:00:00Z,1.6158,1
2009-09-02T23:00:00Z,1.5558,1
2009-09-03T00:00:00Z,1.1258,1
2009-09-03T01:00:00Z,0.4458,1
2009-09-03T02:00:00Z,-0.4342,1
2009-09-03T03:00:00Z,-1.1742,1
2009-09-03T04:00:00Z,-1.6142,1
2009-09-03T05:00:00Z,-1.5642,1
2009-09-03T06:00:00Z,-1.1542,1
2009-09-03T07:00:00Z,-0.5142,1
2009-09-03T08:00:00Z,0.1558,1
2009-09-03T09:00:00Z,0.7258,1
2009-09-03T10:00:00Z,1.1458,1
2009-09-03T11:00:00Z,1.3258,1
2009-09-03T12:00:00Z,1.0858,1
2009-09-03T13:00:00Z,0.5458,1
2009-09-03T14:00:00Z,-0.2242,1
2009-09-03T15:00:00Z,-0.9342,1
2009-09-03T16:00:00Z,-1.3442,1
2009-09-03T17:00:00Z,-1.3842,1
2009-09-03T18:00:00Z,-0.9442,1
2009-09-03T19:00:00Z,-0.3242,1
2009-09-03T20:00:00Z,0.4058,1
2009-09-03T21:00:00Z,1.0058,1
2009-09-03T22:00:00Z,1.4258,1
2009-09-03T23:00:00Z,1.5758,1
2009-09-04T00:00:00Z,1.3358,1
2009-09-04T01:00:00Z,0.7358,1
2009-09-04T02:00:00Z,-0.1142,1
2009-09-04T03:00:00Z,-0.9842,1
2009-09-04T04:00:00Z,-1.5742,1
2009-09-04T05:00:00Z,-1.7542,1
2009-09-04T06:00:00Z,-1.4842,1
2009-09-04T07:00:00Z,-0.9042,1
2009-09-04T08:00:00Z,-0.1842,1
2009-09-04T09:00:00Z,0.4758,1
2009-09-04T10:00:00Z,1.0258,1
2009-09-04T11:00:00Z,1.3258,1
2009-09-04T12:00:00Z,1.2858,1
2009-09-04T13:00:00Z,0.8658,1
2009-09-04T14:00:00Z,0.0858,1
2009-09-04T15:00:00Z,-0.7642,1
2009-09-04T16:00:00Z,-1.4342,1
2009-09-04T17:00:00Z,-1.6942,1
2009-09-04T18:00:00Z,-1.4742,1
2009-09-04T19:00:00Z,-0.8242,1
2009-09-04T20:00:00Z,-0.0342,1
2009-09-04T21:00:00Z,0.6858,1
2009-09-04T22:00:00Z,1.2358,1
2009-09-04T23:00:00Z,1.5658,1
2009-09-05T00:00:00Z,1.5258,1
2009-09-05T01:00:00Z,1.0758,1
2009-09-05T02:00:00Z,0.2758,1
2009-09-05T03:00:00Z,-0.6742,1
2009-09-05T04:00:00Z,-1.5142,1
2009-09-05T05:00:00Z,-1.9242,1
2009-09-05T06:00:00Z,-1.8441,1
2009-09-05T07:00:00Z,-1.3341,1
2009-09-05T08:00:00Z,-0.6241,1
2009-09-05T09:00:00Z,0.1659,1
2009-09-05T10:00:00Z,0.8259,1
2009-09-05T11:00:00Z,1.2959,1
2009-09-05T12:00:00Z,1.4259,1
2009-09-05T13:00:00Z,1.1859,1
2009-09-05T14:00:00Z,0.5359,1
2009-09-05T15:00:00Z,-0.3641,1
2009-09-05T16:00:00Z,-1.1841,1
2009-09-05T17:00:00Z,-1.6741,1
2009-09-05T18:00:00Z,-1.6641,1
2009-09-05T19:00:00Z,-1.2041,1
2009-09-05T20:00:00Z,-0.3941,1
2009-09-05T21:00:00Z,0.4159,1
2009-09-05T22:00:00Z,1.0959,1
2009-09-05T23:00:00Z,1.5559,1
2009-09-06T00:00:00Z,1.7159,1
2009-09-06T01:00:00Z,1.4559,1
2009-09-06T02:00:00Z,0.8259,1
2009-09-06T03:00:00Z,-0.1141,1
2009-09-06T04:00:00Z,-1.0641,1
2009-09-06T05:00:00Z,-1.7341,1
2009-09-06T06:00:00Z,-1.9241,1
2009-09-06T07:00:00Z,-1.6041,1
2009-09-06T08:00:00Z,-0.9541,1
2009-09-06T09:00:00Z,-0.1341,1
2009-09-06T10:00:00Z,0.6059,1
2009-09-06T11:00:00Z,1.1659,1
2009-09-06T12:00:00Z,1.4859,1
2009-09-06T13:00:00Z,1.4259,1
2009-09-06T14:00:00Z,0.9359,1
2009-09-06T15:00:00Z,0.1259,1
2009-09-06T16:00:00Z,-0.8041,1
2009-09-06T17:00:00Z,-1.5041,1
2009-09-06T18:00:00Z,-1.7341,1
2009-09-06T19:00:00Z,-1.4841,1
2009-09-06T20:00:00Z,-0.7941,1
2009-09-06T21:00:00Z,0.0559,1
2009-09-06T22:00:00Z,0.8659,1
2009-09-06T23:00:00Z,1.5059,1
2009-09-07T00:00:00Z,1.8859,1
2009-09-07T01:00:00Z,1.8859,1
2009-09-07T02:00:00Z,1.4359,1
2009-09-07T03:00:00Z,0.5959,1
2009-09-07T04:00:00Z,-0.4041,1
2009-09-07T05:00:00Z,-1.3041,1
2009-09-07T06:00:00Z,-1.7341,1
2009-09-07T07:00:00Z,-1.7141,1
2009-09-07T08:00:00Z,-1.1941,1
2009-09-07T09:00:00Z,-0.4341,1
2009-09-07T10:00:00Z,0.3059,1
2009-09-07T11:00:00Z,0.9159,1
2009-09-07T12:00:00Z,1.3059,1
2009-09-07T13:00:00Z,1.4559,1
2009-09-07T14:00:00Z,1.1159,1
2009-09-07T15:00:00Z,0.4559,1
2009-09-07T16:00:00Z,-0.4941,1
2009-09-07T17:00:00Z,-1.3241,1
2009-09-07T18:00:00Z,-1.8041,1
2009-09-07T19:00:00Z,-1.8041,1
2009-09-07T20:00:00Z,-1.3441,1
2009-09-07T21:00:00Z,-0.5541,1
2009-09-07T22:00:00Z,0.3459,1
2009-09-07T23:00:00Z,1.0259,1
2009-09-08T00:00:00Z,1.5359,1
2009-09-08T02:00:00Z,1.5259,1
2009-09-08T03:00:00Z,0.9259,1
2009-09-08T04:00:00Z,0.0359,1
2009-09-08T05:00:00Z,-0.9041,1
2009-09-08T06:00:00Z,-1.4841,1
2009-09-08T07:00:00Z,-1.6741,1
2009-09-08T08:00:00Z,-1.3441,1
2009-09-08T09:00:00Z,-0.6941,1
2009-09-08T10:00:00Z,0.1559,1
2009-09-08T11:00:00Z,0.8959,1
2009-09-08T12:00:00Z,1.4459,1
2009-09-08T13:00:00Z,1.7559,1
2009-09-08T14:00:00Z,1.6959,1
2009-09-08T15:00:00Z,1.2459,1
2009-09-08T16:00:00Z,0.4259,1
2009-09-08T17:00:00Z,-0.5041,1
2009-09-08T18:00:00Z,-1.2741,1
2009-09-08T19:00:00Z,-1.6341,1
2009-09-08T20:00:00Z,-1.5141,1
2009-09-08T21:00:00Z,-0.9241,1
2009-09-08T22:00:00Z,-0.1441,1
2009-09-08T23:00:00Z,0.6059,1
2009-09-09T00:00:00Z,1.1659,1
2009-09-09T01:00:00Z,1.4659,1
2009-09-09T02:00:00Z,1.4559,1
2009-09-09T03:00:00Z,1.1159,1
2009-09-09T04:00:00Z,0.3459,1
2009-09-09T05:00:00Z,-0.5341,1
2009-09-09T06:00:00Z,-1.3941,1
2009-09-09T07:00:00Z,-1.8241,1
2009-09-09T08:00:00Z,-1.8741,1
2009-09-09T09:00:00Z,-1.3841,1
2009-09-09T10:00:00Z,-0.7241,1
2009-09-09T11:00:00Z,0.0259,1
2009-09-09T12:00:00Z,0.6159,1
2009-09-09T13:00:00Z,1.0459,1
2009-09-09T14:00:00Z,1.2259,1
2009-09-09T15:00:00Z,1.0259,1
2009-09-09T16:00:00Z,0.5059,1
2009-09-09T17:00:00Z,-0.3241,1
2009-09-09T18:00:00Z,-1.1441,1
2009-09-09T19:00:00Z,-1.6741,1
2009-09-09T20:00:00Z,-1.8041,1
2009-09-09T21:00:00Z,-1.4741,1
2009-09-09T22:00:00Z,-0.8241,1
2009-09-09T23:00:00Z,-0.0941,1
2009-09-10T00:00:00Z,0.5559,1
2009-09-10T01:00:00Z,1.0559,1
2009-09-10T02:00:00Z,1.3159,1
2009-09-10T03:00:00Z,1.2359,1
2009-09-10T04:00:00Z,0.7759,1
2009-09-10T05:00:00Z,0.0059,1
2009-09-10T06:00:00Z,-0.8441,1
2009-09-10T07:00:00Z,-1.4841,1
2009-09-10T08:00:00Z,-1.7941,1
2009-09-10T09:00:00Z,-1.6241,1
2009-09-10T10:00:00Z,-1.1241,1
2009-09-10T11:00:00Z,-0.4841,1
2009-09-10T12:00:00Z,0.1359,1
2009-09-10T13:00:00Z,0.6459,1
2009-09-10T14:00:00Z,0.9859,1
2009-09-10T15:00:00Z,1.0659,1
2009-09-10T16:00:00Z,0.8059,1
2009-09-10T17:00:00Z,0.1759,1
2009-09-10T18:00:00Z,-0.5941,1
2009-09-10T19:00:00Z,-1.3041,1
2009-09-10T20:00:00Z,-1.7341,1
2009-09-10T21:00:00Z,-1.7341,1
2009-09-10T22:00:00Z,-1.3841,1
2009-09-10T23:00:00Z,-0.7841,1
2009-09-11T00:00:00Z,-0.1241,1
2009-09-11T01:00:00Z,0.4759,1
2009-09-11T02:00:00Z,0.8959,1
2009-09-11T03:00:00Z,1.1059,1
2009-09-11T04:00:00Z,0.9659,1
2009-09-11T05:00:00Z,0.5459,1
2009-09-11T06:00:00Z,-0.1441,1
2009-09-11T07:00:00Z,-0.8541,1
2009-09-11T08:00:00Z,-1.3641,1
2009-09-11T09:00:00Z,-1.5441,1
2009-09-11T10:00:00Z,-1.3441,1
2009-09-11T11:00:00Z,-0.9041,1
2009-09-11T12:00:00Z,-0.2941,1
2009-09-11T13:00:00Z,0.2059,1
2009-09-11T14:00:00Z,0.6459,1
2009-09-11T15:00:00Z,0.9159,1
2009-09-11T16:00:00Z,0.9359,1
2009-09-11T17:00:00Z,0.6659,1
2009-09-11T18:00:00Z,0.0859,1
2009-09-11T19:00:00Z,-0.5941,1
2009-09-11T20:00:00Z,-1.1941,1
2009-09-11T21:00:00Z,-1.5341,1
2009-09-11T22:00:00Z,-1.5341,1
2009-09-11T23:00:00Z,-1.2041,1
2009-09-12T00:00:00Z,-0.6741,1
2009-09-12T01:00:00Z,-0.1141,1
2009-09-12T02:00:00Z,0.3859,1
2009-09-12T03:00:00Z,0.7859,1
2009-09-12T04:00:00Z,0.9759,1
2009-09-12T05:00:00Z,0.8659,1
2009-09-12T06:00:00Z,0.4659,1
2009-09-12T07:00:00Z,-0.1241,1
2009-09-12T08:00:00Z,-0.7341,1
2009-09-12T09:00:00Z,-1.1741,1
2009-09-12T10:00:00Z,-1.3541,1
2009-09-12T11:00:00Z,-1.2041,1
2009-09-12T12:00:00Z,-0.8141,1
2009-09-12T13:00:00Z,-0.3541,1
2009-09-12T14:00:00Z,0.1159,1
2009-09-12T15:00:00Z,0.5559,1
2009-09-12T16:00:00Z,0.7959,1
2009-09-12T17:00:00Z,0.9159,1
2009-09-12T18:00:00Z,0.6559,1
2009-09-12T19:00:00Z,0.2259,1
2009-09-12T20:00:00Z,-0.4041,1
2009-09-12T21:00:00Z,-0.9741,1
2009-09-12T22:00:00Z,-1.3641,1
2009-09-12T23:00:00Z,-1.3941,1
2009-09-13T00:00:00Z,-1.1541,1
2009-09-13T01:00:00Z,-0.7541,1
2009-09-13T02:00:00Z,-0.2841,1
2009-09-13T03:00:00Z,0.1759,1
2009-09-13T04:00:00Z,0.5759,1
2009-09-13T05:00:00Z,0.8159,1
2009-09-13T06:00:00Z,0.8059,1
2009-09-13T07:00:00Z,0.5259,1
2009-09-13T08:00:00Z,0.0659,1
2009-09-13T09:00:00Z,-0.5441,1
2009-09-13T10:00:00Z,-1.0041,1
2009-09-13T11:00:00Z,-1.2241,1
2009-09-13T12:00:00Z,-1.1941,1
2009-09-13T13:00:00Z,-0.8741,1
2009-09-13T14:00:00Z,-0.4841,1
2009-09-13T15:00:00Z,-0.0841,1
2009-09-13T16:00:00Z,0.3659,1
2009-09-13T17:00:00Z,0.7359,1
2009-09-13T18:00:00Z,0.9259,1
2009-09-13T19:00:00Z,0.8559,1
2009-09-13T20:00:00Z,0.4859,1
2009-09-13T21:00:00Z,-0.0441,1
2009-09-13T22:00:00Z,-0.6341,1
2009-09-13T23:00:00Z,-1.1141,1
2009-09-14T00:00:00Z,-1.3341,1
2009-09-14T01:00:00Z,-1.2941,1
2009-09-14T02:00:00Z,-1.0041,1
2009-09-14T03:00:00Z,-0.6041,1
2009-09-14T04:00:00Z,-0.124,1
2009-09-14T05:00:00Z,0.316,1
2009-09-14T06:00:00Z,0.706,1
2009-09-14T07:00:00Z,0.876,1
2009-09-14T08:00:00Z,0.746,1
2009-09-14T09:00:00Z,0.336,1
2009-09-14T10:00:00Z,-0.194,1
2009-09-14T11:00:00Z,-0.704,1
2009-09-14T12:00:00Z,-1.074,1
2009-09-14T13:00:00Z,-1.184,1
2009-09-14T14:00:00Z,-1.054,1
2009-09-14T15:00:00Z,-0.684,1
2009-09-14T16:00:00Z,-0.264,1
2009-09-14T17:00:00Z,0.206,1
2009-09-14T18:00:00Z,0.646,1
2009-09-14T19:00:00Z,0.946,1
2009-09-14T20:00:00Z,1.006,1
2009-09-14T21:00:00Z,0.696,1
2009-09-14T22:00:00Z,0.136,1
2009-09-14T23:00:00Z,-0.524,1
2009-09-15T00:00:00Z,-1.144,1
2009-09-15T01:00:00Z,-1.554,1
2009-09-15T02:00:00Z,-1.604,1
2009-09-15T03:00:00Z,-1.314,1
2009-09-15T04:00:00Z,-0.824,1
2009-09-15T05:00:00Z,-0.284,1
2009-09-15T06:00:00Z,0.296,1
2009-09-15T07:00:00Z,0.746,1
2009-09-15T08:00:00Z,1.016,1
2009-09-15T09:00:00Z,0.996,1
2009-09-15T10:00:00Z,0.616,1
2009-09-15T11:00:00Z,0.026,1
2009-09-15T12:00:00Z,-0.624,1
2009-09-15T13:00:00Z,-1.164,1
2009-09-15T14:00:00Z,-1.424,1
2009-09-15T15:00:00Z,-1.344,1
2009-09-15T16:00:00Z,-0.964,1
2009-09-15T17:00:00Z,-0.414,1
2009-09-15T18:00:00Z,0.186,1
2009-09-15T19:00:00Z,0.706,1
2009-09-15T20:00:00Z,1.096,1
2009-09-15T21:00:00Z,1.176,1
2009-09-15T22:00:00Z,0.906,1
2009-09-15T23:00:00Z,0.266,1
2009-09-16T00:00:00Z,-0.554,1
2009-09-16T01:00:00Z,-1.344,1
2009-09-16T02:00:00Z,-1.844,1
2009-09-16T03:00:00Z,-1.934,1
2009-09-16T04:00:00Z,-1.624,1
2009-09-16T05:00:00Z,-1.044,1
2009-09-16T06:00:00Z,-0.354,1
2009-09-16T07:00:00Z,0.296,1
2009-09-16T08:00:00Z,0.846,1
2009-09-16T09:00:00Z,1.156,1
2009-09-16T10:00:00Z,1.116,1
2009-09-16T11:00:00Z,0.686,1
2009-09-16T12:00:00Z,-0.034,1
2009-09-16T13:00:00Z,-0.814,1
2009-09-16T14:00:00Z,-1.454,1
2009-09-16T15:00:00Z,-1.684,1
2009-09-16T16:00:00Z,-1.494,1
2009-09-16T17:00:00Z,-0.984,1
2009-09-16T18:00:00Z,-0.264,1
2009-09-16T19:00:00Z,0.446,1
2009-09-16T20:00:00Z,1.046,1
2009-09-16T21:00:00Z,1.466,1
2009-09-16T22:00:00Z,1.506,1
2009-09-16T23:00:00Z,1.096,1
2009-09-17T00:00:00Z,0.336,1
2009-09-17T01:00:00Z,-0.664,1
2009-09-17T02:00:00Z,-1.544,1
2009-09-17T03:00:00Z,-2.074,1
2009-09-17T04:00:00Z,-2.094,1
2009-09-17T05:00:00Z,-1.654,1
2009-09-17T06:00:00Z,-0.904,1
2009-09-17T07:00:00Z,-0.104,1
2009-09-17T08:00:00Z,0.636,1
2009-09-17T09:00:00Z,1.196,1
2009-09-17T10:00:00Z,1.466,1
2009-09-17T11:00:00Z,1.296,1
2009-09-17T12:00:00Z,0.696,1
2009-09-17T13:00:00Z,-0.214,1
2009-09-17T14:00:00Z,-1.134,1
2009-09-17T15:00:00Z,-1.744,1
2009-09-17T16:00:00Z,-1.894,1
2009-09-17T17:00:00Z,-1.524,1
2009-09-17T18:00:00Z,-0.804,1
2009-09-17T19:00:00Z,0.046,1
2009-09-17T20:00:00Z,0.826,1
2009-09-17T21:00:00Z,1.426,1
2009-09-17T22:00:00Z,1.786,1
2009-09-17T23:00:00Z,1.706,1
2009-09-18T00:00:00Z,1.166,1
2009-09-18T01:00:00Z,0.216,1
2009-09-18T02:00:00Z,-0.894,1
2009-09-18T03:00:00Z,-1.814,1
2009-09-18T04:00:00Z,-2.254,1
2009-09-18T05:00:00Z,-2.124,1
2009-09-18T06:00:00Z,-1.494,1
2009-09-18T07:00:00Z,-0.614,1
2009-09-18T08:00:00Z,0.286,1
2009-09-18T09:00:00Z,1.016,1
2009-09-18T10:00:00Z,1.516,1
2009-09-18T11:00:00Z,1.676,1
2009-09-18T12:00:00Z,1.336,1
2009-09-18T13:00:00Z,0.566,1
2009-09-18T14:00:00Z,-0.464,1
2009-09-18T15:00:00Z,-1.404,1
2009-09-18T16:00:00Z,-1.914,1
2009-09-18T17:00:00Z,-1.874,1
2009-09-18T18:00:00Z,-1.344,1
2009-09-18T19:00:00Z,-0.444,1
2009-09-18T20:00:00Z,0.476,1
2009-09-18T21:00:00Z,1.256,1
2009-09-18T22:00:00Z,1.806,1
2009-09-18T23:00:00Z,2.036,1
2009-09-19T00:00:00Z,1.786,1
2009-09-19T01:00:00Z,1.076,1
2009-09-19T02:00:00Z,-0.044,1
2009-09-19T03:00:00Z,-1.204,1
2009-09-19T04:00:00Z,-2.054,1
2009-09-19T05:00:00Z,-2.314,1
2009-09-19T06:00:00Z,-1.984,1
2009-09-19T07:00:00Z,-1.194,1
2009-09-19T08:00:00Z,-0.234,1
2009-09-19T09:00:00Z,0.636,1
2009-09-19T10:00:00Z,1.326,1
2009-09-19T11:00:00Z,1.736,1
2009-09-19T12:00:00Z,1.746,1
2009-09-19T13:00:00Z,1.236,1
2009-09-19T14:00:00Z,0.326,1
2009-09-19T15:00:00Z,-0.794,1
2009-09-19T16:00:00Z,-1.684,1
2009-09-19T17:00:00Z,-2.064,1
2009-09-19T18:00:00Z,-1.834,1
2009-09-19T19:00:00Z,-1.104,1
2009-09-19T20:00:00Z,-0.134,1
2009-09-19T21:00:00Z,0.776,1
2009-09-19T22:00:00Z,1.456,1
2009-09-19T23:00:00Z,1.896,1
2009-09-20T00:00:00Z,1.946,1
2009-09-20T01:00:00Z,1.546,1
2009-09-20T02:00:00Z,0.646,1
2009-09-20T03:00:00Z,-0.534,1
2009-09-20T04:00:00Z,-1.634,1
2009-09-20T05:00:00Z,-2.324,1
2009-09-20T06:00:00Z,-2.394,1
2009-09-20T07:00:00Z,-1.904,1
2009-09-20T08:00:00Z,-0.994,1
2009-09-20T09:00:00Z,-0.024,1
2009-09-20T10:00:00Z,0.806,1
2009-09-20T11:00:00Z,1.396,1
2009-09-20T12:00:00Z,1.666,1
2009-09-20T13:00:00Z,1.456,1
2009-09-20T14:00:00Z,0.806,1
2009-09-20T15:00:00Z,-0.234,1
2009-09-20T16:00:00Z,-1.314,1
2009-09-20T17:00:00Z,-2.024,1
2009-09-20T18:00:00Z,-2.114,1
2009-09-20T19:00:00Z,-1.714,1
2009-09-20T20:00:00Z,-0.854,1
2009-09-20T21:00:00Z,0.116,1
2009-09-20T22:00:00Z,0.966,1
2009-09-20T23:00:00Z,1.576,1
2009-09-21T00:00:00Z,1.936,1
2009-09-21T01:00:00Z,1.886,1
2009-09-21T02:00:00Z,1.366,1
2009-09-21T03:00:00Z,0.386,1
2009-09-21T04:00:00Z,-0.774,1
2009-09-21T05:00:00Z,-1.734,1
2009-09-21T06:00:00Z,-2.214,1
2009-09-21T07:00:00Z,-2.084,1
2009-09-21T08:00:00Z,-1.424,1
2009-09-21T09:00:00Z,-0.494,1
2009-09-21T10:00:00Z,0.436,1
2009-09-21T11:00:00Z,1.126,1
2009-09-21T12:00:00Z,1.596,1
2009-09-21T13:00:00Z,1.696,1
2009-09-21T14:00:00Z,1.346,1
2009-09-21T15:00:00Z,0.596,1
2009-09-21T16:00:00Z,-0.434,1
2009-09-21T17:00:00Z,-1.394,1
2009-09-21T18:00:00Z,-1.884,1
2009-09-21T19:00:00Z,-1.864,1
2009-09-21T20:00:00Z,-1.334,1
2009-09-21T21:00:00Z,-0.444,1
2009-09-21T22:00:00Z,0.456,1
2009-09-21T23:00:00Z,1.216,1
2009-09-22T00:00:00Z,1.716,1
2009-09-22T01:00:00Z,1.996,1
2009-09-22T02:00:00Z,1.776,1
2009-09-22T03:00:00Z,1.156,1
2009-09-22T04:00:00Z,0.186,1
2009-09-22T05:00:00Z,-0.844,1
2009-09-22T06:00:00Z,-1.584,1
2009-09-22T07:00:00Z,-1.834,1
2009-09-22T08:00:00Z,-1.574,1
2009-09-22T09:00:00Z,-0.844,1
2009-09-22T10:00:00Z,-0.004,1
2009-09-22T11:00:00Z,0.736,1
2009-09-22T12:00:00Z,1.286,1
2009-09-22T13:00:00Z,1.646,1
2009-09-22T14:00:00Z,1.566,1
2009-09-22T15:00:00Z,1.086,1
2009-09-22T16:00:00Z,0.266,1
2009-09-22T17:00:00Z,-0.724,1
2009-09-22T18:00:00Z,-1.524,1
2009-09-22T19:00:00Z,-1.854,1
2009-09-22T20:00:00Z,-1.714,1
2009-09-22T21:00:00Z,-1.114,1
2009-09-22T22:00:00Z,-0.314,1
2009-09-22T23:00:00Z,0.456,1
2009-09-23T00:00:00Z,1.046,1
2009-09-23T01:00:00Z,1.496,1
2009-09-23T02:00:00Z,1.5861,1
2009-09-23T03:00:00Z,1.3261,1
2009-09-23T04:00:00Z,0.6461,1
2009-09-23T05:00:00Z,-0.2539,1
2009-09-23T06:00:00Z,-1.1339,1
2009-09-23T07:00:00Z,-1.6439,1
2009-09-23T08:00:00Z,-1.7139,1
2009-09-23T09:00:00Z,-1.3439,1
2009-09-23T10:00:00Z,-0.6339,1
2009-09-23T11:00:00Z,0.1061,1
2009-09-23T12:00:00Z,0.7361,1
2009-09-23T13:00:00Z,1.2161,1
2009-09-23T15:00:00Z,1.2861,1
2009-09-23T16:00:00Z,0.8061,1
2009-09-23T17:00:00Z,0.0061,1
2009-09-23T19:00:00Z,-1.4339,1
2009-09-23T20:00:00Z,-1.6339,1
2009-09-23T21:00:00Z,-1.4039,1
2009-09-23T22:00:00Z,-0.8339,1
2009-09-23T23:00:00Z,-0.1639,1
2009-09-24T00:00:00Z,0.4661,1
2009-09-24T02:00:00Z,1.2661,1
2009-09-24T03:00:00Z,1.2861,1
2009-09-24T04:00:00Z,0.9661,1
2009-09-24T05:00:00Z,0.2961,1
2009-09-24T06:00:00Z,-0.4839,1
2009-09-24T07:00:00Z,-1.1539,1
2009-09-24T08:00:00Z,-1.5039,1
2009-09-24T09:00:00Z,-1.4339,1
2009-09-24T10:00:00Z,-0.9939,1
2009-09-24T11:00:00Z,-0.3639,1
2009-09-24T12:00:00Z,0.2561,1
2009-09-24T13:00:00Z,0.7661,1
2009-09-24T14:00:00Z,1.1361,1
2009-09-24T15:00:00Z,1.2761,1
2009-09-24T16:00:00Z,1.0461,1
2009-09-24T17:00:00Z,0.5361,1
2009-09-24T18:00:00Z,-0.1739,1
2009-09-24T19:00:00Z,-0.8739,1
2009-09-24T20:00:00Z,-1.3139,1
2009-09-24T21:00:00Z,-1.4339,1
2009-09-24T22:00:00Z,-1.1639,1
2009-09-24T23:00:00Z,-0.6839,1
2009-09-25T00:00:00Z,-0.1439,1
2009-09-25T01:00:00Z,0.3661,1
2009-09-25T02:00:00Z,0.7961,1
2009-09-25T03:00:00Z,1.0061,1
2009-09-25T04:00:00Z,0.9761,1
2009-09-25T05:00:00Z,0.6761,1
2009-09-25T06:00:00Z,0.1161,1
2009-09-25T07:00:00Z,-0.5039,1
2009-09-25T08:00:00Z,-1.0439,1
2009-09-25T09:00:00Z,-1.2539,1
2009-09-25T10:00:00Z,-1.1639,1
2009-09-25T11:00:00Z,-0.7739,1
2009-09-25T12:00:00Z,-0.2539,1
2009-09-25T13:00:00Z,0.2661,1
2009-09-25T14:00:00Z,0.6961,1
2009-09-25T15:00:00Z,0.9961,1
2009-09-25T16:00:00Z,1.0561,1
2009-09-25T17:00:00Z,0.8461,1
2009-09-25T18:00:00Z,0.3961,1
2009-09-25T19:00:00Z,-0.1939,1
2009-09-25T20:00:00Z,-0.7739,1
2009-09-25T21:00:00Z,-1.1339,1
2009-09-25T22:00:00Z,-1.1739,1
2009-09-25T23:00:00Z,-0.9639,1
2009-09-26T00:00:00Z,-0.5939,1
2009-09-26T01:00:00Z,-0.2039,1
2009-09-26T02:00:00Z,0.1761,1
2009-09-26T03:00:00Z,0.5261,1
2009-09-26T04:00:00Z,0.7361,1
2009-09-26T05:00:00Z,0.7361,1
2009-09-26T06:00:00Z,0.4661,1
2009-09-26T07:00:00Z,0.0261,1
2009-09-26T08:00:00Z,-0.5039,1
2009-09-26T09:00:00Z,-0.9139,1
2009-09-26T10:00:00Z,-1.0939,1
2009-09-26T11:00:00Z,-0.9839,1
2009-09-26T12:00:00Z,-0.6439,1
2009-09-26T13:00:00Z,-0.2539,1
2009-09-26T14:00:00Z,0.1561,1
2009-09-26T15:00:00Z,0.5261,1
2009-09-26T16:00:00Z,0.7861,1
2009-09-26T17:00:00Z,0.8761,1
2009-09-26T18:00:00Z,0.7161,1
2009-09-26T19:00:00Z,0.3461,1
2009-09-26T20:00:00Z,-0.1239,1
2009-09-26T21:00:00Z,-0.6039,1
2009-09-26T22:00:00Z,-0.9339,1
2009-09-26T23:00:00Z,-1.0439,1
2009-09-27T00:00:00Z,-0.9139,1
2009-09-27T01:00:00Z,-0.6339,1
2009-09-27T02:00:00Z,-0.3539,1
2009-09-27T03:00:00Z,-0.0139,1
2009-09-27T04:00:00Z,0.2961,1
2009-09-27T07:00:00Z,0.4261,1
2009-09-27T08:00:00Z,0.1061,1
2009-09-27T09:00:00Z,-0.2839,1
2009-09-27T10:00:00Z,-0.6339,1
2009-09-27T11:00:00Z,-0.7939,1
2009-09-27T12:00:00Z,-0.7639,1
2009-09-27T13:00:00Z,-0.5539,1
2009-09-27T14:00:00Z,-0.2639,1
2009-09-27T15:00:00Z,0.0861,1
2009-09-27T16:00:00Z,0.4161,1
2009-09-27T17:00:00Z,0.6761,1
2009-09-27T18:00:00Z,0.7961,1
2009-09-27T19:00:00Z,0.7061,1
2009-09-27T20:00:00Z,0.4361,1
2009-09-27T21:00:00Z,0.0161,1
2009-09-27T22:00:00Z,-0.4339,1
2009-09-27T23:00:00Z,-0.8239,1
2009-09-28T00:00:00Z,-1.0339,1
2009-09-28T01:00:00Z,-1.0139,1
2009-09-28T02:00:00Z,-0.7939,1
2009-09-28T03:00:00Z,-0.5539,1
2009-09-28T04:00:00Z,-0.2139,1
2009-09-28T05:00:00Z,0.1261,1
2009-09-28T06:00:00Z,0.4461,1
2009-09-28T07:00:00Z,0.5861,1
2009-09-28T08:00:00Z,0.5361,1
2009-09-28T09:00:00Z,0.2561,1
2009-09-28T10:00:00Z,-0.0539,1
2009-09-28T11:00:00Z,-0.4339,1
2009-09-28T12:00:00Z,-0.6539,1
2009-09-28T13:00:00Z,-0.7639,1
2009-09-28T14:00:00Z,-0.6439,1
2009-09-28T15:00:00Z,-0.3639,1
2009-09-28T16:00:00Z,-0.0539,1
2009-09-28T17:00:00Z,0.3261,1
2009-09-28T18:00:00Z,0.6361,1
2009-09-28T19:00:00Z,0.8261,1
2009-09-28T20:00:00Z,0.8261,1
2009-09-28T21:00:00Z,0.6161,1
2009-09-28T22:00:00Z,0.2261,1
2009-09-28T23:00:00Z,-0.2739,1
2009-09-29T00:00:00Z,-0.7039,1
2009-09-29T01:00:00Z,-1.0239,1
2009-09-29T02:00:00Z,-1.1139,1
2009-09-29T03:00:00Z,-0.9639,1
2009-09-29T04:00:00Z,-0.6639,1
2009-09-29T05:00:00Z,-0.2739,1
2009-09-29T06:00:00Z,0.1261,1
2009-09-29T07:00:00Z,0.5061,1
2009-09-29T08:00:00Z,0.7261,1
2009-09-29T09:00:00Z,0.7661,1
2009-09-29T10:00:00Z,0.5261,1
2009-09-29T11:00:00Z,0.1261,1
2009-09-29T12:00:00Z,-0.3039,1
2009-09-29T13:00:00Z,-0.6839,1
2009-09-29T14:00:00Z,-0.8539,1
2009-09-29T15:00:00Z,-0.7939,1
2009-09-29T16:00:00Z,-0.5039,1
2009-09-29T17:00:00Z,-0.1039,1
2009-09-29T18:00:00Z,0.3161,1
2009-09-29T19:00:00Z,0.6961,1
2009-09-29T20:00:00Z,0.9461,1
2009-09-29T21:00:00Z,0.9861,1
2009-09-29T22:00:00Z,0.7461,1
2009-09-29T23:00:00Z,0.2661,1
2009-09-30T00:00:00Z,-0.3139,1
2009-09-30T01:00:00Z,-0.8739,1
2009-09-30T02:00:00Z,-1.2439,1
2009-09-30T03:00:00Z,-1.3339,1
2009-09-30T04:00:00Z,-1.1239,1
2009-09-30T05:00:00Z,-0.7239,1
2009-09-30T06:00:00Z,-0.2239,1
2009-09-30T07:00:00Z,0.2661,1
2009-09-30T08:00:00Z,0.6861,1
2009-09-30T09:00:00Z,0.9261,1
2009-09-30T10:00:00Z,0.8861,1
2009-09-30T11:00:00Z,0.5561,1
2009-09-30T12:00:00Z,0.0461,1
2009-09-30T13:00:00Z,-0.5339,1
2009-09-30T14:00:00Z,-0.9639,1
2009-09-30T15:00:00Z,-1.0939,1
2009-09-30T16:00:00Z,-0.9139,1
2009-09-30T17:00:00Z,-0.4939,1
2009-09-30T18:00:00Z,0.0561,1
2009-09-30T19:00:00Z,0.5561,1
2009-09-30T20:00:00Z,0.9661,1
2009-09-30T21:00:00Z,1.1961,1
2009-09-30T22:00:00Z,1.1361,1
2009-09-30T23:00:00Z,0.7961,1
2009-10-01T00:00:00Z,0.1561,1
2009-10-01T01:00:00Z,-0.5439,1
2009-10-01T02:00:00Z,-1.1639,1
2009-10-01T03:00:00Z,-1.4939,1
2009-10-01T04:00:00Z,-1.4739,1
2009-10-01T05:00:00Z,-1.1139,1
2009-10-01T06:00:00Z,-0.5639,1
2009-10-01T07:00:00Z,0.0361,1
2009-10-01T08:00:00Z,0.5561,1
2009-10-01T09:00:00Z,0.9661,1
2009-10-01T10:00:00Z,1.0761,1
2009-10-01T11:00:00Z,0.8561,1
2009-10-01T12:00:00Z,0.3461,1
2009-10-01T13:00:00Z,-0.3439,1
2009-10-01T14:00:00Z,-0.9739,1
2009-10-01T15:00:00Z,-1.3339,1
2009-10-01T16:00:00Z,-1.3339,1
2009-10-01T17:00:00Z,-0.9639,1
2009-10-01T18:00:00Z,-0.3539,1
2009-10-01T19:00:00Z,0.2861,1
2009-10-01T20:00:00Z,0.8561,1
2009-10-01T21:00:00Z,1.2661,1
2009-10-01T22:00:00Z,1.4061,1
2009-10-01T23:00:00Z,1.2061,1
2009-10-02T00:00:00Z,0.6262,1
2009-10-02T01:00:00Z,-0.1738,1
2009-10-02T02:00:00Z,-0.9738,1
2009-10-02T03:00:00Z,-1.5238,1
2009-10-02T04:00:00Z,-1.6838,1
2009-10-02T05:00:00Z,-1.4338,1
2009-10-02T06:00:00Z,-0.9038,1
2009-10-02T07:00:00Z,-0.2138,1
2009-10-02T08:00:00Z,0.4162,1
2009-10-02T09:00:00Z,0.9562,1
2009-10-02T10:00:00Z,1.2662,1
2009-10-02T11:00:00Z,1.2162,1
2009-10-02T12:00:00Z,0.8062,1
2009-10-02T13:00:00Z,0.1062,1
2009-10-02T14:00:00Z,-0.6838,1
2009-10-02T15:00:00Z,-1.2838,1
2009-10-02T16:00:00Z,-1.5038,1
2009-10-02T17:00:00Z,-1.2538,1
2009-10-02T18:00:00Z,-0.6938,1
2009-10-02T19:00:00Z,0.0662,1
2009-10-02T20:00:00Z,0.7562,1
2009-10-02T21:00:00Z,1.3062,1
2009-10-02T22:00:00Z,1.5962,1
2009-10-02T23:00:00Z,1.5462,1
2009-10-03T00:00:00Z,1.0962,1
2009-10-03T01:00:00Z,0.3762,1
2009-10-03T02:00:00Z,-0.4638,1
2009-10-03T03:00:00Z,-1.2038,1
2009-10-03T04:00:00Z,-1.5238,1
2009-10-03T05:00:00Z,-1.4338,1
2009-10-03T06:00:00Z,-0.9338,1
2009-10-03T07:00:00Z,-0.2138,1
2009-10-03T08:00:00Z,0.5562,1
2009-10-03T09:00:00Z,1.1662,1
2009-10-03T10:00:00Z,1.5662,1
2009-10-03T11:00:00Z,1.6762,1
2009-10-03T12:00:00Z,1.4262,1
2009-10-03T13:00:00Z,0.7662,1
2009-10-03T14:00:00Z,-0.1238,1
2009-10-03T15:00:00Z,-0.9438,1
2009-10-03T16:00:00Z,-1.4138,1
2009-10-03T17:00:00Z,-1.4338,1
2009-10-03T18:00:00Z,-1.0038,1
2009-10-03T19:00:00Z,-0.2538,1
2009-10-03T20:00:00Z,0.5262,1
2009-10-03T21:00:00Z,1.1462,1
2009-10-03T22:00:00Z,1.5262,1
2009-10-03T23:00:00Z,1.6362,1
2009-10-04T00:00:00Z,1.3762,1
2009-10-04T01:00:00Z,0.7762,1
2009-10-04T02:00:00Z,-0.1538,1
2009-10-04T03:00:00Z,-1.0938,1
2009-10-04T04:00:00Z,-1.7038,1
2009-10-04T05:00:00Z,-1.8738,1
2009-10-04T06:00:00Z,-1.5338,1
2009-10-04T07:00:00Z,-0.8538,1
2009-10-04T08:00:00Z,-0.0638,1
2009-10-04T09:00:00Z,0.6662,1
2009-10-04T10:00:00Z,1.2362,1
2009-10-04T11:00:00Z,1.5462,1
2009-10-04T12:00:00Z,1.4662,1
2009-10-04T13:00:00Z,0.9662,1
2009-10-04T14:00:00Z,0.1362,1
2009-10-04T15:00:00Z,-0.8038,1
2009-10-04T16:00:00Z,-1.4938,1
2009-10-04T17:00:00Z,-1.7238,1
2009-10-04T18:00:00Z,-1.4438,1
2009-10-04T19:00:00Z,-0.7638,1
2009-10-04T20:00:00Z,0.0862,1
2009-10-04T21:00:00Z,0.9062,1
2009-10-04T22:00:00Z,1.4862,1
2009-10-04T23:00:00Z,1.8562,1
2009-10-05T00:00:00Z,1.7862,1
2009-10-05T01:00:00Z,1.3062,1
2009-10-05T02:00:00Z,0.4462,1
2009-10-05T03:00:00Z,-0.5938,1
2009-10-05T04:00:00Z,-1.4638,1
2009-10-05T05:00:00Z,-1.8738,1
2009-10-05T06:00:00Z,-1.7638,1
2009-10-05T07:00:00Z,-1.2238,1
2009-10-05T08:00:00Z,-0.4138,1
2009-10-05T09:00:00Z,0.3962,1
2009-10-05T10:00:00Z,1.0662,1
2009-10-05T11:00:00Z,1.5362,1
2009-10-05T13:00:00Z,1.3562,1
2009-10-05T14:00:00Z,0.6562,1
2009-10-05T15:00:00Z,-0.3438,1
2009-10-05T16:00:00Z,-1.2338,1
2009-10-05T17:00:00Z,-1.7238,1
2009-10-05T19:00:00Z,-1.2338,1
2009-10-05T20:00:00Z,-0.3838,1
2009-10-05T21:00:00Z,0.4862,1
2009-10-05T22:00:00Z,1.2362,1
2009-10-05T23:00:00Z,1.7662,1
2009-10-06T00:00:00Z,1.9462,1
2009-10-06T01:00:00Z,1.7162,1
2009-10-06T02:00:00Z,1.0962,1
2009-10-06T03:00:00Z,0.1362,1
2009-10-06T04:00:00Z,-0.8438,1
2009-10-06T05:00:00Z,-1.5338,1
2009-10-06T06:00:00Z,-1.6838,1
2009-10-06T07:00:00Z,-1.3538,1
2009-10-06T08:00:00Z,-0.6438,1
2009-10-06T09:00:00Z,0.2162,1
2009-10-06T11:00:00Z,1.5762,1
2009-10-06T12:00:00Z,1.8862,1
2009-10-06T13:00:00Z,1.7862,1
2009-10-06T15:00:00Z,0.4062,1
2009-10-06T16:00:00Z,-0.5738,1
2009-10-06T17:00:00Z,-1.3638,1
2009-10-06T18:00:00Z,-1.6738,1
2009-10-06T19:00:00Z,-1.4838,1
2009-10-06T20:00:00Z,-0.8438,1
2009-10-06T21:00:00Z,-0.0238,1
2009-10-06T22:00:00Z,0.7262,1
2009-10-06T23:00:00Z,1.3562,1
2009-10-07T00:00:00Z,1.6962,1
2009-10-07T01:00:00Z,1.7162,1
2009-10-07T02:00:00Z,1.2562,1
2009-10-07T03:00:00Z,0.4662,1
2009-10-07T04:00:00Z,-0.5638,1
2009-10-07T05:00:00Z,-1.4538,1
2009-10-07T06:00:00Z,-1.9238,1
2009-10-07T07:00:00Z,-1.8238,1
2009-10-07T08:00:00Z,-1.2638,1
2009-10-07T10:00:00Z,0.3462,1
2009-10-07T11:00:00Z,1.0362,1
2009-10-07T12:00:00Z,1.5362,1
2009-10-07T13:00:00Z,1.7162,1
2009-10-07T14:00:00Z,1.4762,1
2009-10-07T15:00:00Z,0.8462,1
2009-10-07T16:00:00Z,-0.0938,1
2009-10-07T17:00:00Z,-1.0238,1
2009-10-07T18:00:00Z,-1.5938,1
2009-10-07T19:00:00Z,-1.7338,1
2009-10-07T20:00:00Z,-1.3738,1
2009-10-07T21:00:00Z,-0.6338,1
2009-10-07T22:00:00Z,0.1862,1
2009-10-07T23:00:00Z,0.8862,1
2009-10-08T00:00:00Z,1.4462,1
2009-10-08T01:00:00Z,1.7262,1
2009-10-08T02:00:00Z,1.6062,1
2009-10-08T03:00:00Z,1.0962,1
2009-10-08T04:00:00Z,0.2462,1
2009-10-08T05:00:00Z,-0.7038,1
2009-10-08T06:00:00Z,-1.3938,1
2009-10-08T07:00:00Z,-1.6438,1
2009-10-08T08:00:00Z,-1.4438,1
2009-10-08T09:00:00Z,-0.8538,1
2009-10-08T10:00:00Z,-0.1138,1
2009-10-08T11:00:00Z,0.5962,1
2009-10-08T12:00:00Z,1.1462,1
2009-10-08T13:00:00Z,1.5062,1
2009-10-08T14:00:00Z,1.5462,1
2009-10-08T15:00:00Z,1.1762,1
2009-10-08T16:00:00Z,0.4462,1
2009-10-08T17:00:00Z,-0.4738,1
2009-10-08T18:00:00Z,-1.2638,1
2009-10-08T19:00:00Z,-1.7238,1
2009-10-08T20:00:00Z,-1.7138,1
2009-10-08T21:00:00Z,-1.2638,1
2009-10-08T22:00:00Z,-0.5338,1
2009-10-08T23:00:00Z,0.2162,1
2009-10-09T00:00:00Z,0.8562,1
2009-10-09T01:00:00Z,1.3262,1
2009-10-09T02:00:00Z,1.5162,1
2009-10-09T03:00:00Z,1.3462,1
2009-10-09T04:00:00Z,0.7762,1
2009-10-09T05:00:00Z,-0.0238,1
2009-10-09T06:00:00Z,-0.8338,1
2009-10-09T07:00:00Z,-1.3638,1
2009-10-09T08:00:00Z,-1.4838,1
2009-10-09T09:00:00Z,-1.1738,1
2009-10-09T10:00:00Z,-0.5838,1
2009-10-09T11:00:00Z,0.0962,1
2009-10-09T12:00:00Z,0.7462,1
2009-10-09T13:00:00Z,1.2362,1
2009-10-09T14:00:00Z,1.5562,1
2009-10-09T15:00:00Z,1.4762,1
2009-10-09T16:00:00Z,1.0362,1
2009-10-09T17:00:00Z,0.3862,1
2009-10-09T18:00:00Z,-0.4038,1
2009-10-09T19:00:00Z,-1.0638,1
2009-10-09T20:00:00Z,-1.3938,1
2009-10-09T21:00:00Z,-1.2738,1
2009-10-09T22:00:00Z,-0.8438,1
2009-10-09T23:00:00Z,-0.2038,1
2009-10-10T00:00:00Z,0.4362,1
2009-10-10T01:00:00Z,0.9862,1
2009-10-10T02:00:00Z,1.3562,1
2009-10-10T03:00:00Z,1.4962,1
2009-10-10T04:00:00Z,1.2562,1
2009-10-10T05:00:00Z,0.6962,1
2009-10-10T06:00:00Z,-0.0438,1
2009-10-10T07:00:00Z,-0.7938,1
2009-10-10T08:00:00Z,-1.2438,1
2009-10-10T09:00:00Z,-1.3538,1
2009-10-10T10:00:00Z,-1.0638,1
2009-10-10T11:00:00Z,-0.5438,1
2009-10-10T12:00:00Z,0.0562,1
2009-10-10T13:00:00Z,0.5862,1
2009-10-10T14:00:00Z,1.0562,1
2009-10-10T15:00:00Z,1.3162,1
2009-10-10T16:00:00Z,1.2762,1
2009-10-10T17:00:00Z,0.9062,1
2009-10-10T18:00:00Z,0.2862,1
2009-10-10T19:00:00Z,-0.4438,1
2009-10-10T20:00:00Z,-1.0638,1
2009-10-10T21:00:00Z,-1.3538,1
2009-10-10T22:00:00Z,-1.3238,1
2009-10-10T23:00:00Z,-0.9737,1
2009-10-11T00:00:00Z,-0.4537,1
2009-10-11T01:00:00Z,0.0863,1
2009-10-11T02:00:00Z,0.6063,1
2009-10-11T03:00:00Z,1.0063,1
2009-10-11T04:00:00Z,1.1763,1
2009-10-11T05:00:00Z,1.0663,1
2009-10-11T06:00:00Z,0.6163,1
2009-10-11T07:00:00Z,0.0463,1
2009-10-11T08:00:00Z,-0.5737,1
2009-10-11T09:00:00Z,-0.9037,1
2009-10-11T10:00:00Z,-1.0137,1
2009-10-11T11:00:00Z,-0.7737,1
2009-10-11T12:00:00Z,-0.3437,1
2009-10-11T13:00:00Z,0.1563,1
2009-10-11T14:00:00Z,0.6163,1
2009-10-11T15:00:00Z,0.9863,1
2009-10-11T16:00:00Z,1.2463,1
2009-10-11T17:00:00Z,1.2463,1
2009-10-11T18:00:00Z,0.9263,1
2009-10-11T19:00:00Z,0.3263,1
2009-10-11T20:00:00Z,-0.4137,1
2009-10-11T21:00:00Z,-1.0337,1
2009-10-11T22:00:00Z,-1.4237,1
2009-10-11T23:00:00Z,-1.4837,1
2009-10-12T00:00:00Z,-1.3237,1
2009-10-12T01:00:00Z,-0.8137,1
2009-10-12T02:00:00Z,-0.3537,1
2009-10-12T03:00:00Z,0.1463,1
2009-10-12T04:00:00Z,0.5663,1
2009-10-12T05:00:00Z,0.8263,1
2009-10-12T06:00:00Z,0.8463,1
2009-10-12T07:00:00Z,0.5663,1
2009-10-12T08:00:00Z,0.0463,1
2009-10-12T09:00:00Z,-0.4637,1
2009-10-12T10:00:00Z,-0.8537,1
2009-10-12T11:00:00Z,-1.0537,1
2009-10-12T12:00:00Z,-0.9337,1
2009-10-12T13:00:00Z,-0.6637,1
2009-10-12T14:00:00Z,-0.2537,1
2009-10-12T15:00:00Z,0.2063,1
2009-10-12T16:00:00Z,0.6163,1
2009-10-12T17:00:00Z,1.0063,1
2009-10-12T18:00:00Z,1.1563,1
2009-10-12T19:00:00Z,0.9863,1
2009-10-12T20:00:00Z,0.5563,1
2009-10-12T21:00:00Z,-0.1237,1
2009-10-12T22:00:00Z,-0.8037,1
2009-10-12T23:00:00Z,-1.3137,1
2009-10-13T00:00:00Z,-1.5237,1
2009-10-13T01:00:00Z,-1.4237,1
2009-10-13T02:00:00Z,-1.0837,1
2009-10-13T03:00:00Z,-0.6237,1
2009-10-13T04:00:00Z,-0.0937,1
2009-10-13T05:00:00Z,0.4263,1
2009-10-13T06:00:00Z,0.8363,1
2009-10-13T07:00:00Z,1.0063,1
2009-10-13T08:00:00Z,0.8263,1
2009-10-13T09:00:00Z,0.3863,1
2009-10-13T10:00:00Z,-0.1437,1
2009-10-13T11:00:00Z,-0.6837,1
2009-10-13T12:00:00Z,-1.0337,1
2009-10-13T13:00:00Z,-1.0837,1
2009-10-13T14:00:00Z,-0.8637,1
2009-10-13T15:00:00Z,-0.4737,1
2009-10-13T16:00:00Z,0.0063,1
2009-10-13T17:00:00Z,0.5063,1
2009-10-13T18:00:00Z,0.9363,1
2009-10-13T19:00:00Z,1.1963,1
2009-10-13T20:00:00Z,1.1463,1
2009-10-13T21:00:00Z,0.7463,1
2009-10-13T22:00:00Z,0.1063,1
2009-10-13T23:00:00Z,-0.6537,1
2009-10-14T00:00:00Z,-1.3037,1
2009-10-14T01:00:00Z,-1.6437,1
2009-10-14T02:00:00Z,-1.6437,1
2009-10-14T03:00:00Z,-1.2937,1
2009-10-14T04:00:00Z,-0.7737,1
2009-10-14T05:00:00Z,-0.1437,1
2009-10-14T06:00:00Z,0.4263,1
2009-10-14T07:00:00Z,0.8963,1
2009-10-14T08:00:00Z,1.1163,1
2009-10-14T09:00:00Z,0.9863,1
2009-10-14T10:00:00Z,0.5463,1
2009-10-14T11:00:00Z,-0.0937,1
2009-10-14T12:00:00Z,-0.7437,1
2009-10-14T13:00:00Z,-1.1937,1
2009-10-14T15:00:00Z,-1.1237,1
2009-10-14T16:00:00Z,-0.6537,1
2009-10-14T17:00:00Z,-0.0537,1
2009-10-14T18:00:00Z,0.5463,1
2009-10-14T19:00:00Z,1.0563,1
2009-10-14T20:00:00Z,1.3563,1
2009-10-14T21:00:00Z,1.3163,1
2009-10-14T22:00:00Z,0.8863,1
2009-10-14T23:00:00Z,0.1263,1
2009-10-15T00:00:00Z,-0.7437,1
2009-10-15T01:00:00Z,-1.5037,1
2009-10-15T02:00:00Z,-1.9137,1
2009-10-15T03:00:00Z,-1.9037,1
2009-10-15T04:00:00Z,-1.4537,1
2009-10-15T05:00:00Z,-0.8337,1
2009-10-15T06:00:00Z,-0.1237,1
2009-10-15T07:00:00Z,0.5263,1
2009-10-15T08:00:00Z,1.0163,1
2009-10-15T09:00:00Z,1.2463,1
2009-10-15T10:00:00Z,1.0663,1
2009-10-15T11:00:00Z,0.5263,1
2009-10-15T12:00:00Z,-0.2437,1
2009-10-15T13:00:00Z,-1.0137,1
2009-10-15T14:00:00Z,-1.5437,1
2009-10-15T15:00:00Z,-1.6237,1
2009-10-15T16:00:00Z,-1.3137,1
2009-10-15T17:00:00Z,-0.7337,1
2009-10-15T18:00:00Z,0.0063,1
2009-10-15T19:00:00Z,0.7063,1
2009-10-15T20:00:00Z,1.2563,1
2009-10-15T21:00:00Z,1.5063,1
2009-10-15T22:00:00Z,1.3863,1
2009-10-15T23:00:00Z,0.8363,1
2009-10-16T00:00:00Z,-0.0337,1
2009-10-16T01:00:00Z,-1.0437,1
2009-10-16T02:00:00Z,-1.8437,1
2009-10-16T03:00:00Z,-2.2037,1
2009-10-16T04:00:00Z,-2.0737,1
2009-10-16T05:00:00Z,-1.5237,1
2009-10-16T06:00:00Z,-0.7737,1
2009-10-16T07:00:00Z,0.0163,1
2009-10-16T08:00:00Z,0.6863,1
2009-10-16T09:00:00Z,1.1663,1
2009-10-16T10:00:00Z,1.3063,1
2009-10-16T11:00:00Z,1.0163,1
2009-10-16T12:00:00Z,0.3063,1
2009-10-16T13:00:00Z,-0.6037,1
2009-10-16T14:00:00Z,-1.4037,1
2009-10-16T15:00:00Z,-1.8637,1
2009-10-16T16:00:00Z,-1.8137,1
2009-10-16T17:00:00Z,-1.3537,1
2009-10-16T18:00:00Z,-0.5837,1
2009-10-16T19:00:00Z,0.2363,1
2009-10-16T20:00:00Z,0.9263,1
2009-10-16T21:00:00Z,1.4363,1
2009-10-16T22:00:00Z,1.6563,1
2009-10-16T23:00:00Z,1.4163,1
2009-10-17T00:00:00Z,0.7263,1
2009-10-17T01:00:00Z,-0.2637,1
2009-10-17T02:00:00Z,-1.3037,1
2009-10-17T03:00:00Z,-2.0437,1
2009-10-17T04:00:00Z,-2.2637,1
2009-10-17T06:00:00Z,-1.2137,1
2009-10-17T07:00:00Z,-0.3437,1
2009-10-17T08:00:00Z,0.4763,1
2009-10-17T09:00:00Z,1.1263,1
2009-10-17T10:00:00Z,1.4763,1
2009-10-17T11:00:00Z,1.4563,1
2009-10-17T12:00:00Z,0.9963,1
2009-10-17T13:00:00Z,0.1163,1
2009-10-17T14:00:00Z,-0.8737,1
2009-10-17T15:00:00Z,-1.6637,1
2009-10-17T16:00:00Z,-1.9737,1
2009-10-17T17:00:00Z,-1.7537,1
2009-10-17T18:00:00Z,-1.1237,1
2009-10-17T19:00:00Z,-0.2837,1
2009-10-17T20:00:00Z,0.5663,1
2009-10-17T21:00:00Z,1.2463,1
2009-10-17T22:00:00Z,1.7063,1
2009-10-17T23:00:00Z,1.8063,1
2009-10-18T00:00:00Z,1.4063,1
2009-10-18T01:00:00Z,0.5963,1
2009-10-18T02:00:00Z,-0.5137,1
2009-10-18T03:00:00Z,-1.5237,1
2009-10-18T04:00:00Z,-2.1237,1
2009-10-18T05:00:00Z,-2.1437,1
2009-10-18T06:00:00Z,-1.6337,1
2009-10-18T07:00:00Z,-0.7937,1
2009-10-18T08:00:00Z,0.1263,1
2009-10-18T09:00:00Z,0.8963,1
2009-10-18T10:00:00Z,1.4663,1
2009-10-18T11:00:00Z,1.7063,1
2009-10-18T12:00:00Z,1.4863,1
2009-10-18T13:00:00Z,0.8463,1
2009-10-18T14:00:00Z,-0.1537,1
2009-10-18T15:00:00Z,-1.1637,1
2009-10-18T16:00:00Z,-1.8437,1
2009-10-18T17:00:00Z,-1.9637,1
2009-10-18T18:00:00Z,-1.5937,1
2009-10-18T19:00:00Z,-0.8137,1
2009-10-18T20:00:00Z,0.0963,1
2009-10-18T21:00:00Z,0.9063,1
2009-10-18T22:00:00Z,1.5163,1
2009-10-18T23:00:00Z,1.8663,1
2009-10-19T00:00:00Z,1.7963,1
2009-10-19T01:00:00Z,1.2763,1
2009-10-19T02:00:00Z,0.3263,1
2009-10-19T03:00:00Z,-0.7637,1
2009-10-19T04:00:00Z,-1.6737,1
2009-10-19T05:00:00Z,-2.0737,1
2009-10-19T06:00:00Z,-1.9137,1
2009-10-19T07:00:00Z,-1.2437,1
2009-10-19T08:00:00Z,-0.3337,1
2009-10-19T09:00:00Z,0.5363,1
2009-10-19T10:00:00Z,1.2363,1
2009-10-19T11:00:00Z,1.7063,1
2009-10-19T12:00:00Z,1.7963,1
2009-10-19T13:00:00Z,1.4363,1
2009-10-19T14:00:00Z,0.6563,1
2009-10-19T15:00:00Z,-0.3537,1
2009-10-19T16:00:00Z,-1.2237,1
2009-10-19T17:00:00Z,-1.6837,1
2009-10-19T18:00:00Z,-1.6537,1
2009-10-19T19:00:00Z,-1.1337,1
2009-10-19T20:00:00Z,-0.3137,1
2009-10-19T21:00:00Z,0.5764,1
2009-10-19T22:00:00Z,1.3064,1
2009-10-19T23:00:00Z,1.8664,1
2009-10-20T00:00:00Z,2.0864,1
2009-10-20T01:00:00Z,1.8864,1
2009-10-20T02:00:00Z,1.2064,1
2009-10-20T03:00:00Z,0.2164,1
2009-10-20T04:00:00Z,-0.7636,1
2009-10-20T05:00:00Z,-1.5136,1
2009-10-20T06:00:00Z,-1.6836,1
2009-10-20T07:00:00Z,-1.3336,1
2009-10-20T08:00:00Z,-0.6036,1
2009-10-20T09:00:00Z,0.2764,1
2009-10-20T10:00:00Z,1.0464,1
2009-10-20T11:00:00Z,1.6264,1
2009-10-20T12:00:00Z,2.0064,1
2009-10-20T13:00:00Z,1.8564,1
2009-10-20T14:00:00Z,1.2764,1
2009-10-20T15:00:00Z,0.3864,1
2009-10-20T16:00:00Z,-0.6036,1
2009-10-20T17:00:00Z,-1.3936,1
2009-10-20T18:00:00Z,-1.6836,1
2009-10-20T19:00:00Z,-1.4836,1
2009-10-20T20:00:00Z,-0.8636,1
2009-10-20T21:00:00Z,-0.0336,1
2009-10-20T22:00:00Z,0.7664,1
2009-10-20T23:00:00Z,1.4064,1
2009-10-21T00:00:00Z,1.8564,1
2009-10-21T01:00:00Z,1.9764,1
2009-10-21T02:00:00Z,1.6464,1
2009-10-21T03:00:00Z,0.8864,1
2009-10-21T04:00:00Z,-0.0936,1
2009-10-21T05:00:00Z,-0.9636,1
2009-10-21T06:00:00Z,-1.4336,1
2009-10-21T07:00:00Z,-1.4136,1
2009-10-21T08:00:00Z,-0.9436,1
2009-10-21T09:00:00Z,-0.2036,1
2009-10-21T10:00:00Z,0.5864,1
2009-10-21T11:00:00Z,1.2564,1
2009-10-21T12:00:00Z,1.7664,1
2009-10-21T14:00:00Z,1.7064,1
2009-10-21T15:00:00Z,1.0664,1
2009-10-21T16:00:00Z,0.1364,1
2009-10-21T17:00:00Z,-0.7436,1
2009-10-21T19:00:00Z,-1.4536,1
2009-10-21T20:00:00Z,-1.1636,1
2009-10-21T21:00:00Z,-0.5336,1
2009-10-21T22:00:00Z,0.2164,1
2009-10-21T23:00:00Z,0.9164,1
2009-10-22T00:00:00Z,1.4464,1
2009-10-22T01:00:00Z,1.7864,1
2009-10-22T02:00:00Z,1.7364,1
2009-10-22T03:00:00Z,1.2964,1
2009-10-22T04:00:00Z,0.5064,1
2009-10-22T05:00:00Z,-0.3836,1
2009-10-22T06:00:00Z,-1.0936,1
2009-10-22T07:00:00Z,-1.3736,1
2009-10-22T08:00:00Z,-1.1936,1
2009-10-22T09:00:00Z,-0.6536,1
2009-10-22T10:00:00Z,0.0664,1
2009-10-22T11:00:00Z,0.7664,1
2009-10-22T12:00:00Z,1.3264,1
2009-10-22T13:00:00Z,1.6864,1
2009-10-22T14:00:00Z,1.7464,1
2009-10-22T15:00:00Z,1.4064,1
2009-10-22T16:00:00Z,0.6964,1
2009-10-22T17:00:00Z,-0.1436,1
2009-10-22T18:00:00Z,-0.9336,1
2009-10-22T19:00:00Z,-1.3536,1
2009-10-22T20:00:00Z,-1.4036,1
2009-10-22T21:00:00Z,-1.0236,1
2009-10-22T22:00:00Z,-0.4436,1
2009-10-22T23:00:00Z,0.2164,1
2009-10-23T00:00:00Z,0.7864,1
2009-10-23T01:00:00Z,1.2264,1
2009-10-23T02:00:00Z,1.4364,1
2009-10-23T03:00:00Z,1.3064,1
2009-10-23T04:00:00Z,0.8364,1
2009-10-23T05:00:00Z,0.1264,1
2009-10-23T06:00:00Z,-0.6236,1
2009-10-23T07:00:00Z,-1.1236,1
2009-10-23T08:00:00Z,-1.2836,1
2009-10-23T09:00:00Z,-1.0336,1
2009-10-23T10:00:00Z,-0.5136,1
2009-10-23T11:00:00Z,0.1364,1
2009-10-23T12:00:00Z,0.7064,1
2009-10-23T13:00:00Z,1.1864,1
2009-10-23T14:00:00Z,1.4464,1
2009-10-23T15:00:00Z,1.4064,1
2009-10-23T16:00:00Z,1.0464,1
2009-10-23T17:00:00Z,0.3864,1
2009-10-23T18:00:00Z,-0.3236,1
2009-10-23T19:00:00Z,-0.9736,1
2009-10-23T20:00:00Z,-1.2636,1
2009-10-23T21:00:00Z,-1.2336,1
2009-10-23T22:00:00Z,-0.8436,1
2009-10-23T23:00:00Z,-0.3436,1
2009-10-24T00:00:00Z,0.1964,1
2009-10-24T01:00:00Z,0.7264,1
2009-10-24T02:00:00Z,1.0764,1
2009-10-24T03:00:00Z,1.2064,1
2009-10-24T04:00:00Z,1.0364,1
2009-10-24T05:00:00Z,0.5964,1
2009-10-24T06:00:00Z,0.0464,1
2009-10-24T07:00:00Z,-0.5436,1
2009-10-24T08:00:00Z,-0.8536,1
2009-10-24T09:00:00Z,-0.8736,1
2009-10-24T10:00:00Z,-0.6736,1
2009-10-24T11:00:00Z,-0.1736,1
2009-10-24T12:00:00Z,0.3764,1
2009-10-24T13:00:00Z,0.9064,1
2009-10-24T14:00:00Z,1.2964,1
2009-10-24T15:00:00Z,1.5264,1
2009-10-24T16:00:00Z,1.4064,1
2009-10-24T17:00:00Z,0.9264,1
2009-10-24T18:00:00Z,0.3264,1
2009-10-24T19:00:00Z,-0.2636,1
2009-10-24T20:00:00Z,-0.7536,1
2009-10-24T21:00:00Z,-0.9036,1
2009-10-24T22:00:00Z,-0.8036,1
2009-10-24T23:00:00Z,-0.4736,1
2009-10-25T00:00:00Z,-0.0436,1
2009-10-25T01:00:00Z,0.4064,1
2009-10-25T02:00:00Z,0.7864,1
2009-10-25T03:00:00Z,1.1064,1
2009-10-25T04:00:00Z,1.1964,1
2009-10-25T05:00:00Z,0.9964,1
2009-10-25T06:00:00Z,0.5464,1
2009-10-25T07:00:00Z,-0.0136,1
2009-10-25T08:00:00Z,-0.5136,1
2009-10-25T09:00:00Z,-0.8236,1
2009-10-25T10:00:00Z,-0.8036,1
2009-10-25T11:00:00Z,-0.5936,1
2009-10-25T12:00:00Z,-0.1836,1
2009-10-25T13:00:00Z,0.2564,1
2009-10-25T14:00:00Z,0.6364,1
2009-10-25T15:00:00Z,0.9464,1
2009-10-25T16:00:00Z,1.0864,1
2009-10-25T17:00:00Z,1.0364,1
2009-10-25T18:00:00Z,0.7464,1
2009-10-25T19:00:00Z,0.2564,1
2009-10-25T20:00:00Z,-0.3136,1
2009-10-25T21:00:00Z,-0.7536,1
2009-10-25T22:00:00Z,-0.9736,1
2009-10-25T23:00:00Z,-0.9236,1
2009-10-26T00:00:00Z,-0.7136,1
2009-10-26T01:00:00Z,-0.3636,1
2009-10-26T02:00:00Z,-0.0336,1
2009-10-26T03:00:00Z,0.2864,1
2009-10-26T04:00:00Z,0.5764,1
2009-10-26T05:00:00Z,0.6664,1
2009-10-26T06:00:00Z,0.5764,1
2009-10-26T07:00:00Z,0.2964,1
2009-10-26T08:00:00Z,-0.0536,1
2009-10-26T09:00:00Z,-0.4436,1
2009-10-26T10:00:00Z,-0.6836,1
2009-10-26T11:00:00Z,-0.7236,1
2009-10-26T12:00:00Z,-0.5336,1
2009-10-26T13:00:00Z,-0.2236,1
2009-10-26T14:00:00Z,0.1564,1
2009-10-26T15:00:00Z,0.5264,1
2009-10-26T16:00:00Z,0.8064,1
2009-10-26T17:00:00Z,0.9464,1
2009-10-26T18:00:00Z,0.8964,1
2009-10-26T19:00:00Z,0.6264,1
2009-10-26T20:00:00Z,0.1964,1
2009-10-26T21:00:00Z,-0.2636,1
2009-10-26T23:00:00Z,-0.9436,1
2009-10-27T00:00:00Z,-0.9536,1
2009-10-27T01:00:00Z,-0.7836,1
2009-10-27T02:00:00Z,-0.5136,1
2009-10-27T03:00:00Z,-0.1436,1
2009-10-27T04:00:00Z,0.2564,1
2009-10-27T05:00:00Z,0.6164,1
2009-10-27T06:00:00Z,0.7964,1
2009-10-27T07:00:00Z,0.7664,1
2009-10-27T08:00:00Z,0.5264,1
2009-10-27T09:00:00Z,0.1664,1
2009-10-27T10:00:00Z,-0.2336,1
2009-10-27T11:00:00Z,-0.4336,1
2009-10-27T12:00:00Z,-0.5436,1
2009-10-27T13:00:00Z,-0.4436,1
2009-10-27T14:00:00Z,-0.1336,1
2009-10-27T15:00:00Z,0.2064,1
2009-10-27T16:00:00Z,0.5764,1
2009-10-27T17:00:00Z,0.9264,1
2009-10-27T18:00:00Z,1.1864,1
2009-10-27T19:00:00Z,1.1664,1
2009-10-27T20:00:00Z,0.9064,1
2009-10-27T21:00:00Z,0.4964,1
2009-10-27T22:00:00Z,-0.0136,1
2009-10-27T23:00:00Z,-0.5136,1
2009-10-28T00:00:00Z,-0.8136,1
2009-10-28T01:00:00Z,-0.9036,1
2009-10-28T02:00:00Z,-0.8036,1
2009-10-28T03:00:00Z,-0.5336,1
2009-10-28T04:00:00Z,-0.1636,1
2009-10-28T05:00:00Z,0.2064,1
2009-10-28T07:00:00Z,0.8164,1
2009-10-28T08:00:00Z,0.8664,1
2009-10-28T09:00:00Z,0.6864,1
2009-10-28T10:00:00Z,0.3064,1
2009-10-28T11:00:00Z,-0.1336,1
2009-10-28T12:00:00Z,-0.4836,1
2009-10-28T13:00:00Z,-0.6536,1
2009-10-28T14:00:00Z,-0.5936,1
2009-10-28T15:00:00Z,-0.3336,1
2009-10-28T16:00:00Z,0.0564,1
2009-10-28T17:00:00Z,0.4264,1
2009-10-28T18:00:00Z,0.7964,1
2009-10-28T19:00:00Z,1.0165,1
2009-10-28T20:00:00Z,1.0465,1
2009-10-28T22:00:00Z,0.3665,1
2009-10-28T23:00:00Z,-0.1835,1
2009-10-29T00:00:00Z,-0.7235,1
2009-10-29T01:00:00Z,-1.0935,1
2009-10-29T02:00:00Z,-1.1735,1
2009-10-29T03:00:00Z,-1.0235,1
2009-10-29T04:00:00Z,-0.6635,1
2009-10-29T05:00:00Z,-0.1835,1
2009-10-29T06:00:00Z,0.3365,1
2009-10-29T07:00:00Z,0.7665,1
2009-10-29T08:00:00Z,1.0765,1
2009-10-29T09:00:00Z,1.0465,1
2009-10-29T10:00:00Z,0.7765,1
2009-10-29T11:00:00Z,0.2865,1
2009-10-29T12:00:00Z,-0.2835,1
2009-10-29T13:00:00Z,-0.7435,1
2009-10-29T14:00:00Z,-0.9235,1
2009-10-29T15:00:00Z,-0.8235,1
2009-10-29T16:00:00Z,-0.4935,1
2009-10-29T17:00:00Z,-0.0135,1
2009-10-29T18:00:00Z,0.4665,1
2009-10-29T19:00:00Z,0.8965,1
2009-10-29T20:00:00Z,1.1465,1
2009-10-29T21:00:00Z,1.2265,1
2009-10-29T22:00:00Z,0.9365,1
2009-10-29T23:00:00Z,0.4165,1
2009-10-30T00:00:00Z,-0.2935,1
2009-10-30T01:00:00Z,-0.9135,1
2009-10-30T02:00:00Z,-1.2835,1
2009-10-30T03:00:00Z,-1.2835,1
2009-10-30T04:00:00Z,-1.0335,1
2009-10-30T05:00:00Z,-0.5635,1
2009-10-30T06:00:00Z,-0.0135,1
2009-10-30T07:00:00Z,0.5165,1
2009-10-30T08:00:00Z,1.0065,1
2009-10-30T09:00:00Z,1.1965,1
2009-10-30T10:00:00Z,1.0765,1
2009-10-30T11:00:00Z,0.6365,1
2009-10-30T12:00:00Z,0.0265,1
2009-10-30T13:00:00Z,-0.5735,1
2009-10-30T14:00:00Z,-0.9835,1
2009-10-30T15:00:00Z,-1.1135,1
2009-10-30T16:00:00Z,-0.8235,1
2009-10-30T17:00:00Z,-0.3535,1
2009-10-30T18:00:00Z,0.3065,1
2009-10-30T19:00:00Z,0.8865,1
2009-10-30T20:00:00Z,1.3265,1
2009-10-30T21:00:00Z,1.5565,1
2009-10-30T22:00:00Z,1.4265,1
2009-10-30T23:00:00Z,0.9765,1
2009-10-31T00:00:00Z,0.2065,1
2009-10-31T01:00:00Z,-0.5735,1
2009-10-31T02:00:00Z,-1.2135,1
2009-10-31T03:00:00Z,-1.5035,1
2009-10-31T04:00:00Z,-1.3635,1
2009-10-31T05:00:00Z,-0.9535,1
2009-10-31T06:00:00Z,-0.3535,1
2009-10-31T07:00:00Z,0.2765,1
2009-10-31T08:00:00Z,0.8565,1
2009-10-31T09:00:00Z,1.2565,1
2009-10-31T10:00:00Z,1.3265,1
2009-10-31T11:00:00Z,1.0265,1
2009-10-31T12:00:00Z,0.4265,1
2009-10-31T13:00:00Z,-0.3135,1
2009-10-31T14:00:00Z,-0.9935,1
2009-10-31T15:00:00Z,-1.3335,1
2009-10-31T16:00:00Z,-1.2535,1
2009-10-31T17:00:00Z,-0.8335,1
2009-10-31T18:00:00Z,-0.1835,1
2009-10-31T19:00:00Z,0.4865,1
2009-10-31T20:00:00Z,1.0665,1
2009-10-31T21:00:00Z,1.4665,1
2009-10-31T22:00:00Z,1.5665,1
2009-10-31T23:00:00Z,1.2665,1
2009-11-01T00:00:00Z,0.6465,1
2009-11-01T01:00:00Z,-0.2035,1
2009-11-01T02:00:00Z,-1.0135,1
2009-11-01T03:00:00Z,-1.5035,1
2009-11-01T04:00:00Z,-1.5635,1
2009-11-01T05:00:00Z,-1.2735,1
2009-11-01T06:00:00Z,-0.5835,1
2009-11-01T07:00:00Z,0.1565,1
2009-11-01T08:00:00Z,0.8565,1
2009-11-01T09:00:00Z,1.4665,1
2009-11-01T10:00:00Z,1.8565,1
2009-11-01T11:00:00Z,1.6865,1
2009-11-01T12:00:00Z,1.0665,1
2009-11-01T13:00:00Z,0.3665,1
2009-11-01T14:00:00Z,-0.6035,1
2009-11-01T15:00:00Z,-1.1335,1
2009-11-01T16:00:00Z,-1.3735,1
2009-11-01T17:00:00Z,-1.0335,1
2009-11-01T18:00:00Z,-0.5135,1
2009-11-01T19:00:00Z,0.2865,1
2009-11-01T20:00:00Z,0.9465,1
2009-11-01T21:00:00Z,1.4865,1
2009-11-01T22:00:00Z,1.7665,1
2009-11-01T23:00:00Z,1.7165,1
2009-11-02T00:00:00Z,1.2265,1
2009-11-02T01:00:00Z,0.4365,1
2009-11-02T02:00:00Z,-0.5235,1
2009-11-02T03:00:00Z,-1.2935,1
2009-11-02T04:00:00Z,-1.6735,1
2009-11-02T05:00:00Z,-1.5935,1
2009-11-02T06:00:00Z,-1.0935,1
2009-11-02T07:00:00Z,-0.3535,1
2009-11-02T08:00:00Z,0.3965,1
2009-11-02T09:00:00Z,1.0165,1
2009-11-02T10:00:00Z,1.4265,1
2009-11-02T11:00:00Z,1.5265,1
2009-11-02T12:00:00Z,1.2265,1
2009-11-02T13:00:00Z,0.5865,1
2009-11-02T14:00:00Z,-0.3135,1
2009-11-02T15:00:00Z,-1.1335,1
2009-11-02T16:00:00Z,-1.5835,1
2009-11-02T17:00:00Z,-1.5435,1
2009-11-02T18:00:00Z,-1.0535,1
2009-11-02T19:00:00Z,-0.3135,1
2009-11-02T20:00:00Z,0.4865,1
2009-11-02T21:00:00Z,1.1565,1
2009-11-02T22:00:00Z,1.6365,1
2009-11-02T23:00:00Z,1.8065,1
2009-11-03T00:00:00Z,1.5565,1
2009-11-03T01:00:00Z,0.9065,1
2009-11-03T02:00:00Z,-0.0435,1
2009-11-03T03:00:00Z,-1.0035,1
2009-11-03T04:00:00Z,-1.6035,1
2009-11-03T05:00:00Z,-1.7735,1
2009-11-03T06:00:00Z,-1.3835,1
2009-11-03T07:00:00Z,-0.6735,1
2009-11-03T08:00:00Z,0.2365,1
2009-11-03T09:00:00Z,1.0565,1
2009-11-03T10:00:00Z,1.6865,1
2009-11-03T11:00:00Z,2.0465,1
2009-11-03T12:00:00Z,1.9065,1
2009-11-03T13:00:00Z,1.4465,1
2009-11-03T14:00:00Z,0.5265,1
2009-11-03T15:00:00Z,-0.4835,1
2009-11-03T16:00:00Z,-1.2735,1
2009-11-03T17:00:00Z,-1.6435,1
2009-11-03T18:00:00Z,-1.4635,1
2009-11-03T19:00:00Z,-0.8835,1
2009-11-03T20:00:00Z,-0.0435,1
2009-11-03T22:00:00Z,1.4065,1
2009-11-03T23:00:00Z,1.7865,1
2009-11-04T00:00:00Z,1.8665,1
2009-11-04T01:00:00Z,1.4865,1
2009-11-04T02:00:00Z,0.7265,1
2009-11-04T03:00:00Z,-0.3035,1
2009-11-04T04:00:00Z,-1.1635,1
2009-11-04T05:00:00Z,-1.6535,1
2009-11-04T06:00:00Z,-1.6035,1
2009-11-04T07:00:00Z,-1.1135,1
2009-11-04T08:00:00Z,-0.3435,1
2009-11-04T09:00:00Z,0.4765,1
2009-11-04T10:00:00Z,1.1565,1
2009-11-04T11:00:00Z,1.7065,1
2009-11-04T12:00:00Z,1.9165,1
2009-11-04T13:00:00Z,1.6765,1
2009-11-04T14:00:00Z,1.0165,1
2009-11-04T15:00:00Z,0.0465,1
2009-11-04T16:00:00Z,-0.9335,1
2009-11-04T17:00:00Z,-1.5635,1
2009-11-04T18:00:00Z,-1.6935,1
2009-11-04T19:00:00Z,-1.3735,1
2009-11-04T20:00:00Z,-0.6535,1
2009-11-04T21:00:00Z,0.2165,1
2009-11-04T22:00:00Z,0.9965,1
2009-11-04T23:00:00Z,1.5265,1
2009-11-05T00:00:00Z,1.8165,1
2009-11-05T01:00:00Z,1.6865,1
2009-11-05T02:00:00Z,1.1565,1
2009-11-05T03:00:00Z,0.2465,1
2009-11-05T04:00:00Z,-0.7235,1
2009-11-05T05:00:00Z,-1.4735,1
2009-11-05T06:00:00Z,-1.7535,1
2009-11-05T07:00:00Z,-1.5735,1
2009-11-05T08:00:00Z,-0.9535,1
2009-11-05T09:00:00Z,-0.1335,1
2009-11-05T10:00:00Z,0.6165,1
2009-11-05T11:00:00Z,1.2765,1
2009-11-05T12:00:00Z,1.7065,1
2009-11-05T13:00:00Z,1.7565,1
2009-11-05T14:00:00Z,1.3865,1
2009-11-05T15:00:00Z,0.5865,1
2009-11-05T16:00:00Z,-0.3935,1
2009-11-05T17:00:00Z,-1.2835,1
2009-11-05T18:00:00Z,-1.7735,1
2009-11-05T19:00:00Z,-1.7635,1
2009-11-05T20:00:00Z,-1.3135,1
2009-11-05T21:00:00Z,-0.6035,1
2009-11-05T22:00:00Z,0.2265,1
2009-11-05T23:00:00Z,0.9365,1
2009-11-06T00:00:00Z,1.4465,1
2009-11-06T01:00:00Z,1.6965,1
2009-11-06T02:00:00Z,1.5165,1
2009-11-06T03:00:00Z,0.8965,1
2009-11-06T04:00:00Z,-0.0035,1
2009-11-06T05:00:00Z,-0.9235,1
2009-11-06T06:00:00Z,-1.4935,1
2009-11-06T07:00:00Z,-1.6235,1
2009-11-06T08:00:00Z,-1.2435,1
2009-11-06T09:00:00Z,-0.5935,1
2009-11-06T10:00:00Z,0.1965,1
2009-11-06T11:00:00Z,0.8765,1
2009-11-06T12:00:00Z,1.4965,1
2009-11-06T13:00:00Z,1.8865,1
2009-11-06T14:00:00Z,1.8665,1
2009-11-06T15:00:00Z,1.4765,1
2009-11-06T16:00:00Z,0.6965,1
2009-11-06T17:00:00Z,-0.2534,1
2009-11-06T18:00:00Z,-1.1034,1
2009-11-06T19:00:00Z,-1.5234,1
2009-11-06T20:00:00Z,-1.4834,1
2009-11-06T21:00:00Z,-0.9734,1
2009-11-06T22:00:00Z,-0.2634,1
2009-11-06T23:00:00Z,0.5266,1
2009-11-07T00:00:00Z,1.1266,1
2009-11-07T01:00:00Z,1.5966,1
2009-11-07T02:00:00Z,1.7266,1
2009-11-07T03:00:00Z,1.4566,1
2009-11-07T04:00:00Z,0.8366,1
2009-11-07T05:00:00Z,-0.0234,1
2009-11-07T06:00:00Z,-0.8434,1
2009-11-07T07:00:00Z,-1.3334,1
2009-11-07T08:00:00Z,-1.3834,1
2009-11-07T09:00:00Z,-1.0334,1
2009-11-07T10:00:00Z,-0.4134,1
2009-11-07T11:00:00Z,0.3066,1
2009-11-07T12:00:00Z,0.9566,1
2009-11-07T13:00:00Z,1.4566,1
2009-11-07T14:00:00Z,1.7666,1
2009-11-07T15:00:00Z,1.6666,1
2009-11-07T16:00:00Z,1.2166,1
2009-11-07T17:00:00Z,0.4266,1
2009-11-07T18:00:00Z,-0.4434,1
2009-11-07T19:00:00Z,-1.1534,1
2009-11-07T20:00:00Z,-1.5434,1
2009-11-07T21:00:00Z,-1.4734,1
2009-11-07T22:00:00Z,-1.0434,1
2009-11-07T23:00:00Z,-0.4834,1
2009-11-08T00:00:00Z,0.1366,1
2009-11-08T01:00:00Z,0.6666,1
2009-11-08T02:00:00Z,1.0566,1
2009-11-08T03:00:00Z,1.1566,1
2009-11-08T04:00:00Z,0.8866,1
2009-11-08T05:00:00Z,0.2866,1
2009-11-08T06:00:00Z,-0.5234,1
2009-11-08T07:00:00Z,-1.2534,1
2009-11-08T08:00:00Z,-1.6834,1
2009-11-08T09:00:00Z,-1.6834,1
2009-11-08T10:00:00Z,-1.3334,1
2009-11-08T11:00:00Z,-0.7334,1
2009-11-08T12:00:00Z,-0.1134,1
2009-11-08T13:00:00Z,0.4466,1
2009-11-08T14:00:00Z,0.9166,1
2009-11-08T15:00:00Z,1.1866,1
2009-11-08T16:00:00Z,1.1166,1
2009-11-08T17:00:00Z,0.6866,1
2009-11-08T18:00:00Z,-0.0634,1
2009-11-08T19:00:00Z,-0.8734,1
2009-11-08T20:00:00Z,-1.5334,1
2009-11-08T21:00:00Z,-1.8434,1
2009-11-08T22:00:00Z,-1.7634,1
2009-11-08T23:00:00Z,-1.3634,1
2009-11-09T00:00:00Z,-0.8034,1
2009-11-09T01:00:00Z,-0.2034,1
2009-11-09T02:00:00Z,0.3766,1
2009-11-09T03:00:00Z,0.8166,1
2009-11-09T04:00:00Z,0.9966,1
2009-11-09T05:00:00Z,0.8566,1
2009-11-09T06:00:00Z,0.3866,1
2009-11-09T07:00:00Z,-0.2734,1
2009-11-09T08:00:00Z,-0.9034,1
2009-11-09T09:00:00Z,-1.2834,1
2009-11-09T10:00:00Z,-1.3534,1
2009-11-09T11:00:00Z,-1.0934,1
2009-11-09T12:00:00Z,-0.6334,1
2009-11-09T13:00:00Z,-0.0734,1
2009-11-09T14:00:00Z,0.4766,1
2009-11-09T15:00:00Z,0.9566,1
2009-11-09T16:00:00Z,1.2266,1
2009-11-09T17:00:00Z,1.2566,1
2009-11-09T18:00:00Z,0.9166,1
2009-11-09T19:00:00Z,0.3066,1
2009-11-09T20:00:00Z,-0.4134,1
2009-11-09T21:00:00Z,-1.0434,1
2009-11-09T22:00:00Z,-1.4034,1
2009-11-09T23:00:00Z,-1.3934,1
2009-11-10T00:00:00Z,-1.0934,1
2009-11-10T01:00:00Z,-0.6034,1
2009-11-10T02:00:00Z,-0.0534,1
2009-11-10T03:00:00Z,0.5266,1
2009-11-10T04:00:00Z,1.0166,1
2009-11-10T05:00:00Z,1.2366,1
2009-11-10T06:00:00Z,1.1466,1
2009-11-10T07:00:00Z,0.6966,1
2009-11-10T08:00:00Z,0.0766,1
2009-11-10T09:00:00Z,-0.5534,1
2009-11-10T10:00:00Z,-1.0534,1
2009-11-10T11:00:00Z,-1.2034,1
2009-11-10T12:00:00Z,-1.0334,1
2009-11-10T13:00:00Z,-0.6534,1
2009-11-10T14:00:00Z,-0.1534,1
2009-11-10T15:00:00Z,0.3566,1
2009-11-10T16:00:00Z,0.8566,1
2009-11-10T17:00:00Z,1.1966,1
2009-11-10T18:00:00Z,1.3166,1
2009-11-10T19:00:00Z,1.0366,1
2009-11-10T20:00:00Z,0.4866,1
2009-11-10T21:00:00Z,-0.2234,1
2009-11-10T22:00:00Z,-0.9034,1
2009-11-11T00:00:00Z,-1.5234,1
2009-11-11T01:00:00Z,-1.2934,1
2009-11-11T02:00:00Z,-0.8534,1
2009-11-11T03:00:00Z,-0.3034,1
2009-11-11T04:00:00Z,0.2866,1
2009-11-11T05:00:00Z,0.7966,1
2009-11-11T06:00:00Z,1.1366,1
2009-11-11T07:00:00Z,1.1666,1
2009-11-11T08:00:00Z,0.8666,1
2009-11-11T09:00:00Z,0.3266,1
2009-11-11T10:00:00Z,-0.2834,1
2009-11-11T11:00:00Z,-0.7634,1
2009-11-11T12:00:00Z,-0.9834,1
2009-11-11T13:00:00Z,-0.9134,1
2009-11-11T14:00:00Z,-0.5734,1
2009-11-11T15:00:00Z,-0.1334,1
2009-11-11T16:00:00Z,0.4766,1
2009-11-11T17:00:00Z,1.0166,1
2009-11-11T18:00:00Z,1.4066,1
2009-11-11T19:00:00Z,1.5766,1
2009-11-11T20:00:00Z,1.3466,1
2009-11-11T21:00:00Z,0.8066,1
2009-11-11T22:00:00Z,0.0766,1
2009-11-11T23:00:00Z,-0.6334,1
2009-11-12T00:00:00Z,-1.3334,1
2009-11-12T01:00:00Z,-1.5534,1
2009-11-12T02:00:00Z,-1.3434,1
2009-11-12T04:00:00Z,-0.3434,1
2009-11-12T05:00:00Z,0.3266,1
2009-11-12T06:00:00Z,0.9766,1
2009-11-12T07:00:00Z,1.4266,1
2009-11-12T08:00:00Z,1.4766,1
2009-11-12T09:00:00Z,1.2066,1
2009-11-12T10:00:00Z,0.6466,1
2009-11-12T11:00:00Z,0.0166,1
2009-11-12T12:00:00Z,-0.4734,1
2009-11-12T13:00:00Z,-0.7834,1
2009-11-12T14:00:00Z,-0.8534,1
2009-11-12T15:00:00Z,-0.5334,1
2009-11-12T16:00:00Z,-0.0234,1
2009-11-12T17:00:00Z,0.5266,1
2009-11-12T18:00:00Z,1.1766,1
2009-11-12T19:00:00Z,1.5566,1
2009-11-12T20:00:00Z,1.7166,1
2009-11-12T21:00:00Z,1.4766,1
2009-11-12T22:00:00Z,0.8366,1
2009-11-12T23:00:00Z,0.0466,1
2009-11-13T00:00:00Z,-0.8134,1
2009-11-13T01:00:00Z,-1.3634,1
2009-11-13T02:00:00Z,-1.5734,1
2009-11-13T03:00:00Z,-1.2734,1
2009-11-13T04:00:00Z,-0.7534,1
2009-11-13T05:00:00Z,-0.0734,1
2009-11-13T06:00:00Z,0.5866,1
2009-11-13T07:00:00Z,1.1966,1
2009-11-13T08:00:00Z,1.5466,1
2009-11-13T09:00:00Z,1.5966,1
2009-11-13T10:00:00Z,1.1966,1
2009-11-13T11:00:00Z,0.5366,1
2009-11-13T12:00:00Z,-0.2534,1
2009-11-13T13:00:00Z,-0.8934,1
2009-11-13T14:00:00Z,-1.2234,1
2009-11-13T15:00:00Z,-1.1434,1
2009-11-13T16:00:00Z,-0.7434,1
2009-11-13T17:00:00Z,-0.0834,1
2009-11-13T18:00:00Z,0.5666,1
2009-11-13T19:00:00Z,1.2566,1
2009-11-13T20:00:00Z,1.8066,1
2009-11-13T21:00:00Z,2.0166,1
2009-11-13T22:00:00Z,1.8566,1
2009-11-13T23:00:00Z,1.1866,1
2009-11-14T00:00:00Z,0.2966,1
2009-11-14T01:00:00Z,-0.5134,1
2009-11-14T02:00:00Z,-1.1034,1
2009-11-14T03:00:00Z,-1.1834,1
2009-11-14T04:00:00Z,-0.9234,1
2009-11-14T05:00:00Z,-0.2834,1
2009-11-14T06:00:00Z,0.4466,1
2009-11-14T07:00:00Z,1.1666,1
2009-11-14T08:00:00Z,1.6566,1
2009-11-14T09:00:00Z,2.0566,1
2009-11-14T10:00:00Z,1.9366,1
2009-11-14T11:00:00Z,1.4066,1
2009-11-14T12:00:00Z,0.6266,1
2009-11-14T13:00:00Z,-0.2434,1
2009-11-14T14:00:00Z,-0.8934,1
2009-11-14T15:00:00Z,-1.3034,1
2009-11-14T16:00:00Z,-1.1434,1
2009-11-14T17:00:00Z,-0.6934,1
2009-11-14T18:00:00Z,-0.0634,1
2009-11-14T19:00:00Z,0.6666,1
2009-11-14T20:00:00Z,1.2466,1
2009-11-14T21:00:00Z,1.6466,1
2009-11-14T22:00:00Z,1.7366,1
2009-11-14T23:00:00Z,1.4066,1
2009-11-15T00:00:00Z,0.6666,1
2009-11-15T01:00:00Z,-0.2334,1
2009-11-15T02:00:00Z,-1.0534,1
2009-11-15T03:00:00Z,-1.5734,1
2009-11-15T04:00:00Z,-1.5934,1
2009-11-15T05:00:00Z,-1.1834,1
2009-11-15T06:00:00Z,-0.5134,1
2009-11-15T07:00:00Z,0.2366,1
2009-11-15T08:00:00Z,0.9466,1
2009-11-15T09:00:00Z,1.4766,1
2009-11-15T10:00:00Z,1.7466,1
2009-11-15T11:00:00Z,1.5566,1
2009-11-15T12:00:00Z,0.9366,1
2009-11-15T13:00:00Z,0.0666,1
2009-11-15T14:00:00Z,-0.8234,1
2009-11-15T15:00:00Z,-1.3733,1
2009-11-15T17:00:00Z,-1.2133,1
2009-11-15T18:00:00Z,-0.5633,1
2009-11-15T19:00:00Z,0.1967,1
2009-11-15T20:00:00Z,0.9367,1
2009-11-15T21:00:00Z,1.5567,1
2009-11-15T22:00:00Z,1.9267,1
2009-11-15T23:00:00Z,1.9067,1
2009-11-16T00:00:00Z,1.4367,1
2009-11-16T01:00:00Z,0.5467,1
2009-11-16T02:00:00Z,-0.3533,1
2009-11-16T03:00:00Z,-1.1833,1
2009-11-16T04:00:00Z,-1.5633,1
2009-11-16T05:00:00Z,-1.3733,1
2009-11-16T06:00:00Z,-0.8233,1
2009-11-16T07:00:00Z,-0.0333,1
2009-11-16T08:00:00Z,0.7567,1
2009-11-16T09:00:00Z,1.3567,1
2009-11-16T10:00:00Z,1.7667,1
2009-11-16T11:00:00Z,1.8267,1
2009-11-16T12:00:00Z,1.4767,1
2009-11-16T13:00:00Z,0.7067,1
2009-11-16T14:00:00Z,-0.1933,1
2009-11-16T15:00:00Z,-1.0533,1
2009-11-16T16:00:00Z,-1.4633,1
2009-11-16T17:00:00Z,-1.5433,1
2009-11-16T18:00:00Z,-1.0933,1
2009-11-16T19:00:00Z,-0.3933,1
2009-11-16T20:00:00Z,0.4267,1
2009-11-16T21:00:00Z,1.1567,1
2009-11-16T22:00:00Z,1.7167,1
2009-11-16T23:00:00Z,1.9467,1
2009-11-17T00:00:00Z,1.7867,1
2009-11-17T01:00:00Z,1.1567,1
2009-11-17T02:00:00Z,0.2567,1
2009-11-17T03:00:00Z,-0.6933,1
2009-11-17T04:00:00Z,-1.3733,1
2009-11-17T05:00:00Z,-1.5833,1
2009-11-17T06:00:00Z,-1.2933,1
2009-11-17T07:00:00Z,-0.6233,1
2009-11-17T08:00:00Z,0.1467,1
2009-11-17T09:00:00Z,0.8767,1
2009-11-17T10:00:00Z,1.4167,1
2009-11-17T11:00:00Z,1.7467,1
2009-11-17T12:00:00Z,1.7067,1
2009-11-17T13:00:00Z,1.2367,1
2009-11-17T14:00:00Z,0.4067,1
2009-11-17T15:00:00Z,-0.5033,1
2009-11-17T16:00:00Z,-1.2833,1
2009-11-17T17:00:00Z,-1.5633,1
2009-11-17T18:00:00Z,-1.4433,1
2009-11-17T19:00:00Z,-0.8533,1
2009-11-17T20:00:00Z,-0.0433,1
2009-11-17T21:00:00Z,0.6967,1
2009-11-17T22:00:00Z,1.3367,1
2009-11-17T23:00:00Z,1.7667,1
2009-11-18T00:00:00Z,1.8367,1
2009-11-18T01:00:00Z,1.5067,1
2009-11-18T02:00:00Z,0.7767,1
2009-11-18T03:00:00Z,-0.0733,1
2009-11-18T04:00:00Z,-0.8533,1
2009-11-18T05:00:00Z,-1.2433,1
2009-11-18T06:00:00Z,-1.2033,1
2009-11-18T07:00:00Z,-0.7333,1
2009-11-18T08:00:00Z,-0.0133,1
2009-11-18T09:00:00Z,0.7267,1
2009-11-18T10:00:00Z,1.3767,1
2009-11-18T11:00:00Z,1.8567,1
2009-11-18T12:00:00Z,2.0567,1
2009-11-18T13:00:00Z,1.7767,1
2009-11-18T14:00:00Z,1.0867,1
2009-11-18T15:00:00Z,0.0867,1
2009-11-18T16:00:00Z,-0.8833,1
2009-11-18T17:00:00Z,-1.5933,1
2009-11-18T18:00:00Z,-1.7633,1
2009-11-18T19:00:00Z,-1.4533,1
2009-11-18T20:00:00Z,-0.7533,1
2009-11-18T21:00:00Z,0.0367,1
2009-11-18T22:00:00Z,0.8167,1
2009-11-18T23:00:00Z,1.4167,1
2009-11-19T00:00:00Z,1.8367,1
2009-11-19T01:00:00Z,1.8967,1
2009-11-19T02:00:00Z,1.4867,1
2009-11-19T03:00:00Z,0.7067,1
2009-11-19T04:00:00Z,-0.1433,1
2009-11-19T05:00:00Z,-0.8533,1
2009-11-19T06:00:00Z,-1.0933,1
2009-11-19T07:00:00Z,-0.9533,1
2009-11-19T08:00:00Z,-0.4133,1
2009-11-19T09:00:00Z,0.3367,1
2009-11-19T10:00:00Z,1.0367,1
2009-11-19T11:00:00Z,1.6567,1
2009-11-19T12:00:00Z,2.0567,1
2009-11-19T13:00:00Z,2.1067,1
2009-11-19T14:00:00Z,1.7467,1
2009-11-19T15:00:00Z,1.1267,1
2009-11-19T16:00:00Z,0.1867,1
2009-11-19T17:00:00Z,-0.6233,1
2009-11-19T18:00:00Z,-1.0633,1
2009-11-19T19:00:00Z,-1.1433,1
2009-11-19T20:00:00Z,-0.7833,1
2009-11-19T21:00:00Z,-0.1733,1
2009-11-19T22:00:00Z,0.4767,1
2009-11-19T23:00:00Z,1.0467,1
2009-11-20T00:00:00Z,1.5367,1
2009-11-20T01:00:00Z,1.8167,1
2009-11-20T02:00:00Z,1.5967,1
2009-11-20T03:00:00Z,0.9767,1
2009-11-20T04:00:00Z,0.2267,1
2009-11-20T05:00:00Z,-0.6233,1
2009-11-20T06:00:00Z,-1.0633,1
2009-11-20T07:00:00Z,-1.2133,1
2009-11-20T08:00:00Z,-0.8833,1
2009-11-20T09:00:00Z,-0.2933,1
2009-11-20T10:00:00Z,0.3867,1
2009-11-20T11:00:00Z,1.0367,1
2009-11-20T12:00:00Z,1.4967,1
2009-11-20T13:00:00Z,1.7767,1
2009-11-20T14:00:00Z,1.7167,1
2009-11-20T15:00:00Z,1.2467,1
2009-11-20T16:00:00Z,0.4767,1
2009-11-20T17:00:00Z,-0.3833,1
2009-11-20T18:00:00Z,-1.1133,1
2009-11-20T19:00:00Z,-1.4733,1
2009-11-20T20:00:00Z,-1.3833,1
2009-11-20T21:00:00Z,-0.9633,1
2009-11-20T22:00:00Z,-0.3733,1
2009-11-20T23:00:00Z,0.2367,1
2009-11-21T00:00:00Z,0.7567,1
2009-11-21T01:00:00Z,1.1367,1
2009-11-21T02:00:00Z,1.2767,1
2009-11-21T03:00:00Z,1.0867,1
2009-11-21T04:00:00Z,0.4867,1
2009-11-21T05:00:00Z,-0.1933,1
2009-11-21T06:00:00Z,-0.8433,1
2009-11-21T07:00:00Z,-1.1733,1
2009-11-21T08:00:00Z,-1.0733,1
2009-11-21T09:00:00Z,-0.6233,1
2009-11-21T10:00:00Z,0.0267,1
2009-11-21T11:00:00Z,0.6767,1
2009-11-21T12:00:00Z,1.2167,1
2009-11-21T13:00:00Z,1.6967,1
2009-11-21T14:00:00Z,1.7767,1
2009-11-21T15:00:00Z,1.6467,1
2009-11-21T16:00:00Z,1.0967,1
2009-11-21T17:00:00Z,0.4167,1
2009-11-21T18:00:00Z,-0.3133,1
2009-11-21T19:00:00Z,-0.7833,1
2009-11-21T20:00:00Z,-1.0333,1
2009-11-21T21:00:00Z,-0.7933,1
2009-11-21T22:00:00Z,-0.4033,1
2009-11-21T23:00:00Z,0.1767,1
2009-11-22T00:00:00Z,0.6467,1
2009-11-22T01:00:00Z,1.2167,1
2009-11-22T02:00:00Z,1.4767,1
2009-11-22T03:00:00Z,1.5667,1
2009-11-22T04:00:00Z,1.2967,1
2009-11-22T05:00:00Z,0.7367,1
2009-11-22T06:00:00Z,0.0567,1
2009-11-22T07:00:00Z,-0.4533,1
2009-11-22T08:00:00Z,-0.6633,1
2009-11-22T09:00:00Z,-0.5633,1
2009-11-22T10:00:00Z,-0.2033,1
2009-11-22T11:00:00Z,0.3267,1
2009-11-22T12:00:00Z,0.8167,1
2009-11-22T13:00:00Z,1.3367,1
2009-11-22T14:00:00Z,1.6767,1
2009-11-22T15:00:00Z,1.6867,1
2009-11-22T16:00:00Z,1.3167,1
2009-11-22T17:00:00Z,0.8567,1
2009-11-22T18:00:00Z,0.1767,1
2009-11-22T19:00:00Z,-0.3333,1
2009-11-22T20:00:00Z,-0.7333,1
2009-11-22T21:00:00Z,-0.7833,1
2009-11-22T22:00:00Z,-0.5333,1
2009-11-22T23:00:00Z,-0.0933,1
2009-11-23T00:00:00Z,0.3167,1
2009-11-23T01:00:00Z,0.6967,1
2009-11-23T02:00:00Z,0.9467,1
2009-11-23T03:00:00Z,1.1167,1
2009-11-23T04:00:00Z,1.0067,1
2009-11-23T05:00:00Z,0.7367,1
2009-11-23T06:00:00Z,0.1267,1
2009-11-23T07:00:00Z,-0.3833,1
2009-11-23T08:00:00Z,-0.8233,1
2009-11-23T09:00:00Z,-0.9233,1
2009-11-23T10:00:00Z,-0.7733,1
2009-11-23T11:00:00Z,-0.3233,1
2009-11-23T12:00:00Z,0.1967,1
2009-11-23T13:00:00Z,0.7467,1
2009-11-23T14:00:00Z,1.1367,1
2009-11-23T15:00:00Z,1.3567,1
2009-11-23T16:00:00Z,1.3567,1
2009-11-23T17:00:00Z,1.0267,1
2009-11-23T18:00:00Z,0.5167,1
2009-11-23T19:00:00Z,-0.1733,1
2009-11-23T20:00:00Z,-0.7233,1
2009-11-23T21:00:00Z,-1.0933,1
2009-11-23T22:00:00Z,-1.1333,1
2009-11-23T23:00:00Z,-0.9633,1
2009-11-24T00:00:00Z,-0.5533,1
2009-11-24T01:00:00Z,-0.1033,1
2009-11-24T02:00:00Z,0.3467,1
2009-11-24T03:00:00Z,0.7467,1
2009-11-24T04:00:00Z,0.9767,1
2009-11-24T05:00:00Z,0.9667,1
2009-11-24T06:00:00Z,0.6467,1
2009-11-24T07:00:00Z,0.2467,1
2009-11-24T08:00:00Z,-0.2233,1
2009-11-24T09:00:00Z,-0.5333,1
2009-11-24T10:00:00Z,-0.6633,1
2009-11-24T11:00:00Z,-0.4833,1
2009-11-24T12:00:00Z,-0.0933,1
2009-11-24T13:00:00Z,0.4167,1
2009-11-24T14:00:00Z,0.8768,1
2009-11-24T15:00:00Z,1.2968,1
2009-11-24T16:00:00Z,1.5868,1
2009-11-24T17:00:00Z,1.6368,1
2009-11-24T18:00:00Z,1.3668,1
2009-11-24T19:00:00Z,0.9268,1
2009-11-24T20:00:00Z,0.3668,1
2009-11-24T21:00:00Z,-0.1632,1
2009-11-24T22:00:00Z,-0.4632,1
2009-11-25T00:00:00Z,-0.4032,1
2009-11-25T01:00:00Z,-0.1032,1
2009-11-25T02:00:00Z,0.2568,1
2009-11-25T03:00:00Z,0.5568,1
2009-11-25T04:00:00Z,0.8268,1
2009-11-25T05:00:00Z,0.9468,1
2009-11-25T06:00:00Z,0.8768,1
2009-11-25T07:00:00Z,0.6368,1
2009-11-25T08:00:00Z,0.2968,1
2009-11-25T09:00:00Z,-0.0432,1
2009-11-25T10:00:00Z,-0.2132,1
2009-11-25T11:00:00Z,-0.2132,1
2009-11-25T12:00:00Z,0.0768,1
2009-11-25T13:00:00Z,0.5068,1
2009-11-25T14:00:00Z,0.9268,1
2009-11-25T15:00:00Z,1.3268,1
2009-11-25T16:00:00Z,1.5268,1
2009-11-25T17:00:00Z,1.5668,1
2009-11-25T18:00:00Z,1.4268,1
2009-11-25T19:00:00Z,1.0268,1
2009-11-25T20:00:00Z,0.5168,1
2009-11-25T21:00:00Z,-0.0732,1
2009-11-25T22:00:00Z,-0.6232,1
2009-11-25T23:00:00Z,-0.9132,1
2009-11-26T00:00:00Z,-0.9432,1
2009-11-26T01:00:00Z,-0.7732,1
2009-11-26T02:00:00Z,-0.4132,1
2009-11-26T03:00:00Z,0.0568,1
2009-11-26T04:00:00Z,0.5268,1
2009-11-26T05:00:00Z,0.8868,1
2009-11-26T06:00:00Z,1.0768,1
2009-11-26T07:00:00Z,1.0868,1
2009-11-26T08:00:00Z,0.8168,1
2009-11-26T09:00:00Z,0.4068,1
2009-11-26T10:00:00Z,-0.0332,1
2009-11-26T11:00:00Z,-0.4332,1
2009-11-26T12:00:00Z,-0.6132,1
2009-11-26T13:00:00Z,-0.5932,1
2009-11-26T14:00:00Z,-0.3132,1
2009-11-26T15:00:00Z,0.0868,1
2009-11-26T16:00:00Z,0.5168,1
2009-11-26T17:00:00Z,0.8968,1
2009-11-26T18:00:00Z,1.1268,1
2009-11-26T19:00:00Z,1.1568,1
2009-11-26T20:00:00Z,0.9468,1
2009-11-26T21:00:00Z,0.5368,1
2009-11-26T22:00:00Z,-0.0032,1
2009-11-26T23:00:00Z,-0.4532,1
2009-11-27T00:00:00Z,-0.7832,1
2009-11-27T01:00:00Z,-0.8432,1
2009-11-27T02:00:00Z,-0.7032,1
2009-11-27T03:00:00Z,-0.4232,1
2009-11-27T04:00:00Z,-0.0032,1
2009-11-27T05:00:00Z,0.4068,1
2009-11-27T06:00:00Z,0.7868,1
2009-11-27T07:00:00Z,0.9968,1
2009-11-27T08:00:00Z,0.9468,1
2009-11-27T09:00:00Z,0.6968,1
2009-11-27T10:00:00Z,0.1968,1
2009-11-27T11:00:00Z,-0.3032,1
2009-11-27T12:00:00Z,-0.7132,1
2009-11-27T13:00:00Z,-0.8732,1
2009-11-27T14:00:00Z,-0.7532,1
2009-11-27T15:00:00Z,-0.4032,1
2009-11-27T16:00:00Z,0.0568,1
2009-11-27T17:00:00Z,0.5368,1
2009-11-27T18:00:00Z,0.9568,1
2009-11-27T19:00:00Z,1.1868,1
2009-11-27T20:00:00Z,1.1868,1
2009-11-27T21:00:00Z,0.9168,1
2009-11-27T22:00:00Z,0.4168,1
2009-11-27T23:00:00Z,-0.1932,1
2009-11-28T00:00:00Z,-0.7132,1
2009-11-28T01:00:00Z,-1.0432,1
2009-11-28T02:00:00Z,-1.0632,1
2009-11-28T03:00:00Z,-0.8332,1
2009-11-28T04:00:00Z,-0.4732,1
2009-11-28T05:00:00Z,0.0368,1
2009-11-28T06:00:00Z,0.5468,1
2009-11-28T07:00:00Z,1.0068,1
2009-11-28T08:00:00Z,1.2568,1
2009-11-28T09:00:00Z,1.1868,1
2009-11-28T10:00:00Z,0.8168,1
2009-11-28T11:00:00Z,0.2368,1
2009-11-28T12:00:00Z,-0.3632,1
2009-11-28T13:00:00Z,-0.8032,1
2009-11-28T14:00:00Z,-0.9632,1
2009-11-28T15:00:00Z,-0.8232,1
2009-11-28T16:00:00Z,-0.3932,1
2009-11-28T17:00:00Z,0.1368,1
2009-11-28T18:00:00Z,0.6668,1
2009-11-28T19:00:00Z,1.1268,1
2009-11-28T20:00:00Z,1.4568,1
2009-11-28T21:00:00Z,1.4368,1
2009-11-28T22:00:00Z,1.0968,1
2009-11-28T23:00:00Z,0.4468,1
2009-11-29T00:00:00Z,-0.2332,1
2009-11-29T01:00:00Z,-0.8832,1
2009-11-29T02:00:00Z,-1.2232,1
2009-11-29T03:00:00Z,-1.2232,1
2009-11-29T04:00:00Z,-0.8732,1
2009-11-29T05:00:00Z,-0.3532,1
2009-11-29T06:00:00Z,0.2368,1
2009-11-29T07:00:00Z,0.7868,1
2009-11-29T08:00:00Z,1.2268,1
2009-11-29T09:00:00Z,1.5468,1
2009-11-29T10:00:00Z,1.3468,1
2009-11-29T11:00:00Z,0.8968,1
2009-11-29T12:00:00Z,0.2768,1
2009-11-29T13:00:00Z,-0.4232,1
2009-11-29T14:00:00Z,-0.9432,1
2009-11-29T15:00:00Z,-1.0632,1
2009-11-29T16:00:00Z,-0.8332,1
2009-11-29T17:00:00Z,-0.2932,1
2009-11-29T18:00:00Z,0.2868,1
2009-11-29T19:00:00Z,0.8168,1
2009-11-29T20:00:00Z,1.1768,1
2009-11-29T21:00:00Z,1.3968,1
2009-11-29T22:00:00Z,1.2668,1
2009-11-29T23:00:00Z,0.7268,1
2009-11-30T00:00:00Z,-0.0432,1
2009-11-30T01:00:00Z,-0.8532,1
2009-11-30T02:00:00Z,-1.4532,1
2009-11-30T03:00:00Z,-1.6832,1
2009-11-30T04:00:00Z,-1.4832,1
2009-11-30T06:00:00Z,-0.3932,1
2009-11-30T07:00:00Z,0.2268,1
2009-11-30T08:00:00Z,0.8068,1
2009-11-30T09:00:00Z,1.1868,1
2009-11-30T10:00:00Z,1.2468,1
2009-11-30T11:00:00Z,0.9668,1
2009-11-30T12:00:00Z,0.2968,1
2009-11-30T13:00:00Z,-0.5232,1
2009-11-30T14:00:00Z,-1.2632,1
2009-11-30T15:00:00Z,-1.6232,1
2009-11-30T16:00:00Z,-1.5832,1
2009-11-30T17:00:00Z,-1.1332,1
2009-11-30T18:00:00Z,-0.4732,1
2009-11-30T19:00:00Z,0.2568,1
2009-11-30T20:00:00Z,0.8468,1
2009-11-30T21:00:00Z,1.3268,1
2009-11-30T22:00:00Z,1.4868,1
2009-11-30T23:00:00Z,1.2768,1
2009-12-01T00:00:00Z,0.6768,1
2009-12-01T01:00:00Z,-0.1832,1
2009-12-01T02:00:00Z,-1.0132,1
2009-12-01T03:00:00Z,-1.5532,1
2009-12-01T04:00:00Z,-1.6732,1
2009-12-01T05:00:00Z,-1.3732,1
2009-12-01T06:00:00Z,-0.7732,1
2009-12-01T07:00:00Z,-0.0432,1
2009-12-01T08:00:00Z,0.6568,1
2009-12-01T09:00:00Z,1.2568,1
2009-12-01T10:00:00Z,1.6068,1
2009-12-01T11:00:00Z,1.5968,1
2009-12-01T12:00:00Z,1.1168,1
2009-12-01T13:00:00Z,0.3368,1
2009-12-01T14:00:00Z,-0.5132,1
2009-12-01T15:00:00Z,-1.1632,1
2009-12-01T16:00:00Z,-1.4432,1
2009-12-01T17:00:00Z,-1.2032,1
2009-12-01T18:00:00Z,-0.6432,1
2009-12-01T19:00:00Z,0.1568,1
2009-12-01T20:00:00Z,0.9568,1
2009-12-01T21:00:00Z,1.5868,1
2009-12-01T22:00:00Z,2.0068,1
2009-12-01T23:00:00Z,1.9768,1
2009-12-02T00:00:00Z,1.5168,1
2009-12-02T01:00:00Z,0.7068,1
2009-12-02T02:00:00Z,-0.2332,1
2009-12-02T03:00:00Z,-1.0832,1
2009-12-02T04:00:00Z,-1.5332,1
2009-12-02T05:00:00Z,-1.5032,1
2009-12-02T06:00:00Z,-1.0132,1
2009-12-02T07:00:00Z,-0.2632,1
2009-12-02T08:00:00Z,0.5468,1
2009-12-02T09:00:00Z,1.2868,1
2009-12-02T10:00:00Z,1.8568,1
2009-12-02T11:00:00Z,2.0868,1
2009-12-02T12:00:00Z,1.8668,1
2009-12-02T13:00:00Z,1.2368,1
2009-12-02T14:00:00Z,0.2668,1
2009-12-02T15:00:00Z,-0.6932,1
2009-12-02T16:00:00Z,-1.3632,1
2009-12-02T17:00:00Z,-1.5432,1
2009-12-02T18:00:00Z,-1.2532,1
2009-12-02T19:00:00Z,-0.6032,1
2009-12-02T20:00:00Z,0.1868,1
2009-12-02T21:00:00Z,0.9268,1
2009-12-02T22:00:00Z,1.4968,1
2009-12-02T23:00:00Z,1.8368,1
2009-12-03T00:00:00Z,1.7468,1
2009-12-03T01:00:00Z,1.2068,1
2009-12-03T02:00:00Z,0.3068,1
2009-12-03T03:00:00Z,-0.6732,1
2009-12-03T04:00:00Z,-1.4432,1
2009-12-03T05:00:00Z,-1.7032,1
2009-12-03T06:00:00Z,-1.5232,1
2009-12-03T07:00:00Z,-0.8832,1
2009-12-03T08:00:00Z,-0.0732,1
2009-12-03T09:00:00Z,0.6868,1
2009-12-03T11:00:00Z,1.8068,1
2009-12-03T12:00:00Z,1.9069,1
2009-12-03T13:00:00Z,1.5069,1
2009-12-03T14:00:00Z,0.7069,1
2009-12-03T15:00:00Z,-0.3531,1
2009-12-03T16:00:00Z,-1.3231,1
2009-12-03T17:00:00Z,-1.8831,1
2009-12-03T18:00:00Z,-1.9231,1
2009-12-03T19:00:00Z,-1.4531,1
2009-12-03T20:00:00Z,-0.6831,1
2009-12-03T21:00:00Z,0.1469,1
2009-12-03T22:00:00Z,0.8969,1
2009-12-03T23:00:00Z,1.4369,1
2009-12-04T00:00:00Z,1.6769,1
2009-12-04T01:00:00Z,1.4869,1
2009-12-04T02:00:00Z,0.9069,1
2009-12-04T03:00:00Z,-0.0331,1
2009-12-04T04:00:00Z,-1.0131,1
2009-12-04T05:00:00Z,-1.6831,1
2009-12-04T06:00:00Z,-1.8631,1
2009-12-04T07:00:00Z,-1.5231,1
2009-12-04T08:00:00Z,-0.8331,1
2009-12-04T09:00:00Z,0.0569,1
2009-12-04T10:00:00Z,0.8269,1
2009-12-04T11:00:00Z,1.4769,1
2009-12-04T12:00:00Z,1.8369,1
2009-12-04T13:00:00Z,1.8369,1
2009-12-04T14:00:00Z,1.3769,1
2009-12-04T15:00:00Z,0.5069,1
2009-12-04T16:00:00Z,-0.5531,1
2009-12-04T17:00:00Z,-1.4331,1
2009-12-04T18:00:00Z,-1.8931,1
2009-12-04T19:00:00Z,-1.8031,1
2009-12-04T20:00:00Z,-1.2731,1
2009-12-04T21:00:00Z,-0.4431,1
2009-12-04T22:00:00Z,0.4169,1
2009-12-04T23:00:00Z,1.1769,1
2009-12-05T00:00:00Z,1.7069,1
2009-12-05T01:00:00Z,1.9869,1
2009-12-05T02:00:00Z,1.7269,1
2009-12-05T03:00:00Z,1.0769,1
2009-12-05T04:00:00Z,0.0869,1
2009-12-05T05:00:00Z,-0.8531,1
2009-12-05T06:00:00Z,-1.4231,1
2009-12-05T07:00:00Z,-1.4531,1
2009-12-05T08:00:00Z,-1.0031,1
2009-12-05T09:00:00Z,-0.3131,1
2009-12-05T10:00:00Z,0.4869,1
2009-12-05T11:00:00Z,1.2069,1
2009-12-05T12:00:00Z,1.7969,1
2009-12-05T13:00:00Z,2.1069,1
2009-12-05T14:00:00Z,2.0069,1
2009-12-05T15:00:00Z,1.4469,1
2009-12-05T16:00:00Z,0.5269,1
2009-12-05T17:00:00Z,-0.5031,1
2009-12-05T18:00:00Z,-1.3631,1
2009-12-05T19:00:00Z,-1.7331,1
2009-12-05T20:00:00Z,-1.5831,1
2009-12-05T21:00:00Z,-1.0131,1
2009-12-05T22:00:00Z,-0.2031,1
2009-12-05T23:00:00Z,0.6169,1
2009-12-06T00:00:00Z,1.3169,1
2009-12-06T01:00:00Z,1.8069,1
2009-12-06T02:00:00Z,2.0669,1
2009-12-06T03:00:00Z,1.7469,1
2009-12-06T04:00:00Z,0.9769,1
2009-12-06T05:00:00Z,0.0769,1
2009-12-06T06:00:00Z,-0.7331,1
2009-12-06T07:00:00Z,-1.2131,1
2009-12-06T08:00:00Z,-1.1431,1
2009-12-06T09:00:00Z,-0.6431,1
2009-12-06T10:00:00Z,0.1169,1
2009-12-06T11:00:00Z,0.9469,1
2009-12-06T12:00:00Z,1.6169,1
2009-12-06T13:00:00Z,2.0769,1
2009-12-06T14:00:00Z,2.3569,1
2009-12-06T15:00:00Z,2.1569,1
2009-12-06T16:00:00Z,1.5169,1
2009-12-06T17:00:00Z,0.5569,1
2009-12-06T18:00:00Z,-0.4131,1
2009-12-06T19:00:00Z,-1.2331,1
2009-12-06T20:00:00Z,-1.5631,1
2009-12-06T21:00:00Z,-1.4031,1
2009-12-06T22:00:00Z,-0.9331,1
2009-12-06T23:00:00Z,-0.2131,1
2009-12-07T00:00:00Z,0.5169,1
2009-12-07T01:00:00Z,1.1569,1
2009-12-07T02:00:00Z,1.6169,1
2009-12-07T03:00:00Z,1.7069,1
2009-12-07T04:00:00Z,1.5069,1
2009-12-07T05:00:00Z,0.8269,1
2009-12-07T06:00:00Z,0.0169,1
2009-12-07T07:00:00Z,-0.7431,1
2009-12-07T08:00:00Z,-0.9731,1
2009-12-07T09:00:00Z,-0.9031,1
2009-12-07T10:00:00Z,-0.5231,1
2009-12-07T11:00:00Z,0.0869,1
2009-12-07T12:00:00Z,0.7969,1
2009-12-07T13:00:00Z,1.4969,1
2009-12-07T14:00:00Z,1.9069,1
2009-12-07T15:00:00Z,2.0569,1
2009-12-07T16:00:00Z,1.7769,1
2009-12-07T17:00:00Z,1.1269,1
2009-12-07T18:00:00Z,0.1669,1
2009-12-07T19:00:00Z,-0.7931,1
2009-12-07T20:00:00Z,-1.4831,1
2009-12-07T21:00:00Z,-1.7831,1
2009-12-07T22:00:00Z,-1.6231,1
2009-12-07T23:00:00Z,-1.0831,1
2009-12-08T00:00:00Z,-0.4131,1
2009-12-08T01:00:00Z,0.2869,1
2009-12-08T02:00:00Z,0.9169,1
2009-12-08T03:00:00Z,1.3569,1
2009-12-08T04:00:00Z,1.4569,1
2009-12-08T05:00:00Z,1.1669,1
2009-12-08T06:00:00Z,0.5269,1
2009-12-08T07:00:00Z,-0.2431,1
2009-12-08T08:00:00Z,-0.9131,1
2009-12-08T09:00:00Z,-1.2331,1
2009-12-08T10:00:00Z,-1.1931,1
2009-12-08T11:00:00Z,-0.8131,1
2009-12-08T12:00:00Z,-0.2131,1
2009-12-08T13:00:00Z,0.4269,1
2009-12-08T14:00:00Z,1.0169,1
2009-12-08T15:00:00Z,1.5169,1
2009-12-08T16:00:00Z,1.7869,1
2009-12-08T17:00:00Z,1.6669,1
2009-12-08T18:00:00Z,1.1269,1
2009-12-08T19:00:00Z,0.3369,1
2009-12-08T20:00:00Z,-0.5131,1
2009-12-08T21:00:00Z,-1.1631,1
2009-12-08T22:00:00Z,-1.4431,1
2009-12-08T23:00:00Z,-1.2931,1
2009-12-09T00:00:00Z,-0.8831,1
2009-12-09T01:00:00Z,-0.3331,1
2009-12-09T02:00:00Z,0.3069,1
2009-12-09T03:00:00Z,0.8269,1
2009-12-09T04:00:00Z,1.2569,1
2009-12-09T05:00:00Z,1.3869,1
2009-12-09T06:00:00Z,1.1569,1
2009-12-09T07:00:00Z,0.6069,1
2009-12-09T08:00:00Z,-0.1031,1
2009-12-09T09:00:00Z,-0.7731,1
2009-12-09T10:00:00Z,-1.1031,1
2009-12-09T11:00:00Z,-1.0731,1
2009-12-09T12:00:00Z,-0.7531,1
2009-12-09T13:00:00Z,-0.1931,1
2009-12-09T14:00:00Z,0.3969,1
2009-12-09T15:00:00Z,0.9669,1
2009-12-09T16:00:00Z,1.4369,1
2009-12-09T17:00:00Z,1.6669,1
2009-12-09T18:00:00Z,1.5069,1
2009-12-09T19:00:00Z,1.0069,1
2009-12-09T20:00:00Z,0.2669,1
2009-12-09T21:00:00Z,-0.5331,1
2009-12-09T22:00:00Z,-1.2031,1
2009-12-09T23:00:00Z,-1.5431,1
2009-12-10T00:00:00Z,-1.4631,1
2009-12-10T01:00:00Z,-1.1431,1
2009-12-10T02:00:00Z,-0.5731,1
2009-12-10T03:00:00Z,0.0169,1
2009-12-10T04:00:00Z,0.5569,1
2009-12-10T05:00:00Z,0.9769,1
2009-12-10T06:00:00Z,1.1669,1
2009-12-10T07:00:00Z,0.9769,1
2009-12-10T08:00:00Z,0.4769,1
2009-12-10T09:00:00Z,-0.1931,1
2009-12-10T10:00:00Z,-0.7731,1
2009-12-10T11:00:00Z,-1.1631,1
2009-12-10T12:00:00Z,-1.1931,1
2009-12-10T13:00:00Z,-0.9131,1
2009-12-10T14:00:00Z,-0.4331,1
2009-12-10T15:00:00Z,0.0769,1
2009-12-10T16:00:00Z,0.6169,1
2009-12-10T17:00:00Z,1.0769,1
2009-12-10T18:00:00Z,1.3969,1
2009-12-10T19:00:00Z,1.3369,1
2009-12-10T20:00:00Z,0.9569,1
2009-12-10T21:00:00Z,0.2569,1
2009-12-10T22:00:00Z,-0.5231,1
2009-12-10T23:00:00Z,-1.1931,1
2009-12-11T00:00:00Z,-1.5531,1
2009-12-11T01:00:00Z,-1.5131,1
2009-12-11T02:00:00Z,-1.1731,1
2009-12-11T03:00:00Z,-0.6931,1
2009-12-11T04:00:00Z,-0.0831,1
2009-12-11T05:00:00Z,0.4569,1
2009-12-11T06:00:00Z,0.9369,1
2009-12-11T07:00:00Z,1.1469,1
2009-12-11T08:00:00Z,1.0269,1
2009-12-11T09:00:00Z,0.5869,1
2009-12-11T10:00:00Z,-0.0331,1
2009-12-11T12:00:00Z,-1.0431,1
2009-12-11T13:00:00Z,-1.1231,1
2009-12-11T14:00:00Z,-0.8631,1
2009-12-11T15:00:00Z,-0.4131,1
2009-12-11T16:00:00Z,0.1069,1
2009-12-11T17:00:00Z,0.6269,1
2009-12-11T18:00:00Z,1.1069,1
2009-12-11T19:00:00Z,1.3969,1
2009-12-11T20:00:00Z,1.3869,1
2009-12-11T21:00:00Z,1.0169,1
2009-12-11T22:00:00Z,0.3469,1
2009-12-11T23:00:00Z,-0.4331,1
2009-12-12T00:00:00Z,-1.1531,1
2009-12-12T01:00:00Z,-1.5431,1
2009-12-12T02:00:00Z,-1.5531,1
2009-12-12T03:00:00Z,-1.2031,1
2009-12-12T04:00:00Z,-0.6931,1
2009-12-12T05:00:00Z,-0.0931,1
2009-12-12T06:00:00Z,0.4969,1
2009-12-12T08:00:00Z,1.1969,1
2009-12-12T09:00:00Z,1.1069,1
2009-12-12T10:00:00Z,0.697,1
2009-12-12T11:00:00Z,0.067,1
2009-12-12T12:00:00Z,-0.603,1
2009-12-12T13:00:00Z,-1.083,1
2009-12-12T14:00:00Z,-1.273,1
2009-12-12T15:00:00Z,-1.063,1
2009-12-12T16:00:00Z,-0.663,1
2009-12-12T17:00:00Z,-0.103,1
2009-12-12T18:00:00Z,0.437,1
2009-12-12T19:00:00Z,0.887,1
2009-12-12T20:00:00Z,1.217,1
2009-12-12T21:00:00Z,1.257,1
2009-12-12T22:00:00Z,0.937,1
2009-12-12T23:00:00Z,0.297,1
2009-12-13T00:00:00Z,-0.463,1
2009-12-13T01:00:00Z,-1.163,1
2009-12-13T02:00:00Z,-1.523,1
2009-12-13T03:00:00Z,-1.513,1
2009-12-13T04:00:00Z,-1.143,1
2009-12-13T05:00:00Z,-0.583,1
2009-12-13T06:00:00Z,0.007,1
2009-12-13T07:00:00Z,0.617,1
2009-12-13T08:00:00Z,1.037,1
2009-12-13T09:00:00Z,1.227,1
2009-12-13T10:00:00Z,1.057,1
2009-12-13T11:00:00Z,0.587,1
2009-12-13T12:00:00Z,-0.113,1
2009-12-13T13:00:00Z,-0.803,1
2009-12-13T14:00:00Z,-1.363,1
2009-12-13T15:00:00Z,-1.453,1
2009-12-13T16:00:00Z,-1.243,1
2009-12-13T17:00:00Z,-0.743,1
2009-12-13T18:00:00Z,-0.103,1
2009-12-13T19:00:00Z,0.427,1
2009-12-13T20:00:00Z,0.957,1
2009-12-13T21:00:00Z,1.267,1
2009-12-13T22:00:00Z,1.257,1
2009-12-13T23:00:00Z,0.897,1
2009-12-14T00:00:00Z,0.217,1
2009-12-14T01:00:00Z,-0.623,1
2009-12-14T02:00:00Z,-1.303,1
2009-12-14T03:00:00Z,-1.663,1
2009-12-14T04:00:00Z,-1.583,1
2009-12-14T05:00:00Z,-1.153,1
2009-12-14T06:00:00Z,-0.473,1
2009-12-14T07:00:00Z,0.167,1
2009-12-14T08:00:00Z,0.757,1
2009-12-14T09:00:00Z,1.187,1
2009-12-14T10:00:00Z,1.327,1
2009-12-14T11:00:00Z,1.107,1
2009-12-14T12:00:00Z,0.537,1
2009-12-14T13:00:00Z,-0.193,1
2009-12-14T14:00:00Z,-0.973,1
2009-12-14T15:00:00Z,-1.433,1
2009-12-14T16:00:00Z,-1.553,1
2009-12-14T17:00:00Z,-1.203,1
2009-12-14T18:00:00Z,-0.703,1
2009-12-14T19:00:00Z,-0.013,1
2009-12-14T20:00:00Z,0.567,1
2009-12-14T21:00:00Z,1.077,1
2009-12-14T22:00:00Z,1.347,1
2009-12-14T23:00:00Z,1.257,1
2009-12-15T00:00:00Z,0.807,1
2009-12-15T01:00:00Z,0.027,1
2009-12-15T02:00:00Z,-0.803,1
2009-12-15T03:00:00Z,-1.443,1
2009-12-15T04:00:00Z,-1.663,1
2009-12-15T05:00:00Z,-1.443,1
2009-12-15T06:00:00Z,-0.913,1
2009-12-15T07:00:00Z,-0.203,1
2009-12-15T08:00:00Z,0.457,1
2009-12-15T09:00:00Z,0.997,1
2009-12-15T10:00:00Z,1.367,1
2009-12-15T11:00:00Z,1.417,1
2009-12-15T12:00:00Z,1.077,1
2009-12-15T13:00:00Z,0.347,1
2009-12-15T14:00:00Z,-0.493,1
2009-12-15T15:00:00Z,-1.283,1
2009-12-15T16:00:00Z,-1.703,1
2009-12-15T17:00:00Z,-1.643,1
2009-12-15T18:00:00Z,-1.253,1
2009-12-15T19:00:00Z,-0.613,1
2009-12-15T20:00:00Z,0.047,1
2009-12-15T21:00:00Z,0.657,1
2009-12-15T22:00:00Z,1.117,1
2009-12-15T23:00:00Z,1.297,1
2009-12-16T00:00:00Z,1.127,1
2009-12-16T01:00:00Z,0.547,1
2009-12-16T02:00:00Z,-0.273,1
2009-12-16T04:00:00Z,-1.633,1
2009-12-16T05:00:00Z,-1.713,1
2009-12-16T06:00:00Z,-1.343,1
2009-12-16T07:00:00Z,-0.693,1
2009-12-16T08:00:00Z,0.047,1
2009-12-16T09:00:00Z,0.717,1
2009-12-16T10:00:00Z,1.237,1
2009-12-16T11:00:00Z,1.507,1
2009-12-16T12:00:00Z,1.437,1
2009-12-16T13:00:00Z,0.957,1
2009-12-16T14:00:00Z,0.157,1
2009-12-16T15:00:00Z,-0.703,1
2009-12-16T16:00:00Z,-1.383,1
2009-12-16T17:00:00Z,-1.673,1
2009-12-16T18:00:00Z,-1.483,1
2009-12-16T19:00:00Z,-1.003,1
2009-12-16T20:00:00Z,-0.313,1
2009-12-16T21:00:00Z,0.377,1
2009-12-16T22:00:00Z,0.967,1
2009-12-16T23:00:00Z,1.347,1
2009-12-17T00:00:00Z,1.427,1
2009-12-17T01:00:00Z,1.047,1
2009-12-17T02:00:00Z,0.357,1
2009-12-17T03:00:00Z,-0.523,1
2009-12-17T04:00:00Z,-1.313,1
2009-12-17T05:00:00Z,-1.663,1
2009-12-17T06:00:00Z,-1.583,1
2009-12-17T07:00:00Z,-1.083,1
2009-12-17T08:00:00Z,-0.393,1
2009-12-17T09:00:00Z,0.357,1
2009-12-17T10:00:00Z,1.007,1
2009-12-17T11:00:00Z,1.457,1
2009-12-17T12:00:00Z,1.587,1
2009-12-17T13:00:00Z,1.327,1
2009-12-17T14:00:00Z,0.677,1
2009-12-17T15:00:00Z,-0.213,1
2009-12-17T16:00:00Z,-1.073,1
2009-12-17T17:00:00Z,-1.653,1
2009-12-17T18:00:00Z,-1.743,1
2009-12-17T19:00:00Z,-1.463,1
2009-12-17T20:00:00Z,-0.873,1
2009-12-17T21:00:00Z,-0.143,1
2009-12-17T22:00:00Z,0.457,1
2009-12-17T23:00:00Z,0.867,1
2009-12-18T00:00:00Z,1.207,1
2009-12-18T01:00:00Z,1.147,1
2009-12-18T02:00:00Z,0.637,1
2009-12-18T03:00:00Z,-0.123,1
2009-12-18T04:00:00Z,-1.003,1
2009-12-18T05:00:00Z,-1.593,1
2009-12-18T06:00:00Z,-1.783,1
2009-12-18T07:00:00Z,-1.523,1
2009-12-18T08:00:00Z,-0.883,1
2009-12-18T09:00:00Z,-0.153,1
2009-12-18T10:00:00Z,0.547,1
2009-12-18T11:00:00Z,1.087,1
2009-12-18T12:00:00Z,1.437,1
2009-12-18T13:00:00Z,1.367,1
2009-12-18T14:00:00Z,0.977,1
2009-12-18T15:00:00Z,0.227,1
2009-12-18T16:00:00Z,-0.643,1
2009-12-18T17:00:00Z,-1.443,1
2009-12-18T18:00:00Z,-1.853,1
2009-12-18T19:00:00Z,-1.763,1
2009-12-18T20:00:00Z,-1.293,1
2009-12-18T21:00:00Z,-0.663,1
2009-12-18T22:00:00Z,0.037,1
2009-12-18T23:00:00Z,0.587,1
2009-12-19T00:00:00Z,0.997,1
2009-12-19T01:00:00Z,1.137,1
2009-12-19T02:00:00Z,0.917,1
2009-12-19T03:00:00Z,0.337,1
2009-12-19T04:00:00Z,-0.463,1
2009-12-19T05:00:00Z,-1.233,1
2009-12-19T06:00:00Z,-1.653,1
2009-12-19T07:00:00Z,-1.643,1
2009-12-19T08:00:00Z,-1.233,1
2009-12-19T09:00:00Z,-0.493,1
2009-12-19T10:00:00Z,0.287,1
2009-12-19T11:00:00Z,0.927,1
2009-12-19T12:00:00Z,1.437,1
2009-12-19T13:00:00Z,1.577,1
2009-12-19T14:00:00Z,1.397,1
2009-12-19T15:00:00Z,0.877,1
2009-12-19T16:00:00Z,0.077,1
2009-12-19T17:00:00Z,-0.793,1
2009-12-19T18:00:00Z,-1.413,1
2009-12-19T19:00:00Z,-1.633,1
2009-12-19T20:00:00Z,-1.333,1
2009-12-19T21:00:00Z,-0.893,1
2009-12-19T22:00:00Z,-0.253,1
2009-12-19T23:00:00Z,0.357,1
2009-12-20T00:00:00Z,0.817,1
2009-12-20T01:00:00Z,1.147,1
2009-12-20T02:00:00Z,1.067,1
2009-12-20T03:00:00Z,0.737,1
2009-12-20T04:00:00Z,0.057,1
2009-12-20T05:00:00Z,-0.733,1
2009-12-20T06:00:00Z,-1.383,1
2009-12-20T07:00:00Z,-1.603,1
2009-12-20T08:00:00Z,-1.443,1
2009-12-20T09:00:00Z,-0.873,1
2009-12-20T10:00:00Z,-0.133,1
2009-12-20T11:00:00Z,0.597,1
2009-12-20T12:00:00Z,1.157,1
2009-12-20T13:00:00Z,1.557,1
2009-12-20T14:00:00Z,1.577,1
2009-12-20T15:00:00Z,1.287,1
2009-12-20T16:00:00Z,0.687,1
2009-12-20T17:00:00Z,-0.143,1
2009-12-20T18:00:00Z,-0.933,1
2009-12-20T19:00:00Z,-1.363,1
2009-12-20T20:00:00Z,-1.393,1
2009-12-20T21:00:00Z,-1.083,1
2009-12-20T22:00:00Z,-0.533,1
2009-12-20T23:00:00Z,0.087,1
2009-12-21T00:00:00Z,0.637,1
2009-12-21T01:00:00Z,1.077,1
2009-12-21T02:00:00Z,1.267,1
2009-12-21T03:00:00Z,1.167,1
2009-12-21T04:00:00Z,0.697,1
2009-12-21T05:00:00Z,-0.013,1
2009-12-21T06:00:00Z,-0.723,1
2009-12-21T07:00:00Z,-1.143,1
2009-12-21T08:00:00Z,-1.2229,1
2009-12-21T09:00:00Z,-0.9029,1
2009-12-21T10:00:00Z,-0.3629,1
2009-12-21T11:00:00Z,0.3371,1
2009-12-21T12:00:00Z,0.9571,1
2009-12-21T13:00:00Z,1.4471,1
2009-12-21T14:00:00Z,1.6971,1
2009-12-21T15:00:00Z,1.5971,1
2009-12-21T16:00:00Z,1.1571,1
2009-12-21T17:00:00Z,0.4371,1
2009-12-21T18:00:00Z,-0.3729,1
2009-12-21T19:00:00Z,-1.0429,1
2009-12-21T20:00:00Z,-1.3329,1
2009-12-21T21:00:00Z,-1.1729,1
2009-12-21T22:00:00Z,-0.8129,1
2009-12-21T23:00:00Z,-0.2129,1
2009-12-22T00:00:00Z,0.3971,1
2009-12-22T01:00:00Z,0.9071,1
2009-12-22T02:00:00Z,1.2571,1
2009-12-22T03:00:00Z,1.3571,1
2009-12-22T04:00:00Z,1.1071,1
2009-12-22T05:00:00Z,0.5571,1
2009-12-22T06:00:00Z,-0.1429,1
2009-12-22T07:00:00Z,-0.7329,1
2009-12-22T08:00:00Z,-1.0329,1
2009-12-22T09:00:00Z,-0.9729,1
2009-12-22T10:00:00Z,-0.6129,1
2009-12-22T11:00:00Z,-0.0029,1
2009-12-22T12:00:00Z,0.5971,1
2009-12-22T13:00:00Z,1.1671,1
2009-12-22T14:00:00Z,1.5671,1
2009-12-22T15:00:00Z,1.6871,1
2009-12-22T16:00:00Z,1.4671,1
2009-12-22T17:00:00Z,0.9371,1
2009-12-22T18:00:00Z,0.2171,1
2009-12-22T19:00:00Z,-0.5129,1
2009-12-22T20:00:00Z,-1.0129,1
2009-12-22T21:00:00Z,-1.1729,1
2009-12-22T22:00:00Z,-0.9829,1
2009-12-22T23:00:00Z,-0.5429,1
2009-12-23T00:00:00Z,0.0171,1
2009-12-23T01:00:00Z,0.5371,1
2009-12-23T02:00:00Z,0.9871,1
2009-12-23T03:00:00Z,1.2271,1
2009-12-23T04:00:00Z,1.2071,1
2009-12-23T05:00:00Z,0.8871,1
2009-12-23T06:00:00Z,0.3271,1
2009-12-23T07:00:00Z,-0.3029,1
2009-12-23T08:00:00Z,-0.7829,1
2009-12-23T09:00:00Z,-0.9529,1
2009-12-23T10:00:00Z,-0.8029,1
2009-12-23T11:00:00Z,-0.3929,1
2009-12-23T12:00:00Z,0.1671,1
2009-12-23T13:00:00Z,0.7371,1
2009-12-23T14:00:00Z,1.2271,1
2009-12-23T15:00:00Z,1.5671,1
2009-12-23T16:00:00Z,1.5871,1
2009-12-23T17:00:00Z,1.3271,1
2009-12-23T18:00:00Z,0.7571,1
2009-12-23T19:00:00Z,0.0671,1
2009-12-23T20:00:00Z,-0.5929,1
2009-12-23T21:00:00Z,-0.9729,1
2009-12-23T22:00:00Z,-1.0329,1
2009-12-23T23:00:00Z,-0.7729,1
2009-12-24T00:00:00Z,-0.3629,1
2009-12-24T01:00:00Z,0.1271,1
2009-12-24T02:00:00Z,0.5571,1
2009-12-24T03:00:00Z,0.9771,1
2009-12-24T04:00:00Z,1.1771,1
2009-12-24T05:00:00Z,1.1371,1
2009-12-24T06:00:00Z,0.7971,1
2009-12-24T07:00:00Z,0.2871,1
2009-12-24T08:00:00Z,-0.2629,1
2009-12-24T09:00:00Z,-0.6729,1
2009-12-24T10:00:00Z,-0.8029,1
2009-12-24T11:00:00Z,-0.6129,1
2009-12-24T12:00:00Z,-0.1829,1
2009-12-24T13:00:00Z,0.3271,1
2009-12-24T14:00:00Z,0.8371,1
2009-12-24T15:00:00Z,1.2371,1
2009-12-24T16:00:00Z,1.4771,1
2009-12-24T17:00:00Z,1.4371,1
2009-12-24T18:00:00Z,1.1171,1
2009-12-24T19:00:00Z,0.5571,1
2009-12-24T20:00:00Z,-0.1029,1
2009-12-24T21:00:00Z,-0.6729,1
2009-12-24T22:00:00Z,-0.9929,1
2009-12-24T23:00:00Z,-0.9929,1
2009-12-25T00:00:00Z,-0.7429,1
2009-12-25T01:00:00Z,-0.3429,1
2009-12-25T02:00:00Z,0.0971,1
2009-12-25T03:00:00Z,0.5471,1
2009-12-25T04:00:00Z,0.9271,1
2009-12-25T05:00:00Z,1.1071,1
2009-12-25T06:00:00Z,1.0171,1
2009-12-25T07:00:00Z,0.6771,1
2009-12-25T08:00:00Z,0.1671,1
2009-12-25T09:00:00Z,-0.3229,1
2009-12-25T10:00:00Z,-0.6929,1
2009-12-25T11:00:00Z,-0.7729,1
2009-12-25T12:00:00Z,-0.5629,1
2009-12-25T13:00:00Z,-0.1829,1
2009-12-25T14:00:00Z,0.2671,1
2009-12-25T15:00:00Z,0.7571,1
2009-12-25T16:00:00Z,1.1771,1
2009-12-25T17:00:00Z,1.4271,1
2009-12-25T18:00:00Z,1.4171,1
2009-12-25T19:00:00Z,1.0771,1
2009-12-25T20:00:00Z,0.6071,1
2009-12-25T21:00:00Z,0.0171,1
2009-12-25T22:00:00Z,-0.4929,1
2009-12-25T23:00:00Z,-0.8229,1
2009-12-26T00:00:00Z,-0.7929,1
2009-12-26T01:00:00Z,-0.5929,1
2009-12-26T02:00:00Z,-0.2029,1
2009-12-26T03:00:00Z,0.2171,1
2009-12-26T04:00:00Z,0.6071,1
2009-12-26T05:00:00Z,0.9971,1
2009-12-26T06:00:00Z,1.1571,1
2009-12-26T07:00:00Z,1.1071,1
2009-12-26T08:00:00Z,0.7571,1
2009-12-26T09:00:00Z,0.2671,1
2009-12-26T10:00:00Z,-0.2429,1
2009-12-26T11:00:00Z,-0.6029,1
2009-12-26T12:00:00Z,-0.6629,1
2009-12-26T13:00:00Z,-0.5129,1
2009-12-26T14:00:00Z,-0.1429,1
2009-12-26T15:00:00Z,0.2771,1
2009-12-26T16:00:00Z,0.7671,1
2009-12-26T17:00:00Z,1.1471,1
2009-12-26T18:00:00Z,1.3671,1
2009-12-26T19:00:00Z,1.3571,1
2009-12-26T20:00:00Z,1.0371,1
2009-12-26T21:00:00Z,0.5371,1
2009-12-26T22:00:00Z,-0.0529,1
2009-12-26T23:00:00Z,-0.5529,1
2009-12-27T00:00:00Z,-0.8229,1
2009-12-27T01:00:00Z,-0.8829,1
2009-12-27T02:00:00Z,-0.6729,1
2009-12-27T03:00:00Z,-0.2829,1
2009-12-27T04:00:00Z,0.1471,1
2009-12-27T05:00:00Z,0.6171,1
2009-12-27T06:00:00Z,0.9871,1
2009-12-27T07:00:00Z,1.1571,1
2009-12-27T08:00:00Z,1.0571,1
2009-12-27T09:00:00Z,0.7271,1
2009-12-27T10:00:00Z,0.1671,1
2009-12-27T11:00:00Z,-0.3929,1
2009-12-27T12:00:00Z,-0.8629,1
2009-12-27T13:00:00Z,-1.0129,1
2009-12-27T14:00:00Z,-0.9329,1
2009-12-27T15:00:00Z,-0.5729,1
2009-12-27T16:00:00Z,-0.1429,1
2009-12-27T17:00:00Z,0.3271,1
2009-12-27T18:00:00Z,0.7871,1
2009-12-27T19:00:00Z,1.0471,1
2009-12-27T20:00:00Z,1.1071,1
2009-12-27T21:00:00Z,0.8571,1
2009-12-27T22:00:00Z,0.3471,1
2009-12-27T23:00:00Z,-0.2229,1
2009-12-28T00:00:00Z,-0.7729,1
2009-12-28T01:00:00Z,-1.1129,1
2009-12-28T02:00:00Z,-1.1729,1
2009-12-28T03:00:00Z,-0.9329,1
2009-12-28T04:00:00Z,-0.5229,1
2009-12-28T05:00:00Z,-0.0129,1
2009-12-28T06:00:00Z,0.4971,1
2009-12-28T07:00:00Z,0.9771,1
2009-12-28T08:00:00Z,1.2271,1
2009-12-28T09:00:00Z,1.2071,1
2009-12-28T10:00:00Z,0.8771,1
2009-12-28T11:00:00Z,0.3071,1
2009-12-28T12:00:00Z,-0.2629,1
2009-12-28T13:00:00Z,-0.7129,1
2009-12-28T14:00:00Z,-0.9029,1
2009-12-28T15:00:00Z,-0.7729,1
2009-12-28T16:00:00Z,-0.4029,1
2009-12-28T17:00:00Z,0.1271,1
2009-12-28T18:00:00Z,0.6571,1
2009-12-28T19:00:00Z,1.1171,1
2009-12-28T20:00:00Z,1.4471,1
2009-12-28T21:00:00Z,1.4571,1
2009-12-28T22:00:00Z,1.1271,1
2009-12-28T23:00:00Z,0.5571,1
2009-12-29T00:00:00Z,-0.1529,1
2009-12-29T01:00:00Z,-0.7729,1
2009-12-29T02:00:00Z,-1.1329,1
2009-12-29T03:00:00Z,-1.1529,1
2009-12-29T04:00:00Z,-0.8429,1
2009-12-29T05:00:00Z,-0.3329,1
2009-12-29T06:00:00Z,0.2671,1
2009-12-29T07:00:00Z,0.8771,1
2009-12-29T08:00:00Z,1.3671,1
2009-12-29T09:00:00Z,1.5671,1
2009-12-29T10:00:00Z,1.4471,1
2009-12-29T11:00:00Z,0.9871,1
2009-12-29T12:00:00Z,0.3071,1
2009-12-29T13:00:00Z,-0.4029,1
2009-12-29T14:00:00Z,-0.9829,1
2009-12-29T15:00:00Z,-1.1329,1
2009-12-29T16:00:00Z,-0.9729,1
2009-12-29T17:00:00Z,-0.4529,1
2009-12-29T18:00:00Z,0.1671,1
2009-12-29T19:00:00Z,0.7871,1
2009-12-29T20:00:00Z,1.3071,1
2009-12-29T21:00:00Z,1.6171,1
2009-12-29T22:00:00Z,1.6471,1
2009-12-29T23:00:00Z,1.2471,1
2009-12-30T00:00:00Z,0.6371,1
2009-12-30T01:00:00Z,-0.1729,1
2009-12-30T02:00:00Z,-0.8629,1
2009-12-30T03:00:00Z,-1.2129,1
2009-12-30T04:00:00Z,-1.1829,1
2009-12-30T05:00:00Z,-0.7729,1
2009-12-30T06:00:00Z,-0.1929,1
2009-12-30T07:00:00Z,0.5072,1
2009-12-30T08:00:00Z,1.1372,1
2009-12-30T09:00:00Z,1.7172,1
2009-12-30T10:00:00Z,1.9272,1
2009-12-30T11:00:00Z,1.6772,1
2009-12-30T12:00:00Z,1.1572,1
2009-12-30T13:00:00Z,0.2472,1
2009-12-30T14:00:00Z,-0.4828,1
2009-12-30T15:00:00Z,-1.1128,1
2009-12-30T16:00:00Z,-1.2828,1
2009-12-30T17:00:00Z,-1.0328,1
2009-12-30T18:00:00Z,-0.5328,1
2009-12-30T19:00:00Z,0.1772,1
2009-12-30T20:00:00Z,0.8572,1
2009-12-30T21:00:00Z,1.2572,1
2009-12-30T22:00:00Z,1.6572,1
2009-12-30T23:00:00Z,1.5672,1
2009-12-31T00:00:00Z,1.0972,1
2009-12-31T01:00:00Z,0.1872,1
2009-12-31T02:00:00Z,-0.7128,1
2009-12-31T03:00:00Z,-1.3528,1
2009-12-31T04:00:00Z,-1.6528,1
2009-12-31T05:00:00Z,-1.5328,1
2009-12-31T06:00:00Z,-0.9428,1
2009-12-31T07:00:00Z,-0.2928,1
2009-12-31T08:00:00Z,0.4572,1
2009-12-31T09:00:00Z,1.1072,1
2009-12-31T10:00:00Z,1.5472,1
2009-12-31T11:00:00Z,1.6772,1
2009-12-31T12:00:00Z,1.3372,1
2009-12-31T13:00:00Z,0.5972,1
2009-12-31T14:00:00Z,-0.3728,1
2009-12-31T15:00:00Z,-1.2628,1
2009-12-31T16:00:00Z,-1.8228,1
2009-12-31T17:00:00Z,-1.8528,1
2009-12-31T18:00:00Z,-1.4428,1
2009-12-31T19:00:00Z,-0.7328,1
2009-12-31T20:00:00Z,0.0972,1
2009-12-31T21:00:00Z,0.8372,1
2009-12-31T22:00:00Z,1.4572,1
2009-12-31T23:00:00Z,1.7572,1
