Date,Value,QC_Flag
2010-01-01T00:00:00Z,1.5972,1
2010-01-01T01:00:00Z,1.0172,1
2010-01-01T02:00:00Z,0.1172,1
2010-01-01T03:00:00Z,-0.8228,1
2010-01-01T04:00:00Z,-1.4828,1
2010-01-01T05:00:00Z,-1.7028,1
2010-01-01T06:00:00Z,-1.3528,1
2010-01-01T07:00:00Z,-0.7028,1
2010-01-01T08:00:00Z,0.1472,1
2010-01-01T09:00:00Z,0.9772,1
2010-01-01T10:00:00Z,1.6272,1
2010-01-01T11:00:00Z,2.0472,1
2010-01-01T12:00:00Z,2.0072,1
2010-01-01T13:00:00Z,1.5272,1
2010-01-01T14:00:00Z,0.6172,1
2010-01-01T15:00:00Z,-0.4728,1
2010-01-01T16:00:00Z,-1.4528,1
2010-01-01T17:00:00Z,-1.9528,1
2010-01-01T18:00:00Z,-1.9228,1
2010-01-01T19:00:00Z,-1.4028,1
2010-01-01T20:00:00Z,-0.5828,1
2010-01-01T21:00:00Z,0.2872,1
2010-01-01T22:00:00Z,1.0472,1
2010-01-01T23:00:00Z,1.6072,1
2010-01-02T00:00:00Z,1.8172,1
2010-01-02T01:00:00Z,1.5672,1
2010-01-02T02:00:00Z,0.8972,1
2010-01-02T03:00:00Z,-0.1228,1
2010-01-02T04:00:00Z,-1.1228,1
2010-01-02T05:00:00Z,-1.7428,1
2010-01-02T06:00:00Z,-1.8128,1
2010-01-02T07:00:00Z,-1.3628,1
2010-01-02T08:00:00Z,-0.5628,1
2010-01-02T09:00:00Z,0.3472,1
2010-01-02T10:00:00Z,1.1672,1
2010-01-02T11:00:00Z,1.7772,1
2010-01-02T12:00:00Z,2.0672,1
2010-01-02T13:00:00Z,1.9072,1
2010-01-02T14:00:00Z,1.3572,1
2010-01-02T15:00:00Z,0.3372,1
2010-01-02T16:00:00Z,-0.8228,1
2010-01-02T17:00:00Z,-1.7628,1
2010-01-02T18:00:00Z,-2.1528,1
2010-01-02T19:00:00Z,-2.0228,1
2010-01-02T20:00:00Z,-1.3728,1
2010-01-02T21:00:00Z,-0.4928,1
2010-01-02T22:00:00Z,0.3772,1
2010-01-02T23:00:00Z,1.1472,1
2010-01-03T00:00:00Z,1.6272,1
2010-01-03T01:00:00Z,1.7572,1
2010-01-03T02:00:00Z,1.4072,1
2010-01-03T03:00:00Z,0.6272,1
2010-01-03T04:00:00Z,-0.4528,1
2010-01-03T05:00:00Z,-1.3728,1
2010-01-03T06:00:00Z,-1.9028,1
2010-01-03T07:00:00Z,-1.8028,1
2010-01-03T08:00:00Z,-1.2728,1
2010-01-03T09:00:00Z,-0.4028,1
2010-01-03T10:00:00Z,0.5072,1
2010-01-03T11:00:00Z,1.2772,1
2010-01-03T12:00:00Z,1.8572,1
2010-01-03T13:00:00Z,2.0972,1
2010-01-03T14:00:00Z,1.8672,1
2010-01-03T15:00:00Z,1.1972,1
2010-01-03T16:00:00Z,0.0972,1
2010-01-03T17:00:00Z,-1.0428,1
2010-01-03T19:00:00Z,-2.2128,1
2010-01-03T20:00:00Z,-1.9328,1
2010-01-03T21:00:00Z,-1.2328,1
2010-01-03T22:00:00Z,-0.3328,1
2010-01-03T23:00:00Z,0.5372,1
2010-01-04T00:00:00Z,1.2472,1
2010-01-04T01:00:00Z,1.7072,1
2010-01-04T02:00:00Z,1.7472,1
2010-01-04T03:00:00Z,1.3372,1
2010-01-04T04:00:00Z,0.4772,1
2010-01-04T05:00:00Z,-0.5528,1
2010-01-04T06:00:00Z,-1.4428,1
2010-01-04T07:00:00Z,-1.8128,1
2010-01-04T08:00:00Z,-1.6528,1
2010-01-04T09:00:00Z,-1.0128,1
2010-01-04T10:00:00Z,-0.1328,1
2010-01-04T11:00:00Z,0.7272,1
2010-01-04T12:00:00Z,1.4372,1
2010-01-04T13:00:00Z,1.9272,1
2010-01-04T14:00:00Z,2.0772,1
2010-01-04T15:00:00Z,1.7672,1
2010-01-04T16:00:00Z,1.0072,1
2010-01-04T17:00:00Z,-0.0528,1
2010-01-04T18:00:00Z,-1.1928,1
2010-01-04T19:00:00Z,-1.9528,1
2010-01-04T20:00:00Z,-2.1428,1
2010-01-04T21:00:00Z,-1.8328,1
2010-01-04T22:00:00Z,-1.0528,1
2010-01-04T23:00:00Z,-0.1628,1
2010-01-05T00:00:00Z,0.6572,1
2010-01-05T01:00:00Z,1.2872,1
2010-01-05T02:00:00Z,1.6772,1
2010-01-05T03:00:00Z,1.6372,1
2010-01-05T04:00:00Z,1.1872,1
2010-01-05T05:00:00Z,0.3472,1
2010-01-05T06:00:00Z,-0.6428,1
2010-01-05T07:00:00Z,-1.4128,1
2010-01-05T08:00:00Z,-1.7028,1
2010-01-05T09:00:00Z,-1.4528,1
2010-01-05T10:00:00Z,-0.8428,1
2010-01-05T11:00:00Z,-0.0128,1
2010-01-05T12:00:00Z,0.7772,1
2010-01-05T13:00:00Z,1.3672,1
2010-01-05T14:00:00Z,1.8072,1
2010-01-05T15:00:00Z,1.8772,1
2010-01-05T16:00:00Z,1.4972,1
2010-01-05T17:00:00Z,0.7172,1
2010-01-05T18:00:00Z,-0.3528,1
2010-01-05T19:00:00Z,-1.3528,1
2010-01-05T20:00:00Z,-1.9928,1
2010-01-05T21:00:00Z,-2.1028,1
2010-01-05T22:00:00Z,-1.7328,1
2010-01-05T23:00:00Z,-1.0428,1
2010-01-06T00:00:00Z,-0.2328,1
2010-01-06T01:00:00Z,0.4772,1
2010-01-06T02:00:00Z,1.0472,1
2010-01-06T03:00:00Z,1.3272,1
2010-01-06T04:00:00Z,1.3172,1
2010-01-06T05:00:00Z,0.8872,1
2010-01-06T06:00:00Z,0.0472,1
2010-01-06T07:00:00Z,-0.8328,1
2010-01-06T08:00:00Z,-1.4928,1
2010-01-06T09:00:00Z,-1.7128,1
2010-01-06T10:00:00Z,-1.4028,1
2010-01-06T11:00:00Z,-0.8228,1
2010-01-06T12:00:00Z,-0.1128,1
2010-01-06T13:00:00Z,0.6072,1
2010-01-06T14:00:00Z,1.1672,1
2010-01-06T15:00:00Z,1.5172,1
2010-01-06T16:00:00Z,1.5272,1
2010-01-06T17:00:00Z,1.2172,1
2010-01-06T18:00:00Z,0.5172,1
2010-01-06T19:00:00Z,-0.4428,1
2010-01-06T20:00:00Z,-1.3228,1
2010-01-06T21:00:00Z,-1.8428,1
2010-01-06T22:00:00Z,-1.9228,1
2010-01-06T23:00:00Z,-1.5828,1
2010-01-07T00:00:00Z,-0.9328,1
2010-01-07T01:00:00Z,-0.2328,1
2010-01-07T02:00:00Z,0.4072,1
2010-01-07T03:00:00Z,0.9372,1
2010-01-07T04:00:00Z,1.1872,1
2010-01-07T05:00:00Z,1.1072,1
2010-01-07T06:00:00Z,0.6572,1
2010-01-07T07:00:00Z,-0.0728,1
2010-01-07T08:00:00Z,-0.8528,1
2010-01-07T09:00:00Z,-1.3928,1
2010-01-07T10:00:00Z,-1.5328,1
2010-01-07T11:00:00Z,-1.2928,1
2010-01-07T12:00:00Z,-0.7728,1
2010-01-07T13:00:00Z,-0.1428,1
2010-01-07T14:00:00Z,0.4672,1
2010-01-07T15:00:00Z,1.0072,1
2010-01-07T16:00:00Z,1.3772,1
2010-01-07T17:00:00Z,1.4272,1
2010-01-07T18:00:00Z,1.1072,1
2010-01-07T19:00:00Z,0.4772,1
2010-01-07T20:00:00Z,-0.3528,1
2010-01-07T21:00:00Z,-1.1128,1
2010-01-07T22:00:00Z,-1.6028,1
2010-01-07T23:00:00Z,-1.6828,1
2010-01-08T00:00:00Z,-1.3828,1
2010-01-08T01:00:00Z,-0.8728,1
2010-01-08T02:00:00Z,-0.2728,1
2010-01-08T03:00:00Z,0.2872,1
2010-01-08T04:00:00Z,0.7672,1
2010-01-08T05:00:00Z,1.0273,1
2010-01-08T06:00:00Z,0.9573,1
2010-01-08T07:00:00Z,0.5473,1
2010-01-08T08:00:00Z,-0.0927,1
2010-01-08T09:00:00Z,-0.7727,1
2010-01-08T10:00:00Z,-1.2527,1
2010-01-08T11:00:00Z,-1.4227,1
2010-01-08T12:00:00Z,-1.2327,1
2010-01-08T13:00:00Z,-0.8627,1
2010-01-08T14:00:00Z,-0.3427,1
2010-01-08T15:00:00Z,0.1773,1
2010-01-08T16:00:00Z,0.6573,1
2010-01-08T17:00:00Z,1.0073,1
2010-01-08T18:00:00Z,1.1073,1
2010-01-08T19:00:00Z,0.8673,1
2010-01-08T20:00:00Z,0.3173,1
2010-01-08T21:00:00Z,-0.4127,1
2010-01-08T22:00:00Z,-1.1127,1
2010-01-08T23:00:00Z,-1.5627,1
2010-01-09T00:00:00Z,-1.6227,1
2010-01-09T01:00:00Z,-1.3927,1
2010-01-09T02:00:00Z,-0.9427,1
2010-01-09T03:00:00Z,-0.4327,1
2010-01-09T04:00:00Z,0.0873,1
2010-01-09T05:00:00Z,0.5373,1
2010-01-09T06:00:00Z,0.8173,1
2010-01-09T07:00:00Z,0.8173,1
2010-01-09T08:00:00Z,0.5273,1
2010-01-09T09:00:00Z,-0.0027,1
2010-01-09T10:00:00Z,-0.6327,1
2010-01-09T11:00:00Z,-1.1227,1
2010-01-09T12:00:00Z,-1.3427,1
2010-01-09T13:00:00Z,-1.2427,1
2010-01-09T14:00:00Z,-0.9227,1
2010-01-09T15:00:00Z,-0.5027,1
2010-01-09T16:00:00Z,-0.0227,1
2010-01-09T17:00:00Z,0.4173,1
2010-01-09T18:00:00Z,0.7873,1
2010-01-09T19:00:00Z,0.9973,1
2010-01-09T20:00:00Z,0.8573,1
2010-01-09T21:00:00Z,0.4273,1
2010-01-09T22:00:00Z,-0.2227,1
2010-01-09T23:00:00Z,-0.8427,1
2010-01-10T00:00:00Z,-1.3127,1
2010-01-10T01:00:00Z,-1.4827,1
2010-01-10T02:00:00Z,-1.2427,1
2010-01-10T03:00:00Z,-0.8827,1
2010-01-10T04:00:00Z,-0.3927,1
2010-01-10T05:00:00Z,0.0173,1
2010-01-10T07:00:00Z,0.7773,1
2010-01-10T08:00:00Z,0.8073,1
2010-01-10T09:00:00Z,0.6173,1
2010-01-10T10:00:00Z,0.1973,1
2010-01-10T11:00:00Z,-0.3727,1
2010-01-10T12:00:00Z,-0.8527,1
2010-01-10T13:00:00Z,-1.2027,1
2010-01-10T14:00:00Z,-1.2327,1
2010-01-10T15:00:00Z,-0.9327,1
2010-01-10T16:00:00Z,-0.5727,1
2010-01-10T17:00:00Z,-0.0827,1
2010-01-10T18:00:00Z,0.3573,1
2010-01-10T19:00:00Z,0.7473,1
2010-01-10T20:00:00Z,0.9873,1
2010-01-10T21:00:00Z,0.9173,1
2010-01-10T22:00:00Z,0.5173,1
2010-01-10T23:00:00Z,-0.0827,1
2010-01-11T00:00:00Z,-0.7427,1
2010-01-11T01:00:00Z,-1.2127,1
2010-01-11T02:00:00Z,-1.3927,1
2010-01-11T03:00:00Z,-1.2727,1
2010-01-11T04:00:00Z,-0.9227,1
2010-01-11T05:00:00Z,-0.4427,1
2010-01-11T06:00:00Z,0.0873,1
2010-01-11T07:00:00Z,0.5373,1
2010-01-11T08:00:00Z,0.8473,1
2010-01-11T09:00:00Z,0.9673,1
2010-01-11T10:00:00Z,0.7973,1
2010-01-11T11:00:00Z,0.2773,1
2010-01-11T12:00:00Z,-0.3227,1
2010-01-11T13:00:00Z,-0.8927,1
2010-01-11T14:00:00Z,-1.2527,1
2010-01-11T15:00:00Z,-1.3227,1
2010-01-11T16:00:00Z,-1.0827,1
2010-01-11T17:00:00Z,-0.6927,1
2010-01-11T18:00:00Z,-0.2127,1
2010-01-11T19:00:00Z,0.3473,1
2010-01-11T20:00:00Z,0.7873,1
2010-01-11T21:00:00Z,1.0473,1
2010-01-11T22:00:00Z,1.0073,1
2010-01-11T23:00:00Z,0.6473,1
2010-01-12T00:00:00Z,0.0373,1
2010-01-12T01:00:00Z,-0.5827,1
2010-01-12T02:00:00Z,-1.0827,1
2010-01-12T03:00:00Z,-1.2827,1
2010-01-12T04:00:00Z,-1.1027,1
2010-01-12T05:00:00Z,-0.6827,1
2010-01-12T06:00:00Z,-0.1527,1
2010-01-12T07:00:00Z,0.4373,1
2010-01-12T08:00:00Z,0.9573,1
2010-01-12T09:00:00Z,1.2973,1
2010-01-12T10:00:00Z,1.3673,1
2010-01-12T11:00:00Z,1.1573,1
2010-01-12T12:00:00Z,0.6173,1
2010-01-12T13:00:00Z,-0.0727,1
2010-01-12T14:00:00Z,-0.6927,1
2010-01-12T15:00:00Z,-1.0527,1
2010-01-12T16:00:00Z,-1.1527,1
2010-01-12T17:00:00Z,-0.8727,1
2010-01-12T18:00:00Z,-0.4527,1
2010-01-12T19:00:00Z,0.1173,1
2010-01-12T20:00:00Z,0.6773,1
2010-01-12T21:00:00Z,1.1173,1
2010-01-12T22:00:00Z,1.3073,1
2010-01-12T23:00:00Z,1.1873,1
2010-01-13T00:00:00Z,0.7373,1
2010-01-13T01:00:00Z,0.0773,1
2010-01-13T02:00:00Z,-0.5527,1
2010-01-13T03:00:00Z,-1.0027,1
2010-01-13T04:00:00Z,-1.0827,1
2010-01-13T05:00:00Z,-0.8327,1
2010-01-13T06:00:00Z,-0.3327,1
2010-01-13T07:00:00Z,0.3273,1
2010-01-13T08:00:00Z,0.9073,1
2010-01-13T09:00:00Z,1.3773,1
2010-01-13T10:00:00Z,1.6173,1
2010-01-13T11:00:00Z,1.5573,1
2010-01-13T12:00:00Z,1.1173,1
2010-01-13T13:00:00Z,0.3873,1
2010-01-13T14:00:00Z,-0.4127,1
2010-01-13T15:00:00Z,-1.1027,1
2010-01-13T16:00:00Z,-1.4627,1
2010-01-13T17:00:00Z,-1.4327,1
2010-01-13T18:00:00Z,-1.0927,1
2010-01-13T19:00:00Z,-0.5327,1
2010-01-13T20:00:00Z,0.0973,1
2010-01-13T21:00:00Z,0.6573,1
2010-01-13T22:00:00Z,1.0973,1
2010-01-13T23:00:00Z,1.2873,1
2010-01-14T00:00:00Z,1.0673,1
2010-01-14T01:00:00Z,0.5473,1
2010-01-14T02:00:00Z,-0.2027,1
2010-01-14T03:00:00Z,-0.8927,1
2010-01-14T04:00:00Z,-1.2927,1
2010-01-14T05:00:00Z,-1.2927,1
2010-01-14T06:00:00Z,-0.9027,1
2010-01-14T07:00:00Z,-0.3027,1
2010-01-14T08:00:00Z,0.3873,1
2010-01-14T09:00:00Z,0.9773,1
2010-01-14T10:00:00Z,1.4273,1
2010-01-14T11:00:00Z,1.6473,1
2010-01-14T12:00:00Z,1.4573,1
2010-01-14T13:00:00Z,0.9273,1
2010-01-14T14:00:00Z,0.1173,1
2010-01-14T15:00:00Z,-0.7027,1
2010-01-14T16:00:00Z,-1.3227,1
2010-01-14T17:00:00Z,-1.5227,1
2010-01-14T18:00:00Z,-1.3527,1
2010-01-14T19:00:00Z,-0.8427,1
2010-01-14T20:00:00Z,-0.2327,1
2010-01-14T21:00:00Z,0.4173,1
2010-01-14T22:00:00Z,0.9673,1
2010-01-14T23:00:00Z,1.3573,1
2010-01-15T00:00:00Z,1.3773,1
2010-01-15T01:00:00Z,0.9673,1
2010-01-15T02:00:00Z,0.2873,1
2010-01-15T03:00:00Z,-0.5327,1
2010-01-15T04:00:00Z,-1.1527,1
2010-01-15T05:00:00Z,-1.4127,1
2010-01-15T06:00:00Z,-1.1927,1
2010-01-15T07:00:00Z,-0.6927,1
2010-01-15T08:00:00Z,0.0473,1
2010-01-15T09:00:00Z,0.7673,1
2010-01-15T10:00:00Z,1.4473,1
2010-01-15T11:00:00Z,1.7973,1
2010-01-15T12:00:00Z,1.8773,1
2010-01-15T13:00:00Z,1.4373,1
2010-01-15T14:00:00Z,0.7173,1
2010-01-15T15:00:00Z,-0.2127,1
2010-01-15T16:00:00Z,-1.0027,1
2010-01-15T17:00:00Z,-1.4727,1
2010-01-15T18:00:00Z,-1.4527,1
2010-01-15T19:00:00Z,-1.0827,1
2010-01-15T20:00:00Z,-0.4627,1
2010-01-15T21:00:00Z,0.2273,1
2010-01-15T22:00:00Z,0.8773,1
2010-01-15T23:00:00Z,1.3773,1
2010-01-16T00:00:00Z,1.6073,1
2010-01-16T01:00:00Z,1.4873,1
2010-01-16T02:00:00Z,0.9173,1
2010-01-16T03:00:00Z,0.1473,1
2010-01-16T04:00:00Z,-0.6227,1
2010-01-16T05:00:00Z,-1.0227,1
2010-01-16T06:00:00Z,-1.1327,1
2010-01-16T07:00:00Z,-0.8327,1
2010-01-16T08:00:00Z,-0.2127,1
2010-01-16T09:00:00Z,0.5973,1
2010-01-16T10:00:00Z,1.3273,1
2010-01-16T11:00:00Z,1.8573,1
2010-01-16T12:00:00Z,2.0773,1
2010-01-16T13:00:00Z,1.8473,1
2010-01-16T14:00:00Z,1.2973,1
2010-01-16T15:00:00Z,0.3873,1
2010-01-16T16:00:00Z,-0.5127,1
2010-01-16T17:00:00Z,-1.2527,1
2010-01-16T19:00:00Z,-1.3327,1
2010-01-16T20:00:00Z,-0.7927,1
2010-01-16T21:00:00Z,-0.1527,1
2010-01-16T22:00:00Z,0.4973,1
2010-01-16T23:00:00Z,1.0373,1
2010-01-17T00:00:00Z,1.3973,1
2010-01-17T01:00:00Z,1.4473,1
2010-01-17T02:00:00Z,1.0773,1
2010-01-17T03:00:00Z,0.3374,1
2010-01-17T04:00:00Z,-0.5126,1
2010-01-17T05:00:00Z,-1.2426,1
2010-01-17T06:00:00Z,-1.5326,1
2010-01-17T07:00:00Z,-1.4126,1
2010-01-17T08:00:00Z,-0.8826,1
2010-01-17T09:00:00Z,-0.1126,1
2010-01-17T10:00:00Z,0.6174,1
2010-01-17T11:00:00Z,1.2174,1
2010-01-17T12:00:00Z,1.6074,1
2010-01-17T13:00:00Z,1.6874,1
2010-01-17T14:00:00Z,1.3874,1
2010-01-17T15:00:00Z,0.6874,1
2010-01-17T16:00:00Z,-0.2226,1
2010-01-17T17:00:00Z,-1.0926,1
2010-01-17T18:00:00Z,-1.6426,1
2010-01-17T19:00:00Z,-1.7226,1
2010-01-17T20:00:00Z,-1.3626,1
2010-01-17T21:00:00Z,-0.7426,1
2010-01-17T22:00:00Z,-0.0526,1
2010-01-17T23:00:00Z,0.5874,1
2010-01-18T00:00:00Z,1.0674,1
2010-01-18T01:00:00Z,1.2574,1
2010-01-18T02:00:00Z,1.1074,1
2010-01-18T03:00:00Z,0.5874,1
2010-01-18T04:00:00Z,-0.1926,1
2010-01-18T05:00:00Z,-1.0226,1
2010-01-18T06:00:00Z,-1.5226,1
2010-01-18T07:00:00Z,-1.6326,1
2010-01-18T08:00:00Z,-1.2626,1
2010-01-18T09:00:00Z,-0.5726,1
2010-01-18T10:00:00Z,0.1874,1
2010-01-18T11:00:00Z,0.8974,1
2010-01-18T12:00:00Z,1.4174,1
2010-01-18T13:00:00Z,1.6774,1
2010-01-18T14:00:00Z,1.5674,1
2010-01-18T15:00:00Z,1.0574,1
2010-01-18T16:00:00Z,0.2174,1
2010-01-18T17:00:00Z,-0.7126,1
2010-01-18T18:00:00Z,-1.4826,1
2010-01-18T19:00:00Z,-1.8026,1
2010-01-18T20:00:00Z,-1.6726,1
2010-01-18T21:00:00Z,-1.2026,1
2010-01-18T22:00:00Z,-0.5326,1
2010-01-18T23:00:00Z,0.1474,1
2010-01-19T00:00:00Z,0.7374,1
2010-01-19T01:00:00Z,1.1074,1
2010-01-19T02:00:00Z,1.1774,1
2010-01-19T03:00:00Z,0.8674,1
2010-01-19T04:00:00Z,0.2174,1
2010-01-19T05:00:00Z,-0.5626,1
2010-01-19T06:00:00Z,-1.2626,1
2010-01-19T07:00:00Z,-1.5226,1
2010-01-19T08:00:00Z,-1.4026,1
2010-01-19T09:00:00Z,-0.9226,1
2010-01-19T10:00:00Z,-0.1926,1
2010-01-19T11:00:00Z,0.5174,1
2010-01-19T12:00:00Z,1.1874,1
2010-01-19T13:00:00Z,1.5874,1
2010-01-19T14:00:00Z,1.7174,1
2010-01-19T15:00:00Z,1.4174,1
2010-01-19T16:00:00Z,0.7774,1
2010-01-19T17:00:00Z,-0.1026,1
2010-01-19T18:00:00Z,-0.9126,1
2010-01-19T19:00:00Z,-1.4326,1
2010-01-19T20:00:00Z,-1.5226,1
2010-01-19T21:00:00Z,-1.2226,1
2010-01-19T22:00:00Z,-0.6426,1
2010-01-19T23:00:00Z,0.0274,1
2010-01-20T00:00:00Z,0.5874,1
2010-01-20T01:00:00Z,1.1074,1
2010-01-20T02:00:00Z,1.2874,1
2010-01-20T03:00:00Z,1.1774,1
2010-01-20T04:00:00Z,0.6874,1
2010-01-20T05:00:00Z,-0.0726,1
2010-01-20T06:00:00Z,-0.8226,1
2010-01-20T07:00:00Z,-1.3326,1
2010-01-20T08:00:00Z,-1.4626,1
2010-01-20T09:00:00Z,-1.1426,1
2010-01-20T10:00:00Z,-0.5426,1
2010-01-20T11:00:00Z,0.2174,1
2010-01-20T12:00:00Z,0.8774,1
2010-01-20T13:00:00Z,1.3674,1
2010-01-20T14:00:00Z,1.6274,1
2010-01-20T15:00:00Z,1.5674,1
2010-01-20T16:00:00Z,1.1074,1
2010-01-20T17:00:00Z,0.3474,1
2010-01-20T18:00:00Z,-0.5026,1
2010-01-20T19:00:00Z,-1.2326,1
2010-01-20T20:00:00Z,-1.5726,1
2010-01-20T21:00:00Z,-1.5026,1
2010-01-20T22:00:00Z,-1.0826,1
2010-01-20T23:00:00Z,-0.5126,1
2010-01-21T00:00:00Z,0.0774,1
2010-01-21T01:00:00Z,0.6174,1
2010-01-21T02:00:00Z,0.9774,1
2010-01-21T03:00:00Z,1.0874,1
2010-01-21T04:00:00Z,0.8474,1
2010-01-21T05:00:00Z,0.2774,1
2010-01-21T06:00:00Z,-0.4326,1
2010-01-21T07:00:00Z,-1.0726,1
2010-01-21T08:00:00Z,-1.4326,1
2010-01-21T09:00:00Z,-1.4126,1
2010-01-21T10:00:00Z,-1.0126,1
2010-01-21T11:00:00Z,-0.4026,1
2010-01-21T12:00:00Z,0.2774,1
2010-01-21T13:00:00Z,0.8374,1
2010-01-21T14:00:00Z,1.2874,1
2010-01-21T15:00:00Z,1.4774,1
2010-01-21T16:00:00Z,1.2974,1
2010-01-21T17:00:00Z,0.7674,1
2010-01-21T18:00:00Z,0.0474,1
2010-01-21T19:00:00Z,-0.6726,1
2010-01-21T20:00:00Z,-1.1426,1
2010-01-21T21:00:00Z,-1.2926,1
2010-01-21T22:00:00Z,-1.0726,1
2010-01-21T23:00:00Z,-0.6126,1
2010-01-22T00:00:00Z,-0.0326,1
2010-01-22T01:00:00Z,0.5374,1
2010-01-22T02:00:00Z,0.9974,1
2010-01-22T03:00:00Z,1.2474,1
2010-01-22T04:00:00Z,1.2374,1
2010-01-22T05:00:00Z,0.8574,1
2010-01-22T06:00:00Z,0.1874,1
2010-01-22T07:00:00Z,-0.4726,1
2010-01-22T08:00:00Z,-1.0426,1
2010-01-22T09:00:00Z,-1.2626,1
2010-01-22T10:00:00Z,-1.1426,1
2010-01-22T11:00:00Z,-0.7326,1
2010-01-22T12:00:00Z,-0.1526,1
2010-01-22T13:00:00Z,0.4174,1
2010-01-22T14:00:00Z,0.8974,1
2010-01-22T15:00:00Z,1.2374,1
2010-01-22T16:00:00Z,1.2774,1
2010-01-22T17:00:00Z,0.9774,1
2010-01-22T18:00:00Z,0.4074,1
2010-01-22T19:00:00Z,-0.2926,1
2010-01-22T20:00:00Z,-0.9526,1
2010-01-22T21:00:00Z,-1.3426,1
2010-01-22T22:00:00Z,-1.3726,1
2010-01-22T23:00:00Z,-1.1326,1
2010-01-23T00:00:00Z,-0.6826,1
2010-01-23T01:00:00Z,-0.1926,1
2010-01-23T02:00:00Z,0.2774,1
2010-01-23T03:00:00Z,0.6774,1
2010-01-23T04:00:00Z,0.8874,1
2010-01-23T05:00:00Z,0.8074,1
2010-01-23T06:00:00Z,0.4174,1
2010-01-23T07:00:00Z,-0.1626,1
2010-01-23T08:00:00Z,-0.7626,1
2010-01-23T09:00:00Z,-1.1626,1
2010-01-23T10:00:00Z,-1.3126,1
2010-01-23T11:00:00Z,-1.1126,1
2010-01-23T12:00:00Z,-0.6626,1
2010-01-23T13:00:00Z,-0.1526,1
2010-01-23T14:00:00Z,0.3574,1
2010-01-23T15:00:00Z,0.7874,1
2010-01-23T16:00:00Z,1.0674,1
2010-01-23T17:00:00Z,1.0774,1
2010-01-23T18:00:00Z,0.7874,1
2010-01-23T19:00:00Z,0.2374,1
2010-01-23T20:00:00Z,-0.3926,1
2010-01-23T21:00:00Z,-0.9626,1
2010-01-23T22:00:00Z,-1.2826,1
2010-01-23T23:00:00Z,-1.2626,1
2010-01-24T00:00:00Z,-1.0126,1
2010-01-24T01:00:00Z,-0.6126,1
2010-01-24T02:00:00Z,-0.1726,1
2010-01-24T03:00:00Z,0.2374,1
2010-01-24T04:00:00Z,0.6074,1
2010-01-24T05:00:00Z,0.7574,1
2010-01-24T06:00:00Z,0.6974,1
2010-01-24T07:00:00Z,0.3474,1
2010-01-24T08:00:00Z,-0.1726,1
2010-01-24T09:00:00Z,-0.6726,1
2010-01-24T10:00:00Z,-1.0526,1
2010-01-24T11:00:00Z,-1.1826,1
2010-01-24T12:00:00Z,-1.0126,1
2010-01-24T13:00:00Z,-0.6426,1
2010-01-24T14:00:00Z,-0.1726,1
2010-01-24T15:00:00Z,0.2974,1
2010-01-24T16:00:00Z,0.7274,1
2010-01-24T17:00:00Z,0.9774,1
2010-01-24T18:00:00Z,0.9874,1
2010-01-24T19:00:00Z,0.7174,1
2010-01-24T20:00:00Z,0.2174,1
2010-01-24T21:00:00Z,-0.3926,1
2010-01-24T22:00:00Z,-0.9126,1
2010-01-24T23:00:00Z,-1.2226,1
2010-01-25T00:00:00Z,-1.2526,1
2010-01-25T01:00:00Z,-1.0526,1
2010-01-25T02:00:00Z,-0.7126,1
2010-01-25T03:00:00Z,-0.3326,1
2010-01-25T04:00:00Z,0.1074,1
2010-01-25T05:00:00Z,0.4474,1
2010-01-25T06:00:00Z,0.6674,1
2010-01-25T07:00:00Z,0.6274,1
2010-01-25T08:00:00Z,0.3674,1
2010-01-25T09:00:00Z,-0.0926,1
2010-01-25T10:00:00Z,-0.5926,1
2010-01-25T11:00:00Z,-0.9926,1
2010-01-25T12:00:00Z,-1.2126,1
2010-01-25T13:00:00Z,-1.1126,1
2010-01-25T14:00:00Z,-0.8326,1
2010-01-25T15:00:00Z,-0.4026,1
2010-01-25T16:00:00Z,0.0274,1
2010-01-25T17:00:00Z,0.4274,1
2010-01-25T18:00:00Z,0.7074,1
2010-01-25T19:00:00Z,0.8074,1
2010-01-25T20:00:00Z,0.6274,1
2010-01-25T21:00:00Z,0.1774,1
2010-01-25T22:00:00Z,-0.3526,1
2010-01-25T23:00:00Z,-0.9026,1
2010-01-26T00:00:00Z,-1.2626,1
2010-01-26T01:00:00Z,-1.3825,1
2010-01-26T02:00:00Z,-1.2025,1
2010-01-26T03:00:00Z,-0.8925,1
2010-01-26T04:00:00Z,-0.4325,1
2010-01-26T05:00:00Z,0.0375,1
2010-01-26T06:00:00Z,0.4475,1
2010-01-26T07:00:00Z,0.7675,1
2010-01-26T08:00:00Z,0.8375,1
2010-01-26T09:00:00Z,0.5775,1
2010-01-26T10:00:00Z,0.1175,1
2010-01-26T11:00:00Z,-0.4325,1
2010-01-26T12:00:00Z,-0.9725,1
2010-01-26T13:00:00Z,-1.2625,1
2010-01-26T14:00:00Z,-1.3225,1
2010-01-26T15:00:00Z,-1.0525,1
2010-01-26T16:00:00Z,-0.6525,1
2010-01-26T17:00:00Z,-0.1925,1
2010-01-26T18:00:00Z,0.2675,1
2010-01-26T19:00:00Z,0.5975,1
2010-01-26T20:00:00Z,0.8375,1
2010-01-26T21:00:00Z,0.7175,1
2010-01-26T22:00:00Z,0.3475,1
2010-01-26T23:00:00Z,-0.2225,1
2010-01-27T00:00:00Z,-0.7825,1
2010-01-27T01:00:00Z,-1.2725,1
2010-01-27T02:00:00Z,-1.4925,1
2010-01-27T03:00:00Z,-1.3925,1
2010-01-27T04:00:00Z,-1.0725,1
2010-01-27T05:00:00Z,-0.5525,1
2010-01-27T06:00:00Z,-0.0125,1
2010-01-27T07:00:00Z,0.4875,1
2010-01-27T08:00:00Z,0.8975,1
2010-01-27T09:00:00Z,1.0175,1
2010-01-27T10:00:00Z,0.7575,1
2010-01-27T11:00:00Z,0.2675,1
2010-01-27T14:00:00Z,-1.4125,1
2010-01-27T19:00:00Z,0.4075,1
2010-01-27T23:00:00Z,0.6375,1
2010-01-28T00:00:00Z,-0.0425,1
2010-01-28T03:00:00Z,-1.6325,1
2010-01-28T04:00:00Z,-1.5325,1
2010-01-28T05:00:00Z,-1.1425,1
2010-01-28T06:00:00Z,-0.4825,1
2010-01-28T07:00:00Z,0.1675,1
2010-01-28T08:00:00Z,0.7175,1
2010-01-28T09:00:00Z,1.1475,1
2010-01-28T10:00:00Z,1.2475,1
2010-01-28T11:00:00Z,0.9975,1
2010-01-28T12:00:00Z,0.3875,1
2010-01-28T13:00:00Z,-0.4025,1
2010-01-28T14:00:00Z,-1.1625,1
2010-01-28T15:00:00Z,-1.6125,1
2010-01-28T16:00:00Z,-1.6725,1
2010-01-28T17:00:00Z,-1.3425,1
2010-01-28T18:00:00Z,-0.7225,1
2010-01-28T19:00:00Z,-0.0025,1
2010-01-28T20:00:00Z,0.6675,1
2010-01-28T21:00:00Z,1.1775,1
2010-01-28T22:00:00Z,1.4775,1
2010-01-28T23:00:00Z,1.2875,1
2010-01-29T00:00:00Z,0.7875,1
2010-01-29T01:00:00Z,-0.0025,1
2010-01-29T02:00:00Z,-0.8525,1
2010-01-29T03:00:00Z,-1.4225,1
2010-01-29T04:00:00Z,-1.6225,1
2010-01-29T05:00:00Z,-1.4125,1
2010-01-29T06:00:00Z,-0.8525,1
2010-01-29T07:00:00Z,-0.0725,1
2010-01-29T08:00:00Z,0.6375,1
2010-01-29T09:00:00Z,1.2475,1
2010-01-29T10:00:00Z,1.5975,1
2010-01-29T11:00:00Z,1.5375,1
2010-01-29T12:00:00Z,1.0575,1
2010-01-29T13:00:00Z,0.2375,1
2010-01-29T14:00:00Z,-0.8625,1
2010-01-29T15:00:00Z,-1.7525,1
2010-01-29T16:00:00Z,-2.2725,1
2010-01-29T17:00:00Z,-2.2225,1
2010-01-29T18:00:00Z,-1.6925,1
2010-01-29T19:00:00Z,-0.8425,1
2010-01-29T20:00:00Z,0.0075,1
2010-01-29T21:00:00Z,0.7375,1
2010-01-29T22:00:00Z,1.2775,1
2010-01-29T23:00:00Z,1.5475,1
2010-01-30T00:00:00Z,1.2975,1
2010-01-30T01:00:00Z,0.6875,1
2010-01-30T02:00:00Z,-0.2725,1
2010-01-30T03:00:00Z,-1.2125,1
2010-01-30T04:00:00Z,-1.8525,1
2010-01-30T05:00:00Z,-1.9325,1
2010-01-30T06:00:00Z,-1.5625,1
2010-01-30T07:00:00Z,-0.8625,1
2010-01-30T08:00:00Z,0.0175,1
2010-01-30T09:00:00Z,0.7875,1
2010-01-30T10:00:00Z,1.3875,1
2010-01-30T11:00:00Z,1.7175,1
2010-01-30T12:00:00Z,1.5875,1
2010-01-30T13:00:00Z,0.9975,1
2010-01-30T14:00:00Z,0.0275,1
2010-01-30T15:00:00Z,-1.1025,1
2010-01-30T16:00:00Z,-1.9925,1
2010-01-30T17:00:00Z,-2.3825,1
2010-01-30T18:00:00Z,-2.1725,1
2010-01-30T19:00:00Z,-1.4825,1
2010-01-30T20:00:00Z,-0.5525,1
2010-01-30T21:00:00Z,0.3675,1
2010-01-30T22:00:00Z,1.1175,1
2010-01-30T23:00:00Z,1.6275,1
2010-01-31T00:00:00Z,1.7475,1
2010-01-31T02:00:00Z,0.5175,1
2010-01-31T03:00:00Z,-0.5625,1
2010-01-31T04:00:00Z,-1.5325,1
2010-01-31T05:00:00Z,-2.0625,1
2010-01-31T06:00:00Z,-1.9825,1
2010-01-31T07:00:00Z,-1.4125,1
2010-01-31T08:00:00Z,-0.4925,1
2010-01-31T09:00:00Z,0.4575,1
2010-01-31T10:00:00Z,1.2575,1
2010-01-31T11:00:00Z,1.8375,1
2010-01-31T12:00:00Z,2.0675,1
2010-01-31T13:00:00Z,1.7875,1
2010-01-31T14:00:00Z,1.0375,1
2010-01-31T15:00:00Z,-0.1125,1
2010-01-31T16:00:00Z,-1.3225,1
2010-01-31T17:00:00Z,-2.1925,1
2010-01-31T18:00:00Z,-2.4525,1
2010-01-31T19:00:00Z,-2.1225,1
2010-01-31T20:00:00Z,-1.3025,1
2010-01-31T21:00:00Z,-0.3025,1
2010-01-31T22:00:00Z,0.6075,1
2010-01-31T23:00:00Z,1.3075,1
2010-02-01T00:00:00Z,1.7275,1
2010-02-01T01:00:00Z,1.6875,1
2010-02-01T02:00:00Z,1.1675,1
2010-02-01T03:00:00Z,0.1875,1
2010-02-01T04:00:00Z,-0.9525,1
2010-02-01T05:00:00Z,-1.8825,1
2010-02-01T06:00:00Z,-2.2225,1
2010-02-01T07:00:00Z,-1.9725,1
2010-02-01T08:00:00Z,-1.2325,1
2010-02-01T09:00:00Z,-0.2325,1
2010-02-01T10:00:00Z,0.7075,1
2010-02-01T11:00:00Z,1.4675,1
2010-02-01T12:00:00Z,1.9975,1
2010-02-01T13:00:00Z,2.0975,1
2010-02-01T14:00:00Z,1.6975,1
2010-02-01T15:00:00Z,0.8075,1
2010-02-01T16:00:00Z,-0.4225,1
2010-02-01T17:00:00Z,-1.6025,1
2010-02-01T18:00:00Z,-2.3425,1
2010-02-01T19:00:00Z,-2.4525,1
2010-02-01T20:00:00Z,-1.9625,1
2010-02-01T21:00:00Z,-1.0225,1
2010-02-01T22:00:00Z,-0.0125,1
2010-02-01T23:00:00Z,0.8575,1
2010-02-02T00:00:00Z,1.5075,1
2010-02-02T01:00:00Z,1.8375,1
2010-02-02T02:00:00Z,1.6875,1
2010-02-02T03:00:00Z,1.0675,1
2010-02-02T04:00:00Z,0.0175,1
2010-02-02T05:00:00Z,-1.0825,1
2010-02-02T06:00:00Z,-1.8825,1
2010-02-02T07:00:00Z,-2.0625,1
2010-02-02T08:00:00Z,-1.7025,1
2010-02-02T09:00:00Z,-0.8525,1
2010-02-02T10:00:00Z,0.1475,1
2010-02-02T11:00:00Z,1.0575,1
2010-02-02T12:00:00Z,1.7475,1
2010-02-02T13:00:00Z,2.1675,1
2010-02-02T14:00:00Z,2.1875,1
2010-02-02T15:00:00Z,1.6475,1
2010-02-02T16:00:00Z,0.6475,1
2010-02-02T17:00:00Z,-0.5725,1
2010-02-02T18:00:00Z,-1.6625,1
2010-02-02T19:00:00Z,-2.2425,1
2010-02-02T20:00:00Z,-2.2525,1
2010-02-02T21:00:00Z,-1.6725,1
2010-02-02T22:00:00Z,-0.7625,1
2010-02-02T23:00:00Z,0.1475,1
2010-02-03T00:00:00Z,0.9275,1
2010-02-03T01:00:00Z,1.4575,1
2010-02-03T02:00:00Z,1.6975,1
2010-02-03T03:00:00Z,1.4175,1
2010-02-03T04:00:00Z,0.7475,1
2010-02-03T05:00:00Z,-0.3025,1
2010-02-03T06:00:00Z,-1.3525,1
2010-02-03T07:00:00Z,-1.9425,1
2010-02-03T08:00:00Z,-1.9825,1
2010-02-03T09:00:00Z,-1.5025,1
2010-02-03T10:00:00Z,-0.6425,1
2010-02-03T11:00:00Z,0.2775,1
2010-02-03T12:00:00Z,1.0575,1
2010-02-03T13:00:00Z,1.6775,1
2010-02-03T14:00:00Z,2.0175,1
2010-02-03T15:00:00Z,1.9175,1
2010-02-03T16:00:00Z,1.3775,1
2010-02-03T17:00:00Z,0.3575,1
2010-02-03T18:00:00Z,-0.7725,1
2010-02-03T19:00:00Z,-1.6725,1
2010-02-03T20:00:00Z,-2.0825,1
2010-02-03T21:00:00Z,-1.9125,1
2010-02-03T22:00:00Z,-1.2625,1
2010-02-03T23:00:00Z,-0.4125,1
2010-02-04T00:00:00Z,0.4276,1
2010-02-04T01:00:00Z,1.1076,1
2010-02-04T02:00:00Z,1.5776,1
2010-02-04T03:00:00Z,1.6776,1
2010-02-04T04:00:00Z,1.3376,1
2010-02-04T05:00:00Z,0.6076,1
2010-02-04T06:00:00Z,-0.3724,1
2010-02-04T07:00:00Z,-1.2024,1
2010-02-04T08:00:00Z,-1.6824,1
2010-02-04T09:00:00Z,-1.6524,1
2010-02-04T10:00:00Z,-1.1724,1
2010-02-04T11:00:00Z,-0.3924,1
2010-02-04T12:00:00Z,0.4076,1
2010-02-04T13:00:00Z,1.0976,1
2010-02-04T14:00:00Z,1.6776,1
2010-02-04T15:00:00Z,1.9576,1
2010-02-04T16:00:00Z,1.8376,1
2010-02-04T17:00:00Z,1.2576,1
2010-02-04T18:00:00Z,0.3576,1
2010-02-04T19:00:00Z,-0.6024,1
2010-02-04T20:00:00Z,-1.3224,1
2010-02-04T21:00:00Z,-1.5524,1
2010-02-04T22:00:00Z,-1.4024,1
2010-02-04T23:00:00Z,-0.8624,1
2010-02-05T00:00:00Z,-0.1324,1
2010-02-05T01:00:00Z,0.5376,1
2010-02-05T02:00:00Z,1.0876,1
2010-02-05T03:00:00Z,1.4776,1
2010-02-05T04:00:00Z,1.5176,1
2010-02-05T05:00:00Z,1.1576,1
2010-02-05T06:00:00Z,0.4376,1
2010-02-05T07:00:00Z,-0.4124,1
2010-02-05T08:00:00Z,-1.0924,1
2010-02-05T09:00:00Z,-1.4124,1
2010-02-05T10:00:00Z,-1.3224,1
2010-02-05T11:00:00Z,-0.8224,1
2010-02-05T12:00:00Z,-0.1824,1
2010-02-05T13:00:00Z,0.4976,1
2010-02-05T14:00:00Z,1.1176,1
2010-02-05T15:00:00Z,1.5576,1
2010-02-05T16:00:00Z,1.7576,1
2010-02-05T17:00:00Z,1.5876,1
2010-02-05T18:00:00Z,1.0476,1
2010-02-05T19:00:00Z,0.2376,1
2010-02-05T20:00:00Z,-0.5824,1
2010-02-05T21:00:00Z,-1.1924,1
2010-02-05T22:00:00Z,-1.4424,1
2010-02-05T23:00:00Z,-1.2624,1
2010-02-06T00:00:00Z,-0.7924,1
2010-02-06T01:00:00Z,-0.2524,1
2010-02-06T02:00:00Z,0.2576,1
2010-02-06T03:00:00Z,0.7376,1
2010-02-06T04:00:00Z,1.0476,1
2010-02-06T05:00:00Z,1.0476,1
2010-02-06T06:00:00Z,0.7776,1
2010-02-06T07:00:00Z,0.1376,1
2010-02-06T08:00:00Z,-0.5924,1
2010-02-06T09:00:00Z,-1.1724,1
2010-02-06T10:00:00Z,-1.4724,1
2010-02-06T11:00:00Z,-1.4324,1
2010-02-06T12:00:00Z,-1.0524,1
2010-02-06T13:00:00Z,-0.5324,1
2010-02-06T14:00:00Z,-0.0324,1
2010-02-06T15:00:00Z,0.4276,1
2010-02-06T16:00:00Z,0.8276,1
2010-02-06T17:00:00Z,1.0276,1
2010-02-06T18:00:00Z,0.9176,1
2010-02-06T19:00:00Z,0.4976,1
2010-02-06T20:00:00Z,-0.1024,1
2010-02-06T21:00:00Z,-0.7824,1
2010-02-06T22:00:00Z,-1.2724,1
2010-02-06T23:00:00Z,-1.4924,1
2010-02-07T00:00:00Z,-1.3024,1
2010-02-07T01:00:00Z,-0.9324,1
2010-02-07T02:00:00Z,-0.4524,1
2010-02-07T03:00:00Z,0.0076,1
2010-02-07T04:00:00Z,0.4276,1
2010-02-07T05:00:00Z,0.7476,1
2010-02-07T06:00:00Z,0.8376,1
2010-02-07T07:00:00Z,0.6276,1
2010-02-07T08:00:00Z,0.1576,1
2010-02-07T09:00:00Z,-0.4024,1
2010-02-07T10:00:00Z,-0.9224,1
2010-02-07T11:00:00Z,-1.1924,1
2010-02-07T12:00:00Z,-1.2324,1
2010-02-07T13:00:00Z,-0.9724,1
2010-02-07T14:00:00Z,-0.6124,1
2010-02-07T15:00:00Z,-0.2024,1
2010-02-07T16:00:00Z,0.2276,1
2010-02-07T17:00:00Z,0.6176,1
2010-02-07T18:00:00Z,0.8676,1
2010-02-07T19:00:00Z,0.8876,1
2010-02-07T20:00:00Z,0.6276,1
2010-02-07T21:00:00Z,0.1576,1
2010-02-07T22:00:00Z,-0.3924,1
2010-02-07T23:00:00Z,-0.8424,1
2010-02-08T00:00:00Z,-1.0624,1
2010-02-08T01:00:00Z,-0.9924,1
2010-02-08T02:00:00Z,-0.6924,1
2010-02-08T03:00:00Z,-0.3424,1
2010-02-08T04:00:00Z,0.0776,1
2010-02-08T05:00:00Z,0.4976,1
2010-02-08T06:00:00Z,0.8276,1
2010-02-08T07:00:00Z,0.9976,1
2010-02-08T08:00:00Z,0.8976,1
2010-02-08T09:00:00Z,0.5476,1
2010-02-08T10:00:00Z,0.0676,1
2010-02-08T11:00:00Z,-0.4424,1
2010-02-08T12:00:00Z,-0.8424,1
2010-02-08T13:00:00Z,-0.9824,1
2010-02-08T14:00:00Z,-0.9424,1
2010-02-08T15:00:00Z,-0.6624,1
2010-02-08T16:00:00Z,-0.2924,1
2010-02-08T17:00:00Z,0.0976,1
2010-02-08T18:00:00Z,0.4876,1
2010-02-08T19:00:00Z,0.8276,1
2010-02-08T20:00:00Z,0.9376,1
2010-02-08T21:00:00Z,0.7576,1
2010-02-08T22:00:00Z,0.3876,1
2010-02-08T23:00:00Z,-0.1124,1
2010-02-09T00:00:00Z,-0.5724,1
2010-02-09T01:00:00Z,-0.8524,1
2010-02-09T02:00:00Z,-0.9224,1
2010-02-09T03:00:00Z,-0.7624,1
2010-02-09T04:00:00Z,-0.4424,1
2010-02-09T05:00:00Z,-0.0124,1
2010-02-09T06:00:00Z,0.3876,1
2010-02-09T07:00:00Z,0.7476,1
2010-02-09T08:00:00Z,0.9876,1
2010-02-09T09:00:00Z,0.9776,1
2010-02-09T10:00:00Z,0.6776,1
2010-02-09T11:00:00Z,0.1776,1
2010-02-09T12:00:00Z,-0.3624,1
2010-02-09T13:00:00Z,-0.8224,1
2010-02-09T14:00:00Z,-1.0824,1
2010-02-09T15:00:00Z,-1.1024,1
2010-02-09T16:00:00Z,-0.8724,1
2010-02-09T17:00:00Z,-0.5124,1
2010-02-09T18:00:00Z,-0.0724,1
2010-02-09T19:00:00Z,0.3576,1
2010-02-09T20:00:00Z,0.7176,1
2010-02-09T21:00:00Z,0.9076,1
2010-02-09T22:00:00Z,0.8476,1
2010-02-09T23:00:00Z,0.4676,1
2010-02-10T00:00:00Z,-0.0524,1
2010-02-10T01:00:00Z,-0.6024,1
2010-02-10T02:00:00Z,-0.9724,1
2010-02-10T04:00:00Z,-0.9324,1
2010-02-10T05:00:00Z,-0.5524,1
2010-02-10T06:00:00Z,-0.0824,1
2010-02-10T07:00:00Z,0.3876,1
2010-02-10T08:00:00Z,0.7776,1
2010-02-10T09:00:00Z,1.0276,1
2010-02-10T10:00:00Z,1.0376,1
2010-02-10T11:00:00Z,0.7376,1
2010-02-10T12:00:00Z,0.1876,1
2010-02-10T13:00:00Z,-0.4324,1
2010-02-10T14:00:00Z,-0.9924,1
2010-02-10T15:00:00Z,-1.3124,1
2010-02-10T16:00:00Z,-1.3224,1
2010-02-10T17:00:00Z,-1.0424,1
2010-02-10T18:00:00Z,-0.5924,1
2010-02-10T19:00:00Z,-0.0724,1
2010-02-10T20:00:00Z,0.4076,1
2010-02-10T21:00:00Z,0.7976,1
2010-02-10T22:00:00Z,0.9776,1
2010-02-10T23:00:00Z,0.8676,1
2010-02-11T00:00:00Z,0.4076,1
2010-02-11T01:00:00Z,-0.2124,1
2010-02-11T02:00:00Z,-0.8224,1
2010-02-11T03:00:00Z,-1.2324,1
2010-02-11T04:00:00Z,-1.2924,1
2010-02-11T05:00:00Z,-1.0224,1
2010-02-11T06:00:00Z,-0.5324,1
2010-02-11T07:00:00Z,0.0476,1
2010-02-11T08:00:00Z,0.5676,1
2010-02-11T09:00:00Z,0.9876,1
2010-02-11T10:00:00Z,1.1776,1
2010-02-11T11:00:00Z,1.0776,1
2010-02-11T12:00:00Z,0.6476,1
2010-02-11T13:00:00Z,-0.0124,1
2010-02-11T14:00:00Z,-0.7424,1
2010-02-11T15:00:00Z,-1.3224,1
2010-02-11T16:00:00Z,-1.5824,1
2010-02-11T17:00:00Z,-1.4824,1
2010-02-11T18:00:00Z,-1.0924,1
2010-02-11T19:00:00Z,-0.5124,1
2010-02-11T20:00:00Z,0.0676,1
2010-02-11T21:00:00Z,0.5876,1
2010-02-11T22:00:00Z,0.9476,1
2010-02-11T23:00:00Z,1.0276,1
2010-02-12T00:00:00Z,0.7476,1
2010-02-12T01:00:00Z,0.1476,1
2010-02-12T02:00:00Z,-0.5624,1
2010-02-12T03:00:00Z,-1.1824,1
2010-02-12T04:00:00Z,-1.5024,1
2010-02-12T05:00:00Z,-1.4124,1
2010-02-12T06:00:00Z,-0.9924,1
2010-02-12T07:00:00Z,-0.3524,1
2010-02-12T08:00:00Z,0.3076,1
2010-02-12T09:00:00Z,0.8276,1
2010-02-12T10:00:00Z,1.1976,1
2010-02-12T12:00:00Z,1.0276,1
2010-02-12T13:00:00Z,0.4376,1
2010-02-12T14:00:00Z,-0.3624,1
2010-02-12T15:00:00Z,-1.1524,1
2010-02-12T16:00:00Z,-1.6624,1
2010-02-12T17:00:00Z,-1.8124,1
2010-02-12T18:00:00Z,-1.5224,1
2010-02-12T19:00:00Z,-0.9524,1
2010-02-12T20:00:00Z,-0.2824,1
2010-02-12T21:00:00Z,0.3276,1
2010-02-12T22:00:00Z,0.8177,1
2010-02-12T23:00:00Z,1.0677,1
2010-02-13T00:00:00Z,0.9777,1
2010-02-13T01:00:00Z,0.5277,1
2010-02-13T02:00:00Z,-0.1923,1
2010-02-13T03:00:00Z,-0.9723,1
2010-02-13T04:00:00Z,-1.5223,1
2010-02-13T05:00:00Z,-1.6823,1
2010-02-13T06:00:00Z,-1.4123,1
2010-02-13T07:00:00Z,-0.8123,1
2010-02-13T08:00:00Z,-0.0623,1
2010-02-13T09:00:00Z,0.5977,1
2010-02-13T10:00:00Z,1.1077,1
2010-02-13T11:00:00Z,1.4077,1
2010-02-13T12:00:00Z,1.3277,1
2010-02-13T13:00:00Z,0.8777,1
2010-02-13T14:00:00Z,0.1077,1
2010-02-13T15:00:00Z,-0.7823,1
2010-02-13T16:00:00Z,-1.5023,1
2010-02-13T17:00:00Z,-1.8323,1
2010-02-13T18:00:00Z,-1.7623,1
2010-02-13T19:00:00Z,-1.2823,1
2010-02-13T20:00:00Z,-0.5923,1
2010-02-13T21:00:00Z,0.1077,1
2010-02-13T22:00:00Z,0.6877,1
2010-02-13T23:00:00Z,1.1177,1
2010-02-14T00:00:00Z,1.1877,1
2010-02-14T01:00:00Z,0.8877,1
2010-02-14T02:00:00Z,0.2077,1
2010-02-14T03:00:00Z,-0.6323,1
2010-02-14T04:00:00Z,-1.3923,1
2010-02-14T05:00:00Z,-1.7823,1
2010-02-14T06:00:00Z,-1.6823,1
2010-02-14T07:00:00Z,-1.1623,1
2010-02-14T08:00:00Z,-0.4123,1
2010-02-14T09:00:00Z,0.3677,1
2010-02-14T10:00:00Z,1.0177,1
2010-02-14T11:00:00Z,1.4577,1
2010-02-14T12:00:00Z,1.5877,1
2010-02-14T13:00:00Z,1.3077,1
2010-02-14T14:00:00Z,0.6577,1
2010-02-14T15:00:00Z,-0.2523,1
2010-02-14T16:00:00Z,-1.1423,1
2010-02-14T17:00:00Z,-1.7323,1
2010-02-14T18:00:00Z,-1.8423,1
2010-02-14T19:00:00Z,-1.5023,1
2010-02-14T20:00:00Z,-0.8523,1
2010-02-14T21:00:00Z,-0.1123,1
2010-02-14T22:00:00Z,0.5477,1
2010-02-14T23:00:00Z,1.0677,1
2010-02-15T00:00:00Z,1.3377,1
2010-02-15T01:00:00Z,1.2077,1
2010-02-15T02:00:00Z,0.6877,1
2010-02-15T03:00:00Z,-0.1323,1
2010-02-15T04:00:00Z,-0.9923,1
2010-02-15T05:00:00Z,-1.5923,1
2010-02-15T06:00:00Z,-1.7423,1
2010-02-15T07:00:00Z,-1.4223,1
2010-02-15T08:00:00Z,-0.7323,1
2010-02-15T09:00:00Z,0.0977,1
2010-02-15T10:00:00Z,0.8377,1
2010-02-15T11:00:00Z,1.4077,1
2010-02-15T12:00:00Z,1.7177,1
2010-02-15T13:00:00Z,1.6277,1
2010-02-15T14:00:00Z,1.1377,1
2010-02-15T15:00:00Z,0.3177,1
2010-02-15T16:00:00Z,-0.6523,1
2010-02-15T17:00:00Z,-1.4123,1
2010-02-15T18:00:00Z,-1.7323,1
2010-02-15T19:00:00Z,-1.5923,1
2010-02-15T20:00:00Z,-1.0523,1
2010-02-15T21:00:00Z,-0.3023,1
2010-02-15T22:00:00Z,0.4177,1
2010-02-15T23:00:00Z,1.0177,1
2010-02-16T00:00:00Z,1.4277,1
2010-02-16T01:00:00Z,1.4777,1
2010-02-16T02:00:00Z,1.1377,1
2010-02-16T03:00:00Z,0.4177,1
2010-02-16T04:00:00Z,-0.4823,1
2010-02-16T05:00:00Z,-1.2923,1
2010-02-16T06:00:00Z,-1.6623,1
2010-02-16T07:00:00Z,-1.5623,1
2010-02-16T08:00:00Z,-1.0223,1
2010-02-16T09:00:00Z,-0.2223,1
2010-02-16T10:00:00Z,0.5777,1
2010-02-16T11:00:00Z,1.2377,1
2010-02-16T12:00:00Z,1.6877,1
2010-02-16T13:00:00Z,1.7977,1
2010-02-16T15:00:00Z,0.7777,1
2010-02-16T16:00:00Z,-0.1623,1
2010-02-16T17:00:00Z,-1.0723,1
2010-02-16T18:00:00Z,-1.6123,1
2010-02-16T19:00:00Z,-1.7023,1
2010-02-16T20:00:00Z,-1.3123,1
2010-02-16T21:00:00Z,-0.6223,1
2010-02-16T22:00:00Z,0.1277,1
2010-02-16T23:00:00Z,0.7977,1
2010-02-17T00:00:00Z,1.3177,1
2010-02-17T01:00:00Z,1.5677,1
2010-02-17T02:00:00Z,1.4077,1
2010-02-17T03:00:00Z,0.8577,1
2010-02-17T04:00:00Z,-0.0023,1
2010-02-17T05:00:00Z,-0.8823,1
2010-02-17T06:00:00Z,-1.4923,1
2010-02-17T07:00:00Z,-1.6323,1
2010-02-17T08:00:00Z,-1.2823,1
2010-02-17T09:00:00Z,-0.6023,1
2010-02-17T10:00:00Z,0.2077,1
2010-02-17T11:00:00Z,0.9277,1
2010-02-17T12:00:00Z,1.4777,1
2010-02-17T13:00:00Z,1.7877,1
2010-02-17T14:00:00Z,1.6877,1
2010-02-17T15:00:00Z,1.1777,1
2010-02-17T16:00:00Z,0.3177,1
2010-02-17T17:00:00Z,-0.6323,1
2010-02-17T18:00:00Z,-1.3823,1
2010-02-17T19:00:00Z,-1.7023,1
2010-02-17T20:00:00Z,-1.5223,1
2010-02-17T21:00:00Z,-0.9723,1
2010-02-17T22:00:00Z,-0.2423,1
2010-02-17T23:00:00Z,0.4477,1
2010-02-18T00:00:00Z,1.0377,1
2010-02-18T01:00:00Z,1.4177,1
2010-02-18T02:00:00Z,1.4577,1
2010-02-18T03:00:00Z,1.1177,1
2010-02-18T04:00:00Z,0.3977,1
2010-02-18T05:00:00Z,-0.4623,1
2010-02-18T06:00:00Z,-1.2123,1
2010-02-18T07:00:00Z,-1.5923,1
2010-02-18T08:00:00Z,-1.5123,1
2010-02-18T09:00:00Z,-1.0023,1
2010-02-18T10:00:00Z,-0.2323,1
2010-02-18T11:00:00Z,0.5277,1
2010-02-18T12:00:00Z,1.1677,1
2010-02-18T13:00:00Z,1.6177,1
2010-02-18T14:00:00Z,1.7177,1
2010-02-18T15:00:00Z,1.4177,1
2010-02-18T16:00:00Z,0.7277,1
2010-02-18T17:00:00Z,-0.1723,1
2010-02-18T18:00:00Z,-1.0323,1
2010-02-18T19:00:00Z,-1.5423,1
2010-02-18T20:00:00Z,-1.6323,1
2010-02-18T21:00:00Z,-1.2623,1
2010-02-18T22:00:00Z,-0.6223,1
2010-02-18T23:00:00Z,0.0577,1
2010-02-19T00:00:00Z,0.6577,1
2010-02-19T01:00:00Z,1.1277,1
2010-02-19T02:00:00Z,1.3677,1
2010-02-19T03:00:00Z,1.2677,1
2010-02-19T04:00:00Z,0.7677,1
2010-02-19T05:00:00Z,-0.0223,1
2010-02-19T06:00:00Z,-0.8223,1
2010-02-19T07:00:00Z,-1.4023,1
2010-02-19T08:00:00Z,-1.5723,1
2010-02-19T09:00:00Z,-1.3123,1
2010-02-19T10:00:00Z,-0.7023,1
2010-02-19T11:00:00Z,0.0377,1
2010-02-19T12:00:00Z,0.7177,1
2010-02-19T13:00:00Z,1.2577,1
2010-02-19T14:00:00Z,1.5477,1
2010-02-19T15:00:00Z,1.4877,1
2010-02-19T16:00:00Z,1.0677,1
2010-02-19T17:00:00Z,0.3377,1
2010-02-19T18:00:00Z,-0.4923,1
2010-02-19T19:00:00Z,-1.1823,1
2010-02-19T20:00:00Z,-1.4923,1
2010-02-19T21:00:00Z,-1.4023,1
2010-02-19T22:00:00Z,-0.9423,1
2010-02-19T23:00:00Z,-0.3223,1
2010-02-20T00:00:00Z,0.3077,1
2010-02-20T01:00:00Z,0.8577,1
2010-02-20T02:00:00Z,1.2377,1
2010-02-20T03:00:00Z,1.3177,1
2010-02-20T04:00:00Z,1.0777,1
2010-02-20T05:00:00Z,0.4677,1
2010-02-20T06:00:00Z,-0.2823,1
2010-02-20T07:00:00Z,-0.9823,1
2010-02-20T08:00:00Z,-1.3823,1
2010-02-20T09:00:00Z,-1.3823,1
2010-02-20T10:00:00Z,-1.0123,1
2010-02-20T11:00:00Z,-0.4223,1
2010-02-20T12:00:00Z,0.2477,1
2010-02-20T13:00:00Z,0.8277,1
2010-02-20T14:00:00Z,1.2777,1
2010-02-20T15:00:00Z,1.4777,1
2010-02-20T16:00:00Z,1.3077,1
2010-02-20T17:00:00Z,0.8277,1
2010-02-20T18:00:00Z,0.0977,1
2010-02-20T19:00:00Z,-0.6323,1
2010-02-20T20:00:00Z,-1.1523,1
2010-02-20T21:00:00Z,-1.3123,1
2010-02-20T22:00:00Z,-1.1023,1
2010-02-20T23:00:00Z,-0.6123,1
2010-02-21T00:00:00Z,-0.0223,1
2010-02-21T01:00:00Z,0.5477,1
2010-02-21T02:00:00Z,1.0177,1
2010-02-21T03:00:00Z,1.3177,1
2010-02-21T04:00:00Z,1.3077,1
2010-02-21T05:00:00Z,0.9677,1
2010-02-21T06:00:00Z,0.3677,1
2010-02-21T07:00:00Z,-0.3023,1
2010-02-21T08:00:00Z,-0.8823,1
2010-02-21T09:00:00Z,-1.1723,1
2010-02-21T10:00:00Z,-1.1123,1
2010-02-21T11:00:00Z,-0.7323,1
2010-02-21T12:00:00Z,-0.1923,1
2010-02-21T13:00:00Z,0.3977,1
2010-02-21T14:00:00Z,0.9077,1
2010-02-21T15:00:00Z,1.3077,1
2010-02-21T16:00:00Z,1.4177,1
2010-02-21T17:00:00Z,1.2177,1
2010-02-21T18:00:00Z,0.7277,1
2010-02-21T19:00:00Z,0.0877,1
2010-02-21T20:00:00Z,-0.5322,1
2010-02-21T21:00:00Z,-0.9422,1
2010-02-21T22:00:00Z,-1.0422,1
2010-02-21T23:00:00Z,-0.8122,1
2010-02-22T00:00:00Z,-0.4022,1
2010-02-22T01:00:00Z,0.0778,1
2010-02-22T02:00:00Z,0.5478,1
2010-02-22T03:00:00Z,0.9778,1
2010-02-22T04:00:00Z,1.2278,1
2010-02-22T05:00:00Z,1.2078,1
2010-02-22T06:00:00Z,0.8978,1
2010-02-22T07:00:00Z,0.3778,1
2010-02-22T08:00:00Z,-0.2022,1
2010-02-22T09:00:00Z,-0.6922,1
2010-02-22T10:00:00Z,-0.9222,1
2010-02-22T11:00:00Z,-0.8422,1
2010-02-22T12:00:00Z,-0.5422,1
2010-02-22T13:00:00Z,-0.0622,1
2010-02-22T14:00:00Z,0.3878,1
2010-02-22T15:00:00Z,0.8478,1
2010-02-22T16:00:00Z,1.1878,1
2010-02-22T17:00:00Z,1.3178,1
2010-02-22T18:00:00Z,1.1778,1
2010-02-22T19:00:00Z,0.7278,1
2010-02-22T20:00:00Z,0.1778,1
2010-02-22T21:00:00Z,-0.3622,1
2010-02-22T22:00:00Z,-0.7322,1
2010-02-22T23:00:00Z,-0.8422,1
2010-02-23T00:00:00Z,-0.6422,1
2010-02-23T01:00:00Z,-0.3422,1
2010-02-23T02:00:00Z,0.1078,1
2010-02-23T03:00:00Z,0.4978,1
2010-02-23T04:00:00Z,0.9078,1
2010-02-23T05:00:00Z,1.2078,1
2010-02-23T06:00:00Z,1.2678,1
2010-02-23T07:00:00Z,1.0578,1
2010-02-23T08:00:00Z,0.5978,1
2010-02-23T09:00:00Z,0.0678,1
2010-02-23T10:00:00Z,-0.4022,1
2010-02-23T11:00:00Z,-0.6922,1
2010-02-23T12:00:00Z,-0.7622,1
2010-02-23T13:00:00Z,-0.5522,1
2010-02-23T14:00:00Z,-0.1922,1
2010-02-23T15:00:00Z,0.1978,1
2010-02-23T16:00:00Z,0.6478,1
2010-02-23T17:00:00Z,1.0178,1
2010-02-23T18:00:00Z,1.2178,1
2010-02-23T19:00:00Z,1.1878,1
2010-02-23T20:00:00Z,0.9178,1
2010-02-23T21:00:00Z,0.4278,1
2010-02-23T22:00:00Z,-0.0522,1
2010-02-23T23:00:00Z,-0.4422,1
2010-02-24T00:00:00Z,-0.6422,1
2010-02-24T01:00:00Z,-0.5322,1
2010-02-24T02:00:00Z,-0.3722,1
2010-02-24T03:00:00Z,-0.0022,1
2010-02-24T04:00:00Z,0.4278,1
2010-02-24T05:00:00Z,0.8678,1
2010-02-24T06:00:00Z,1.2278,1
2010-02-24T07:00:00Z,1.3978,1
2010-02-24T08:00:00Z,1.2678,1
2010-02-24T09:00:00Z,0.8378,1
2010-02-24T10:00:00Z,0.2978,1
2010-02-24T11:00:00Z,-0.2622,1
2010-02-24T12:00:00Z,-0.7022,1
2010-02-24T13:00:00Z,-0.8822,1
2010-02-24T14:00:00Z,-0.8122,1
2010-02-24T15:00:00Z,-0.5522,1
2010-02-24T16:00:00Z,-0.1622,1
2010-02-24T17:00:00Z,0.3278,1
2010-02-24T18:00:00Z,0.7878,1
2010-02-24T19:00:00Z,1.1578,1
2010-02-24T20:00:00Z,1.2478,1
2010-02-24T21:00:00Z,1.0678,1
2010-02-24T22:00:00Z,0.6178,1
2010-02-24T23:00:00Z,0.0778,1
2010-02-25T00:00:00Z,-0.4522,1
2010-02-25T01:00:00Z,-0.8222,1
2010-02-25T02:00:00Z,-0.9322,1
2010-02-25T03:00:00Z,-0.7522,1
2010-02-25T04:00:00Z,-0.4422,1
2010-02-25T05:00:00Z,0.0478,1
2010-02-25T06:00:00Z,0.5878,1
2010-02-25T07:00:00Z,1.0678,1
2010-02-25T08:00:00Z,1.3978,1
2010-02-25T09:00:00Z,1.3978,1
2010-02-25T10:00:00Z,1.0278,1
2010-02-25T11:00:00Z,0.4578,1
2010-02-25T12:00:00Z,-0.2222,1
2010-02-25T13:00:00Z,-0.7822,1
2010-02-25T14:00:00Z,-1.1222,1
2010-02-25T15:00:00Z,-1.1022,1
2010-02-25T16:00:00Z,-0.7922,1
2010-02-25T17:00:00Z,-0.3122,1
2010-02-25T18:00:00Z,0.2878,1
2010-02-25T19:00:00Z,0.8778,1
2010-02-25T20:00:00Z,1.3478,1
2010-02-25T21:00:00Z,1.5278,1
2010-02-25T22:00:00Z,1.3478,1
2010-02-25T23:00:00Z,0.8278,1
2010-02-26T00:00:00Z,0.1578,1
2010-02-26T01:00:00Z,-0.5322,1
2010-02-26T02:00:00Z,-1.0222,1
2010-02-26T03:00:00Z,-1.1822,1
2010-02-26T04:00:00Z,-1.0022,1
2010-02-26T05:00:00Z,-0.5522,1
2010-02-26T06:00:00Z,0.0378,1
2010-02-26T07:00:00Z,0.6378,1
2010-02-26T08:00:00Z,1.1978,1
2010-02-26T09:00:00Z,1.5378,1
2010-02-26T10:00:00Z,1.5178,1
2010-02-26T11:00:00Z,1.0478,1
2010-02-26T12:00:00Z,0.2878,1
2010-02-26T13:00:00Z,-0.5922,1
2010-02-26T14:00:00Z,-1.3422,1
2010-02-26T15:00:00Z,-1.7022,1
2010-02-26T16:00:00Z,-1.6522,1
2010-02-26T17:00:00Z,-1.2122,1
2010-02-26T18:00:00Z,-0.5222,1
2010-02-26T19:00:00Z,0.2478,1
2010-02-26T20:00:00Z,0.9278,1
2010-02-26T21:00:00Z,1.4578,1
2010-02-26T22:00:00Z,1.6278,1
2010-02-26T23:00:00Z,1.3778,1
2010-02-27T00:00:00Z,0.7678,1
2010-02-27T01:00:00Z,-0.0922,1
2010-02-27T02:00:00Z,-0.9222,1
2010-02-27T03:00:00Z,-1.4622,1
2010-02-27T04:00:00Z,-1.5322,1
2010-02-27T05:00:00Z,-1.1722,1
2010-02-27T06:00:00Z,-0.5322,1
2010-02-27T07:00:00Z,0.2578,1
2010-02-27T08:00:00Z,0.9878,1
2010-02-27T09:00:00Z,1.5878,1
2010-02-27T10:00:00Z,1.8878,1
2010-02-27T11:00:00Z,1.7378,1
2010-02-27T12:00:00Z,1.1478,1
2010-02-27T13:00:00Z,0.2378,1
2010-02-27T14:00:00Z,-0.7922,1
2010-02-27T15:00:00Z,-1.5922,1
2010-02-27T16:00:00Z,-1.9022,1
2010-02-27T17:00:00Z,-1.6922,1
2010-02-27T18:00:00Z,-1.0522,1
2010-02-27T19:00:00Z,-0.2122,1
2010-02-27T20:00:00Z,0.6478,1
2010-02-27T21:00:00Z,1.3678,1
2010-02-27T22:00:00Z,1.8778,1
2010-02-27T23:00:00Z,1.9878,1
2010-02-28T00:00:00Z,1.5778,1
2010-02-28T01:00:00Z,0.7578,1
2010-02-28T02:00:00Z,-0.2822,1
2010-02-28T03:00:00Z,-1.2222,1
2010-02-28T04:00:00Z,-1.7022,1
2010-02-28T05:00:00Z,-1.6222,1
2010-02-28T06:00:00Z,-1.0622,1
2010-02-28T07:00:00Z,-0.2322,1
2010-02-28T08:00:00Z,0.6678,1
2010-02-28T09:00:00Z,1.4578,1
2010-02-28T10:00:00Z,2.0178,1
2010-02-28T11:00:00Z,2.2278,1
2010-02-28T12:00:00Z,1.9478,1
2010-02-28T13:00:00Z,1.1778,1
2010-02-28T14:00:00Z,0.0678,1
2010-02-28T15:00:00Z,-1.0822,1
2010-02-28T16:00:00Z,-1.9222,1
2010-02-28T17:00:00Z,-2.1522,1
2010-02-28T18:00:00Z,-1.7822,1
2010-02-28T19:00:00Z,-0.9622,1
2010-02-28T20:00:00Z,0.0078,1
2010-02-28T21:00:00Z,0.9178,1
2010-02-28T22:00:00Z,1.5878,1
2010-02-28T23:00:00Z,1.9578,1
2010-03-01T00:00:00Z,1.8978,1
2010-03-01T01:00:00Z,1.3378,1
2010-03-01T02:00:00Z,0.3478,1
2010-03-01T03:00:00Z,-0.7822,1
2010-03-01T04:00:00Z,-1.7022,1
2010-03-01T05:00:00Z,-2.0322,1
2010-03-01T06:00:00Z,-1.7722,1
2010-03-01T07:00:00Z,-1.0322,1
2010-03-01T08:00:00Z,-0.0522,1
2010-03-01T09:00:00Z,0.9078,1
2010-03-01T10:00:00Z,1.6478,1
2010-03-01T11:00:00Z,2.1478,1
2010-03-01T12:00:00Z,2.2278,1
2010-03-01T13:00:00Z,1.7678,1
2010-03-01T14:00:00Z,0.8478,1
2010-03-01T15:00:00Z,-0.4022,1
2010-03-01T16:00:00Z,-1.5622,1
2010-03-01T17:00:00Z,-2.2622,1
2010-03-01T18:00:00Z,-2.3022,1
2010-03-01T19:00:00Z,-1.7522,1
2010-03-01T20:00:00Z,-0.8122,1
2010-03-01T21:00:00Z,0.2078,1
2010-03-01T22:00:00Z,1.0578,1
2010-03-01T23:00:00Z,1.6878,1
2010-03-02T00:00:00Z,1.9578,1
2010-03-02T01:00:00Z,1.7578,1
2010-03-02T02:00:00Z,1.0378,1
2010-03-02T03:00:00Z,-0.0722,1
2010-03-02T04:00:00Z,-1.2222,1
2010-03-02T05:00:00Z,-2.0322,1
2010-03-02T06:00:00Z,-2.1722,1
2010-03-02T07:00:00Z,-1.7222,1
2010-03-02T08:00:00Z,-0.8222,1
2010-03-02T09:00:00Z,0.2078,1
2010-03-02T10:00:00Z,1.1078,1
2010-03-02T11:00:00Z,1.7778,1
2010-03-02T12:00:00Z,2.1778,1
2010-03-02T13:00:00Z,2.0678,1
2010-03-02T14:00:00Z,1.4878,1
2010-03-02T15:00:00Z,0.4078,1
2010-03-02T16:00:00Z,-0.8522,1
2010-03-02T17:00:00Z,-1.9622,1
2010-03-02T18:00:00Z,-2.4421,1
2010-03-02T19:00:00Z,-2.3221,1
2010-03-02T20:00:00Z,-1.5821,1
2010-03-02T21:00:00Z,-0.5721,1
2010-03-02T22:00:00Z,0.4079,1
2010-03-02T23:00:00Z,1.1879,1
2010-03-03T00:00:00Z,1.6979,1
2010-03-03T01:00:00Z,1.8479,1
2010-03-03T02:00:00Z,1.4879,1
2010-03-03T03:00:00Z,0.6679,1
2010-03-03T04:00:00Z,-0.4921,1
2010-03-03T05:00:00Z,-1.5421,1
2010-03-03T06:00:00Z,-2.1221,1
2010-03-03T07:00:00Z,-2.0721,1
2010-03-03T08:00:00Z,-1.4721,1
2010-03-03T09:00:00Z,-0.5021,1
2010-03-03T10:00:00Z,0.5179,1
2010-03-03T11:00:00Z,1.3379,1
2010-03-03T12:00:00Z,1.9279,1
2010-03-03T13:00:00Z,2.2279,1
2010-03-03T14:00:00Z,2.0079,1
2010-03-03T15:00:00Z,1.3179,1
2010-03-03T16:00:00Z,0.1679,1
2010-03-03T17:00:00Z,-1.0521,1
2010-03-03T18:00:00Z,-1.9621,1
2010-03-03T19:00:00Z,-2.2921,1
2010-03-03T20:00:00Z,-1.9921,1
2010-03-03T21:00:00Z,-1.1821,1
2010-03-03T22:00:00Z,-0.2321,1
2010-03-03T23:00:00Z,0.6479,1
2010-03-04T00:00:00Z,1.3079,1
2010-03-04T01:00:00Z,1.6979,1
2010-03-04T02:00:00Z,1.6979,1
2010-03-04T03:00:00Z,1.2179,1
2010-03-04T04:00:00Z,0.2879,1
2010-03-04T05:00:00Z,-0.8421,1
2010-03-04T06:00:00Z,-1.7621,1
2010-03-04T07:00:00Z,-2.1621,1
2010-03-04T08:00:00Z,-2.0121,1
2010-03-04T09:00:00Z,-1.3421,1
2010-03-04T10:00:00Z,-0.4221,1
2010-03-04T11:00:00Z,0.4779,1
2010-03-04T12:00:00Z,1.1579,1
2010-03-04T13:00:00Z,1.6579,1
2010-03-04T14:00:00Z,1.8279,1
2010-03-04T15:00:00Z,1.5579,1
2010-03-04T16:00:00Z,0.8079,1
2010-03-04T17:00:00Z,-0.2621,1
2010-03-04T18:00:00Z,-1.3221,1
2010-03-04T19:00:00Z,-2.0221,1
2010-03-04T20:00:00Z,-2.1821,1
2010-03-04T21:00:00Z,-1.7621,1
2010-03-04T22:00:00Z,-0.9921,1
2010-03-04T23:00:00Z,-0.1121,1
2010-03-05T00:00:00Z,0.6179,1
2010-03-05T01:00:00Z,1.1779,1
2010-03-05T02:00:00Z,1.4479,1
2010-03-05T03:00:00Z,1.3279,1
2010-03-05T04:00:00Z,0.7879,1
2010-03-05T05:00:00Z,-0.1121,1
2010-03-05T06:00:00Z,-1.0921,1
2010-03-05T07:00:00Z,-1.8221,1
2010-03-05T08:00:00Z,-2.0921,1
2010-03-05T09:00:00Z,-1.8221,1
2010-03-05T10:00:00Z,-1.1821,1
2010-03-05T11:00:00Z,-0.3621,1
2010-03-05T12:00:00Z,0.3979,1
2010-03-05T13:00:00Z,1.0379,1
2010-03-05T14:00:00Z,1.4479,1
2010-03-05T15:00:00Z,1.5179,1
2010-03-05T16:00:00Z,1.1879,1
2010-03-05T17:00:00Z,0.4879,1
2010-03-05T18:00:00Z,-0.4621,1
2010-03-05T19:00:00Z,-1.2921,1
2010-03-05T20:00:00Z,-1.7921,1
2010-03-05T22:00:00Z,-1.3821,1
2010-03-05T23:00:00Z,-0.6921,1
2010-03-06T00:00:00Z,0.0179,1
2010-03-06T01:00:00Z,0.6279,1
2010-03-06T02:00:00Z,1.0879,1
2010-03-06T03:00:00Z,1.2779,1
2010-03-06T04:00:00Z,1.0879,1
2010-03-06T05:00:00Z,0.5479,1
2010-03-06T06:00:00Z,-0.2421,1
2010-03-06T07:00:00Z,-1.0821,1
2010-03-06T08:00:00Z,-1.6521,1
2010-03-06T09:00:00Z,-1.8121,1
2010-03-06T10:00:00Z,-1.5121,1
2010-03-06T11:00:00Z,-0.9721,1
2010-03-06T12:00:00Z,-0.2821,1
2010-03-06T13:00:00Z,0.3379,1
2010-03-06T14:00:00Z,0.8579,1
2010-03-06T15:00:00Z,1.1879,1
2010-03-06T16:00:00Z,1.2379,1
2010-03-06T17:00:00Z,0.9379,1
2010-03-06T18:00:00Z,0.3079,1
2010-03-06T19:00:00Z,-0.4521,1
2010-03-06T20:00:00Z,-1.1221,1
2010-03-06T21:00:00Z,-1.4821,1
2010-03-06T22:00:00Z,-1.4521,1
2010-03-06T23:00:00Z,-1.0621,1
2010-03-07T00:00:00Z,-0.4921,1
2010-03-07T01:00:00Z,0.0779,1
2010-03-07T02:00:00Z,0.5679,1
2010-03-07T03:00:00Z,0.9479,1
2010-03-07T04:00:00Z,1.0779,1
2010-03-07T05:00:00Z,0.9179,1
2010-03-07T06:00:00Z,0.4179,1
2010-03-07T07:00:00Z,-0.2621,1
2010-03-07T08:00:00Z,-0.9421,1
2010-03-07T09:00:00Z,-1.4021,1
2010-03-07T10:00:00Z,-1.5121,1
2010-03-07T11:00:00Z,-1.3121,1
2010-03-07T12:00:00Z,-0.8821,1
2010-03-07T13:00:00Z,-0.3521,1
2010-03-07T14:00:00Z,0.1379,1
2010-03-07T15:00:00Z,0.5979,1
2010-03-07T16:00:00Z,0.8779,1
2010-03-07T17:00:00Z,0.9379,1
2010-03-07T18:00:00Z,0.6779,1
2010-03-07T19:00:00Z,0.1779,1
2010-03-07T20:00:00Z,-0.4121,1
2010-03-07T21:00:00Z,-0.9321,1
2010-03-07T22:00:00Z,-1.2221,1
2010-03-07T23:00:00Z,-1.1821,1
2010-03-08T00:00:00Z,-0.8721,1
2010-03-08T01:00:00Z,-0.4321,1
2010-03-08T02:00:00Z,0.0279,1
2010-03-08T03:00:00Z,0.4279,1
2010-03-08T04:00:00Z,0.7479,1
2010-03-08T05:00:00Z,0.8679,1
2010-03-08T06:00:00Z,0.7579,1
2010-03-08T07:00:00Z,0.3979,1
2010-03-08T08:00:00Z,-0.1321,1
2010-03-08T09:00:00Z,-0.6921,1
2010-03-08T10:00:00Z,-1.0921,1
2010-03-08T11:00:00Z,-1.2321,1
2010-03-08T12:00:00Z,-1.1121,1
2010-03-08T13:00:00Z,-0.8121,1
2010-03-08T14:00:00Z,-0.4421,1
2010-03-08T15:00:00Z,-0.0421,1
2010-03-08T16:00:00Z,0.3179,1
2010-03-08T17:00:00Z,0.6079,1
2010-03-08T18:00:00Z,0.7179,1
2010-03-08T19:00:00Z,0.5979,1
2010-03-08T20:00:00Z,0.2479,1
2010-03-08T21:00:00Z,-0.2321,1
2010-03-08T22:00:00Z,-0.6721,1
2010-03-08T23:00:00Z,-0.9421,1
2010-03-09T00:00:00Z,-0.9921,1
2010-03-09T01:00:00Z,-0.7921,1
2010-03-09T02:00:00Z,-0.4621,1
2010-03-09T03:00:00Z,-0.1321,1
2010-03-09T04:00:00Z,0.2279,1
2010-03-09T05:00:00Z,0.5079,1
2010-03-09T06:00:00Z,0.6779,1
2010-03-09T07:00:00Z,0.6879,1
2010-03-09T08:00:00Z,0.4379,1
2010-03-09T09:00:00Z,0.0279,1
2010-03-09T10:00:00Z,-0.4621,1
2010-03-09T11:00:00Z,-0.8721,1
2010-03-09T12:00:00Z,-1.1021,1
2010-03-09T14:00:00Z,-0.9321,1
2010-03-09T15:00:00Z,-0.6421,1
2010-03-09T16:00:00Z,-0.3121,1
2010-03-09T17:00:00Z,0.0479,1
2010-03-09T18:00:00Z,0.3879,1
2010-03-09T19:00:00Z,0.5979,1
2010-03-09T20:00:00Z,0.5879,1
2010-03-09T21:00:00Z,0.3579,1
2010-03-09T22:00:00Z,-0.0221,1
2010-03-09T23:00:00Z,-0.4621,1
2010-03-10T00:00:00Z,-0.8121,1
2010-03-10T01:00:00Z,-0.9421,1
2010-03-10T02:00:00Z,-0.8921,1
2010-03-10T03:00:00Z,-0.6621,1
2010-03-10T04:00:00Z,-0.3521,1
2010-03-10T05:00:00Z,0.0079,1
2010-03-10T06:00:00Z,0.3379,1
2010-03-10T07:00:00Z,0.5979,1
2010-03-10T08:00:00Z,0.7079,1
2010-03-10T09:00:00Z,0.5779,1
2010-03-10T10:00:00Z,0.2179,1
2010-03-10T11:00:00Z,-0.2721,1
2010-03-10T12:00:00Z,-0.7421,1
2010-03-10T13:00:00Z,-1.0921,1
2010-03-10T14:00:00Z,-1.2321,1
2010-03-10T15:00:00Z,-1.1621,1
2010-03-10T16:00:00Z,-0.9321,1
2010-03-10T17:00:00Z,-0.5821,1
2010-03-10T18:00:00Z,-0.1821,1
2010-03-10T19:00:00Z,0.2179,1
2010-03-10T20:00:00Z,0.5279,1
2010-03-10T21:00:00Z,0.6179,1
2010-03-10T22:00:00Z,0.4579,1
2010-03-10T23:00:00Z,0.0779,1
2010-03-11T00:00:00Z,-0.3921,1
2010-03-11T01:00:00Z,-0.8021,1
2010-03-11T02:00:00Z,-1.0421,1
2010-03-11T03:00:00Z,-1.0521,1
2010-03-11T04:00:00Z,-0.8121,1
2010-03-11T05:00:00Z,-0.4121,1
2010-03-11T06:00:00Z,0.0079,1
2010-03-11T07:00:00Z,0.3779,1
2010-03-11T08:00:00Z,0.6979,1
2010-03-11T09:00:00Z,0.8579,1
2010-03-11T10:00:00Z,0.7579,1
2010-03-11T11:00:00Z,0.3679,1
2010-03-11T12:00:00Z,-0.1721,1
2010-03-11T13:00:00Z,-0.7521,1
2010-03-11T14:00:00Z,-1.2021,1
2010-03-11T15:00:00Z,-1.3821,1
2010-03-11T16:00:00Z,-1.2921,1
2010-03-11T17:00:00Z,-0.942,1
2010-03-11T18:00:00Z,-0.472,1
2010-03-11T19:00:00Z,-0.012,1
2010-03-11T20:00:00Z,0.448,1
2010-03-11T21:00:00Z,0.748,1
2010-03-11T22:00:00Z,0.808,1
2010-03-11T23:00:00Z,0.588,1
2010-03-12T00:00:00Z,0.108,1
2010-03-12T01:00:00Z,-0.472,1
2010-03-12T02:00:00Z,-0.952,1
2010-03-12T03:00:00Z,-1.222,1
2010-03-12T04:00:00Z,-1.162,1
2010-03-12T05:00:00Z,-0.812,1
2010-03-12T06:00:00Z,-0.282,1
2010-03-12T07:00:00Z,0.268,1
2010-03-12T08:00:00Z,0.718,1
2010-03-12T09:00:00Z,1.028,1
2010-03-12T10:00:00Z,1.098,1
2010-03-12T11:00:00Z,0.858,1
2010-03-12T12:00:00Z,0.318,1
2010-03-12T13:00:00Z,-0.392,1
2010-03-12T14:00:00Z,-1.062,1
2010-03-12T15:00:00Z,-1.522,1
2010-03-12T16:00:00Z,-1.662,1
2010-03-12T17:00:00Z,-1.432,1
2010-03-12T18:00:00Z,-1.002,1
2010-03-12T19:00:00Z,-0.402,1
2010-03-12T20:00:00Z,0.138,1
2010-03-12T21:00:00Z,0.598,1
2010-03-12T22:00:00Z,0.838,1
2010-03-12T23:00:00Z,0.808,1
2010-03-13T00:00:00Z,0.388,1
2010-03-13T01:00:00Z,-0.212,1
2010-03-13T03:00:00Z,-1.362,1
2010-03-13T04:00:00Z,-1.512,1
2010-03-13T05:00:00Z,-1.292,1
2010-03-13T06:00:00Z,-0.772,1
2010-03-13T07:00:00Z,-0.142,1
2010-03-13T08:00:00Z,0.448,1
2010-03-13T09:00:00Z,0.918,1
2010-03-13T10:00:00Z,1.158,1
2010-03-13T11:00:00Z,1.108,1
2010-03-13T12:00:00Z,0.678,1
2010-03-13T13:00:00Z,-0.022,1
2010-03-13T14:00:00Z,-0.822,1
2010-03-13T15:00:00Z,-1.492,1
2010-03-13T16:00:00Z,-1.802,1
2010-03-13T17:00:00Z,-1.732,1
2010-03-13T18:00:00Z,-1.332,1
2010-03-13T19:00:00Z,-0.702,1
2010-03-13T20:00:00Z,-0.052,1
2010-03-13T21:00:00Z,0.508,1
2010-03-13T22:00:00Z,0.918,1
2010-03-13T23:00:00Z,1.018,1
2010-03-14T00:00:00Z,0.748,1
2010-03-14T01:00:00Z,0.158,1
2010-03-14T02:00:00Z,-0.612,1
2010-03-14T03:00:00Z,-1.322,1
2010-03-14T04:00:00Z,-1.692,1
2010-03-14T05:00:00Z,-1.612,1
2010-03-14T06:00:00Z,-1.202,1
2010-03-14T07:00:00Z,-0.532,1
2010-03-14T08:00:00Z,0.168,1
2010-03-14T09:00:00Z,0.788,1
2010-03-14T10:00:00Z,1.208,1
2010-03-14T11:00:00Z,1.308,1
2010-03-14T12:00:00Z,1.058,1
2010-03-14T13:00:00Z,0.438,1
2010-03-14T14:00:00Z,-0.412,1
2010-03-14T15:00:00Z,-1.252,1
2010-03-14T16:00:00Z,-1.822,1
2010-03-14T17:00:00Z,-1.932,1
2010-03-14T18:00:00Z,-1.622,1
2010-03-14T19:00:00Z,-1.012,1
2010-03-14T20:00:00Z,-0.292,1
2010-03-14T21:00:00Z,0.348,1
2010-03-14T22:00:00Z,0.858,1
2010-03-14T23:00:00Z,1.128,1
2010-03-15T00:00:00Z,1.008,1
2010-03-15T01:00:00Z,0.518,1
2010-03-15T02:00:00Z,-0.262,1
2010-03-15T03:00:00Z,-1.112,1
2010-03-15T04:00:00Z,-1.712,1
2010-03-15T05:00:00Z,-1.862,1
2010-03-15T06:00:00Z,-1.542,1
2010-03-15T07:00:00Z,-0.932,1
2010-03-15T08:00:00Z,-0.112,1
2010-03-15T09:00:00Z,0.608,1
2010-03-15T10:00:00Z,1.158,1
2010-03-15T11:00:00Z,1.468,1
2010-03-15T12:00:00Z,1.378,1
2010-03-15T13:00:00Z,0.918,1
2010-03-15T14:00:00Z,0.118,1
2010-03-15T15:00:00Z,-0.822,1
2010-03-15T16:00:00Z,-1.592,1
2010-03-15T17:00:00Z,-1.932,1
2010-03-15T18:00:00Z,-1.792,1
2010-03-15T19:00:00Z,-1.302,1
2010-03-15T20:00:00Z,-0.562,1
2010-03-15T21:00:00Z,0.168,1
2010-03-15T22:00:00Z,0.768,1
2010-03-15T23:00:00Z,1.178,1
2010-03-16T00:00:00Z,1.218,1
2010-03-16T01:00:00Z,0.898,1
2010-03-16T02:00:00Z,0.198,1
2010-03-16T03:00:00Z,-0.702,1
2010-03-16T04:00:00Z,-1.502,1
2010-03-16T05:00:00Z,-1.862,1
2010-03-16T06:00:00Z,-1.762,1
2010-03-16T07:00:00Z,-1.222,1
2010-03-16T08:00:00Z,-0.422,1
2010-03-16T09:00:00Z,0.378,1
2010-03-16T10:00:00Z,1.048,1
2010-03-16T11:00:00Z,1.508,1
2010-03-16T12:00:00Z,1.598,1
2010-03-16T13:00:00Z,1.288,1
2010-03-16T14:00:00Z,0.608,1
2010-03-16T15:00:00Z,-0.362,1
2010-03-16T16:00:00Z,-1.272,1
2010-03-16T17:00:00Z,-1.782,1
2010-03-16T18:00:00Z,-1.892,1
2010-03-16T19:00:00Z,-1.502,1
2010-03-16T20:00:00Z,-0.792,1
2010-03-16T21:00:00Z,0.018,1
2010-03-16T22:00:00Z,0.718,1
2010-03-16T23:00:00Z,1.278,1
2010-03-17T00:00:00Z,1.478,1
2010-03-17T01:00:00Z,1.328,1
2010-03-17T02:00:00Z,0.748,1
2010-03-17T03:00:00Z,-0.112,1
2010-03-17T04:00:00Z,-1.042,1
2010-03-17T05:00:00Z,-1.672,1
2010-03-17T06:00:00Z,-1.772,1
2010-03-17T07:00:00Z,-1.412,1
2010-03-17T08:00:00Z,-0.692,1
2010-03-17T09:00:00Z,0.158,1
2010-03-17T10:00:00Z,0.898,1
2010-03-17T11:00:00Z,1.448,1
2010-03-17T12:00:00Z,1.758,1
2010-03-17T13:00:00Z,1.618,1
2010-03-17T14:00:00Z,1.088,1
2010-03-17T15:00:00Z,0.218,1
2010-03-17T16:00:00Z,-0.802,1
2010-03-17T17:00:00Z,-1.572,1
2010-03-17T18:00:00Z,-1.922,1
2010-03-17T19:00:00Z,-1.762,1
2010-03-17T20:00:00Z,-1.142,1
2010-03-17T21:00:00Z,-0.362,1
2010-03-17T22:00:00Z,0.398,1
2010-03-17T23:00:00Z,1.008,1
2010-03-18T00:00:00Z,1.418,1
2010-03-18T01:00:00Z,1.448,1
2010-03-18T02:00:00Z,1.098,1
2010-03-18T03:00:00Z,0.368,1
2010-03-18T04:00:00Z,-0.572,1
2010-03-18T05:00:00Z,-1.372,1
2010-03-18T06:00:00Z,-1.742,1
2010-03-18T07:00:00Z,-1.682,1
2010-03-18T08:00:00Z,-1.092,1
2010-03-18T09:00:00Z,-0.272,1
2010-03-18T10:00:00Z,0.538,1
2010-03-18T11:00:00Z,1.198,1
2010-03-18T12:00:00Z,1.658,1
2010-03-18T13:00:00Z,1.748,1
2010-03-18T14:00:00Z,1.468,1
2010-03-18T15:00:00Z,0.778,1
2010-03-18T16:00:00Z,-0.122,1
2010-03-18T17:00:00Z,-1.012,1
2010-03-18T18:00:00Z,-1.532,1
2010-03-18T19:00:00Z,-1.622,1
2010-03-18T20:00:00Z,-1.172,1
2010-03-18T21:00:00Z,-0.462,1
2010-03-18T22:00:00Z,0.348,1
2010-03-18T23:00:00Z,1.018,1
2010-03-19T00:00:00Z,1.558,1
2010-03-19T01:00:00Z,1.738,1
2010-03-19T02:00:00Z,1.598,1
2010-03-19T03:00:00Z,1.078,1
2010-03-19T04:00:00Z,0.208,1
2010-03-19T05:00:00Z,-0.742,1
2010-03-19T06:00:00Z,-1.422,1
2010-03-19T07:00:00Z,-1.622,1
2010-03-19T08:00:00Z,-1.352,1
2010-03-19T09:00:00Z,-0.642,1
2010-03-19T10:00:00Z,0.168,1
2010-03-19T11:00:00Z,0.858,1
2010-03-19T12:00:00Z,1.348,1
2010-03-19T13:00:00Z,1.648,1
2010-03-19T14:00:00Z,1.578,1
2010-03-19T15:00:00Z,1.078,1
2010-03-19T16:00:00Z,0.288,1
2010-03-19T17:00:00Z,-0.682,1
2010-03-19T18:00:00Z,-1.432,1
2010-03-19T19:00:00Z,-1.692,1
2010-03-19T20:00:00Z,-1.592,1
2010-03-19T21:00:00Z,-1.022,1
2010-03-19T22:00:00Z,-0.232,1
2010-03-19T23:00:00Z,0.518,1
2010-03-20T00:00:00Z,1.148,1
2010-03-20T01:00:00Z,1.538,1
2010-03-20T02:00:00Z,1.608,1
2010-03-20T03:00:00Z,1.298,1
2010-03-20T04:00:00Z,0.628,1
2010-03-20T05:00:00Z,-0.222,1
2010-03-20T06:00:00Z,-1.022,1
2010-03-20T07:00:00Z,-1.492,1
2010-03-20T08:00:00Z,-1.482,1
2010-03-20T09:00:00Z,-1.052,1
2010-03-20T10:00:00Z,-0.382,1
2010-03-20T11:00:00Z,0.318,1
2010-03-20T12:00:00Z,0.928,1
2010-03-20T13:00:00Z,1.368,1
2010-03-20T15:00:00Z,1.3081,1
2010-03-20T16:00:00Z,0.7081,1
2010-03-20T17:00:00Z,-0.1519,1
2010-03-20T18:00:00Z,-0.9919,1
2010-03-20T19:00:00Z,-1.5319,1
2010-03-20T20:00:00Z,-1.6419,1
2010-03-20T21:00:00Z,-1.3219,1
2010-03-20T22:00:00Z,-0.6919,1
2010-03-20T23:00:00Z,0.0181,1
2010-03-21T00:00:00Z,0.6481,1
2010-03-21T01:00:00Z,1.1481,1
2010-03-21T02:00:00Z,1.4181,1
2010-03-21T03:00:00Z,1.3481,1
2010-03-21T04:00:00Z,0.8981,1
2010-03-21T05:00:00Z,0.1681,1
2010-03-21T06:00:00Z,-0.6719,1
2010-03-21T07:00:00Z,-1.3219,1
2010-03-21T08:00:00Z,-1.6219,1
2010-03-21T09:00:00Z,-1.4719,1
2010-03-21T10:00:00Z,-1.0019,1
2010-03-21T11:00:00Z,-0.3419,1
2010-03-21T12:00:00Z,0.3381,1
2010-03-21T13:00:00Z,0.9181,1
2010-03-21T14:00:00Z,1.3181,1
2010-03-21T15:00:00Z,1.3781,1
2010-03-21T16:00:00Z,1.0981,1
2010-03-21T17:00:00Z,0.4881,1
2010-03-21T18:00:00Z,-0.2619,1
2010-03-21T19:00:00Z,-0.9719,1
2010-03-21T20:00:00Z,-1.3419,1
2010-03-21T21:00:00Z,-1.3519,1
2010-03-21T22:00:00Z,-0.9919,1
2010-03-21T23:00:00Z,-0.4219,1
2010-03-22T00:00:00Z,0.1881,1
2010-03-22T01:00:00Z,0.7281,1
2010-03-22T02:00:00Z,1.1581,1
2010-03-22T03:00:00Z,1.3281,1
2010-03-22T04:00:00Z,1.1881,1
2010-03-22T05:00:00Z,0.7081,1
2010-03-22T06:00:00Z,0.0081,1
2010-03-22T07:00:00Z,-0.6819,1
2010-03-22T08:00:00Z,-1.1819,1
2010-03-22T09:00:00Z,-1.3619,1
2010-03-22T10:00:00Z,-1.0919,1
2010-03-22T11:00:00Z,-0.5819,1
2010-03-22T12:00:00Z,-0.0119,1
2010-03-22T13:00:00Z,0.5481,1
2010-03-22T14:00:00Z,1.0381,1
2010-03-22T15:00:00Z,1.3181,1
2010-03-22T16:00:00Z,1.2381,1
2010-03-22T17:00:00Z,0.9881,1
2010-03-22T18:00:00Z,0.4281,1
2010-03-22T19:00:00Z,-0.2919,1
2010-03-22T20:00:00Z,-0.8619,1
2010-03-22T21:00:00Z,-1.1519,1
2010-03-22T22:00:00Z,-1.1219,1
2010-03-22T23:00:00Z,-0.7919,1
2010-03-23T00:00:00Z,-0.3319,1
2010-03-23T01:00:00Z,0.1681,1
2010-03-23T02:00:00Z,0.6081,1
2010-03-23T03:00:00Z,0.9681,1
2010-03-23T04:00:00Z,1.0981,1
2010-03-23T05:00:00Z,0.9881,1
2010-03-23T06:00:00Z,0.5181,1
2010-03-23T07:00:00Z,-0.0819,1
2010-03-23T08:00:00Z,-0.7119,1
2010-03-23T09:00:00Z,-1.1819,1
2010-03-23T10:00:00Z,-1.3619,1
2010-03-23T11:00:00Z,-1.2019,1
2010-03-23T12:00:00Z,-0.7719,1
2010-03-23T13:00:00Z,-0.2619,1
2010-03-23T14:00:00Z,0.2581,1
2010-03-23T15:00:00Z,0.7481,1
2010-03-23T16:00:00Z,1.0581,1
2010-03-23T17:00:00Z,1.1581,1
2010-03-23T18:00:00Z,0.9781,1
2010-03-23T19:00:00Z,0.5181,1
2010-03-23T20:00:00Z,-0.0419,1
2010-03-23T21:00:00Z,-0.5419,1
2010-03-23T22:00:00Z,-0.8419,1
2010-03-23T23:00:00Z,-0.8419,1
2010-03-24T00:00:00Z,-0.5919,1
2010-03-24T01:00:00Z,-0.1919,1
2010-03-24T02:00:00Z,0.2181,1
2010-03-24T03:00:00Z,0.6281,1
2010-03-24T04:00:00Z,1.0081,1
2010-03-24T05:00:00Z,1.2281,1
2010-03-24T06:00:00Z,1.1681,1
2010-03-24T07:00:00Z,0.8281,1
2010-03-24T08:00:00Z,0.2781,1
2010-03-24T09:00:00Z,-0.3419,1
2010-03-24T10:00:00Z,-0.8619,1
2010-03-24T11:00:00Z,-1.1219,1
2010-03-24T12:00:00Z,-1.0919,1
2010-03-24T13:00:00Z,-0.8319,1
2010-03-24T14:00:00Z,-0.4119,1
2010-03-24T15:00:00Z,0.0781,1
2010-03-24T16:00:00Z,0.5481,1
2010-03-24T17:00:00Z,0.9381,1
2010-03-24T18:00:00Z,1.0981,1
2010-03-24T19:00:00Z,0.9681,1
2010-03-24T20:00:00Z,0.5781,1
2010-03-24T21:00:00Z,0.0581,1
2010-03-24T22:00:00Z,-0.4619,1
2010-03-24T23:00:00Z,-0.8019,1
2010-03-25T00:00:00Z,-0.9319,1
2010-03-25T01:00:00Z,-0.8019,1
2010-03-25T02:00:00Z,-0.4819,1
2010-03-25T03:00:00Z,-0.0519,1
2010-03-25T04:00:00Z,0.4081,1
2010-03-25T05:00:00Z,0.8681,1
2010-03-25T06:00:00Z,1.1781,1
2010-03-25T07:00:00Z,1.3181,1
2010-03-25T08:00:00Z,1.0781,1
2010-03-25T09:00:00Z,0.5981,1
2010-03-25T10:00:00Z,-0.0219,1
2010-03-25T11:00:00Z,-0.6419,1
2010-03-25T12:00:00Z,-1.0619,1
2010-03-25T13:00:00Z,-1.1719,1
2010-03-25T14:00:00Z,-1.0119,1
2010-03-25T15:00:00Z,-0.6919,1
2010-03-25T16:00:00Z,-0.2119,1
2010-03-25T18:00:00Z,0.8481,1
2010-03-25T19:00:00Z,1.1681,1
2010-03-25T20:00:00Z,1.2281,1
2010-03-25T21:00:00Z,0.9481,1
2010-03-25T22:00:00Z,0.5081,1
2010-03-25T23:00:00Z,-0.0819,1
2010-03-26T00:00:00Z,-0.5519,1
2010-03-26T01:00:00Z,-0.8419,1
2010-03-26T02:00:00Z,-0.8219,1
2010-03-26T03:00:00Z,-0.5619,1
2010-03-26T04:00:00Z,-0.0819,1
2010-03-26T05:00:00Z,0.4781,1
2010-03-26T06:00:00Z,1.0081,1
2010-03-26T07:00:00Z,1.4481,1
2010-03-26T08:00:00Z,1.6481,1
2010-03-26T09:00:00Z,1.4481,1
2010-03-26T10:00:00Z,0.9581,1
2010-03-26T11:00:00Z,0.2281,1
2010-03-26T12:00:00Z,-0.5119,1
2010-03-26T13:00:00Z,-1.0819,1
2010-03-26T14:00:00Z,-1.3419,1
2010-03-26T15:00:00Z,-1.2319,1
2010-03-26T16:00:00Z,-0.8419,1
2010-03-26T17:00:00Z,-0.2719,1
2010-03-26T18:00:00Z,0.3781,1
2010-03-26T20:00:00Z,1.3881,1
2010-03-26T21:00:00Z,1.4681,1
2010-03-26T22:00:00Z,1.1781,1
2010-03-26T23:00:00Z,0.6081,1
2010-03-27T00:00:00Z,-0.1319,1
2010-03-27T01:00:00Z,-0.7819,1
2010-03-27T02:00:00Z,-1.1919,1
2010-03-27T03:00:00Z,-1.2219,1
2010-03-27T04:00:00Z,-0.9119,1
2010-03-27T05:00:00Z,-0.3719,1
2010-03-27T06:00:00Z,0.2881,1
2010-03-27T07:00:00Z,0.8981,1
2010-03-27T08:00:00Z,1.3781,1
2010-03-27T09:00:00Z,1.6081,1
2010-03-27T10:00:00Z,1.4081,1
2010-03-27T11:00:00Z,0.8481,1
2010-03-27T12:00:00Z,-0.0019,1
2010-03-27T13:00:00Z,-0.8919,1
2010-03-27T14:00:00Z,-1.5819,1
2010-03-27T15:00:00Z,-1.8319,1
2010-03-27T16:00:00Z,-1.6419,1
2010-03-27T17:00:00Z,-1.0819,1
2010-03-27T18:00:00Z,-0.3119,1
2010-03-27T19:00:00Z,0.4381,1
2010-03-27T20:00:00Z,1.0381,1
2010-03-27T21:00:00Z,1.4481,1
2010-03-27T22:00:00Z,1.4981,1
2010-03-27T23:00:00Z,1.1281,1
2010-03-28T00:00:00Z,0.3981,1
2010-03-28T01:00:00Z,-0.4719,1
2010-03-28T02:00:00Z,-1.2319,1
2010-03-28T03:00:00Z,-1.6019,1
2010-03-28T04:00:00Z,-1.5119,1
2010-03-28T05:00:00Z,-1.0219,1
2010-03-28T06:00:00Z,-0.2819,1
2010-03-28T07:00:00Z,0.5081,1
2010-03-28T08:00:00Z,1.1981,1
2010-03-28T09:00:00Z,1.6881,1
2010-03-28T10:00:00Z,1.8181,1
2010-03-28T11:00:00Z,1.5181,1
2010-03-28T12:00:00Z,0.8181,1
2010-03-28T13:00:00Z,-0.2019,1
2010-03-28T14:00:00Z,-1.2119,1
2010-03-28T15:00:00Z,-1.8819,1
2010-03-28T16:00:00Z,-2.0519,1
2010-03-28T17:00:00Z,-1.7119,1
2010-03-28T18:00:00Z,-0.9919,1
2010-03-28T19:00:00Z,-0.1219,1
2010-03-28T20:00:00Z,0.6881,1
2010-03-28T21:00:00Z,1.3281,1
2010-03-28T22:00:00Z,1.6881,1
2010-03-28T23:00:00Z,1.6281,1
2010-03-29T00:00:00Z,1.1081,1
2010-03-29T01:00:00Z,0.1981,1
2010-03-29T02:00:00Z,-0.8219,1
2010-03-29T03:00:00Z,-1.5819,1
2010-03-29T04:00:00Z,-1.8519,1
2010-03-29T05:00:00Z,-1.6019,1
2010-03-29T06:00:00Z,-0.9119,1
2010-03-29T07:00:00Z,-0.0219,1
2010-03-29T08:00:00Z,0.8581,1
2010-03-29T09:00:00Z,1.5681,1
2010-03-29T10:00:00Z,2.0781,1
2010-03-29T11:00:00Z,2.1381,1
2010-03-29T12:00:00Z,1.6681,1
2010-03-29T13:00:00Z,0.7782,1
2010-03-29T14:00:00Z,-0.3318,1
2010-03-29T15:00:00Z,-1.4218,1
2010-03-29T16:00:00Z,-1.9918,1
2010-03-29T17:00:00Z,-1.9618,1
2010-03-29T18:00:00Z,-1.4718,1
2010-03-29T19:00:00Z,-0.5818,1
2010-03-29T20:00:00Z,0.3782,1
2010-03-29T21:00:00Z,1.1882,1
2010-03-29T22:00:00Z,1.7782,1
2010-03-29T23:00:00Z,2.0482,1
2010-03-30T00:00:00Z,1.7882,1
2010-03-30T01:00:00Z,1.0482,1
2010-03-30T02:00:00Z,-0.0318,1
2010-03-30T03:00:00Z,-1.1018,1
2010-03-30T04:00:00Z,-1.8018,1
2010-03-30T05:00:00Z,-1.9018,1
2010-03-30T06:00:00Z,-1.4618,1
2010-03-30T07:00:00Z,-0.6518,1
2010-03-30T08:00:00Z,0.2982,1
2010-03-30T09:00:00Z,1.1382,1
2010-03-30T10:00:00Z,1.7682,1
2010-03-30T11:00:00Z,2.1282,1
2010-03-30T12:00:00Z,1.9882,1
2010-03-30T13:00:00Z,1.3582,1
2010-03-30T14:00:00Z,0.2882,1
2010-03-30T15:00:00Z,-0.9218,1
2010-03-30T16:00:00Z,-1.8918,1
2010-03-30T17:00:00Z,-2.3018,1
2010-03-30T18:00:00Z,-2.0718,1
2010-03-30T19:00:00Z,-1.2918,1
2010-03-30T20:00:00Z,-0.2918,1
2010-03-30T21:00:00Z,0.7182,1
2010-03-30T22:00:00Z,1.4582,1
2010-03-30T23:00:00Z,1.9482,1
2010-03-31T00:00:00Z,1.9482,1
2010-03-31T01:00:00Z,1.5482,1
2010-03-31T02:00:00Z,0.6082,1
2010-03-31T03:00:00Z,-0.6018,1
2010-03-31T04:00:00Z,-1.6918,1
2010-03-31T05:00:00Z,-2.3118,1
2010-03-31T06:00:00Z,-2.2918,1
2010-03-31T07:00:00Z,-1.7118,1
2010-03-31T08:00:00Z,-0.7318,1
2010-03-31T09:00:00Z,0.2182,1
2010-03-31T10:00:00Z,1.0282,1
2010-03-31T11:00:00Z,1.5582,1
2010-03-31T12:00:00Z,1.8482,1
2010-03-31T13:00:00Z,1.6082,1
2010-03-31T14:00:00Z,0.9182,1
2010-03-31T15:00:00Z,-0.1818,1
2010-03-31T16:00:00Z,-1.3318,1
2010-03-31T17:00:00Z,-2.1618,1
2010-03-31T18:00:00Z,-2.3218,1
2010-03-31T19:00:00Z,-1.8918,1
2010-03-31T20:00:00Z,-1.0918,1
2010-03-31T21:00:00Z,-0.1318,1
2010-03-31T22:00:00Z,0.7382,1
2010-03-31T23:00:00Z,1.3482,1
2010-04-01T00:00:00Z,1.7382,1
2010-04-01T03:00:00Z,0.0582,1
2010-04-01T04:00:00Z,-1.0618,1
2010-04-01T05:00:00Z,-1.9618,1
2010-04-01T06:00:00Z,-2.2618,1
2010-04-01T07:00:00Z,-2.0118,1
2010-04-01T08:00:00Z,-1.2818,1
2010-04-01T09:00:00Z,-0.3218,1
2010-04-01T10:00:00Z,0.5982,1
2010-04-01T11:00:00Z,1.3282,1
2010-04-01T12:00:00Z,1.8682,1
2010-04-01T13:00:00Z,1.9982,1
2010-04-01T14:00:00Z,1.6582,1
2010-04-01T15:00:00Z,0.8282,1
2010-04-01T16:00:00Z,-0.2818,1
2010-04-01T17:00:00Z,-1.3318,1
2010-04-01T18:00:00Z,-1.9518,1
2010-04-01T19:00:00Z,-1.9918,1
2010-04-01T20:00:00Z,-1.4718,1
2010-04-01T21:00:00Z,-0.6518,1
2010-04-01T22:00:00Z,0.2582,1
2010-04-01T23:00:00Z,1.0382,1
2010-04-02T00:00:00Z,1.6082,1
2010-04-02T01:00:00Z,1.8782,1
2010-04-02T02:00:00Z,1.6482,1
2010-04-02T03:00:00Z,1.0382,1
2010-04-02T04:00:00Z,-0.0018,1
2010-04-02T05:00:00Z,-1.0318,1
2010-04-02T06:00:00Z,-1.7218,1
2010-04-02T07:00:00Z,-1.8818,1
2010-04-02T08:00:00Z,-1.5218,1
2010-04-02T09:00:00Z,-0.7918,1
2010-04-02T10:00:00Z,0.0582,1
2010-04-02T11:00:00Z,0.8782,1
2010-04-02T12:00:00Z,1.4982,1
2010-04-02T13:00:00Z,1.9082,1
2010-04-02T14:00:00Z,1.9082,1
2010-04-02T15:00:00Z,1.4382,1
2010-04-02T16:00:00Z,0.5582,1
2010-04-02T17:00:00Z,-0.4818,1
2010-04-02T18:00:00Z,-1.3218,1
2010-04-02T19:00:00Z,-1.7418,1
2010-04-02T20:00:00Z,-1.6218,1
2010-04-02T21:00:00Z,-1.0518,1
2010-04-02T22:00:00Z,-0.2418,1
2010-04-02T23:00:00Z,0.5382,1
2010-04-03T00:00:00Z,1.2082,1
2010-04-03T01:00:00Z,1.6682,1
2010-04-03T02:00:00Z,1.7682,1
2010-04-03T03:00:00Z,1.4582,1
2010-04-03T04:00:00Z,0.7282,1
2010-04-03T05:00:00Z,-0.2418,1
2010-04-03T06:00:00Z,-1.1418,1
2010-04-03T07:00:00Z,-1.6818,1
2010-04-03T08:00:00Z,-1.7418,1
2010-04-03T09:00:00Z,-1.3918,1
2010-04-03T10:00:00Z,-0.7018,1
2010-04-03T11:00:00Z,0.0382,1
2010-04-03T12:00:00Z,0.6982,1
2010-04-03T13:00:00Z,1.2482,1
2010-04-03T14:00:00Z,1.5382,1
2010-04-03T15:00:00Z,1.4882,1
2010-04-03T16:00:00Z,0.9882,1
2010-04-03T17:00:00Z,0.1782,1
2010-04-03T18:00:00Z,-0.7018,1
2010-04-03T19:00:00Z,-1.3818,1
2010-04-03T20:00:00Z,-1.6418,1
2010-04-03T21:00:00Z,-1.4418,1
2010-04-03T22:00:00Z,-0.8918,1
2010-04-03T23:00:00Z,-0.1918,1
2010-04-04T00:00:00Z,0.4582,1
2010-04-04T01:00:00Z,0.9882,1
2010-04-04T02:00:00Z,1.3282,1
2010-04-04T03:00:00Z,1.3182,1
2010-04-04T04:00:00Z,0.9482,1
2010-04-04T05:00:00Z,0.2582,1
2010-04-04T06:00:00Z,-0.5918,1
2010-04-04T07:00:00Z,-1.3218,1
2010-04-04T08:00:00Z,-1.7218,1
2010-04-04T09:00:00Z,-1.7118,1
2010-04-04T10:00:00Z,-1.3318,1
2010-04-04T11:00:00Z,-0.7118,1
2010-04-04T12:00:00Z,-0.0518,1
2010-04-04T13:00:00Z,0.5282,1
2010-04-04T14:00:00Z,0.9982,1
2010-04-04T15:00:00Z,1.1982,1
2010-04-04T16:00:00Z,1.0882,1
2010-04-04T17:00:00Z,0.6482,1
2010-04-04T18:00:00Z,-0.0618,1
2010-04-04T19:00:00Z,-0.7718,1
2010-04-04T20:00:00Z,-1.2518,1
2010-04-04T21:00:00Z,-1.3818,1
2010-04-04T22:00:00Z,-1.1318,1
2010-04-04T23:00:00Z,-0.6518,1
2010-04-05T00:00:00Z,-0.0618,1
2010-04-05T01:00:00Z,0.4982,1
2010-04-05T02:00:00Z,0.9782,1
2010-04-05T03:00:00Z,1.2682,1
2010-04-05T04:00:00Z,1.2582,1
2010-04-05T05:00:00Z,0.9282,1
2010-04-05T06:00:00Z,0.3482,1
2010-04-05T07:00:00Z,-0.2918,1
2010-04-05T08:00:00Z,-0.8518,1
2010-04-05T09:00:00Z,-1.1318,1
2010-04-05T10:00:00Z,-1.0818,1
2010-04-05T11:00:00Z,-0.7618,1
2010-04-05T12:00:00Z,-0.3018,1
2010-04-05T13:00:00Z,0.1982,1
2010-04-05T14:00:00Z,0.6482,1
2010-04-05T15:00:00Z,1.0482,1
2010-04-05T16:00:00Z,1.1882,1
2010-04-05T17:00:00Z,1.0682,1
2010-04-05T18:00:00Z,0.6382,1
2010-04-05T19:00:00Z,0.0982,1
2010-04-05T20:00:00Z,-0.4418,1
2010-04-05T21:00:00Z,-0.7818,1
2010-04-05T22:00:00Z,-0.8818,1
2010-04-05T23:00:00Z,-0.6618,1
2010-04-06T00:00:00Z,-0.2218,1
2010-04-06T01:00:00Z,0.2582,1
2010-04-06T02:00:00Z,0.7182,1
2010-04-06T03:00:00Z,1.0782,1
2010-04-06T04:00:00Z,1.2682,1
2010-04-06T05:00:00Z,1.2082,1
2010-04-06T06:00:00Z,0.8682,1
2010-04-06T07:00:00Z,0.3482,1
2010-04-06T08:00:00Z,-0.2718,1
2010-04-06T09:00:00Z,-0.8018,1
2010-04-06T10:00:00Z,-1.0718,1
2010-04-06T11:00:00Z,-1.0618,1
2010-04-06T12:00:00Z,-0.8418,1
2010-04-06T13:00:00Z,-0.4918,1
2010-04-06T14:00:00Z,-0.0718,1
2010-04-06T15:00:00Z,0.3582,1
2010-04-06T16:00:00Z,0.7182,1
2010-04-06T17:00:00Z,0.8682,1
2010-04-06T18:00:00Z,0.8482,1
2010-04-06T19:00:00Z,0.5682,1
2010-04-06T20:00:00Z,0.1482,1
2010-04-06T21:00:00Z,-0.3418,1
2010-04-06T22:00:00Z,-0.7118,1
2010-04-06T23:00:00Z,-0.8318,1
2010-04-07T00:00:00Z,-0.7418,1
2010-04-07T01:00:00Z,-0.4418,1
2010-04-07T02:00:00Z,-0.1018,1
2010-04-07T03:00:00Z,0.2482,1
2010-04-07T04:00:00Z,0.5782,1
2010-04-07T05:00:00Z,0.7982,1
2010-04-07T06:00:00Z,0.8182,1
2010-04-07T07:00:00Z,0.6082,1
2010-04-07T08:00:00Z,0.1682,1
2010-04-07T09:00:00Z,-0.3618,1
2010-04-07T10:00:00Z,-0.8618,1
2010-04-07T11:00:00Z,-1.1717,1
2010-04-07T12:00:00Z,-1.2717,1
2010-04-07T13:00:00Z,-1.1417,1
2010-04-07T14:00:00Z,-0.8917,1
2010-04-07T15:00:00Z,-0.5617,1
2010-04-07T16:00:00Z,-0.1817,1
2010-04-07T17:00:00Z,0.1983,1
2010-04-07T18:00:00Z,0.4883,1
2010-04-07T19:00:00Z,0.5683,1
2010-04-07T20:00:00Z,0.4083,1
2010-04-07T21:00:00Z,0.0983,1
2010-04-07T22:00:00Z,-0.3217,1
2010-04-07T23:00:00Z,-0.6617,1
2010-04-08T00:00:00Z,-0.8517,1
2010-04-08T01:00:00Z,-0.8117,1
2010-04-08T02:00:00Z,-0.6217,1
2010-04-08T03:00:00Z,-0.3317,1
2010-04-08T04:00:00Z,0.0283,1
2010-04-08T05:00:00Z,0.3583,1
2010-04-08T06:00:00Z,0.6183,1
2010-04-08T07:00:00Z,0.7383,1
2010-04-08T08:00:00Z,0.5983,1
2010-04-08T09:00:00Z,0.2683,1
2010-04-08T10:00:00Z,-0.2317,1
2010-04-08T11:00:00Z,-0.7317,1
2010-04-08T12:00:00Z,-1.1217,1
2010-04-08T13:00:00Z,-1.2817,1
2010-04-08T14:00:00Z,-1.2217,1
2010-04-08T15:00:00Z,-1.0017,1
2010-04-08T16:00:00Z,-0.7017,1
2010-04-08T17:00:00Z,-0.3117,1
2010-04-08T18:00:00Z,0.0983,1
2010-04-08T19:00:00Z,0.4483,1
2010-04-08T20:00:00Z,0.5983,1
2010-04-08T21:00:00Z,0.4983,1
2010-04-08T22:00:00Z,0.1883,1
2010-04-08T23:00:00Z,-0.2517,1
2010-04-09T00:00:00Z,-0.6617,1
2010-04-09T01:00:00Z,-0.9917,1
2010-04-09T02:00:00Z,-1.0217,1
2010-04-09T03:00:00Z,-0.8417,1
2010-04-09T04:00:00Z,-0.5117,1
2010-04-09T05:00:00Z,-0.1017,1
2010-04-09T06:00:00Z,0.2883,1
2010-04-09T07:00:00Z,0.5983,1
2010-04-09T08:00:00Z,0.7683,1
2010-04-09T09:00:00Z,0.7083,1
2010-04-09T10:00:00Z,0.3883,1
2010-04-09T11:00:00Z,-0.1117,1
2010-04-09T12:00:00Z,-0.6617,1
2010-04-09T13:00:00Z,-1.1517,1
2010-04-09T14:00:00Z,-1.3717,1
2010-04-09T15:00:00Z,-1.3617,1
2010-04-09T16:00:00Z,-1.1317,1
2010-04-09T17:00:00Z,-0.7117,1
2010-04-09T18:00:00Z,-0.2517,1
2010-04-09T19:00:00Z,0.1983,1
2010-04-09T20:00:00Z,0.5783,1
2010-04-09T21:00:00Z,0.7283,1
2010-04-09T22:00:00Z,0.5883,1
2010-04-09T23:00:00Z,0.1883,1
2010-04-10T00:00:00Z,-0.3317,1
2010-04-10T01:00:00Z,-0.8317,1
2010-04-10T02:00:00Z,-1.1617,1
2010-04-10T03:00:00Z,-1.2017,1
2010-04-10T04:00:00Z,-0.9817,1
2010-04-10T05:00:00Z,-0.5317,1
2010-04-10T06:00:00Z,-0.0617,1
2010-04-10T07:00:00Z,0.4083,1
2010-04-10T08:00:00Z,0.7583,1
2010-04-10T09:00:00Z,0.9083,1
2010-04-10T10:00:00Z,0.7883,1
2010-04-10T11:00:00Z,0.3783,1
2010-04-10T12:00:00Z,-0.2417,1
2010-04-10T13:00:00Z,-0.8817,1
2010-04-10T14:00:00Z,-1.4017,1
2010-04-10T15:00:00Z,-1.6017,1
2010-04-10T16:00:00Z,-1.5017,1
2010-04-10T17:00:00Z,-1.0917,1
2010-04-10T18:00:00Z,-0.5817,1
2010-04-10T19:00:00Z,-0.0217,1
2010-04-10T20:00:00Z,0.4583,1
2010-04-10T21:00:00Z,0.7983,1
2010-04-10T22:00:00Z,0.8583,1
2010-04-10T23:00:00Z,0.5983,1
2010-04-11T00:00:00Z,0.0483,1
2010-04-11T01:00:00Z,-0.5817,1
2010-04-11T02:00:00Z,-1.1517,1
2010-04-11T03:00:00Z,-1.4217,1
2010-04-11T04:00:00Z,-1.3617,1
2010-04-11T05:00:00Z,-1.0017,1
2010-04-11T06:00:00Z,-0.4217,1
2010-04-11T07:00:00Z,0.1683,1
2010-04-11T08:00:00Z,0.6483,1
2010-04-11T09:00:00Z,0.9583,1
2010-04-11T10:00:00Z,1.0183,1
2010-04-11T11:00:00Z,0.7883,1
2010-04-11T12:00:00Z,0.1983,1
2010-04-11T13:00:00Z,-0.5317,1
2010-04-11T14:00:00Z,-1.2517,1
2010-04-11T15:00:00Z,-1.6717,1
2010-04-11T16:00:00Z,-1.7517,1
2010-04-11T17:00:00Z,-1.4817,1
2010-04-11T18:00:00Z,-0.9617,1
2010-04-11T19:00:00Z,-0.3417,1
2010-04-11T20:00:00Z,0.2483,1
2010-04-11T21:00:00Z,0.7283,1
2010-04-11T22:00:00Z,0.9683,1
2010-04-11T23:00:00Z,0.8583,1
2010-04-12T00:00:00Z,0.4083,1
2010-04-12T01:00:00Z,-0.3217,1
2010-04-12T02:00:00Z,-1.0217,1
2010-04-12T03:00:00Z,-1.5417,1
2010-04-12T04:00:00Z,-1.6717,1
2010-04-12T05:00:00Z,-1.4117,1
2010-04-12T06:00:00Z,-0.8317,1
2010-04-12T07:00:00Z,-0.1917,1
2010-04-12T08:00:00Z,0.4383,1
2010-04-12T09:00:00Z,0.9183,1
2010-04-12T10:00:00Z,1.1583,1
2010-04-12T11:00:00Z,1.0883,1
2010-04-12T12:00:00Z,0.6183,1
2010-04-12T13:00:00Z,-0.1317,1
2010-04-12T14:00:00Z,-0.9817,1
2010-04-12T15:00:00Z,-1.6617,1
2010-04-12T16:00:00Z,-1.9517,1
2010-04-12T17:00:00Z,-1.8017,1
2010-04-12T18:00:00Z,-1.3217,1
2010-04-12T19:00:00Z,-0.6617,1
2010-04-12T20:00:00Z,0.0383,1
2010-04-12T21:00:00Z,0.5983,1
2010-04-12T22:00:00Z,1.0083,1
2010-04-12T23:00:00Z,1.0583,1
2010-04-13T00:00:00Z,0.7583,1
2010-04-13T01:00:00Z,0.0983,1
2010-04-13T02:00:00Z,-0.7317,1
2010-04-13T03:00:00Z,-1.4617,1
2010-04-13T04:00:00Z,-1.8217,1
2010-04-13T05:00:00Z,-1.7517,1
2010-04-13T06:00:00Z,-1.2617,1
2010-04-13T07:00:00Z,-0.5717,1
2010-04-13T08:00:00Z,0.1683,1
2010-04-13T09:00:00Z,0.7683,1
2010-04-13T10:00:00Z,1.1683,1
2010-04-13T11:00:00Z,1.2883,1
2010-04-13T12:00:00Z,0.9983,1
2010-04-13T13:00:00Z,0.3483,1
2010-04-13T14:00:00Z,-0.5317,1
2010-04-13T15:00:00Z,-1.3917,1
2010-04-13T16:00:00Z,-1.9017,1
2010-04-13T17:00:00Z,-1.9917,1
2010-04-13T18:00:00Z,-1.6217,1
2010-04-13T19:00:00Z,-0.9817,1
2010-04-13T20:00:00Z,-0.2417,1
2010-04-13T21:00:00Z,0.4283,1
2010-04-13T22:00:00Z,0.9383,1
2010-04-13T23:00:00Z,1.1983,1
2010-04-14T00:00:00Z,1.0583,1
2010-04-14T01:00:00Z,0.5383,1
2010-04-14T02:00:00Z,-0.2917,1
2010-04-14T03:00:00Z,-1.1817,1
2010-04-14T04:00:00Z,-1.7917,1
2010-04-14T05:00:00Z,-1.9517,1
2010-04-14T06:00:00Z,-1.6517,1
2010-04-14T07:00:00Z,-0.9717,1
2010-04-14T08:00:00Z,-0.1717,1
2010-04-14T09:00:00Z,0.5283,1
2010-04-14T10:00:00Z,1.0583,1
2010-04-14T11:00:00Z,1.3383,1
2010-04-14T12:00:00Z,1.2583,1
2010-04-14T13:00:00Z,0.7783,1
2010-04-14T14:00:00Z,-0.0617,1
2010-04-14T15:00:00Z,-1.0117,1
2010-04-14T16:00:00Z,-1.7717,1
2010-04-14T17:00:00Z,-2.0517,1
2010-04-14T18:00:00Z,-1.8817,1
2010-04-14T19:00:00Z,-1.3117,1
2010-04-14T20:00:00Z,-0.5417,1
2010-04-14T21:00:00Z,0.2283,1
2010-04-14T22:00:00Z,0.8183,1
2010-04-14T23:00:00Z,1.2383,1
2010-04-15T00:00:00Z,1.2883,1
2010-04-15T01:00:00Z,0.9383,1
2010-04-15T02:00:00Z,0.1883,1
2010-04-15T03:00:00Z,-0.7417,1
2010-04-15T04:00:00Z,-1.5817,1
2010-04-15T05:00:00Z,-2.0017,1
2010-04-15T06:00:00Z,-1.9317,1
2010-04-15T07:00:00Z,-1.4217,1
2010-04-15T08:00:00Z,-0.6317,1
2010-04-15T09:00:00Z,0.1583,1
2010-04-15T10:00:00Z,0.8083,1
2010-04-15T11:00:00Z,1.2583,1
2010-04-15T12:00:00Z,1.3683,1
2010-04-15T13:00:00Z,1.0783,1
2010-04-15T14:00:00Z,0.3983,1
2010-04-15T15:00:00Z,-0.5517,1
2010-04-15T16:00:00Z,-1.4617,1
2010-04-15T17:00:00Z,-2.0217,1
2010-04-15T18:00:00Z,-2.0817,1
2010-04-15T19:00:00Z,-1.6817,1
2010-04-15T20:00:00Z,-0.9617,1
2010-04-15T21:00:00Z,-0.1617,1
2010-04-15T22:00:00Z,0.5183,1
2010-04-15T23:00:00Z,1.0383,1
2010-04-16T00:00:00Z,1.2883,1
2010-04-16T01:00:00Z,1.1383,1
2010-04-16T02:00:00Z,0.5883,1
2010-04-16T03:00:00Z,-0.2917,1
2010-04-16T04:00:00Z,-1.2217,1
2010-04-16T05:00:00Z,-1.9017,1
2010-04-16T06:00:00Z,-2.0917,1
2010-04-16T07:00:00Z,-1.8017,1
2010-04-16T08:00:00Z,-1.1217,1
2010-04-16T09:00:00Z,-0.2817,1
2010-04-16T10:00:00Z,0.4784,1
2010-04-16T11:00:00Z,1.0484,1
2010-04-16T12:00:00Z,1.3684,1
2010-04-16T13:00:00Z,1.3184,1
2010-04-16T14:00:00Z,0.8384,1
2010-04-16T15:00:00Z,0.0084,1
2010-04-16T16:00:00Z,-0.9516,1
2010-04-16T17:00:00Z,-1.7116,1
2010-04-16T18:00:00Z,-2.0516,1
2010-04-16T19:00:00Z,-1.9116,1
2010-04-16T20:00:00Z,-1.3316,1
2010-04-16T21:00:00Z,-0.5316,1
2010-04-16T22:00:00Z,0.2284,1
2010-04-16T23:00:00Z,0.8484,1
2010-04-17T00:00:00Z,1.2984,1
2010-04-17T01:00:00Z,1.3784,1
2010-04-17T02:00:00Z,1.0584,1
2010-04-17T03:00:00Z,0.3484,1
2010-04-17T04:00:00Z,-0.5916,1
2010-04-17T05:00:00Z,-1.4516,1
2010-04-17T06:00:00Z,-1.9416,1
2010-04-17T07:00:00Z,-1.9416,1
2010-04-17T08:00:00Z,-1.4916,1
2010-04-17T09:00:00Z,-0.7316,1
2010-04-17T10:00:00Z,0.0784,1
2010-04-17T11:00:00Z,0.7584,1
2010-04-17T12:00:00Z,1.2484,1
2010-04-17T13:00:00Z,1.4384,1
2010-04-17T14:00:00Z,1.2184,1
2010-04-17T15:00:00Z,0.6384,1
2010-04-17T16:00:00Z,-0.2416,1
2010-04-17T17:00:00Z,-1.1316,1
2010-04-17T18:00:00Z,-1.7016,1
2010-04-17T19:00:00Z,-1.8516,1
2010-04-17T20:00:00Z,-1.5116,1
2010-04-17T21:00:00Z,-0.8316,1
2010-04-17T22:00:00Z,-0.0716,1
2010-04-17T23:00:00Z,0.6184,1
2010-04-18T00:00:00Z,1.1784,1
2010-04-18T01:00:00Z,1.4784,1
2010-04-18T02:00:00Z,1.4184,1
2010-04-18T03:00:00Z,0.9384,1
2010-04-18T04:00:00Z,0.1384,1
2010-04-18T05:00:00Z,-0.7816,1
2010-04-18T06:00:00Z,-1.5216,1
2010-04-18T07:00:00Z,-1.8416,1
2010-04-18T08:00:00Z,-1.7016,1
2010-04-18T09:00:00Z,-1.1616,1
2010-04-18T10:00:00Z,-0.4316,1
2010-04-18T11:00:00Z,0.2984,1
2010-04-18T12:00:00Z,0.8884,1
2010-04-18T13:00:00Z,1.2884,1
2010-04-18T14:00:00Z,1.3584,1
2010-04-18T15:00:00Z,1.0284,1
2010-04-18T16:00:00Z,0.3584,1
2010-04-18T17:00:00Z,-0.4916,1
2010-04-18T18:00:00Z,-1.2816,1
2010-04-18T19:00:00Z,-1.6916,1
2010-04-18T20:00:00Z,-1.6716,1
2010-04-18T21:00:00Z,-1.2516,1
2010-04-18T22:00:00Z,-0.5716,1
2010-04-18T23:00:00Z,0.1284,1
2010-04-19T00:00:00Z,0.7284,1
2010-04-19T01:00:00Z,1.1984,1
2010-04-19T02:00:00Z,1.3984,1
2010-04-19T03:00:00Z,1.2384,1
2010-04-19T04:00:00Z,0.6784,1
2010-04-19T05:00:00Z,-0.1316,1
2010-04-19T06:00:00Z,-0.9816,1
2010-04-19T07:00:00Z,-1.5916,1
2010-04-19T08:00:00Z,-1.7916,1
2010-04-19T09:00:00Z,-1.5616,1
2010-04-19T10:00:00Z,-1.0116,1
2010-04-19T11:00:00Z,-0.3216,1
2010-04-19T12:00:00Z,0.3184,1
2010-04-19T13:00:00Z,0.8384,1
2010-04-19T14:00:00Z,1.1784,1
2010-04-19T15:00:00Z,1.1684,1
2010-04-19T16:00:00Z,0.8284,1
2010-04-19T17:00:00Z,0.1484,1
2010-04-19T18:00:00Z,-0.6316,1
2010-04-19T19:00:00Z,-1.2816,1
2010-04-19T20:00:00Z,-1.5516,1
2010-04-19T21:00:00Z,-1.4616,1
2010-04-19T22:00:00Z,-0.9916,1
2010-04-19T23:00:00Z,-0.3816,1
2010-04-20T00:00:00Z,0.2584,1
2010-04-20T02:00:00Z,1.1984,1
2010-04-20T03:00:00Z,1.3384,1
2010-04-20T04:00:00Z,1.1284,1
2010-04-20T05:00:00Z,0.5684,1
2010-04-20T06:00:00Z,-0.2116,1
2010-04-20T07:00:00Z,-0.9916,1
2010-04-20T08:00:00Z,-1.5116,1
2010-04-20T09:00:00Z,-1.6716,1
2010-04-20T10:00:00Z,-1.4416,1
2010-04-20T11:00:00Z,-0.9316,1
2010-04-20T12:00:00Z,-0.3216,1
2010-04-20T13:00:00Z,0.2584,1
2010-04-20T14:00:00Z,0.7384,1
2010-04-20T15:00:00Z,1.0384,1
2010-04-20T16:00:00Z,1.0284,1
2010-04-20T17:00:00Z,0.6784,1
2010-04-20T18:00:00Z,0.0884,1
2010-04-20T19:00:00Z,-0.5916,1
2010-04-20T20:00:00Z,-1.1416,1
2010-04-20T21:00:00Z,-1.3816,1
2010-04-20T22:00:00Z,-1.2516,1
2010-04-20T23:00:00Z,-0.8616,1
2010-04-21T00:00:00Z,-0.3516,1
2010-04-21T01:00:00Z,0.1984,1
2010-04-21T02:00:00Z,0.6984,1
2010-04-21T03:00:00Z,1.0384,1
2010-04-21T04:00:00Z,1.1684,1
2010-04-21T05:00:00Z,0.9684,1
2010-04-21T06:00:00Z,0.4484,1
2010-04-21T07:00:00Z,-0.2416,1
2010-04-21T08:00:00Z,-0.9616,1
2010-04-21T09:00:00Z,-1.4316,1
2010-04-21T10:00:00Z,-1.5716,1
2010-04-21T11:00:00Z,-1.3916,1
2010-04-21T12:00:00Z,-0.9616,1
2010-04-21T13:00:00Z,-0.4116,1
2010-04-21T14:00:00Z,0.1284,1
2010-04-21T15:00:00Z,0.6084,1
2010-04-21T16:00:00Z,0.9284,1
2010-04-21T17:00:00Z,0.9884,1
2010-04-21T18:00:00Z,0.7184,1
2010-04-21T19:00:00Z,0.1884,1
2010-04-21T20:00:00Z,-0.4616,1
2010-04-21T21:00:00Z,-0.9916,1
2010-04-21T23:00:00Z,-1.2116,1
2010-04-22T00:00:00Z,-0.8816,1
2010-04-22T01:00:00Z,-0.4716,1
2010-04-22T02:00:00Z,0.0584,1
2010-04-22T03:00:00Z,0.5284,1
2010-04-22T04:00:00Z,0.9384,1
2010-04-22T05:00:00Z,1.1484,1
2010-04-22T06:00:00Z,1.0684,1
2010-04-22T07:00:00Z,0.6484,1
2010-04-22T08:00:00Z,0.0084,1
2010-04-22T09:00:00Z,-0.6616,1
2010-04-22T10:00:00Z,-1.2016,1
2010-04-22T11:00:00Z,-1.4416,1
2010-04-22T12:00:00Z,-1.3616,1
2010-04-22T13:00:00Z,-1.0316,1
2010-04-22T14:00:00Z,-0.5716,1
2010-04-22T15:00:00Z,-0.0216,1
2010-04-22T16:00:00Z,0.4784,1
2010-04-22T17:00:00Z,0.8784,1
2010-04-22T18:00:00Z,1.0284,1
2010-04-22T19:00:00Z,0.8884,1
2010-04-22T20:00:00Z,0.4484,1
2010-04-22T21:00:00Z,-0.1316,1
2010-04-22T22:00:00Z,-0.6716,1
2010-04-22T23:00:00Z,-1.0216,1
2010-04-23T00:00:00Z,-1.1016,1
2010-04-23T01:00:00Z,-0.9016,1
2010-04-23T02:00:00Z,-0.5316,1
2010-04-23T03:00:00Z,-0.0216,1
2010-04-23T04:00:00Z,0.4584,1
2010-04-23T05:00:00Z,0.9084,1
2010-04-23T06:00:00Z,1.1684,1
2010-04-23T07:00:00Z,1.1684,1
2010-04-23T08:00:00Z,0.8284,1
2010-04-23T09:00:00Z,0.2384,1
2010-04-23T10:00:00Z,-0.4616,1
2010-04-23T11:00:00Z,-1.0716,1
2010-04-23T12:00:00Z,-1.4516,1
2010-04-23T13:00:00Z,-1.4716,1
2010-04-23T14:00:00Z,-1.2016,1
2010-04-23T15:00:00Z,-0.7116,1
2010-04-23T16:00:00Z,-0.1516,1
2010-04-23T17:00:00Z,0.3984,1
2010-04-23T18:00:00Z,0.8884,1
2010-04-23T19:00:00Z,1.1684,1
2010-04-23T20:00:00Z,1.1284,1
2010-04-23T21:00:00Z,0.7384,1
2010-04-23T22:00:00Z,0.1484,1
2010-04-23T23:00:00Z,-0.4716,1
2010-04-24T00:00:00Z,-0.9516,1
2010-04-24T01:00:00Z,-1.1216,1
2010-04-24T02:00:00Z,-1.0216,1
2010-04-24T03:00:00Z,-0.6316,1
2010-04-24T04:00:00Z,-0.1116,1
2010-04-24T05:00:00Z,0.4484,1
2010-04-24T06:00:00Z,0.9584,1
2010-04-24T07:00:00Z,1.2984,1
2010-04-24T08:00:00Z,1.3584,1
2010-04-24T09:00:00Z,1.0384,1
2010-04-24T10:00:00Z,0.4084,1
2010-04-24T11:00:00Z,-0.3816,1
2010-04-24T12:00:00Z,-1.1116,1
2010-04-24T13:00:00Z,-1.5816,1
2010-04-24T14:00:00Z,-1.6916,1
2010-04-24T15:00:00Z,-1.4216,1
2010-04-24T16:00:00Z,-0.9116,1
2010-04-24T17:00:00Z,-0.2416,1
2010-04-24T18:00:00Z,0.3984,1
2010-04-24T19:00:00Z,0.9684,1
2010-04-24T20:00:00Z,1.2884,1
2010-04-24T21:00:00Z,1.2884,1
2010-04-24T22:00:00Z,0.8784,1
2010-04-24T23:00:00Z,0.2084,1
2010-04-25T00:00:00Z,-0.5316,1
2010-04-25T01:00:00Z,-1.0816,1
2010-04-25T02:00:00Z,-1.3016,1
2010-04-25T03:00:00Z,-1.1516,1
2010-04-25T04:00:00Z,-0.7116,1
2010-04-25T05:00:00Z,-0.1016,1
2010-04-25T06:00:00Z,0.5384,1
2010-04-25T07:00:00Z,1.0884,1
2010-04-25T08:00:00Z,1.4885,1
2010-04-25T09:00:00Z,1.5385,1
2010-04-25T10:00:00Z,1.1885,1
2010-04-25T11:00:00Z,0.4585,1
2010-04-25T12:00:00Z,-0.4415,1
2010-04-25T13:00:00Z,-1.2915,1
2010-04-25T14:00:00Z,-1.8015,1
2010-04-25T15:00:00Z,-1.8615,1
2010-04-25T16:00:00Z,-1.5115,1
2010-04-25T17:00:00Z,-0.8615,1
2010-04-25T18:00:00Z,-0.1015,1
2010-04-25T19:00:00Z,0.5985,1
2010-04-25T20:00:00Z,1.1785,1
2010-04-25T21:00:00Z,1.4485,1
2010-04-25T22:00:00Z,1.3485,1
2010-04-25T23:00:00Z,0.8085,1
2010-04-26T00:00:00Z,-0.0215,1
2010-04-26T01:00:00Z,-0.8815,1
2010-04-26T02:00:00Z,-1.4915,1
2010-04-26T03:00:00Z,-1.6915,1
2010-04-26T04:00:00Z,-1.4715,1
2010-04-26T05:00:00Z,-0.8815,1
2010-04-26T06:00:00Z,-0.1615,1
2010-04-26T07:00:00Z,0.5385,1
2010-04-26T08:00:00Z,1.1585,1
2010-04-26T09:00:00Z,1.5185,1
2010-04-26T10:00:00Z,1.5385,1
2010-04-26T11:00:00Z,1.1185,1
2010-04-26T12:00:00Z,0.2785,1
2010-04-26T13:00:00Z,-0.7215,1
2010-04-26T14:00:00Z,-1.6015,1
2010-04-26T15:00:00Z,-2.0815,1
2010-04-26T16:00:00Z,-2.0615,1
2010-04-26T17:00:00Z,-1.5515,1
2010-04-26T18:00:00Z,-0.8015,1
2010-04-26T19:00:00Z,0.0485,1
2010-04-26T20:00:00Z,0.7585,1
2010-04-26T21:00:00Z,1.2885,1
2010-04-26T22:00:00Z,1.4785,1
2010-04-26T23:00:00Z,1.2385,1
2010-04-27T01:00:00Z,-0.3415,1
2010-04-27T02:00:00Z,-1.2515,1
2010-04-27T03:00:00Z,-1.8315,1
2010-04-27T04:00:00Z,-1.8915,1
2010-04-27T05:00:00Z,-1.5115,1
2010-04-27T06:00:00Z,-0.8015,1
2010-04-27T07:00:00Z,0.0485,1
2010-04-27T08:00:00Z,0.7985,1
2010-04-27T09:00:00Z,1.3985,1
2010-04-27T10:00:00Z,1.6985,1
2010-04-27T11:00:00Z,1.5885,1
2010-04-27T12:00:00Z,1.0185,1
2010-04-27T13:00:00Z,0.0685,1
2010-04-27T14:00:00Z,-0.9915,1
2010-04-27T15:00:00Z,-1.8415,1
2010-04-27T16:00:00Z,-2.2015,1
2010-04-27T17:00:00Z,-2.0315,1
2010-04-27T18:00:00Z,-1.3615,1
2010-04-27T19:00:00Z,-0.4515,1
2010-04-27T20:00:00Z,0.4085,1
2010-04-27T21:00:00Z,1.1485,1
2010-04-27T22:00:00Z,1.5985,1
2010-04-27T23:00:00Z,1.7085,1
2010-04-28T00:00:00Z,1.3185,1
2010-04-28T01:00:00Z,0.5385,1
2010-04-28T02:00:00Z,-0.4915,1
2010-04-28T03:00:00Z,-1.3815,1
2010-04-28T04:00:00Z,-1.8515,1
2010-04-28T05:00:00Z,-1.8115,1
2010-04-28T06:00:00Z,-1.2815,1
2010-04-28T07:00:00Z,-0.4515,1
2010-04-28T08:00:00Z,0.4285,1
2010-04-28T09:00:00Z,1.1385,1
2010-04-28T10:00:00Z,1.6885,1
2010-04-28T11:00:00Z,1.9085,1
2010-04-28T12:00:00Z,1.6585,1
2010-04-28T13:00:00Z,0.9785,1
2010-04-28T14:00:00Z,-0.0515,1
2010-04-28T15:00:00Z,-1.1315,1
2010-04-28T16:00:00Z,-1.8615,1
2010-04-28T17:00:00Z,-2.0715,1
2010-04-28T18:00:00Z,-1.6815,1
2010-04-28T19:00:00Z,-0.9115,1
2010-04-28T20:00:00Z,0.0185,1
2010-04-28T21:00:00Z,0.8585,1
2010-04-28T22:00:00Z,1.4985,1
2010-04-28T23:00:00Z,1.8485,1
2010-04-29T00:00:00Z,1.7585,1
2010-04-29T01:00:00Z,1.2285,1
2010-04-29T02:00:00Z,0.3085,1
2010-04-29T03:00:00Z,-0.7715,1
2010-04-29T05:00:00Z,-1.9915,1
2010-04-29T06:00:00Z,-1.7815,1
2010-04-29T07:00:00Z,-1.1515,1
2010-04-29T08:00:00Z,-0.2715,1
2010-04-29T09:00:00Z,0.5485,1
2010-04-29T10:00:00Z,1.2385,1
2010-04-29T11:00:00Z,1.6985,1
2010-04-29T12:00:00Z,1.8385,1
2010-04-29T13:00:00Z,1.4585,1
2010-04-29T14:00:00Z,0.6785,1
2010-04-29T15:00:00Z,-0.3715,1
2010-04-29T16:00:00Z,-1.3715,1
2010-04-29T17:00:00Z,-1.9215,1
2010-04-29T18:00:00Z,-1.9315,1
2010-04-29T19:00:00Z,-1.4115,1
2010-04-29T20:00:00Z,-0.5615,1
2010-04-29T21:00:00Z,0.3385,1
2010-04-29T22:00:00Z,1.0785,1
2010-04-29T23:00:00Z,1.6085,1
2010-04-30T00:00:00Z,1.8485,1
2010-04-30T01:00:00Z,1.6185,1
2010-04-30T02:00:00Z,0.9785,1
2010-04-30T03:00:00Z,-0.0315,1
2010-04-30T04:00:00Z,-1.0615,1
2010-04-30T05:00:00Z,-1.7615,1
2010-04-30T06:00:00Z,-1.9515,1
2010-04-30T07:00:00Z,-1.6315,1
2010-04-30T08:00:00Z,-0.9015,1
2010-04-30T09:00:00Z,-0.0415,1
2010-04-30T10:00:00Z,0.7285,1
2010-04-30T11:00:00Z,1.3485,1
2010-04-30T12:00:00Z,1.7485,1
2010-04-30T13:00:00Z,1.7585,1
2010-04-30T14:00:00Z,1.3285,1
2010-04-30T15:00:00Z,0.4385,1
2010-04-30T16:00:00Z,-0.5915,1
2010-04-30T17:00:00Z,-1.4415,1
2010-04-30T18:00:00Z,-1.8115,1
2010-04-30T19:00:00Z,-1.7015,1
2010-04-30T20:00:00Z,-1.0815,1
2010-04-30T21:00:00Z,-0.2415,1
2010-04-30T22:00:00Z,0.5785,1
2010-04-30T23:00:00Z,1.2285,1
2010-05-01T00:00:00Z,1.6485,1
2010-05-01T01:00:00Z,1.7485,1
2010-05-01T02:00:00Z,1.4085,1
2010-05-01T03:00:00Z,0.6485,1
2010-05-01T04:00:00Z,-0.3415,1
2010-05-01T05:00:00Z,-1.2915,1
2010-05-01T06:00:00Z,-1.8215,1
2010-05-01T07:00:00Z,-1.8915,1
2010-05-01T08:00:00Z,-1.4815,1
2010-05-01T09:00:00Z,-0.7515,1
2010-05-01T10:00:00Z,0.0485,1
2010-05-01T11:00:00Z,0.7385,1
2010-05-01T12:00:00Z,1.2985,1
2010-05-01T13:00:00Z,1.5885,1
2010-05-01T14:00:00Z,1.4785,1
2010-05-01T15:00:00Z,0.9585,1
2010-05-01T16:00:00Z,0.0785,1
2010-05-01T17:00:00Z,-0.8415,1
2010-05-01T18:00:00Z,-1.5015,1
2010-05-01T19:00:00Z,-1.7015,1
2010-05-01T20:00:00Z,-1.4415,1
2010-05-01T21:00:00Z,-0.7915,1
2010-05-01T22:00:00Z,-0.0315,1
2010-05-01T23:00:00Z,0.6885,1
2010-05-02T00:00:00Z,1.2385,1
2010-05-02T01:00:00Z,1.5585,1
2010-05-02T02:00:00Z,1.5185,1
2010-05-02T03:00:00Z,1.0685,1
2010-05-02T04:00:00Z,0.2585,1
2010-05-02T05:00:00Z,-0.6915,1
2010-05-02T06:00:00Z,-1.4915,1
2010-05-02T07:00:00Z,-1.9015,1
2010-05-02T08:00:00Z,-1.8815,1
2010-05-02T09:00:00Z,-1.3915,1
2010-05-02T10:00:00Z,-0.7315,1
2010-05-02T11:00:00Z,-0.0415,1
2010-05-02T12:00:00Z,0.5485,1
2010-05-02T13:00:00Z,1.0185,1
2010-05-02T14:00:00Z,1.1985,1
2010-05-02T15:00:00Z,1.0185,1
2010-05-02T16:00:00Z,0.4485,1
2010-05-02T17:00:00Z,-0.3415,1
2010-05-02T18:00:00Z,-1.1315,1
2010-05-02T19:00:00Z,-1.6015,1
2010-05-02T20:00:00Z,-1.6615,1
2010-05-02T21:00:00Z,-1.3015,1
2010-05-02T22:00:00Z,-0.6715,1
2010-05-02T23:00:00Z,0.0285,1
2010-05-03T00:00:00Z,0.6285,1
2010-05-03T01:00:00Z,1.0885,1
2010-05-03T02:00:00Z,1.3385,1
2010-05-03T03:00:00Z,1.2285,1
2010-05-03T04:00:00Z,0.7185,1
2010-05-03T05:00:00Z,-0.0715,1
2010-05-03T06:00:00Z,-0.9215,1
2010-05-03T07:00:00Z,-1.5815,1
2010-05-03T08:00:00Z,-1.8615,1
2010-05-03T09:00:00Z,-1.7215,1
2010-05-03T10:00:00Z,-1.2715,1
2010-05-03T11:00:00Z,-0.6615,1
2010-05-03T12:00:00Z,-0.0815,1
2010-05-03T13:00:00Z,0.4385,1
2010-05-03T14:00:00Z,0.8085,1
2010-05-03T15:00:00Z,0.9285,1
2010-05-03T16:00:00Z,0.7185,1
2010-05-03T17:00:00Z,0.1885,1
2010-05-03T18:00:00Z,-0.5015,1
2010-05-03T19:00:00Z,-1.1215,1
2010-05-03T20:00:00Z,-1.4415,1
2010-05-03T21:00:00Z,-1.4115,1
2010-05-03T22:00:00Z,-1.0615,1
2010-05-03T23:00:00Z,-0.4815,1
2010-05-04T00:00:00Z,0.1085,1
2010-05-04T01:00:00Z,0.6385,1
2010-05-04T02:00:00Z,0.9985,1
2010-05-04T03:00:00Z,1.1385,1
2010-05-04T04:00:00Z,0.9685,1
2010-05-04T05:00:00Z,0.4785,1
2010-05-04T06:00:00Z,-0.2414,1
2010-05-04T07:00:00Z,-0.9714,1
2010-05-04T08:00:00Z,-1.5114,1
2010-05-04T09:00:00Z,-1.7014,1
2010-05-04T10:00:00Z,-1.5714,1
2010-05-04T11:00:00Z,-1.1514,1
2010-05-04T12:00:00Z,-0.6314,1
2010-05-04T13:00:00Z,-0.1014,1
2010-05-04T14:00:00Z,0.3386,1
2010-05-04T15:00:00Z,0.6686,1
2010-05-04T16:00:00Z,0.7186,1
2010-05-04T17:00:00Z,0.5086,1
2010-05-04T18:00:00Z,0.0186,1
2010-05-04T19:00:00Z,-0.5614,1
2010-05-04T20:00:00Z,-1.0714,1
2010-05-04T21:00:00Z,-1.3314,1
2010-05-04T22:00:00Z,-1.2814,1
2010-05-04T23:00:00Z,-0.9514,1
2010-05-05T00:00:00Z,-0.4714,1
2010-05-05T01:00:00Z,0.0686,1
2010-05-05T02:00:00Z,0.4986,1
2010-05-05T03:00:00Z,0.8086,1
2010-05-05T05:00:00Z,0.7686,1
2010-05-05T06:00:00Z,0.3286,1
2010-05-05T07:00:00Z,-0.2914,1
2010-05-05T08:00:00Z,-0.9214,1
2010-05-05T09:00:00Z,-1.3914,1
2010-05-05T10:00:00Z,-1.5214,1
2010-05-05T12:00:00Z,-0.9914,1
2010-05-05T13:00:00Z,-0.5414,1
2010-05-05T14:00:00Z,-0.1114,1
2010-05-05T15:00:00Z,0.2686,1
2010-05-05T16:00:00Z,0.5486,1
2010-05-05T17:00:00Z,0.6086,1
2010-05-05T18:00:00Z,0.4286,1
2010-05-05T19:00:00Z,0.0186,1
2010-05-05T20:00:00Z,-0.4814,1
2010-05-05T21:00:00Z,-0.9114,1
2010-05-05T22:00:00Z,-1.1414,1
2010-05-05T23:00:00Z,-1.1014,1
2010-05-06T00:00:00Z,-0.8314,1
2010-05-06T01:00:00Z,-0.4014,1
2010-05-06T02:00:00Z,0.0686,1
2010-05-06T03:00:00Z,0.4386,1
2010-05-06T04:00:00Z,0.7986,1
2010-05-06T05:00:00Z,0.8986,1
2010-05-06T06:00:00Z,0.7886,1
2010-05-06T07:00:00Z,0.3786,1
2010-05-06T08:00:00Z,-0.1814,1
2010-05-06T09:00:00Z,-0.7414,1
2010-05-06T10:00:00Z,-1.1414,1
2010-05-06T11:00:00Z,-1.3014,1
2010-05-06T12:00:00Z,-1.2314,1
2010-05-06T13:00:00Z,-0.9314,1
2010-05-06T14:00:00Z,-0.5914,1
2010-05-06T15:00:00Z,-0.2214,1
2010-05-06T16:00:00Z,0.1486,1
2010-05-06T17:00:00Z,0.4386,1
2010-05-06T18:00:00Z,0.5586,1
2010-05-06T19:00:00Z,0.4186,1
2010-05-06T20:00:00Z,0.0686,1
2010-05-06T21:00:00Z,-0.3614,1
2010-05-06T22:00:00Z,-0.7514,1
2010-05-06T23:00:00Z,-0.9714,1
2010-05-07T00:00:00Z,-0.9514,1
2010-05-07T01:00:00Z,-0.7214,1
2010-05-07T02:00:00Z,-0.3514,1
2010-05-07T03:00:00Z,0.0286,1
2010-05-07T04:00:00Z,0.4086,1
2010-05-07T05:00:00Z,0.7186,1
2010-05-07T06:00:00Z,0.8586,1
2010-05-07T07:00:00Z,0.7286,1
2010-05-07T08:00:00Z,0.3786,1
2010-05-07T09:00:00Z,-0.1514,1
2010-05-07T10:00:00Z,-0.6914,1
2010-05-07T11:00:00Z,-1.1314,1
2010-05-07T12:00:00Z,-1.3414,1
2010-05-07T13:00:00Z,-1.2614,1
2010-05-07T14:00:00Z,-1.0114,1
2010-05-07T15:00:00Z,-0.6414,1
2010-05-07T16:00:00Z,-0.2514,1
2010-05-07T17:00:00Z,0.1686,1
2010-05-07T18:00:00Z,0.4786,1
2010-05-07T19:00:00Z,0.6486,1
2010-05-07T20:00:00Z,0.5586,1
2010-05-07T21:00:00Z,0.2386,1
2010-05-07T22:00:00Z,-0.2014,1
2010-05-07T23:00:00Z,-0.6414,1
2010-05-08T00:00:00Z,-0.9214,1
2010-05-08T01:00:00Z,-0.9514,1
2010-05-08T02:00:00Z,-0.7814,1
2010-05-08T03:00:00Z,-0.4614,1
2010-05-08T04:00:00Z,-0.0614,1
2010-05-08T05:00:00Z,0.3286,1
2010-05-08T06:00:00Z,0.6586,1
2010-05-08T07:00:00Z,0.8386,1
2010-05-08T08:00:00Z,0.7686,1
2010-05-08T09:00:00Z,0.4086,1
2010-05-08T10:00:00Z,-0.0814,1
2010-05-08T11:00:00Z,-0.6514,1
2010-05-08T12:00:00Z,-1.0714,1
2010-05-08T13:00:00Z,-1.3014,1
2010-05-08T14:00:00Z,-1.2614,1
2010-05-08T15:00:00Z,-0.9914,1
2010-05-08T16:00:00Z,-0.6214,1
2010-05-08T17:00:00Z,-0.1814,1
2010-05-08T18:00:00Z,0.2286,1
2010-05-08T19:00:00Z,0.5986,1
2010-05-08T20:00:00Z,0.7686,1
2010-05-08T21:00:00Z,0.6586,1
2010-05-08T22:00:00Z,0.2886,1
2010-05-08T23:00:00Z,-0.2014,1
2010-05-09T00:00:00Z,-0.6814,1
2010-05-09T01:00:00Z,-0.9914,1
2010-05-09T02:00:00Z,-1.0414,1
2010-05-09T03:00:00Z,-0.8214,1
2010-05-09T04:00:00Z,-0.4314,1
2010-05-09T05:00:00Z,0.0386,1
2010-05-09T06:00:00Z,0.4786,1
2010-05-09T07:00:00Z,0.8186,1
2010-05-09T08:00:00Z,0.9986,1
2010-05-09T09:00:00Z,0.9086,1
2010-05-09T10:00:00Z,0.5186,1
2010-05-09T11:00:00Z,-0.0414,1
2010-05-09T12:00:00Z,-0.6714,1
2010-05-09T13:00:00Z,-1.1714,1
2010-05-09T14:00:00Z,-1.3914,1
2010-05-09T15:00:00Z,-1.3314,1
2010-05-09T16:00:00Z,-1.0114,1
2010-05-09T17:00:00Z,-0.5414,1
2010-05-09T18:00:00Z,-0.0214,1
2010-05-09T19:00:00Z,0.4586,1
2010-05-09T20:00:00Z,0.8286,1
2010-05-09T21:00:00Z,0.9486,1
2010-05-09T22:00:00Z,0.7786,1
2010-05-09T23:00:00Z,0.3186,1
2010-05-10T00:00:00Z,-0.2514,1
2010-05-10T01:00:00Z,-0.7914,1
2010-05-10T02:00:00Z,-1.1014,1
2010-05-10T03:00:00Z,-1.1014,1
2010-05-10T04:00:00Z,-0.8114,1
2010-05-10T05:00:00Z,-0.3314,1
2010-05-10T06:00:00Z,0.1986,1
2010-05-10T07:00:00Z,0.6686,1
2010-05-10T08:00:00Z,1.0086,1
2010-05-10T09:00:00Z,1.1386,1
2010-05-10T10:00:00Z,0.9486,1
2010-05-10T11:00:00Z,0.4486,1
2010-05-10T12:00:00Z,-0.2514,1
2010-05-10T13:00:00Z,-0.9414,1
2010-05-10T14:00:00Z,-1.4414,1
2010-05-10T15:00:00Z,-1.5814,1
2010-05-10T16:00:00Z,-1.3914,1
2010-05-10T17:00:00Z,-0.9214,1
2010-05-10T18:00:00Z,-0.3714,1
2010-05-10T19:00:00Z,0.2086,1
2010-05-10T20:00:00Z,0.7086,1
2010-05-10T21:00:00Z,1.0286,1
2010-05-10T22:00:00Z,1.0386,1
2010-05-10T23:00:00Z,0.6886,1
2010-05-11T00:00:00Z,0.0786,1
2010-05-11T01:00:00Z,-0.6214,1
2010-05-11T02:00:00Z,-1.2214,1
2010-05-11T03:00:00Z,-1.4814,1
2010-05-11T04:00:00Z,-1.3514,1
2010-05-11T05:00:00Z,-0.9214,1
2010-05-11T06:00:00Z,-0.3114,1
2010-05-11T07:00:00Z,0.2886,1
2010-05-11T08:00:00Z,0.7786,1
2010-05-11T09:00:00Z,1.1186,1
2010-05-11T10:00:00Z,1.1586,1
2010-05-11T11:00:00Z,0.8586,1
2010-05-11T12:00:00Z,0.2586,1
2010-05-11T13:00:00Z,-0.4914,1
2010-05-11T14:00:00Z,-1.1814,1
2010-05-11T15:00:00Z,-1.5814,1
2010-05-11T16:00:00Z,-1.5814,1
2010-05-11T17:00:00Z,-1.2414,1
2010-05-11T18:00:00Z,-0.6514,1
2010-05-11T19:00:00Z,0.0086,1
2010-05-11T20:00:00Z,0.5886,1
2010-05-11T21:00:00Z,1.0386,1
2010-05-11T22:00:00Z,1.2386,1
2010-05-11T23:00:00Z,1.0986,1
2010-05-12T00:00:00Z,0.5786,1
2010-05-12T01:00:00Z,-0.1614,1
2010-05-12T02:00:00Z,-0.9214,1
2010-05-12T03:00:00Z,-1.4314,1
2010-05-12T04:00:00Z,-1.5614,1
2010-05-12T05:00:00Z,-1.2714,1
2010-05-12T06:00:00Z,-0.6814,1
2010-05-12T07:00:00Z,-0.0014,1
2010-05-12T08:00:00Z,0.6086,1
2010-05-12T09:00:00Z,1.0886,1
2010-05-12T10:00:00Z,1.3286,1
2010-05-12T11:00:00Z,1.1986,1
2010-05-12T12:00:00Z,0.7186,1
2010-05-12T13:00:00Z,-0.0514,1
2010-05-12T14:00:00Z,-0.8914,1
2010-05-12T15:00:00Z,-1.5414,1
2010-05-12T16:00:00Z,-1.8014,1
2010-05-12T17:00:00Z,-1.6114,1
2010-05-12T18:00:00Z,-1.1014,1
2010-05-12T19:00:00Z,-0.4214,1
2010-05-12T20:00:00Z,0.2786,1
2010-05-12T21:00:00Z,0.8686,1
2010-05-12T22:00:00Z,1.2686,1
2010-05-12T23:00:00Z,1.3286,1
2010-05-13T00:00:00Z,0.9786,1
2010-05-13T01:00:00Z,0.2786,1
2010-05-13T02:00:00Z,-0.5714,1
2010-05-13T03:00:00Z,-1.3114,1
2010-05-13T04:00:00Z,-1.6913,1
2010-05-13T05:00:00Z,-1.6213,1
2010-05-13T06:00:00Z,-1.1413,1
2010-05-13T07:00:00Z,-0.4213,1
2010-05-13T08:00:00Z,0.2987,1
2010-05-13T09:00:00Z,0.9087,1
2010-05-13T10:00:00Z,1.3487,1
2010-05-13T11:00:00Z,1.4687,1
2010-05-13T12:00:00Z,1.1887,1
2010-05-13T13:00:00Z,0.5387,1
2010-05-13T14:00:00Z,-0.3413,1
2010-05-13T15:00:00Z,-1.1613,1
2010-05-13T16:00:00Z,-1.6613,1
2010-05-13T17:00:00Z,-1.7313,1
2010-05-13T18:00:00Z,-1.3613,1
2010-05-13T19:00:00Z,-0.6913,1
2010-05-13T20:00:00Z,0.0787,1
2010-05-13T21:00:00Z,0.7787,1
2010-05-13T22:00:00Z,1.3187,1
2010-05-13T23:00:00Z,1.5687,1
2010-05-14T00:00:00Z,1.4387,1
2010-05-14T01:00:00Z,0.9087,1
2010-05-14T02:00:00Z,0.0587,1
2010-05-14T03:00:00Z,-0.8413,1
2010-05-14T04:00:00Z,-1.5113,1
2010-05-14T05:00:00Z,-1.7613,1
2010-05-14T06:00:00Z,-1.5213,1
2010-05-14T07:00:00Z,-0.9013,1
2010-05-14T08:00:00Z,-0.1413,1
2010-05-14T09:00:00Z,0.5687,1
2010-05-14T10:00:00Z,1.1287,1
2010-05-14T11:00:00Z,1.4387,1
2010-05-14T12:00:00Z,1.4087,1
2010-05-14T13:00:00Z,0.9687,1
2010-05-14T14:00:00Z,0.1487,1
2010-05-14T15:00:00Z,-0.7713,1
2010-05-14T16:00:00Z,-1.5313,1
2010-05-14T17:00:00Z,-1.8513,1
2010-05-14T18:00:00Z,-1.7413,1
2010-05-14T19:00:00Z,-1.1813,1
2010-05-14T20:00:00Z,-0.4313,1
2010-05-14T21:00:00Z,0.3387,1
2010-05-14T22:00:00Z,0.9587,1
2010-05-14T23:00:00Z,1.4287,1
2010-05-15T00:00:00Z,1.5287,1
2010-05-15T01:00:00Z,1.1887,1
2010-05-15T02:00:00Z,0.4887,1
2010-05-15T03:00:00Z,-0.4613,1
2010-05-15T04:00:00Z,-1.3613,1
2010-05-15T05:00:00Z,-1.9013,1
2010-05-15T06:00:00Z,-1.9413,1
2010-05-15T07:00:00Z,-1.5113,1
2010-05-15T08:00:00Z,-0.7613,1
2010-05-15T09:00:00Z,0.0287,1
2010-05-15T10:00:00Z,0.6987,1
2010-05-15T11:00:00Z,1.2187,1
2010-05-15T12:00:00Z,1.4487,1
2010-05-15T13:00:00Z,1.2887,1
2010-05-15T14:00:00Z,0.7187,1
2010-05-15T15:00:00Z,-0.1613,1
2010-05-15T16:00:00Z,-1.0613,1
2010-05-15T17:00:00Z,-1.6713,1
2010-05-15T18:00:00Z,-1.8513,1
2010-05-15T19:00:00Z,-1.5413,1
2010-05-15T20:00:00Z,-0.8913,1
2010-05-15T21:00:00Z,-0.1013,1
2010-05-15T22:00:00Z,0.6287,1
2010-05-15T23:00:00Z,1.2187,1
2010-05-16T00:00:00Z,1.5487,1
2010-05-16T01:00:00Z,1.4987,1
2010-05-16T02:00:00Z,1.0287,1
2010-05-16T03:00:00Z,0.2087,1
2010-05-16T04:00:00Z,-0.7613,1
2010-05-16T05:00:00Z,-1.5513,1
2010-05-16T06:00:00Z,-1.9213,1
2010-05-16T07:00:00Z,-1.8113,1
2010-05-16T08:00:00Z,-1.2713,1
2010-05-16T09:00:00Z,-0.4913,1
2010-05-16T10:00:00Z,0.2887,1
2010-05-16T11:00:00Z,0.9287,1
2010-05-16T12:00:00Z,1.3787,1
2010-05-16T13:00:00Z,1.4687,1
2010-05-16T14:00:00Z,1.1587,1
2010-05-16T15:00:00Z,0.4587,1
2010-05-16T16:00:00Z,-0.4613,1
2010-05-16T17:00:00Z,-1.3313,1
2010-05-16T18:00:00Z,-1.8113,1
2010-05-16T19:00:00Z,-1.7813,1
2010-05-16T20:00:00Z,-1.3613,1
2010-05-16T21:00:00Z,-0.6413,1
2010-05-16T22:00:00Z,0.1287,1
2010-05-16T23:00:00Z,0.8087,1
2010-05-17T00:00:00Z,1.3087,1
2010-05-17T01:00:00Z,1.5387,1
2010-05-17T02:00:00Z,1.3787,1
2010-05-17T03:00:00Z,0.8087,1
2010-05-17T04:00:00Z,-0.0913,1
2010-05-17T05:00:00Z,-1.0413,1
2010-05-17T06:00:00Z,-1.7513,1
2010-05-17T07:00:00Z,-2.0213,1
2010-05-17T08:00:00Z,-1.7913,1
2010-05-17T09:00:00Z,-1.1713,1
2010-05-17T10:00:00Z,-0.4013,1
2010-05-17T11:00:00Z,0.3387,1
2010-05-17T12:00:00Z,0.9187,1
2010-05-17T13:00:00Z,1.2887,1
2010-05-17T14:00:00Z,1.3087,1
2010-05-17T15:00:00Z,0.9387,1
2010-05-17T16:00:00Z,0.1787,1
2010-05-17T17:00:00Z,-0.7013,1
2010-05-17T18:00:00Z,-1.4513,1
2010-05-17T19:00:00Z,-1.7613,1
2010-05-17T20:00:00Z,-1.6613,1
2010-05-17T21:00:00Z,-1.1613,1
2010-05-17T22:00:00Z,-0.4613,1
2010-05-17T23:00:00Z,0.2887,1
2010-05-18T00:00:00Z,0.9187,1
2010-05-18T01:00:00Z,1.3587,1
2010-05-18T02:00:00Z,1.5187,1
2010-05-18T03:00:00Z,1.2587,1
2010-05-18T04:00:00Z,0.6187,1
2010-05-18T05:00:00Z,-0.2813,1
2010-05-18T07:00:00Z,-1.8013,1
2010-05-18T08:00:00Z,-1.9813,1
2010-05-18T09:00:00Z,-1.7113,1
2010-05-18T10:00:00Z,-1.1013,1
2010-05-18T11:00:00Z,-0.3613,1
2010-05-18T12:00:00Z,0.3287,1
2010-05-18T13:00:00Z,0.8787,1
2010-05-18T14:00:00Z,1.1987,1
2010-05-18T15:00:00Z,1.1887,1
2010-05-18T16:00:00Z,0.7587,1
2010-05-18T17:00:00Z,0.0287,1
2010-05-18T18:00:00Z,-0.7713,1
2010-05-18T19:00:00Z,-1.4113,1
2010-05-18T20:00:00Z,-1.6613,1
2010-05-18T21:00:00Z,-1.4813,1
2010-05-18T22:00:00Z,-0.9813,1
2010-05-18T23:00:00Z,-0.3013,1
2010-05-19T00:00:00Z,0.3687,1
2010-05-19T01:00:00Z,0.9487,1
2010-05-19T02:00:00Z,1.3587,1
2010-05-19T03:00:00Z,1.4687,1
2010-05-19T04:00:00Z,1.1887,1
2010-05-19T05:00:00Z,0.5287,1
2010-05-19T06:00:00Z,-0.3313,1
2010-05-19T07:00:00Z,-1.1813,1
2010-05-19T08:00:00Z,-1.7213,1
2010-05-19T09:00:00Z,-1.8613,1
2010-05-19T10:00:00Z,-1.5613,1
2010-05-19T11:00:00Z,-1.0213,1
2010-05-19T12:00:00Z,-0.3613,1
2010-05-19T13:00:00Z,0.2787,1
2010-05-19T14:00:00Z,0.7887,1
2010-05-19T15:00:00Z,1.0987,1
2010-05-19T16:00:00Z,1.0587,1
2010-05-19T17:00:00Z,0.6587,1
2010-05-19T18:00:00Z,-0.0213,1
2010-05-19T19:00:00Z,-0.7813,1
2010-05-19T20:00:00Z,-1.3613,1
2010-05-19T21:00:00Z,-1.5713,1
2010-05-19T22:00:00Z,-1.3713,1
2010-05-19T23:00:00Z,-0.9213,1
2010-05-20T00:00:00Z,-0.3113,1
2010-05-20T01:00:00Z,0.3087,1
2010-05-20T02:00:00Z,0.8387,1
2010-05-20T03:00:00Z,1.2387,1
2010-05-20T04:00:00Z,1.3287,1
2010-05-20T05:00:00Z,1.0387,1
2010-05-20T06:00:00Z,0.4087,1
2010-05-20T07:00:00Z,-0.4113,1
2010-05-20T08:00:00Z,-1.2113,1
2010-05-20T09:00:00Z,-1.7413,1
2010-05-20T10:00:00Z,-1.8613,1
2010-05-20T11:00:00Z,-1.6213,1
2010-05-20T12:00:00Z,-1.1113,1
2010-05-20T13:00:00Z,-0.5013,1
2010-05-20T14:00:00Z,0.1187,1
2010-05-20T15:00:00Z,0.6487,1
2010-05-20T16:00:00Z,0.9687,1
2010-05-20T17:00:00Z,0.9687,1
2010-05-20T18:00:00Z,0.6387,1
2010-05-20T19:00:00Z,0.0087,1
2010-05-20T20:00:00Z,-0.6813,1
2010-05-20T21:00:00Z,-1.2313,1
2010-05-20T22:00:00Z,-1.4713,1
2010-05-20T23:00:00Z,-1.3213,1
2010-05-21T00:00:00Z,-0.9413,1
2010-05-21T01:00:00Z,-0.3813,1
2010-05-21T02:00:00Z,0.1887,1
2010-05-21T03:00:00Z,0.6987,1
2010-05-21T04:00:00Z,1.0787,1
2010-05-21T05:00:00Z,1.2187,1
2010-05-21T06:00:00Z,0.9887,1
2010-05-21T07:00:00Z,0.4387,1
2010-05-21T08:00:00Z,-0.3613,1
2010-05-21T09:00:00Z,-1.1313,1
2010-05-21T10:00:00Z,-1.6713,1
2010-05-21T11:00:00Z,-1.8613,1
2010-05-21T12:00:00Z,-1.6513,1
2010-05-21T13:00:00Z,-1.1913,1
2010-05-21T14:00:00Z,-0.6113,1
2010-05-21T15:00:00Z,-0.0113,1
2010-05-21T16:00:00Z,0.5187,1
2010-05-21T17:00:00Z,0.8787,1
2010-05-21T18:00:00Z,0.9487,1
2010-05-21T19:00:00Z,0.6687,1
2010-05-21T20:00:00Z,0.1087,1
2010-05-21T21:00:00Z,-0.5513,1
2010-05-21T22:00:00Z,-1.1213,1
2010-05-21T23:00:00Z,-1.4013,1
2010-05-22T00:00:00Z,-1.3313,1
2010-05-22T01:00:00Z,-0.9913,1
2010-05-22T02:00:00Z,-0.4813,1
2010-05-22T03:00:00Z,0.0888,1
2010-05-22T04:00:00Z,0.6288,1
2010-05-22T05:00:00Z,1.0488,1
2010-05-22T06:00:00Z,1.2288,1
2010-05-22T07:00:00Z,1.0588,1
2010-05-22T08:00:00Z,0.5588,1
2010-05-22T09:00:00Z,-0.1912,1
2010-05-22T11:00:00Z,-1.6012,1
2010-05-22T12:00:00Z,-1.8412,1
2010-05-22T13:00:00Z,-1.7012,1
2010-05-22T14:00:00Z,-1.2912,1
2010-05-22T15:00:00Z,-0.7312,1
2010-05-22T16:00:00Z,-0.1012,1
2010-05-22T17:00:00Z,0.4888,1
2010-05-22T18:00:00Z,0.8988,1
2010-05-22T19:00:00Z,1.0288,1
2010-05-22T20:00:00Z,0.8088,1
2010-05-22T21:00:00Z,0.2888,1
2010-05-22T22:00:00Z,-0.3912,1
2010-05-22T23:00:00Z,-1.0112,1
2010-05-23T00:00:00Z,-1.3612,1
2010-05-23T01:00:00Z,-1.3512,1
2010-05-23T02:00:00Z,-1.0412,1
2010-05-23T03:00:00Z,-0.5512,1
2010-05-23T04:00:00Z,-0.0012,1
2010-05-23T05:00:00Z,0.5588,1
2010-05-23T06:00:00Z,1.0188,1
2010-05-23T07:00:00Z,1.2588,1
2010-05-23T08:00:00Z,1.1488,1
2010-05-23T09:00:00Z,0.6788,1
2010-05-23T10:00:00Z,-0.0712,1
2010-05-23T11:00:00Z,-0.8812,1
2010-05-23T12:00:00Z,-1.5412,1
2010-05-23T13:00:00Z,-1.8412,1
2010-05-23T14:00:00Z,-1.7112,1
2010-05-23T15:00:00Z,-1.2812,1
2010-05-23T16:00:00Z,-0.6612,1
2010-05-23T17:00:00Z,-0.0112,1
2010-05-23T18:00:00Z,0.6088,1
2010-05-23T19:00:00Z,1.0588,1
2010-05-23T20:00:00Z,1.2088,1
2010-05-23T21:00:00Z,0.9888,1
2010-05-23T22:00:00Z,0.4488,1
2010-05-23T23:00:00Z,-0.2812,1
2010-05-24T00:00:00Z,-0.9612,1
2010-05-24T01:00:00Z,-1.3712,1
2010-05-24T02:00:00Z,-1.4212,1
2010-05-24T03:00:00Z,-1.1112,1
2010-05-24T04:00:00Z,-0.5912,1
2010-05-24T05:00:00Z,0.0288,1
2010-05-24T06:00:00Z,0.6188,1
2010-05-24T07:00:00Z,1.0988,1
2010-05-24T08:00:00Z,1.3588,1
2010-05-24T09:00:00Z,1.2488,1
2010-05-24T10:00:00Z,0.7688,1
2010-05-24T11:00:00Z,-0.0212,1
2010-05-24T12:00:00Z,-0.8712,1
2010-05-24T13:00:00Z,-1.5712,1
2010-05-24T14:00:00Z,-1.8812,1
2010-05-24T15:00:00Z,-1.7412,1
2010-05-24T16:00:00Z,-1.2712,1
2010-05-24T17:00:00Z,-0.6112,1
2010-05-24T18:00:00Z,0.0988,1
2010-05-24T19:00:00Z,0.6988,1
2010-05-24T20:00:00Z,1.1488,1
2010-05-24T21:00:00Z,1.2888,1
2010-05-24T22:00:00Z,1.0188,1
2010-05-24T23:00:00Z,0.4188,1
2010-05-25T00:00:00Z,-0.3712,1
2010-05-25T01:00:00Z,-1.0912,1
2010-05-25T02:00:00Z,-1.5512,1
2010-05-25T03:00:00Z,-1.5512,1
2010-05-25T04:00:00Z,-1.1812,1
2010-05-25T05:00:00Z,-0.5912,1
2010-05-25T06:00:00Z,0.0788,1
2010-05-25T07:00:00Z,0.6788,1
2010-05-25T08:00:00Z,1.1888,1
2010-05-25T09:00:00Z,1.4088,1
2010-05-25T10:00:00Z,1.2788,1
2010-05-25T11:00:00Z,0.7488,1
2010-05-25T12:00:00Z,-0.0912,1
2010-05-25T13:00:00Z,-1.0012,1
2010-05-25T14:00:00Z,-1.6812,1
2010-05-25T15:00:00Z,-1.9312,1
2010-05-25T16:00:00Z,-1.7312,1
2010-05-25T17:00:00Z,-1.1512,1
2010-05-25T18:00:00Z,-0.4212,1
2010-05-25T19:00:00Z,0.3288,1
2010-05-25T20:00:00Z,0.9388,1
2010-05-25T21:00:00Z,1.3588,1
2010-05-25T22:00:00Z,1.4088,1
2010-05-25T23:00:00Z,1.0488,1
2010-05-26T00:00:00Z,0.3488,1
2010-05-26T01:00:00Z,-0.5212,1
2010-05-26T02:00:00Z,-1.2912,1
2010-05-26T03:00:00Z,-1.6812,1
2010-05-26T04:00:00Z,-1.6412,1
2010-05-26T05:00:00Z,-1.1912,1
2010-05-26T06:00:00Z,-0.5212,1
2010-05-26T07:00:00Z,0.2288,1
2010-05-26T08:00:00Z,0.8488,1
2010-05-26T09:00:00Z,1.3388,1
2010-05-26T10:00:00Z,1.5388,1
2010-05-26T11:00:00Z,1.3388,1
2010-05-26T12:00:00Z,0.7088,1
2010-05-26T13:00:00Z,-0.1812,1
2010-05-26T14:00:00Z,-1.1012,1
2010-05-26T15:00:00Z,-1.7212,1
2010-05-26T16:00:00Z,-1.8912,1
2010-05-26T17:00:00Z,-1.5712,1
2010-05-26T18:00:00Z,-0.9012,1
2010-05-26T19:00:00Z,-0.1212,1
2010-05-26T20:00:00Z,0.6088,1
2010-05-26T21:00:00Z,1.1888,1
2010-05-26T22:00:00Z,1.5088,1
2010-05-26T23:00:00Z,1.4588,1
2010-05-27T00:00:00Z,0.9888,1
2010-05-27T01:00:00Z,0.1888,1
2010-05-27T02:00:00Z,-0.7312,1
2010-05-27T03:00:00Z,-1.4712,1
2010-05-27T04:00:00Z,-1.8112,1
2010-05-27T05:00:00Z,-1.6412,1
2010-05-27T06:00:00Z,-1.1212,1
2010-05-27T07:00:00Z,-0.3712,1
2010-05-27T08:00:00Z,0.3688,1
2010-05-27T09:00:00Z,1.0188,1
2010-05-27T10:00:00Z,1.4788,1
2010-05-27T11:00:00Z,1.5988,1
2010-05-27T12:00:00Z,1.2888,1
2010-05-27T13:00:00Z,0.6088,1
2010-05-27T14:00:00Z,-0.3212,1
2010-05-27T15:00:00Z,-1.2212,1
2010-05-27T16:00:00Z,-1.7512,1
2010-05-27T17:00:00Z,-1.7612,1
2010-05-27T18:00:00Z,-1.3312,1
2010-05-27T19:00:00Z,-0.5812,1
2010-05-27T20:00:00Z,0.2188,1
2010-05-27T21:00:00Z,0.9288,1
2010-05-27T22:00:00Z,1.4488,1
2010-05-27T23:00:00Z,1.6588,1
2010-05-28T00:00:00Z,1.4788,1
2010-05-28T02:00:00Z,-0.0212,1
2010-05-28T03:00:00Z,-0.9612,1
2010-05-28T04:00:00Z,-1.6512,1
2010-05-28T05:00:00Z,-1.8712,1
2010-05-28T06:00:00Z,-1.6312,1
2010-05-28T07:00:00Z,-1.0312,1
2010-05-28T08:00:00Z,-0.2512,1
2010-05-28T09:00:00Z,0.4788,1
2010-05-28T10:00:00Z,1.0888,1
2010-05-28T11:00:00Z,1.4888,1
2010-05-28T12:00:00Z,1.5188,1
2010-05-28T13:00:00Z,1.1088,1
2010-05-28T14:00:00Z,0.3288,1
2010-05-28T15:00:00Z,-0.6112,1
2010-05-28T16:00:00Z,-1.3912,1
2010-05-28T17:00:00Z,-1.7512,1
2010-05-28T18:00:00Z,-1.6412,1
2010-05-28T19:00:00Z,-1.0912,1
2010-05-28T20:00:00Z,-0.3112,1
2010-05-28T21:00:00Z,0.4888,1
2010-05-28T22:00:00Z,1.1288,1
2010-05-28T23:00:00Z,1.5788,1
2010-05-29T00:00:00Z,1.6788,1
2010-05-29T01:00:00Z,1.3688,1
2010-05-29T02:00:00Z,0.6788,1
2010-05-29T03:00:00Z,-0.2512,1
2010-05-29T04:00:00Z,-1.1512,1
2010-05-29T05:00:00Z,-1.6812,1
2010-05-29T06:00:00Z,-1.7612,1
2010-05-29T07:00:00Z,-1.3812,1
2010-05-29T08:00:00Z,-0.6912,1
2010-05-29T09:00:00Z,0.0788,1
2010-05-29T10:00:00Z,0.7688,1
2010-05-29T11:00:00Z,1.3388,1
2010-05-29T12:00:00Z,1.6488,1
2010-05-29T13:00:00Z,1.5388,1
2010-05-29T14:00:00Z,1.0088,1
2010-05-29T15:00:00Z,0.1588,1
2010-05-29T16:00:00Z,-0.7812,1
2010-05-29T17:00:00Z,-1.4512,1
2010-05-29T18:00:00Z,-1.6812,1
2010-05-29T19:00:00Z,-1.4012,1
2010-05-29T20:00:00Z,-0.7712,1
2010-05-29T21:00:00Z,0.0388,1
2010-05-29T22:00:00Z,0.7688,1
2010-05-29T23:00:00Z,1.3488,1
2010-05-30T00:00:00Z,1.6888,1
2010-05-30T01:00:00Z,1.6688,1
2010-05-30T02:00:00Z,1.2188,1
2010-05-30T03:00:00Z,0.4488,1
2010-05-30T04:00:00Z,-0.5512,1
2010-05-30T05:00:00Z,-1.3812,1
2010-05-30T06:00:00Z,-1.8412,1
2010-05-30T07:00:00Z,-1.8112,1
2010-05-30T08:00:00Z,-1.3512,1
2010-05-30T09:00:00Z,-0.6512,1
2010-05-30T10:00:00Z,0.0788,1
2010-05-30T11:00:00Z,0.6988,1
2010-05-30T12:00:00Z,1.1788,1
2010-05-30T13:00:00Z,1.3788,1
2010-05-30T14:00:00Z,1.1688,1
2010-05-30T15:00:00Z,0.5988,1
2010-05-30T16:00:00Z,-0.2312,1
2010-05-30T17:00:00Z,-1.0512,1
2010-05-30T18:00:00Z,-1.5812,1
2010-05-30T19:00:00Z,-1.6212,1
2010-05-30T20:00:00Z,-1.2512,1
2010-05-30T21:00:00Z,-0.6012,1
2010-05-30T22:00:00Z,0.1888,1
2010-05-30T23:00:00Z,0.8088,1
2010-05-31T00:00:00Z,1.2988,1
2010-05-31T01:00:00Z,1.5389,1
2010-05-31T02:00:00Z,1.3989,1
2010-05-31T03:00:00Z,0.8589,1
2010-05-31T04:00:00Z,0.0189,1
2010-05-31T05:00:00Z,-0.8911,1
2010-05-31T06:00:00Z,-1.6211,1
2010-05-31T07:00:00Z,-1.8811,1
2010-05-31T08:00:00Z,-1.7111,1
2010-05-31T09:00:00Z,-1.2211,1
2010-05-31T10:00:00Z,-0.5411,1
2010-05-31T11:00:00Z,0.1189,1
2010-05-31T12:00:00Z,0.6589,1
2010-05-31T13:00:00Z,1.0889,1
2010-05-31T14:00:00Z,1.1689,1
2010-05-31T15:00:00Z,0.8789,1
2010-05-31T16:00:00Z,0.2389,1
2010-05-31T17:00:00Z,-0.5611,1
2010-05-31T18:00:00Z,-1.2511,1
2010-05-31T19:00:00Z,-1.5311,1
2010-05-31T20:00:00Z,-1.4311,1
2010-05-31T21:00:00Z,-0.9711,1
2010-05-31T22:00:00Z,-0.2911,1
2010-05-31T23:00:00Z,0.4289,1
2010-06-01T00:00:00Z,1.0189,1
2010-06-01T01:00:00Z,1.4189,1
2010-06-01T02:00:00Z,1.5289,1
2010-06-01T03:00:00Z,1.2689,1
2010-06-01T04:00:00Z,0.6489,1
2010-06-01T05:00:00Z,-0.1811,1
2010-06-01T06:00:00Z,-1.0011,1
2010-06-01T07:00:00Z,-1.5211,1
2010-06-01T08:00:00Z,-1.6711,1
2010-06-01T09:00:00Z,-1.4111,1
2010-06-01T10:00:00Z,-0.8811,1
2010-06-01T11:00:00Z,-0.2111,1
2010-06-01T12:00:00Z,0.3289,1
2010-06-01T13:00:00Z,0.8489,1
2010-06-01T14:00:00Z,1.0989,1
2010-06-01T15:00:00Z,1.0789,1
2010-06-01T16:00:00Z,0.6789,1
2010-06-01T17:00:00Z,0.0189,1
2010-06-01T18:00:00Z,-0.7111,1
2010-06-01T19:00:00Z,-1.2811,1
2010-06-01T20:00:00Z,-1.4711,1
2010-06-01T21:00:00Z,-1.2911,1
2010-06-01T22:00:00Z,-0.8011,1
2010-06-01T23:00:00Z,-0.1611,1
2010-06-02T00:00:00Z,0.4689,1
2010-06-02T01:00:00Z,0.9889,1
2010-06-02T02:00:00Z,1.3389,1
2010-06-02T03:00:00Z,1.3389,1
2010-06-02T04:00:00Z,0.9989,1
2010-06-02T05:00:00Z,0.3689,1
2010-06-02T06:00:00Z,-0.4111,1
2010-06-02T07:00:00Z,-1.1411,1
2010-06-02T08:00:00Z,-1.5511,1
2010-06-02T10:00:00Z,-1.2911,1
2010-06-02T11:00:00Z,-0.7911,1
2010-06-02T12:00:00Z,-0.2311,1
2010-06-02T13:00:00Z,0.2789,1
2010-06-02T14:00:00Z,0.6989,1
2010-06-02T15:00:00Z,0.8989,1
2010-06-02T16:00:00Z,0.8089,1
2010-06-02T17:00:00Z,0.3989,1
2010-06-02T18:00:00Z,-0.2111,1
2010-06-02T19:00:00Z,-0.8411,1
2010-06-02T20:00:00Z,-1.2511,1
2010-06-02T21:00:00Z,-1.3211,1
2010-06-02T22:00:00Z,-1.0611,1
2010-06-02T23:00:00Z,-0.5611,1
2010-06-03T00:00:00Z,0.0189,1
2010-06-03T01:00:00Z,0.5689,1
2010-06-03T02:00:00Z,0.9989,1
2010-06-03T03:00:00Z,1.2289,1
2010-06-03T04:00:00Z,1.1489,1
2010-06-03T05:00:00Z,0.7889,1
2010-06-03T06:00:00Z,0.1489,1
2010-06-03T07:00:00Z,-0.5811,1
2010-06-03T08:00:00Z,-1.2111,1
2010-06-03T09:00:00Z,-1.5111,1
2010-06-03T10:00:00Z,-1.4611,1
2010-06-03T11:00:00Z,-1.1211,1
2010-06-03T12:00:00Z,-0.6811,1
2010-06-03T13:00:00Z,-0.1711,1
2010-06-03T14:00:00Z,0.2989,1
2010-06-03T15:00:00Z,0.6689,1
2010-06-03T16:00:00Z,0.8189,1
2010-06-03T17:00:00Z,0.6889,1
2010-06-03T18:00:00Z,0.2889,1
2010-06-03T19:00:00Z,-0.2611,1
2010-06-03T20:00:00Z,-0.8011,1
2010-06-03T21:00:00Z,-1.1111,1
2010-06-03T22:00:00Z,-1.1411,1
2010-06-03T23:00:00Z,-0.8511,1
2010-06-04T00:00:00Z,-0.3611,1
2010-06-04T01:00:00Z,0.1489,1
2010-06-04T02:00:00Z,0.6289,1
2010-06-04T03:00:00Z,0.9889,1
2010-06-04T04:00:00Z,1.1789,1
2010-06-04T05:00:00Z,1.0889,1
2010-06-04T06:00:00Z,0.6789,1
2010-06-04T07:00:00Z,0.0689,1
2010-06-04T08:00:00Z,-0.5711,1
2010-06-04T09:00:00Z,-1.0911,1
2010-06-04T10:00:00Z,-1.3411,1
2010-06-04T11:00:00Z,-1.2611,1
2010-06-04T12:00:00Z,-0.9611,1
2010-06-04T13:00:00Z,-0.5311,1
2010-06-04T14:00:00Z,-0.0811,1
2010-06-04T15:00:00Z,0.3689,1
2010-06-04T16:00:00Z,0.6489,1
2010-06-04T17:00:00Z,0.7789,1
2010-06-04T18:00:00Z,0.6189,1
2010-06-04T19:00:00Z,0.2389,1
2010-06-04T20:00:00Z,-0.2411,1
2010-06-04T21:00:00Z,-0.7011,1
2010-06-04T22:00:00Z,-0.9811,1
2010-06-04T23:00:00Z,-0.9811,1
2010-06-05T00:00:00Z,-0.7211,1
2010-06-05T01:00:00Z,-0.2811,1
2010-06-05T02:00:00Z,0.1789,1
2010-06-05T03:00:00Z,0.5689,1
2010-06-05T04:00:00Z,0.9289,1
2010-06-05T05:00:00Z,1.0289,1
2010-06-05T06:00:00Z,0.8889,1
2010-06-05T07:00:00Z,0.4789,1
2010-06-05T08:00:00Z,-0.1011,1
2010-06-05T09:00:00Z,-0.7111,1
2010-06-05T10:00:00Z,-1.1511,1
2010-06-05T11:00:00Z,-1.3511,1
2010-06-05T12:00:00Z,-1.2611,1
2010-06-05T13:00:00Z,-0.9611,1
2010-06-05T14:00:00Z,-0.5411,1
2010-06-05T15:00:00Z,-0.1111,1
2010-06-05T16:00:00Z,0.2789,1
2010-06-05T17:00:00Z,0.5989,1
2010-06-05T18:00:00Z,0.7389,1
2010-06-05T19:00:00Z,0.5989,1
2010-06-05T20:00:00Z,0.1989,1
2010-06-05T21:00:00Z,-0.2411,1
2010-06-05T22:00:00Z,-0.7211,1
2010-06-05T23:00:00Z,-0.9911,1
2010-06-06T00:00:00Z,-1.0011,1
2010-06-06T01:00:00Z,-0.7411,1
2010-06-06T02:00:00Z,-0.3311,1
2010-06-06T03:00:00Z,0.1089,1
2010-06-06T04:00:00Z,0.5189,1
2010-06-06T05:00:00Z,0.8389,1
2010-06-06T06:00:00Z,0.9589,1
2010-06-06T07:00:00Z,0.8389,1
2010-06-06T08:00:00Z,0.4589,1
2010-06-06T09:00:00Z,-0.1011,1
2010-06-06T10:00:00Z,-0.6711,1
2010-06-06T11:00:00Z,-1.1311,1
2010-06-06T12:00:00Z,-1.3111,1
2010-06-06T13:00:00Z,-1.2311,1
2010-06-06T14:00:00Z,-0.9411,1
2010-06-06T15:00:00Z,-0.5511,1
2010-06-06T16:00:00Z,-0.1111,1
2010-06-06T17:00:00Z,0.3089,1
2010-06-06T18:00:00Z,0.6389,1
2010-06-06T19:00:00Z,0.7489,1
2010-06-06T21:00:00Z,0.2589,1
2010-06-06T22:00:00Z,-0.2211,1
2010-06-06T23:00:00Z,-0.6611,1
2010-06-07T00:00:00Z,-0.9711,1
2010-06-07T01:00:00Z,-0.9811,1
2010-06-07T02:00:00Z,-0.7511,1
2010-06-07T03:00:00Z,-0.3511,1
2010-06-07T04:00:00Z,0.0889,1
2010-06-07T05:00:00Z,0.5089,1
2010-06-07T06:00:00Z,0.8689,1
2010-06-07T07:00:00Z,1.0089,1
2010-06-07T08:00:00Z,0.8989,1
2010-06-07T09:00:00Z,0.4989,1
2010-06-07T10:00:00Z,-0.0311,1
2010-06-07T11:00:00Z,-0.5911,1
2010-06-07T12:00:00Z,-1.0111,1
2010-06-07T13:00:00Z,-1.1911,1
2010-06-07T14:00:00Z,-1.1011,1
2010-06-07T15:00:00Z,-0.7811,1
2010-06-07T16:00:00Z,-0.3611,1
2010-06-07T17:00:00Z,0.1089,1
2010-06-07T18:00:00Z,0.5789,1
2010-06-07T19:00:00Z,0.9389,1
2010-06-07T20:00:00Z,1.0489,1
2010-06-07T21:00:00Z,0.8789,1
2010-06-07T22:00:00Z,0.4489,1
2010-06-07T23:00:00Z,-0.1011,1
2010-06-08T00:00:00Z,-0.6111,1
2010-06-08T01:00:00Z,-0.9311,1
2010-06-08T02:00:00Z,-0.9611,1
2010-06-08T03:00:00Z,-0.7211,1
2010-06-08T04:00:00Z,-0.2811,1
2010-06-08T05:00:00Z,0.2189,1
2010-06-08T06:00:00Z,0.6689,1
2010-06-08T07:00:00Z,1.0089,1
2010-06-08T08:00:00Z,1.1489,1
2010-06-08T09:00:00Z,1.0089,1
2010-06-08T10:00:00Z,0.5889,1
2010-06-08T11:00:00Z,-0.0211,1
2010-06-08T12:00:00Z,-0.6011,1
2010-06-08T13:00:00Z,-1.0311,1
2010-06-08T14:00:00Z,-1.1911,1
2010-06-08T15:00:00Z,-1.1011,1
2010-06-08T16:00:00Z,-0.7611,1
2010-06-08T17:00:00Z,-0.2511,1
2010-06-08T18:00:00Z,0.2589,1
2010-06-08T19:00:00Z,0.7289,1
2010-06-08T20:00:00Z,1.0689,1
2010-06-08T21:00:00Z,1.1489,1
2010-06-08T22:00:00Z,0.8789,1
2010-06-08T23:00:00Z,0.359,1
2010-06-09T00:00:00Z,-0.261,1
2010-06-09T01:00:00Z,-0.821,1
2010-06-09T02:00:00Z,-1.151,1
2010-06-09T03:00:00Z,-1.111,1
2010-06-09T04:00:00Z,-0.791,1
2010-06-09T05:00:00Z,-0.311,1
2010-06-09T06:00:00Z,0.219,1
2010-06-09T07:00:00Z,0.699,1
2010-06-09T08:00:00Z,1.059,1
2010-06-09T09:00:00Z,1.189,1
2010-06-09T10:00:00Z,0.989,1
2010-06-09T11:00:00Z,0.489,1
2010-06-09T12:00:00Z,-0.181,1
2010-06-09T13:00:00Z,-0.831,1
2010-06-09T14:00:00Z,-1.271,1
2010-06-09T15:00:00Z,-1.391,1
2010-06-09T16:00:00Z,-1.141,1
2010-06-09T17:00:00Z,-0.731,1
2010-06-09T18:00:00Z,-0.181,1
2010-06-09T19:00:00Z,0.379,1
2010-06-09T20:00:00Z,0.869,1
2010-06-09T21:00:00Z,1.189,1
2010-06-09T22:00:00Z,1.149,1
2010-06-09T23:00:00Z,0.779,1
2010-06-10T00:00:00Z,0.149,1
2010-06-10T01:00:00Z,-0.571,1
2010-06-10T02:00:00Z,-1.171,1
2010-06-10T03:00:00Z,-1.421,1
2010-06-10T04:00:00Z,-1.271,1
2010-06-10T05:00:00Z,-0.841,1
2010-06-10T06:00:00Z,-0.271,1
2010-06-10T07:00:00Z,0.309,1
2010-06-10T08:00:00Z,0.799,1
2010-06-10T09:00:00Z,1.119,1
2010-06-10T10:00:00Z,1.169,1
2010-06-10T11:00:00Z,0.869,1
2010-06-10T12:00:00Z,0.279,1
2010-06-10T13:00:00Z,-0.481,1
2010-06-10T14:00:00Z,-1.191,1
2010-06-10T15:00:00Z,-1.581,1
2010-06-10T16:00:00Z,-1.581,1
2010-06-10T17:00:00Z,-1.201,1
2010-06-10T18:00:00Z,-0.641,1
2010-06-10T19:00:00Z,0.029,1
2010-06-10T20:00:00Z,0.649,1
2010-06-10T21:00:00Z,1.149,1
2010-06-10T22:00:00Z,1.379,1
2010-06-10T23:00:00Z,1.219,1
2010-06-11T00:00:00Z,0.729,1
2010-06-11T01:00:00Z,-0.021,1
2010-06-11T02:00:00Z,-0.801,1
2010-06-11T03:00:00Z,-1.391,1
2010-06-11T04:00:00Z,-1.511,1
2010-06-11T05:00:00Z,-1.301,1
2010-06-11T06:00:00Z,-0.751,1
2010-06-11T07:00:00Z,-0.061,1
2010-06-11T08:00:00Z,0.529,1
2010-06-11T09:00:00Z,1.069,1
2010-06-11T10:00:00Z,1.369,1
2010-06-11T11:00:00Z,1.349,1
2010-06-11T12:00:00Z,0.929,1
2010-06-11T13:00:00Z,0.219,1
2010-06-11T14:00:00Z,-0.621,1
2010-06-11T15:00:00Z,-1.301,1
2010-06-11T16:00:00Z,-1.611,1
2010-06-11T17:00:00Z,-1.461,1
2010-06-11T18:00:00Z,-0.961,1
2010-06-11T19:00:00Z,-0.291,1
2010-06-11T20:00:00Z,0.429,1
2010-06-11T21:00:00Z,1.049,1
2010-06-11T22:00:00Z,1.479,1
2010-06-11T23:00:00Z,1.569,1
2010-06-12T00:00:00Z,1.269,1
2010-06-12T01:00:00Z,0.589,1
2010-06-12T02:00:00Z,-0.311,1
2010-06-12T03:00:00Z,-1.151,1
2010-06-12T04:00:00Z,-1.671,1
2010-06-12T05:00:00Z,-1.751,1
2010-06-12T06:00:00Z,-1.341,1
2010-06-12T07:00:00Z,-0.701,1
2010-06-12T08:00:00Z,0.039,1
2010-06-12T09:00:00Z,0.679,1
2010-06-12T10:00:00Z,1.149,1
2010-06-12T11:00:00Z,1.389,1
2010-06-12T12:00:00Z,1.269,1
2010-06-12T13:00:00Z,0.729,1
2010-06-12T14:00:00Z,-0.111,1
2010-06-12T15:00:00Z,-0.941,1
2010-06-12T16:00:00Z,-1.611,1
2010-06-12T17:00:00Z,-1.741,1
2010-06-12T18:00:00Z,-1.471,1
2010-06-12T19:00:00Z,-0.841,1
2010-06-12T20:00:00Z,-0.051,1
2010-06-12T21:00:00Z,0.679,1
2010-06-12T22:00:00Z,1.269,1
2010-06-12T23:00:00Z,1.639,1
2010-06-13T00:00:00Z,1.629,1
2010-06-13T01:00:00Z,1.169,1
2010-06-13T02:00:00Z,0.339,1
2010-06-13T03:00:00Z,-0.641,1
2010-06-13T05:00:00Z,-1.841,1
2010-06-13T06:00:00Z,-1.761,1
2010-06-13T07:00:00Z,-1.211,1
2010-06-13T08:00:00Z,-0.451,1
2010-06-13T09:00:00Z,0.329,1
2010-06-13T10:00:00Z,1.009,1
2010-06-13T11:00:00Z,1.479,1
2010-06-13T12:00:00Z,1.619,1
2010-06-13T13:00:00Z,1.319,1
2010-06-13T14:00:00Z,0.629,1
2010-06-13T15:00:00Z,-0.301,1
2010-06-13T16:00:00Z,-1.201,1
2010-06-13T17:00:00Z,-1.691,1
2010-06-13T18:00:00Z,-1.711,1
2010-06-13T19:00:00Z,-1.291,1
2010-06-13T20:00:00Z,-0.591,1
2010-06-13T21:00:00Z,0.229,1
2010-06-13T22:00:00Z,0.909,1
2010-06-13T23:00:00Z,1.449,1
2010-06-14T00:00:00Z,1.699,1
2010-06-14T01:00:00Z,1.529,1
2010-06-14T02:00:00Z,0.919,1
2010-06-14T03:00:00Z,-0.021,1
2010-06-14T04:00:00Z,-1.051,1
2010-06-14T05:00:00Z,-1.841,1
2010-06-14T06:00:00Z,-2.171,1
2010-06-14T07:00:00Z,-1.971,1
2010-06-14T08:00:00Z,-1.321,1
2010-06-14T09:00:00Z,-0.491,1
2010-06-14T10:00:00Z,0.269,1
2010-06-14T11:00:00Z,0.909,1
2010-06-14T12:00:00Z,1.309,1
2010-06-14T13:00:00Z,1.359,1
2010-06-14T14:00:00Z,0.989,1
2010-06-14T15:00:00Z,0.209,1
2010-06-14T16:00:00Z,-0.741,1
2010-06-14T17:00:00Z,-1.591,1
2010-06-14T18:00:00Z,-1.981,1
2010-06-14T19:00:00Z,-1.851,1
2010-06-14T20:00:00Z,-1.331,1
2010-06-14T21:00:00Z,-0.531,1
2010-06-14T22:00:00Z,0.249,1
2010-06-14T23:00:00Z,0.939,1
2010-06-15T00:00:00Z,1.439,1
2010-06-15T01:00:00Z,1.609,1
2010-06-15T02:00:00Z,1.319,1
2010-06-15T03:00:00Z,0.649,1
2010-06-15T04:00:00Z,-0.341,1
2010-06-15T05:00:00Z,-1.321,1
2010-06-15T06:00:00Z,-2.031,1
2010-06-15T07:00:00Z,-2.211,1
2010-06-15T08:00:00Z,-1.901,1
2010-06-15T09:00:00Z,-1.181,1
2010-06-15T10:00:00Z,-0.351,1
2010-06-15T11:00:00Z,0.409,1
2010-06-15T12:00:00Z,1.029,1
2010-06-15T13:00:00Z,1.389,1
2010-06-15T14:00:00Z,1.329,1
2010-06-15T15:00:00Z,0.849,1
2010-06-15T16:00:00Z,-0.001,1
2010-06-15T17:00:00Z,-0.951,1
2010-06-15T18:00:00Z,-1.681,1
2010-06-15T19:00:00Z,-1.941,1
2010-06-15T20:00:00Z,-1.731,1
2010-06-15T21:00:00Z,-1.121,1
2010-06-15T22:00:00Z,-0.321,1
2010-06-15T23:00:00Z,0.459,1
2010-06-16T00:00:00Z,1.089,1
2010-06-16T01:00:00Z,1.539,1
2010-06-16T02:00:00Z,1.629,1
2010-06-16T03:00:00Z,1.249,1
2010-06-16T04:00:00Z,0.479,1
2010-06-16T05:00:00Z,-0.531,1
2010-06-16T06:00:00Z,-1.511,1
2010-06-16T07:00:00Z,-2.101,1
2010-06-16T08:00:00Z,-2.191,1
2010-06-16T09:00:00Z,-1.781,1
2010-06-16T10:00:00Z,-1.081,1
2010-06-16T11:00:00Z,-0.231,1
2010-06-16T12:00:00Z,0.479,1
2010-06-16T13:00:00Z,1.069,1
2010-06-16T14:00:00Z,1.369,1
2010-06-16T15:00:00Z,1.279,1
2010-06-16T16:00:00Z,0.749,1
2010-06-16T17:00:00Z,-0.111,1
2010-06-16T18:00:00Z,-1.021,1
2010-06-16T19:00:00Z,-1.661,1
2010-06-16T20:00:00Z,-1.841,1
2010-06-16T21:00:00Z,-1.571,1
2010-06-16T22:00:00Z,-0.941,1
2010-06-16T23:00:00Z,-0.161,1
2010-06-17T00:00:00Z,0.559,1
2010-06-17T01:00:00Z,1.149,1
2010-06-17T02:00:00Z,1.539,1
2010-06-17T03:00:00Z,1.569,1
2010-06-17T04:00:00Z,1.159,1
2010-06-17T05:00:00Z,0.379,1
2010-06-17T06:00:00Z,-0.591,1
2010-06-17T07:00:00Z,-1.501,1
2010-06-17T08:00:00Z,-2.041,1
2010-06-17T09:00:00Z,-2.081,1
2010-06-17T10:00:00Z,-1.671,1
2010-06-17T11:00:00Z,-0.951,1
2010-06-17T12:00:00Z,-0.211,1
2010-06-17T13:00:00Z,0.479,1
2010-06-17T14:00:00Z,1.009,1
2010-06-17T15:00:00Z,1.249,1
2010-06-17T16:00:00Z,1.099,1
2010-06-17T17:00:00Z,0.569,1
2010-06-17T18:00:00Z,-0.251,1
2010-06-17T19:00:00Z,-1.071,1
2010-06-17T20:00:00Z,-1.631,1
2010-06-17T21:00:00Z,-1.7509,1
2010-06-17T22:00:00Z,-1.4309,1
2010-06-17T23:00:00Z,-0.8209,1
2010-06-18T00:00:00Z,-0.0909,1
2010-06-18T01:00:00Z,0.5791,1
2010-06-18T02:00:00Z,1.1491,1
2010-06-18T03:00:00Z,1.4991,1
2010-06-18T04:00:00Z,1.5091,1
2010-06-18T05:00:00Z,1.0891,1
2010-06-18T06:00:00Z,0.3191,1
2010-06-18T07:00:00Z,-0.6209,1
2010-06-18T08:00:00Z,-1.4809,1
2010-06-18T09:00:00Z,-1.9509,1
2010-06-18T10:00:00Z,-1.9409,1
2010-06-18T11:00:00Z,-1.5109,1
2010-06-18T12:00:00Z,-0.8609,1
2010-06-18T13:00:00Z,-0.1609,1
2010-06-18T14:00:00Z,0.4591,1
2010-06-18T15:00:00Z,0.9691,1
2010-06-18T16:00:00Z,1.1791,1
2010-06-18T17:00:00Z,1.0691,1
2010-06-18T18:00:00Z,0.5491,1
2010-06-18T19:00:00Z,-0.2109,1
2010-06-18T20:00:00Z,-0.9609,1
2010-06-18T21:00:00Z,-1.4709,1
2010-06-18T22:00:00Z,-1.5509,1
2010-06-18T23:00:00Z,-1.2609,1
2010-06-19T00:00:00Z,-0.6809,1
2010-06-19T01:00:00Z,-0.0209,1
2010-06-19T02:00:00Z,0.6191,1
2010-06-19T03:00:00Z,1.1291,1
2010-06-19T04:00:00Z,1.4691,1
2010-06-19T05:00:00Z,1.4391,1
2010-06-19T06:00:00Z,1.0391,1
2010-06-19T07:00:00Z,0.2991,1
2010-06-19T08:00:00Z,-0.6209,1
2010-06-19T09:00:00Z,-1.4309,1
2010-06-19T10:00:00Z,-1.8809,1
2010-06-19T11:00:00Z,-1.9009,1
2010-06-19T12:00:00Z,-1.5109,1
2010-06-19T13:00:00Z,-0.9409,1
2010-06-19T14:00:00Z,-0.2709,1
2010-06-19T15:00:00Z,0.3291,1
2010-06-19T16:00:00Z,0.8191,1
2010-06-19T17:00:00Z,1.0791,1
2010-06-19T18:00:00Z,0.9891,1
2010-06-19T19:00:00Z,0.5491,1
2010-06-19T20:00:00Z,-0.1409,1
2010-06-19T21:00:00Z,-0.8409,1
2010-06-19T22:00:00Z,-1.3209,1
2010-06-19T23:00:00Z,-1.4609,1
2010-06-20T00:00:00Z,-1.2209,1
2010-06-20T01:00:00Z,-0.7109,1
2010-06-20T02:00:00Z,-0.1009,1
2010-06-20T03:00:00Z,0.4691,1
2010-06-20T04:00:00Z,0.9491,1
2010-06-20T05:00:00Z,1.2891,1
2010-06-20T06:00:00Z,1.3291,1
2010-06-20T07:00:00Z,0.9791,1
2010-06-20T08:00:00Z,0.2991,1
2010-06-20T09:00:00Z,-0.4909,1
2010-06-20T10:00:00Z,-1.2409,1
2010-06-20T11:00:00Z,-1.6709,1
2010-06-20T12:00:00Z,-1.7309,1
2010-06-20T13:00:00Z,-1.4009,1
2010-06-20T14:00:00Z,-0.8709,1
2010-06-20T15:00:00Z,-0.2709,1
2010-06-20T16:00:00Z,0.3291,1
2010-06-20T17:00:00Z,0.8091,1
2010-06-20T18:00:00Z,1.0991,1
2010-06-20T19:00:00Z,0.9991,1
2010-06-20T20:00:00Z,0.5791,1
2010-06-20T21:00:00Z,-0.0809,1
2010-06-20T22:00:00Z,-0.7609,1
2010-06-20T23:00:00Z,-1.2709,1
2010-06-21T00:00:00Z,-1.4609,1
2010-06-21T01:00:00Z,-1.2609,1
2010-06-21T02:00:00Z,-0.8309,1
2010-06-21T03:00:00Z,-0.2809,1
2010-06-21T04:00:00Z,0.2791,1
2010-06-21T05:00:00Z,0.8091,1
2010-06-21T06:00:00Z,1.1891,1
2010-06-21T07:00:00Z,1.2691,1
2010-06-21T08:00:00Z,1.0091,1
2010-06-21T09:00:00Z,0.3891,1
2010-06-21T10:00:00Z,-0.3709,1
2010-06-21T11:00:00Z,-1.1209,1
2010-06-21T12:00:00Z,-1.5709,1
2010-06-21T13:00:00Z,-1.6609,1
2010-06-21T14:00:00Z,-1.3909,1
2010-06-21T15:00:00Z,-0.8909,1
2010-06-21T16:00:00Z,-0.3009,1
2010-06-21T17:00:00Z,0.2791,1
2010-06-21T18:00:00Z,0.7691,1
2010-06-21T19:00:00Z,1.0691,1
2010-06-21T20:00:00Z,1.0691,1
2010-06-21T21:00:00Z,0.6991,1
2010-06-21T22:00:00Z,0.0791,1
2010-06-21T23:00:00Z,-0.6009,1
2010-06-22T00:00:00Z,-1.1409,1
2010-06-22T01:00:00Z,-1.3609,1
2010-06-22T02:00:00Z,-1.2309,1
2010-06-22T03:00:00Z,-0.8709,1
2010-06-22T04:00:00Z,-0.3409,1
2010-06-22T05:00:00Z,0.2391,1
2010-06-22T06:00:00Z,0.7591,1
2010-06-22T07:00:00Z,1.1491,1
2010-06-22T08:00:00Z,1.2791,1
2010-06-22T09:00:00Z,1.0391,1
2010-06-22T10:00:00Z,0.4791,1
2010-06-22T11:00:00Z,-0.2809,1
2010-06-22T12:00:00Z,-1.0109,1
2010-06-22T13:00:00Z,-1.4709,1
2010-06-22T14:00:00Z,-1.6109,1
2010-06-22T15:00:00Z,-1.3409,1
2010-06-22T16:00:00Z,-0.8509,1
2010-06-22T17:00:00Z,-0.2709,1
2010-06-22T18:00:00Z,0.3291,1
2010-06-22T19:00:00Z,0.8491,1
2010-06-22T20:00:00Z,1.1591,1
2010-06-22T21:00:00Z,1.1791,1
2010-06-22T22:00:00Z,0.8091,1
2010-06-22T23:00:00Z,0.1791,1
2010-06-23T00:00:00Z,-0.5409,1
2010-06-23T01:00:00Z,-1.1409,1
2010-06-23T02:00:00Z,-1.4209,1
2010-06-23T03:00:00Z,-1.3309,1
2010-06-23T04:00:00Z,-0.9509,1
2010-06-23T05:00:00Z,-0.4209,1
2010-06-23T06:00:00Z,0.1791,1
2010-06-23T07:00:00Z,0.7091,1
2010-06-23T08:00:00Z,1.1391,1
2010-06-23T09:00:00Z,1.2891,1
2010-06-23T10:00:00Z,1.0891,1
2010-06-23T11:00:00Z,0.5391,1
2010-06-23T12:00:00Z,-0.2009,1
2010-06-23T13:00:00Z,-0.9509,1
2010-06-23T14:00:00Z,-1.4509,1
2010-06-23T15:00:00Z,-1.5609,1
2010-06-23T16:00:00Z,-1.3009,1
2010-06-23T17:00:00Z,-0.7809,1
2010-06-23T18:00:00Z,-0.1309,1
2010-06-23T19:00:00Z,0.4791,1
2010-06-23T20:00:00Z,1.0091,1
2010-06-23T21:00:00Z,1.3191,1
2010-06-23T22:00:00Z,1.2691,1
2010-06-23T23:00:00Z,0.8491,1
2010-06-24T00:00:00Z,0.1491,1
2010-06-24T01:00:00Z,-0.6209,1
2010-06-24T02:00:00Z,-1.2709,1
2010-06-24T03:00:00Z,-1.5409,1
2010-06-24T04:00:00Z,-1.4609,1
2010-06-24T05:00:00Z,-1.0809,1
2010-06-24T06:00:00Z,-0.5009,1
2010-06-24T07:00:00Z,0.1191,1
2010-06-24T08:00:00Z,0.6791,1
2010-06-24T09:00:00Z,1.1091,1
2010-06-24T10:00:00Z,1.2591,1
2010-06-24T11:00:00Z,1.0391,1
2010-06-24T12:00:00Z,0.4591,1
2010-06-24T13:00:00Z,-0.3209,1
2010-06-24T14:00:00Z,-1.0809,1
2010-06-24T15:00:00Z,-1.5509,1
2010-06-24T16:00:00Z,-1.6009,1
2010-06-24T17:00:00Z,-1.2509,1
2010-06-24T18:00:00Z,-0.6609,1
2010-06-24T19:00:00Z,0.0191,1
2010-06-24T20:00:00Z,0.6391,1
2010-06-24T21:00:00Z,1.1291,1
2010-06-24T22:00:00Z,1.3691,1
2010-06-24T23:00:00Z,1.2491,1
2010-06-25T00:00:00Z,0.7691,1
2010-06-25T01:00:00Z,0.0191,1
2010-06-25T02:00:00Z,-0.8209,1
2010-06-25T03:00:00Z,-1.4509,1
2010-06-25T04:00:00Z,-1.6909,1
2010-06-25T05:00:00Z,-1.5309,1
2010-06-25T06:00:00Z,-1.0509,1
2010-06-25T07:00:00Z,-0.4009,1
2010-06-25T08:00:00Z,0.2591,1
2010-06-25T09:00:00Z,0.8491,1
2010-06-25T10:00:00Z,1.2391,1
2010-06-25T11:00:00Z,1.3291,1
2010-06-25T12:00:00Z,0.9991,1
2010-06-25T13:00:00Z,0.3391,1
2010-06-25T14:00:00Z,-0.5009,1
2010-06-25T15:00:00Z,-1.2309,1
2010-06-25T16:00:00Z,-1.6209,1
2010-06-25T17:00:00Z,-1.5709,1
2010-06-25T18:00:00Z,-1.1309,1
2010-06-25T19:00:00Z,-0.4609,1
2010-06-25T20:00:00Z,0.2591,1
2010-06-25T21:00:00Z,0.8991,1
2010-06-25T22:00:00Z,1.3591,1
2010-06-25T23:00:00Z,1.5191,1
2010-06-26T00:00:00Z,1.2891,1
2010-06-26T01:00:00Z,0.6991,1
2010-06-26T02:00:00Z,-0.1409,1
2010-06-26T03:00:00Z,-0.9909,1
2010-06-26T04:00:00Z,-1.5709,1
2010-06-26T05:00:00Z,-1.7209,1
2010-06-26T06:00:00Z,-1.4809,1
2010-06-26T07:00:00Z,-0.9109,1
2010-06-26T08:00:00Z,-0.2409,1
2010-06-26T09:00:00Z,0.4191,1
2010-06-26T10:00:00Z,0.9491,1
2010-06-26T11:00:00Z,1.2791,1
2010-06-26T12:00:00Z,1.2591,1
2010-06-26T13:00:00Z,0.8291,1
2010-06-26T14:00:00Z,0.0891,1
2010-06-26T15:00:00Z,-0.7209,1
2010-06-26T16:00:00Z,-1.3609,1
2010-06-26T17:00:00Z,-1.6209,1
2010-06-26T18:00:00Z,-1.4209,1
2010-06-26T19:00:00Z,-0.8608,1
2010-06-26T21:00:00Z,0.6092,1
2010-06-26T22:00:00Z,1.2192,1
2010-06-26T23:00:00Z,1.5692,1
2010-06-27T00:00:00Z,1.6092,1
2010-06-27T01:00:00Z,1.2092,1
2010-06-27T02:00:00Z,0.4792,1
2010-06-27T03:00:00Z,-0.4308,1
2010-06-27T04:00:00Z,-1.2508,1
2010-06-27T05:00:00Z,-1.7108,1
2010-06-27T06:00:00Z,-1.7108,1
2010-06-27T07:00:00Z,-1.3308,1
2010-06-27T08:00:00Z,-0.6808,1
2010-06-27T09:00:00Z,0.0292,1
2010-06-27T10:00:00Z,0.6692,1
2010-06-27T11:00:00Z,1.1592,1
2010-06-27T12:00:00Z,1.3992,1
2010-06-27T13:00:00Z,1.2392,1
2010-06-27T14:00:00Z,0.6992,1
2010-06-27T15:00:00Z,-0.1208,1
2010-06-27T16:00:00Z,-0.9608,1
2010-06-27T17:00:00Z,-1.5008,1
2010-06-27T18:00:00Z,-1.6108,1
2010-06-27T19:00:00Z,-1.2508,1
2010-06-27T20:00:00Z,-0.5608,1
2010-06-27T21:00:00Z,0.2292,1
2010-06-27T22:00:00Z,0.8992,1
2010-06-27T23:00:00Z,1.4092,1
2010-06-28T00:00:00Z,1.6592,1
2010-06-28T01:00:00Z,1.5392,1
2010-06-28T02:00:00Z,1.0492,1
2010-06-28T03:00:00Z,0.2192,1
2010-06-28T04:00:00Z,-0.7208,1
2010-06-28T05:00:00Z,-1.4508,1
2010-06-28T06:00:00Z,-1.7808,1
2010-06-28T07:00:00Z,-1.6908,1
2010-06-28T08:00:00Z,-1.1808,1
2010-06-28T09:00:00Z,-0.5208,1
2010-06-28T10:00:00Z,0.1592,1
2010-06-28T11:00:00Z,0.7392,1
2010-06-28T12:00:00Z,1.1592,1
2010-06-28T14:00:00Z,0.9692,1
2010-06-28T15:00:00Z,0.2992,1
2010-06-28T16:00:00Z,-0.4908,1
2010-06-28T17:00:00Z,-1.2108,1
2010-06-28T18:00:00Z,-1.5808,1
2010-06-28T19:00:00Z,-1.4908,1
2010-06-28T20:00:00Z,-0.9808,1
2010-06-28T21:00:00Z,-0.2508,1
2010-06-28T22:00:00Z,0.4892,1
2010-06-28T23:00:00Z,1.1192,1
2010-06-29T00:00:00Z,1.5292,1
2010-06-29T01:00:00Z,1.6792,1
2010-06-29T02:00:00Z,1.3892,1
2010-06-29T03:00:00Z,0.7292,1
2010-06-29T04:00:00Z,-0.1608,1
2010-06-29T05:00:00Z,-1.0608,1
2010-06-29T06:00:00Z,-1.6608,1
2010-06-29T07:00:00Z,-1.8408,1
2010-06-29T08:00:00Z,-1.5708,1
2010-06-29T09:00:00Z,-0.9908,1
2010-06-29T10:00:00Z,-0.2908,1
2010-06-29T11:00:00Z,0.3192,1
2010-06-29T12:00:00Z,0.8392,1
2010-06-29T13:00:00Z,1.1392,1
2010-06-29T14:00:00Z,1.0792,1
2010-06-29T15:00:00Z,0.6592,1
2010-06-29T16:00:00Z,-0.0708,1
2010-06-29T17:00:00Z,-0.8508,1
2010-06-29T18:00:00Z,-1.4408,1
2010-06-29T19:00:00Z,-1.6408,1
2010-06-29T20:00:00Z,-1.4008,1
2010-06-29T21:00:00Z,-0.8308,1
2010-06-29T22:00:00Z,-0.0708,1
2010-06-29T23:00:00Z,0.5992,1
2010-06-30T00:00:00Z,1.1392,1
2010-06-30T01:00:00Z,1.4792,1
2010-06-30T02:00:00Z,1.4892,1
2010-06-30T03:00:00Z,1.0692,1
2010-06-30T04:00:00Z,0.3292,1
2010-06-30T05:00:00Z,-0.5508,1
2010-06-30T06:00:00Z,-1.3108,1
2010-06-30T07:00:00Z,-1.7308,1
2010-06-30T08:00:00Z,-1.7108,1
2010-06-30T09:00:00Z,-1.3208,1
2010-06-30T10:00:00Z,-0.6708,1
2010-06-30T11:00:00Z,-0.0108,1
2010-06-30T12:00:00Z,0.5492,1
2010-06-30T13:00:00Z,0.9992,1
2010-06-30T15:00:00Z,0.9492,1
2010-06-30T16:00:00Z,0.4092,1
2010-06-30T17:00:00Z,-0.3408,1
2010-06-30T18:00:00Z,-1.0308,1
2010-06-30T19:00:00Z,-1.4508,1
2010-06-30T20:00:00Z,-1.4708,1
2010-06-30T21:00:00Z,-1.0808,1
2010-06-30T22:00:00Z,-0.4308,1
2010-06-30T23:00:00Z,0.2892,1
2010-07-01T00:00:00Z,0.9092,1
2010-07-01T01:00:00Z,1.3992,1
2010-07-01T02:00:00Z,1.6092,1
2010-07-01T03:00:00Z,1.4392,1
2010-07-01T04:00:00Z,0.9292,1
2010-07-01T05:00:00Z,0.1592,1
2010-07-01T06:00:00Z,-0.6708,1
2010-07-01T07:00:00Z,-1.2808,1
2010-07-01T08:00:00Z,-1.5408,1
2010-07-01T09:00:00Z,-1.3708,1
2010-07-01T10:00:00Z,-0.8408,1
2010-07-01T11:00:00Z,-0.2208,1
2010-07-01T12:00:00Z,0.3792,1
2010-07-01T13:00:00Z,0.9192,1
2010-07-01T14:00:00Z,1.2692,1
2010-07-01T15:00:00Z,1.2692,1
2010-07-01T16:00:00Z,0.9292,1
2010-07-01T17:00:00Z,0.2892,1
2010-07-01T18:00:00Z,-0.4208,1
2010-07-01T19:00:00Z,-1.0408,1
2010-07-01T20:00:00Z,-1.3408,1
2010-07-01T21:00:00Z,-1.2108,1
2010-07-01T22:00:00Z,-0.7008,1
2010-07-01T23:00:00Z,-0.0808,1
2010-07-02T00:00:00Z,0.5592,1
2010-07-02T01:00:00Z,1.0692,1
2010-07-02T02:00:00Z,1.4492,1
2010-07-02T03:00:00Z,1.5192,1
2010-07-02T04:00:00Z,1.2692,1
2010-07-02T05:00:00Z,0.6492,1
2010-07-02T06:00:00Z,-0.1108,1
2010-07-02T07:00:00Z,-0.8508,1
2010-07-02T08:00:00Z,-1.3308,1
2010-07-02T09:00:00Z,-1.4208,1
2010-07-02T10:00:00Z,-1.1408,1
2010-07-02T11:00:00Z,-0.6208,1
2010-07-02T12:00:00Z,-0.0508,1
2010-07-02T13:00:00Z,0.4892,1
2010-07-02T14:00:00Z,0.9092,1
2010-07-02T15:00:00Z,1.1492,1
2010-07-02T16:00:00Z,1.0692,1
2010-07-02T17:00:00Z,0.6392,1
2010-07-02T18:00:00Z,0.0392,1
2010-07-02T19:00:00Z,-0.5808,1
2010-07-02T20:00:00Z,-1.0208,1
2010-07-02T21:00:00Z,-1.1708,1
2010-07-02T22:00:00Z,-0.9508,1
2010-07-02T23:00:00Z,-0.4608,1
2010-07-03T00:00:00Z,0.1092,1
2010-07-03T01:00:00Z,0.6692,1
2010-07-03T02:00:00Z,1.1392,1
2010-07-03T03:00:00Z,1.3692,1
2010-07-03T04:00:00Z,1.3092,1
2010-07-03T05:00:00Z,0.9392,1
2010-07-03T06:00:00Z,0.3092,1
2010-07-03T07:00:00Z,-0.4208,1
2010-07-03T08:00:00Z,-1.0908,1
2010-07-03T09:00:00Z,-1.4008,1
2010-07-03T10:00:00Z,-1.3608,1
2010-07-03T11:00:00Z,-1.0408,1
2010-07-03T12:00:00Z,-0.5408,1
2010-07-03T13:00:00Z,-0.0208,1
2010-07-03T14:00:00Z,0.4392,1
2010-07-03T15:00:00Z,0.7892,1
2010-07-03T16:00:00Z,0.9492,1
2010-07-03T17:00:00Z,0.7892,1
2010-07-03T18:00:00Z,0.3692,1
2010-07-03T19:00:00Z,-0.2108,1
2010-07-03T20:00:00Z,-0.7608,1
2010-07-03T21:00:00Z,-1.1008,1
2010-07-03T22:00:00Z,-1.1308,1
2010-07-03T23:00:00Z,-0.8808,1
2010-07-04T00:00:00Z,-0.3908,1
2010-07-04T01:00:00Z,0.1192,1
2010-07-04T02:00:00Z,0.6192,1
2010-07-04T03:00:00Z,1.0092,1
2010-07-04T04:00:00Z,1.1892,1
2010-07-04T05:00:00Z,1.1092,1
2010-07-04T06:00:00Z,0.7092,1
2010-07-04T07:00:00Z,0.0792,1
2010-07-04T08:00:00Z,-0.6108,1
2010-07-04T09:00:00Z,-1.1008,1
2010-07-04T10:00:00Z,-1.2908,1
2010-07-04T11:00:00Z,-1.0908,1
2010-07-04T12:00:00Z,-0.6808,1
2010-07-04T13:00:00Z,-0.1508,1
2010-07-04T14:00:00Z,0.3492,1
2010-07-04T15:00:00Z,0.7792,1
2010-07-04T16:00:00Z,1.0292,1
2010-07-04T17:00:00Z,1.1592,1
2010-07-04T18:00:00Z,0.9592,1
2010-07-04T19:00:00Z,0.5492,1
2010-07-04T20:00:00Z,-0.0308,1
2010-07-04T21:00:00Z,-0.5708,1
2010-07-04T22:00:00Z,-0.9908,1
2010-07-04T23:00:00Z,-1.0208,1
2010-07-05T00:00:00Z,-0.8208,1
2010-07-05T01:00:00Z,-0.3708,1
2010-07-05T02:00:00Z,0.0792,1
2010-07-05T03:00:00Z,0.5492,1
2010-07-05T04:00:00Z,0.8292,1
2010-07-05T05:00:00Z,0.9692,1
2010-07-05T06:00:00Z,0.8392,1
2010-07-05T07:00:00Z,0.4592,1
2010-07-05T08:00:00Z,-0.1108,1
2010-07-05T09:00:00Z,-0.6908,1
2010-07-05T10:00:00Z,-1.1208,1
2010-07-05T11:00:00Z,-1.2808,1
2010-07-05T12:00:00Z,-1.1908,1
2010-07-05T13:00:00Z,-0.8708,1
2010-07-05T14:00:00Z,-0.4508,1
2010-07-05T15:00:00Z,-0.0108,1
2010-07-05T16:00:00Z,0.3892,1
2010-07-05T17:00:00Z,0.6492,1
2010-07-05T18:00:00Z,0.7493,1
2010-07-05T19:00:00Z,0.5993,1
2010-07-05T20:00:00Z,0.1793,1
2010-07-05T21:00:00Z,-0.3107,1
2010-07-05T22:00:00Z,-0.7707,1
2010-07-05T23:00:00Z,-1.0607,1
2010-07-06T01:00:00Z,-0.7907,1
2010-07-06T02:00:00Z,-0.4007,1
2010-07-06T03:00:00Z,0.0393,1
2010-07-06T04:00:00Z,0.4493,1
2010-07-06T05:00:00Z,0.7593,1
2010-07-06T06:00:00Z,0.8693,1
2010-07-06T07:00:00Z,0.7393,1
2010-07-06T08:00:00Z,0.3493,1
2010-07-06T09:00:00Z,-0.2107,1
2010-07-06T10:00:00Z,-0.7707,1
2010-07-06T11:00:00Z,-1.1807,1
2010-07-06T12:00:00Z,-1.3207,1
2010-07-06T13:00:00Z,-1.2107,1
2010-07-06T14:00:00Z,-0.9007,1
2010-07-06T15:00:00Z,-0.5007,1
2010-07-06T16:00:00Z,0.0093,1
2010-07-06T17:00:00Z,0.4093,1
2010-07-06T18:00:00Z,0.7493,1
2010-07-06T19:00:00Z,0.8393,1
2010-07-06T20:00:00Z,0.7193,1
2010-07-06T21:00:00Z,0.3893,1
2010-07-06T22:00:00Z,-0.0707,1
2010-07-06T23:00:00Z,-0.5007,1
2010-07-07T00:00:00Z,-0.7807,1
2010-07-07T01:00:00Z,-0.7807,1
2010-07-07T02:00:00Z,-0.5307,1
2010-07-07T03:00:00Z,-0.1607,1
2010-07-07T04:00:00Z,0.2693,1
2010-07-07T05:00:00Z,0.6493,1
2010-07-07T06:00:00Z,0.9493,1
2010-07-07T07:00:00Z,1.0693,1
2010-07-07T08:00:00Z,0.9493,1
2010-07-07T09:00:00Z,0.5193,1
2010-07-07T10:00:00Z,-0.0607,1
2010-07-07T11:00:00Z,-0.6307,1
2010-07-07T12:00:00Z,-1.0407,1
2010-07-07T14:00:00Z,-1.1207,1
2010-07-07T15:00:00Z,-0.8107,1
2010-07-07T16:00:00Z,-0.3607,1
2010-07-07T17:00:00Z,0.1393,1
2010-07-07T18:00:00Z,0.5593,1
2010-07-07T19:00:00Z,0.9293,1
2010-07-07T20:00:00Z,1.0793,1
2010-07-07T21:00:00Z,0.9393,1
2010-07-07T22:00:00Z,0.5293,1
2010-07-07T23:00:00Z,-0.0307,1
2010-07-08T00:00:00Z,-0.5607,1
2010-07-08T01:00:00Z,-0.9207,1
2010-07-08T02:00:00Z,-0.9907,1
2010-07-08T03:00:00Z,-0.8007,1
2010-07-08T04:00:00Z,-0.4207,1
2010-07-08T05:00:00Z,0.0393,1
2010-07-08T06:00:00Z,0.4493,1
2010-07-08T07:00:00Z,0.8293,1
2010-07-08T08:00:00Z,0.9993,1
2010-07-08T09:00:00Z,0.9293,1
2010-07-08T10:00:00Z,0.6093,1
2010-07-08T11:00:00Z,0.0093,1
2010-07-08T12:00:00Z,-0.5907,1
2010-07-08T13:00:00Z,-1.0807,1
2010-07-08T14:00:00Z,-1.2707,1
2010-07-08T15:00:00Z,-1.1907,1
2010-07-08T16:00:00Z,-0.8707,1
2010-07-08T17:00:00Z,-0.4107,1
2010-07-08T18:00:00Z,0.1293,1
2010-07-08T19:00:00Z,0.6593,1
2010-07-08T20:00:00Z,1.0493,1
2010-07-08T21:00:00Z,1.1693,1
2010-07-08T22:00:00Z,0.9593,1
2010-07-08T23:00:00Z,0.4593,1
2010-07-09T00:00:00Z,-0.1807,1
2010-07-09T01:00:00Z,-0.8107,1
2010-07-09T02:00:00Z,-1.1707,1
2010-07-09T03:00:00Z,-1.2507,1
2010-07-09T04:00:00Z,-0.9807,1
2010-07-09T05:00:00Z,-0.5007,1
2010-07-09T06:00:00Z,0.0193,1
2010-07-09T07:00:00Z,0.5293,1
2010-07-09T08:00:00Z,0.9393,1
2010-07-09T09:00:00Z,1.1593,1
2010-07-09T10:00:00Z,1.0993,1
2010-07-09T11:00:00Z,0.6893,1
2010-07-09T12:00:00Z,0.0193,1
2010-07-09T13:00:00Z,-0.6607,1
2010-07-09T14:00:00Z,-1.1607,1
2010-07-09T15:00:00Z,-1.3707,1
2010-07-09T16:00:00Z,-1.2507,1
2010-07-09T17:00:00Z,-0.8207,1
2010-07-09T18:00:00Z,-0.2507,1
2010-07-09T19:00:00Z,0.3293,1
2010-07-09T20:00:00Z,0.8993,1
2010-07-09T21:00:00Z,1.2793,1
2010-07-09T22:00:00Z,1.3693,1
2010-07-09T23:00:00Z,1.0893,1
2010-07-10T00:00:00Z,0.4893,1
2010-07-10T01:00:00Z,-0.3007,1
2010-07-10T02:00:00Z,-1.0207,1
2010-07-10T03:00:00Z,-1.4507,1
2010-07-10T04:00:00Z,-1.4807,1
2010-07-10T05:00:00Z,-1.1207,1
2010-07-10T06:00:00Z,-0.5407,1
2010-07-10T07:00:00Z,0.0893,1
2010-07-10T08:00:00Z,0.6693,1
2010-07-10T09:00:00Z,1.0793,1
2010-07-10T10:00:00Z,1.2993,1
2010-07-10T11:00:00Z,1.1393,1
2010-07-10T12:00:00Z,0.6093,1
2010-07-10T13:00:00Z,-0.1307,1
2010-07-10T14:00:00Z,-0.8907,1
2010-07-10T15:00:00Z,-1.4107,1
2010-07-10T16:00:00Z,-1.5607,1
2010-07-10T17:00:00Z,-1.2807,1
2010-07-10T18:00:00Z,-0.7507,1
2010-07-10T19:00:00Z,-0.0407,1
2010-07-10T20:00:00Z,0.6393,1
2010-07-10T21:00:00Z,1.2393,1
2010-07-10T22:00:00Z,1.5793,1
2010-07-10T23:00:00Z,1.5793,1
2010-07-11T00:00:00Z,1.1193,1
2010-07-11T01:00:00Z,0.3193,1
2010-07-11T02:00:00Z,-0.5607,1
2010-07-11T03:00:00Z,-1.3807,1
2010-07-11T04:00:00Z,-1.7707,1
2010-07-11T05:00:00Z,-1.6807,1
2010-07-11T06:00:00Z,-1.2007,1
2010-07-11T07:00:00Z,-0.4807,1
2010-07-11T08:00:00Z,0.2793,1
2010-07-11T09:00:00Z,0.9393,1
2010-07-11T10:00:00Z,1.3893,1
2010-07-11T11:00:00Z,1.5193,1
2010-07-11T12:00:00Z,1.2493,1
2010-07-11T13:00:00Z,0.5693,1
2010-07-11T14:00:00Z,-0.3207,1
2010-07-11T15:00:00Z,-1.1907,1
2010-07-11T16:00:00Z,-1.6907,1
2010-07-11T17:00:00Z,-1.7407,1
2010-07-11T18:00:00Z,-1.3507,1
2010-07-11T19:00:00Z,-0.6707,1
2010-07-11T20:00:00Z,0.0893,1
2010-07-11T21:00:00Z,0.8293,1
2010-07-11T22:00:00Z,1.3993,1
2010-07-11T23:00:00Z,1.6593,1
2010-07-12T00:00:00Z,1.4993,1
2010-07-12T01:00:00Z,0.9393,1
2010-07-12T02:00:00Z,0.0293,1
2010-07-12T03:00:00Z,-0.9707,1
2010-07-12T04:00:00Z,-1.7307,1
2010-07-12T05:00:00Z,-2.0207,1
2010-07-12T06:00:00Z,-1.8207,1
2010-07-12T07:00:00Z,-1.1907,1
2010-07-12T08:00:00Z,-0.3707,1
2010-07-12T09:00:00Z,0.4293,1
2010-07-12T10:00:00Z,1.0793,1
2010-07-12T11:00:00Z,1.4993,1
2010-07-12T12:00:00Z,1.5393,1
2010-07-12T13:00:00Z,1.1893,1
2010-07-12T14:00:00Z,0.3993,1
2010-07-12T15:00:00Z,-0.5907,1
2010-07-12T16:00:00Z,-1.4007,1
2010-07-12T17:00:00Z,-1.8407,1
2010-07-12T18:00:00Z,-1.7007,1
2010-07-12T19:00:00Z,-1.1507,1
2010-07-12T20:00:00Z,-0.3207,1
2010-07-12T21:00:00Z,0.5093,1
2010-07-12T22:00:00Z,1.2093,1
2010-07-12T23:00:00Z,1.7293,1
2010-07-13T00:00:00Z,1.8793,1
2010-07-13T01:00:00Z,1.5893,1
2010-07-13T02:00:00Z,0.8493,1
2010-07-13T03:00:00Z,-0.2107,1
2010-07-13T04:00:00Z,-1.2507,1
2010-07-13T05:00:00Z,-1.9507,1
2010-07-13T06:00:00Z,-2.1507,1
2010-07-13T07:00:00Z,-1.7607,1
2010-07-13T08:00:00Z,-1.0107,1
2010-07-13T09:00:00Z,-0.1407,1
2010-07-13T10:00:00Z,0.6793,1
2010-07-13T11:00:00Z,1.2693,1
2010-07-13T12:00:00Z,1.6693,1
2010-07-13T13:00:00Z,1.6193,1
2010-07-13T14:00:00Z,1.1293,1
2010-07-13T15:00:00Z,0.1993,1
2010-07-13T16:00:00Z,-0.8407,1
2010-07-13T17:00:00Z,-1.6207,1
2010-07-13T18:00:00Z,-1.8607,1
2010-07-13T19:00:00Z,-1.6007,1
2010-07-13T20:00:00Z,-0.8607,1
2010-07-13T21:00:00Z,0.0593,1
2010-07-13T22:00:00Z,0.8893,1
2010-07-13T23:00:00Z,1.5593,1
2010-07-14T00:00:00Z,2.0093,1
2010-07-14T01:00:00Z,2.0393,1
2010-07-14T02:00:00Z,1.6393,1
2010-07-14T03:00:00Z,0.7693,1
2010-07-14T04:00:00Z,-0.3507,1
2010-07-14T05:00:00Z,-1.3907,1
2010-07-14T06:00:00Z,-2.0307,1
2010-07-14T07:00:00Z,-2.1007,1
2010-07-14T08:00:00Z,-1.6107,1
2010-07-14T09:00:00Z,-0.8007,1
2010-07-14T10:00:00Z,0.0993,1
2010-07-14T11:00:00Z,0.8893,1
2010-07-14T12:00:00Z,1.4793,1
2010-07-14T13:00:00Z,1.7893,1
2010-07-14T14:00:00Z,1.6493,1
2010-07-14T15:00:00Z,1.0193,1
2010-07-14T16:00:00Z,0.0294,1
2010-07-14T17:00:00Z,-0.9906,1
2010-07-14T18:00:00Z,-1.6606,1
2010-07-14T19:00:00Z,-1.7706,1
2010-07-14T20:00:00Z,-1.3606,1
2010-07-14T21:00:00Z,-0.5706,1
2010-07-14T22:00:00Z,0.3194,1
2010-07-14T23:00:00Z,1.1594,1
2010-07-15T00:00:00Z,1.7794,1
2010-07-15T01:00:00Z,2.1694,1
2010-07-15T02:00:00Z,2.1094,1
2010-07-15T03:00:00Z,1.5994,1
2010-07-15T04:00:00Z,0.5994,1
2010-07-15T05:00:00Z,-0.5606,1
2010-07-15T06:00:00Z,-1.5606,1
2010-07-15T07:00:00Z,-2.0606,1
2010-07-15T08:00:00Z,-2.0006,1
2010-07-15T09:00:00Z,-1.4106,1
2010-07-15T10:00:00Z,-0.5506,1
2010-07-15T11:00:00Z,0.3294,1
2010-07-15T12:00:00Z,1.0794,1
2010-07-15T13:00:00Z,1.6494,1
2010-07-15T14:00:00Z,1.8294,1
2010-07-15T15:00:00Z,1.5594,1
2010-07-15T16:00:00Z,0.8494,1
2010-07-15T17:00:00Z,-0.1806,1
2010-07-15T18:00:00Z,-1.1406,1
2010-07-15T19:00:00Z,-1.6506,1
2010-07-15T20:00:00Z,-1.6406,1
2010-07-15T21:00:00Z,-1.1406,1
2010-07-15T22:00:00Z,-0.3206,1
2010-07-15T23:00:00Z,0.5394,1
2010-07-16T00:00:00Z,1.2794,1
2010-07-16T01:00:00Z,1.8694,1
2010-07-16T02:00:00Z,2.1594,1
2010-07-16T03:00:00Z,1.9594,1
2010-07-16T04:00:00Z,1.3294,1
2010-07-16T05:00:00Z,0.3294,1
2010-07-16T06:00:00Z,-0.6906,1
2010-07-16T07:00:00Z,-1.5306,1
2010-07-16T08:00:00Z,-1.9006,1
2010-07-16T09:00:00Z,-1.7806,1
2010-07-16T10:00:00Z,-1.1806,1
2010-07-16T11:00:00Z,-0.4206,1
2010-07-16T12:00:00Z,0.3694,1
2010-07-16T13:00:00Z,1.0694,1
2010-07-16T14:00:00Z,1.5594,1
2010-07-16T15:00:00Z,1.6594,1
2010-07-16T16:00:00Z,1.3094,1
2010-07-16T17:00:00Z,0.5294,1
2010-07-16T18:00:00Z,-0.4306,1
2010-07-16T19:00:00Z,-1.2806,1
2010-07-16T20:00:00Z,-1.7406,1
2010-07-16T21:00:00Z,-1.6606,1
2010-07-16T22:00:00Z,-1.1506,1
2010-07-16T23:00:00Z,-0.3906,1
2010-07-17T00:00:00Z,0.3694,1
2010-07-17T01:00:00Z,1.0594,1
2010-07-17T02:00:00Z,1.5594,1
2010-07-17T03:00:00Z,1.8094,1
2010-07-17T04:00:00Z,1.6194,1
2010-07-17T05:00:00Z,1.0094,1
2010-07-17T06:00:00Z,0.0494,1
2010-07-17T07:00:00Z,-0.9706,1
2010-07-17T08:00:00Z,-1.7206,1
2010-07-17T09:00:00Z,-2.0306,1
2010-07-17T10:00:00Z,-1.8306,1
2010-07-17T11:00:00Z,-1.2206,1
2010-07-17T12:00:00Z,-0.4606,1
2010-07-17T13:00:00Z,0.2894,1
2010-07-17T14:00:00Z,0.8894,1
2010-07-17T15:00:00Z,1.2894,1
2010-07-17T16:00:00Z,1.3494,1
2010-07-17T17:00:00Z,1.0194,1
2010-07-17T18:00:00Z,0.2994,1
2010-07-17T19:00:00Z,-0.5506,1
2010-07-17T20:00:00Z,-1.2906,1
2010-07-17T21:00:00Z,-1.6406,1
2010-07-17T22:00:00Z,-1.5506,1
2010-07-17T23:00:00Z,-1.0706,1
2010-07-18T00:00:00Z,-0.3906,1
2010-07-18T01:00:00Z,0.3194,1
2010-07-18T02:00:00Z,0.9494,1
2010-07-18T03:00:00Z,1.4194,1
2010-07-18T04:00:00Z,1.6494,1
2010-07-18T05:00:00Z,1.4894,1
2010-07-18T06:00:00Z,0.9394,1
2010-07-18T07:00:00Z,0.1094,1
2010-07-18T08:00:00Z,-0.7906,1
2010-07-18T09:00:00Z,-1.4406,1
2010-07-18T10:00:00Z,-1.6806,1
2010-07-18T11:00:00Z,-1.4906,1
2010-07-18T12:00:00Z,-0.9506,1
2010-07-18T13:00:00Z,-0.3006,1
2010-07-18T14:00:00Z,0.3294,1
2010-07-18T15:00:00Z,0.8694,1
2010-07-18T16:00:00Z,1.2294,1
2010-07-18T17:00:00Z,1.2594,1
2010-07-18T18:00:00Z,0.9394,1
2010-07-18T19:00:00Z,0.2894,1
2010-07-18T20:00:00Z,-0.4606,1
2010-07-18T21:00:00Z,-1.1106,1
2010-07-18T22:00:00Z,-1.4406,1
2010-07-18T23:00:00Z,-1.3906,1
2010-07-19T00:00:00Z,-0.9806,1
2010-07-19T01:00:00Z,-0.4206,1
2010-07-19T02:00:00Z,0.1994,1
2010-07-19T03:00:00Z,0.7594,1
2010-07-19T04:00:00Z,1.2194,1
2010-07-19T05:00:00Z,1.4394,1
2010-07-19T06:00:00Z,1.2694,1
2010-07-19T07:00:00Z,0.7594,1
2010-07-19T08:00:00Z,0.0194,1
2010-07-19T09:00:00Z,-0.7706,1
2010-07-19T10:00:00Z,-1.3406,1
2010-07-19T11:00:00Z,-1.5806,1
2010-07-19T12:00:00Z,-1.3806,1
2010-07-19T13:00:00Z,-0.9106,1
2010-07-19T14:00:00Z,-0.3506,1
2010-07-19T15:00:00Z,0.2194,1
2010-07-19T16:00:00Z,0.7394,1
2010-07-19T17:00:00Z,1.1194,1
2010-07-19T18:00:00Z,1.2094,1
2010-07-19T19:00:00Z,0.9994,1
2010-07-19T20:00:00Z,0.4094,1
2010-07-19T21:00:00Z,-0.2406,1
2010-07-19T22:00:00Z,-0.8606,1
2010-07-19T23:00:00Z,-1.2206,1
2010-07-20T00:00:00Z,-1.2006,1
2010-07-20T01:00:00Z,-0.9006,1
2010-07-20T02:00:00Z,-0.4406,1
2010-07-20T03:00:00Z,0.0794,1
2010-07-20T04:00:00Z,0.5794,1
2010-07-20T05:00:00Z,0.9994,1
2010-07-20T06:00:00Z,1.2794,1
2010-07-20T07:00:00Z,1.2194,1
2010-07-20T08:00:00Z,0.8294,1
2010-07-20T09:00:00Z,0.1494,1
2010-07-20T10:00:00Z,-0.5406,1
2010-07-20T11:00:00Z,-1.0806,1
2010-07-20T12:00:00Z,-1.3606,1
2010-07-20T13:00:00Z,-1.2606,1
2010-07-20T14:00:00Z,-0.9206,1
2010-07-20T15:00:00Z,-0.4106,1
2010-07-20T16:00:00Z,0.0994,1
2010-07-20T17:00:00Z,0.5694,1
2010-07-20T18:00:00Z,0.9594,1
2010-07-20T19:00:00Z,1.0994,1
2010-07-20T20:00:00Z,0.9994,1
2010-07-20T21:00:00Z,0.5594,1
2010-07-20T22:00:00Z,-0.0506,1
2010-07-20T23:00:00Z,-0.6406,1
2010-07-21T00:00:00Z,-1.0406,1
2010-07-21T01:00:00Z,-1.1406,1
2010-07-21T02:00:00Z,-0.9306,1
2010-07-21T03:00:00Z,-0.5506,1
2010-07-21T04:00:00Z,-0.0806,1
2010-07-21T05:00:00Z,0.4194,1
2010-07-21T06:00:00Z,0.8594,1
2010-07-21T07:00:00Z,1.1794,1
2010-07-21T08:00:00Z,1.1994,1
2010-07-21T09:00:00Z,0.8994,1
2010-07-21T10:00:00Z,0.3394,1
2010-07-21T11:00:00Z,-0.3206,1
2010-07-21T12:00:00Z,-0.8906,1
2010-07-21T13:00:00Z,-1.2106,1
2010-07-21T14:00:00Z,-1.2106,1
2010-07-21T15:00:00Z,-0.9106,1
2010-07-21T16:00:00Z,-0.4806,1
2010-07-21T17:00:00Z,0.0194,1
2010-07-21T18:00:00Z,0.5194,1
2010-07-21T19:00:00Z,0.9394,1
2010-07-21T20:00:00Z,1.1494,1
2010-07-21T21:00:00Z,1.0394,1
2010-07-21T22:00:00Z,0.6294,1
2010-07-21T23:00:00Z,0.0294,1
2010-07-22T00:00:00Z,-0.6206,1
2010-07-22T01:00:00Z,-1.1006,1
2010-07-22T02:00:00Z,-1.3106,1
2010-07-22T03:00:00Z,-1.2006,1
2010-07-22T04:00:00Z,-0.8806,1
2010-07-22T05:00:00Z,-0.4206,1
2010-07-22T06:00:00Z,0.0594,1
2010-07-22T07:00:00Z,0.5294,1
2010-07-22T08:00:00Z,0.8594,1
2010-07-22T09:00:00Z,0.9794,1
2010-07-22T10:00:00Z,0.7594,1
2010-07-22T11:00:00Z,0.2294,1
2010-07-22T12:00:00Z,-0.4306,1
2010-07-22T13:00:00Z,-1.0206,1
2010-07-22T14:00:00Z,-1.3806,1
2010-07-22T15:00:00Z,-1.4006,1
2010-07-22T16:00:00Z,-1.1006,1
2010-07-22T17:00:00Z,-0.6506,1
2010-07-22T18:00:00Z,-0.1006,1
2010-07-22T19:00:00Z,0.4094,1
2010-07-22T20:00:00Z,0.8594,1
2010-07-22T21:00:00Z,1.0894,1
2010-07-22T22:00:00Z,0.9894,1
2010-07-22T23:00:00Z,0.5694,1
2010-07-23T00:00:00Z,-0.0806,1
2010-07-23T01:00:00Z,-0.7706,1
2010-07-23T02:00:00Z,-1.3206,1
2010-07-23T03:00:00Z,-1.5606,1
2010-07-23T04:00:00Z,-1.4406,1
2010-07-23T05:00:00Z,-1.0706,1
2010-07-23T06:00:00Z,-0.5406,1
2010-07-23T07:00:00Z,-0.0106,1
2010-07-23T08:00:00Z,0.5094,1
2010-07-23T09:00:00Z,0.8794,1
2010-07-23T10:00:00Z,0.9994,1
2010-07-23T11:00:00Z,0.7794,1
2010-07-23T12:00:00Z,0.2394,1
2010-07-23T13:00:00Z,-0.4406,1
2010-07-23T14:00:00Z,-1.0705,1
2010-07-23T15:00:00Z,-1.4405,1
2010-07-23T16:00:00Z,-1.4505,1
2010-07-23T17:00:00Z,-1.0905,1
2010-07-23T18:00:00Z,-0.5505,1
2010-07-23T19:00:00Z,0.0695,1
2010-07-23T20:00:00Z,0.6395,1
2010-07-23T21:00:00Z,1.0595,1
2010-07-23T22:00:00Z,1.2495,1
2010-07-23T23:00:00Z,1.0995,1
2010-07-24T00:00:00Z,0.6095,1
2010-07-24T01:00:00Z,-0.1305,1
2010-07-24T02:00:00Z,-0.8705,1
2010-07-24T03:00:00Z,-1.4405,1
2010-07-24T04:00:00Z,-1.6405,1
2010-07-24T05:00:00Z,-1.4405,1
2010-07-24T06:00:00Z,-1.0005,1
2010-07-24T07:00:00Z,-0.3805,1
2010-07-24T08:00:00Z,0.1995,1
2010-07-24T09:00:00Z,0.7495,1
2010-07-24T10:00:00Z,1.1295,1
2010-07-24T11:00:00Z,1.1695,1
2010-07-24T12:00:00Z,0.8495,1
2010-07-24T13:00:00Z,0.2095,1
2010-07-24T14:00:00Z,-0.5405,1
2010-07-24T15:00:00Z,-1.1705,1
2010-07-24T16:00:00Z,-1.4705,1
2010-07-24T17:00:00Z,-1.3605,1
2010-07-24T18:00:00Z,-0.9205,1
2010-07-24T19:00:00Z,-0.2805,1
2010-07-24T20:00:00Z,0.3695,1
2010-07-24T21:00:00Z,0.9095,1
2010-07-24T22:00:00Z,1.3095,1
2010-07-24T23:00:00Z,1.3995,1
2010-07-25T00:00:00Z,1.1095,1
2010-07-25T01:00:00Z,0.4395,1
2010-07-25T02:00:00Z,-0.3605,1
2010-07-25T03:00:00Z,-1.1405,1
2010-07-25T04:00:00Z,-1.6505,1
2010-07-25T05:00:00Z,-1.7305,1
2010-07-25T06:00:00Z,-1.4305,1
2010-07-25T07:00:00Z,-0.8605,1
2010-07-25T08:00:00Z,-0.2005,1
2010-07-25T09:00:00Z,0.4095,1
2010-07-25T10:00:00Z,0.9095,1
2010-07-25T11:00:00Z,1.1795,1
2010-07-25T12:00:00Z,1.0995,1
2010-07-25T13:00:00Z,0.6295,1
2010-07-25T14:00:00Z,-0.1205,1
2010-07-25T15:00:00Z,-0.9005,1
2010-07-25T16:00:00Z,-1.4905,1
2010-07-25T17:00:00Z,-1.6105,1
2010-07-25T18:00:00Z,-1.3305,1
2010-07-25T19:00:00Z,-0.7305,1
2010-07-25T20:00:00Z,-0.0205,1
2010-07-25T21:00:00Z,0.6395,1
2010-07-25T22:00:00Z,1.1995,1
2010-07-25T23:00:00Z,1.4795,1
2010-07-26T00:00:00Z,1.3995,1
2010-07-26T01:00:00Z,0.9695,1
2010-07-26T02:00:00Z,0.1695,1
2010-07-26T03:00:00Z,-0.7305,1
2010-07-26T05:00:00Z,-1.8605,1
2010-07-26T06:00:00Z,-1.7805,1
2010-07-26T07:00:00Z,-1.3205,1
2010-07-26T08:00:00Z,-0.6605,1
2010-07-26T09:00:00Z,0.0295,1
2010-07-26T10:00:00Z,0.6295,1
2010-07-26T11:00:00Z,1.0795,1
2010-07-26T12:00:00Z,1.1895,1
2010-07-26T13:00:00Z,0.9595,1
2010-07-26T14:00:00Z,0.3395,1
2010-07-26T15:00:00Z,-0.4605,1
2010-07-26T16:00:00Z,-1.2405,1
2010-07-26T17:00:00Z,-1.6605,1
2010-07-26T18:00:00Z,-1.6205,1
2010-07-26T19:00:00Z,-1.1605,1
2010-07-26T20:00:00Z,-0.4305,1
2010-07-26T21:00:00Z,0.3395,1
2010-07-26T22:00:00Z,0.9795,1
2010-07-26T23:00:00Z,1.4295,1
2010-07-27T00:00:00Z,1.5795,1
2010-07-27T01:00:00Z,1.3295,1
2010-07-27T02:00:00Z,0.7195,1
2010-07-27T03:00:00Z,-0.1505,1
2010-07-27T04:00:00Z,-1.0505,1
2010-07-27T05:00:00Z,-1.6805,1
2010-07-27T06:00:00Z,-1.8505,1
2010-07-27T07:00:00Z,-1.6005,1
2010-07-27T08:00:00Z,-0.9905,1
2010-07-27T09:00:00Z,-0.2605,1
2010-07-27T10:00:00Z,0.3795,1
2010-07-27T11:00:00Z,0.9295,1
2010-07-27T12:00:00Z,1.2295,1
2010-07-27T13:00:00Z,1.1695,1
2010-07-27T14:00:00Z,0.7795,1
2010-07-27T15:00:00Z,-5.00E-04,1
2010-07-27T16:00:00Z,-0.8505,1
2010-07-27T17:00:00Z,-1.5005,1
2010-07-27T18:00:00Z,-1.7105,1
2010-07-27T19:00:00Z,-1.4805,1
2010-07-27T20:00:00Z,-0.8705,1
2010-07-27T21:00:00Z,-0.0805,1
2010-07-27T22:00:00Z,0.6695,1
2010-07-27T23:00:00Z,1.2095,1
2010-07-28T00:00:00Z,1.5395,1
2010-07-28T01:00:00Z,1.5095,1
2010-07-28T02:00:00Z,1.1195,1
2010-07-28T03:00:00Z,0.3195,1
2010-07-28T04:00:00Z,-0.5905,1
2010-07-28T05:00:00Z,-1.3905,1
2010-07-28T06:00:00Z,-1.8305,1
2010-07-28T07:00:00Z,-1.7705,1
2010-07-28T08:00:00Z,-1.3305,1
2010-07-28T09:00:00Z,-0.6405,1
2010-07-28T10:00:00Z,0.0595,1
2010-07-28T11:00:00Z,0.6595,1
2010-07-28T12:00:00Z,1.1395,1
2010-07-28T13:00:00Z,1.2695,1
2010-07-28T14:00:00Z,1.0395,1
2010-07-28T15:00:00Z,0.4295,1
2010-07-28T16:00:00Z,-0.4105,1
2010-07-28T17:00:00Z,-1.1905,1
2010-07-28T18:00:00Z,-1.6705,1
2010-07-28T19:00:00Z,-1.6805,1
2010-07-28T20:00:00Z,-1.2205,1
2010-07-28T21:00:00Z,-0.5005,1
2010-07-28T22:00:00Z,0.2795,1
2010-07-28T23:00:00Z,0.9295,1
2010-07-29T00:00:00Z,1.3995,1
2010-07-29T01:00:00Z,1.5795,1
2010-07-29T02:00:00Z,1.3495,1
2010-07-29T03:00:00Z,0.7595,1
2010-07-29T04:00:00Z,-0.1105,1
2010-07-29T05:00:00Z,-1.0205,1
2010-07-29T06:00:00Z,-1.6605,1
2010-07-29T07:00:00Z,-1.8605,1
2010-07-29T08:00:00Z,-1.6505,1
2010-07-29T09:00:00Z,-1.0505,1
2010-07-29T10:00:00Z,-0.3405,1
2010-07-29T11:00:00Z,0.2995,1
2010-07-29T12:00:00Z,0.8195,1
2010-07-29T13:00:00Z,1.1395,1
2010-07-29T14:00:00Z,1.1395,1
2010-07-29T15:00:00Z,0.6995,1
2010-07-29T16:00:00Z,-0.0105,1
2010-07-29T17:00:00Z,-0.8305,1
2010-07-29T18:00:00Z,-1.5005,1
2010-07-29T19:00:00Z,-1.7305,1
2010-07-29T20:00:00Z,-1.5405,1
2010-07-29T21:00:00Z,-0.9505,1
2010-07-29T22:00:00Z,-0.1705,1
2010-07-29T23:00:00Z,0.5595,1
2010-07-30T00:00:00Z,1.0995,1
2010-07-30T01:00:00Z,1.4795,1
2010-07-30T02:00:00Z,1.4695,1
2010-07-30T03:00:00Z,1.0995,1
2010-07-30T04:00:00Z,0.3895,1
2010-07-30T05:00:00Z,-0.4905,1
2010-07-30T06:00:00Z,-1.3105,1
2010-07-30T07:00:00Z,-1.7205,1
2010-07-30T08:00:00Z,-1.6905,1
2010-07-30T09:00:00Z,-1.2805,1
2010-07-30T10:00:00Z,-0.6205,1
2010-07-30T11:00:00Z,0.0595,1
2010-07-30T12:00:00Z,0.6595,1
2010-07-30T13:00:00Z,1.0995,1
2010-07-30T14:00:00Z,1.2795,1
2010-07-30T15:00:00Z,1.0795,1
2010-07-30T16:00:00Z,0.5395,1
2010-07-30T17:00:00Z,-0.2105,1
2010-07-30T18:00:00Z,-0.9705,1
2010-07-30T19:00:00Z,-1.4205,1
2010-07-30T20:00:00Z,-1.4505,1
2010-07-30T21:00:00Z,-1.1105,1
2010-07-30T22:00:00Z,-0.4805,1
2010-07-30T23:00:00Z,0.2095,1
2010-07-31T00:00:00Z,0.8295,1
2010-07-31T01:00:00Z,1.2995,1
2010-07-31T02:00:00Z,1.5095,1
2010-07-31T03:00:00Z,1.3395,1
2010-07-31T04:00:00Z,0.8295,1
2010-07-31T05:00:00Z,0.0395,1
2010-07-31T06:00:00Z,-0.8205,1
2010-07-31T07:00:00Z,-1.4605,1
2010-07-31T08:00:00Z,-1.6805,1
2010-07-31T09:00:00Z,-1.4905,1
2010-07-31T10:00:00Z,-0.9805,1
2010-07-31T11:00:00Z,-0.3305,1
2010-07-31T12:00:00Z,0.2795,1
2010-07-31T13:00:00Z,0.7895,1
2010-07-31T14:00:00Z,1.0795,1
2010-07-31T15:00:00Z,1.1095,1
2010-07-31T16:00:00Z,0.7795,1
2010-07-31T17:00:00Z,0.1495,1
2010-07-31T18:00:00Z,-0.5905,1
2010-07-31T19:00:00Z,-1.2105,1
2010-07-31T20:00:00Z,-1.4605,1
2010-07-31T21:00:00Z,-1.3705,1
2010-07-31T22:00:00Z,-0.9005,1
2010-07-31T23:00:00Z,-0.2505,1
2010-08-01T00:00:00Z,0.3795,1
2010-08-01T01:00:00Z,0.9295,1
2010-08-01T02:00:00Z,1.2795,1
2010-08-01T03:00:00Z,1.3395,1
2010-08-01T04:00:00Z,1.0595,1
2010-08-01T05:00:00Z,0.4595,1
2010-08-01T06:00:00Z,-0.3105,1
2010-08-01T07:00:00Z,-1.0605,1
2010-08-01T08:00:00Z,-1.5105,1
2010-08-01T09:00:00Z,-1.5605,1
2010-08-01T10:00:00Z,-1.2505,1
2010-08-01T11:00:00Z,-0.7205,1
2010-08-01T12:00:00Z,-0.1404,1
2010-08-01T13:00:00Z,0.4096,1
2010-08-01T14:00:00Z,0.8096,1
2010-08-01T15:00:00Z,1.0096,1
2010-08-01T16:00:00Z,0.9196,1
2010-08-01T17:00:00Z,0.4896,1
2010-08-01T18:00:00Z,-0.1504,1
2010-08-01T19:00:00Z,-0.8004,1
2010-08-01T20:00:00Z,-1.2704,1
2010-08-01T21:00:00Z,-1.4104,1
2010-08-01T22:00:00Z,-1.1704,1
2010-08-01T23:00:00Z,-0.7104,1
2010-08-02T00:00:00Z,-0.0904,1
2010-08-02T01:00:00Z,0.4596,1
2010-08-02T02:00:00Z,0.9296,1
2010-08-02T03:00:00Z,1.1796,1
2010-08-02T04:00:00Z,1.1396,1
2010-08-02T05:00:00Z,0.7896,1
2010-08-02T06:00:00Z,0.1596,1
2010-08-02T07:00:00Z,-0.5704,1
2010-08-02T08:00:00Z,-1.1704,1
2010-08-02T09:00:00Z,-1.4504,1
2010-08-02T10:00:00Z,-1.4004,1
2010-08-02T11:00:00Z,-1.0304,1
2010-08-02T12:00:00Z,-0.5504,1
2010-08-02T13:00:00Z,-0.0104,1
2010-08-02T14:00:00Z,0.4396,1
2010-08-02T15:00:00Z,0.7796,1
2010-08-02T16:00:00Z,0.8996,1
2010-08-02T17:00:00Z,0.7296,1
2010-08-02T18:00:00Z,0.2796,1
2010-08-02T19:00:00Z,-0.2804,1
2010-08-02T20:00:00Z,-0.8604,1
2010-08-02T21:00:00Z,-1.2104,1
2010-08-02T22:00:00Z,-1.2604,1
2010-08-02T23:00:00Z,-0.9904,1
2010-08-03T00:00:00Z,-0.5304,1
2010-08-03T01:00:00Z,0.0096,1
2010-08-03T02:00:00Z,0.4996,1
2010-08-03T03:00:00Z,0.9096,1
2010-08-03T04:00:00Z,1.0996,1
2010-08-03T05:00:00Z,1.0296,1
2010-08-03T06:00:00Z,0.6296,1
2010-08-03T07:00:00Z,0.0796,1
2010-08-03T08:00:00Z,-0.5704,1
2010-08-03T09:00:00Z,-1.0504,1
2010-08-03T10:00:00Z,-1.2404,1
2010-08-03T11:00:00Z,-1.1104,1
2010-08-03T12:00:00Z,-0.7604,1
2010-08-03T13:00:00Z,-0.3104,1
2010-08-03T14:00:00Z,0.1096,1
2010-08-03T15:00:00Z,0.5396,1
2010-08-03T16:00:00Z,0.8196,1
2010-08-03T17:00:00Z,0.8996,1
2010-08-03T18:00:00Z,0.6996,1
2010-08-03T19:00:00Z,0.2696,1
2010-08-03T20:00:00Z,-0.2704,1
2010-08-03T21:00:00Z,-0.7704,1
2010-08-03T22:00:00Z,-1.0604,1
2010-08-03T23:00:00Z,-1.0704,1
2010-08-04T00:00:00Z,-0.8404,1
2010-08-04T01:00:00Z,-0.4004,1
2010-08-04T02:00:00Z,0.0796,1
2010-08-04T03:00:00Z,0.5196,1
2010-08-04T04:00:00Z,0.8896,1
2010-08-04T05:00:00Z,1.0696,1
2010-08-04T06:00:00Z,0.9796,1
2010-08-04T07:00:00Z,0.6196,1
2010-08-04T08:00:00Z,0.0696,1
2010-08-04T09:00:00Z,-0.4704,1
2010-08-04T10:00:00Z,-0.9004,1
2010-08-04T11:00:00Z,-1.0704,1
2010-08-04T12:00:00Z,-0.9904,1
2010-08-04T13:00:00Z,-0.7004,1
2010-08-04T14:00:00Z,-0.3104,1
2010-08-04T15:00:00Z,0.0696,1
2010-08-04T16:00:00Z,0.4596,1
2010-08-04T17:00:00Z,0.7296,1
2010-08-04T18:00:00Z,0.8596,1
2010-08-04T19:00:00Z,0.7096,1
2010-08-04T20:00:00Z,0.3496,1
2010-08-04T21:00:00Z,-0.1504,1
2010-08-04T22:00:00Z,-0.6304,1
2010-08-04T23:00:00Z,-0.9604,1
2010-08-05T00:00:00Z,-1.0404,1
2010-08-05T01:00:00Z,-0.8604,1
2010-08-05T02:00:00Z,-0.5304,1
2010-08-05T03:00:00Z,-0.1104,1
2010-08-05T04:00:00Z,0.2996,1
2010-08-05T05:00:00Z,0.6396,1
2010-08-05T06:00:00Z,0.8496,1
2010-08-05T07:00:00Z,0.8196,1
2010-08-05T08:00:00Z,0.5396,1
2010-08-05T09:00:00Z,0.0796,1
2010-08-05T10:00:00Z,-0.4304,1
2010-08-05T11:00:00Z,-0.8304,1
2010-08-05T12:00:00Z,-1.0404,1
2010-08-05T13:00:00Z,-1.0104,1
2010-08-05T14:00:00Z,-0.7804,1
2010-08-05T15:00:00Z,-0.4204,1
2010-08-05T16:00:00Z,-0.0304,1
2010-08-05T17:00:00Z,0.4096,1
2010-08-05T18:00:00Z,0.7396,1
2010-08-05T19:00:00Z,0.9196,1
2010-08-05T20:00:00Z,0.8496,1
2010-08-05T21:00:00Z,0.4996,1
2010-08-05T22:00:00Z,0.0196,1
2010-08-05T23:00:00Z,-0.5104,1
2010-08-06T00:00:00Z,-0.9004,1
2010-08-06T01:00:00Z,-1.0904,1
2010-08-06T02:00:00Z,-1.0004,1
2010-08-06T03:00:00Z,-0.6704,1
2010-08-06T04:00:00Z,-0.2604,1
2010-08-06T05:00:00Z,0.2196,1
2010-08-06T06:00:00Z,0.6396,1
2010-08-06T07:00:00Z,0.9196,1
2010-08-06T08:00:00Z,1.0196,1
2010-08-06T09:00:00Z,0.8096,1
2010-08-06T10:00:00Z,0.3696,1
2010-08-06T11:00:00Z,-0.1504,1
2010-08-06T12:00:00Z,-0.6304,1
2010-08-06T14:00:00Z,-1.0204,1
2010-08-06T15:00:00Z,-0.8204,1
2010-08-06T16:00:00Z,-0.4904,1
2010-08-06T17:00:00Z,-0.0304,1
2010-08-06T18:00:00Z,0.4496,1
2010-08-06T19:00:00Z,0.8696,1
2010-08-06T20:00:00Z,1.1496,1
2010-08-06T21:00:00Z,1.0996,1
2010-08-06T22:00:00Z,0.7696,1
2010-08-06T23:00:00Z,0.1896,1
2010-08-07T00:00:00Z,-0.4404,1
2010-08-07T01:00:00Z,-0.9504,1
2010-08-07T02:00:00Z,-1.2204,1
2010-08-07T03:00:00Z,-1.1804,1
2010-08-07T04:00:00Z,-0.8504,1
2010-08-07T05:00:00Z,-0.3804,1
2010-08-07T06:00:00Z,0.1396,1
2010-08-07T07:00:00Z,0.6196,1
2010-08-07T08:00:00Z,0.9696,1
2010-08-07T09:00:00Z,1.0796,1
2010-08-07T10:00:00Z,0.8796,1
2010-08-07T11:00:00Z,0.3796,1
2010-08-07T12:00:00Z,-0.2804,1
2010-08-07T13:00:00Z,-0.9104,1
2010-08-07T14:00:00Z,-1.3304,1
2010-08-07T15:00:00Z,-1.4004,1
2010-08-07T16:00:00Z,-1.1604,1
2010-08-07T17:00:00Z,-0.7004,1
2010-08-07T18:00:00Z,-0.1304,1
2010-08-07T19:00:00Z,0.4596,1
2010-08-07T20:00:00Z,0.9396,1
2010-08-07T21:00:00Z,1.2396,1
2010-08-07T22:00:00Z,1.1696,1
2010-08-07T23:00:00Z,0.7596,1
2010-08-08T00:00:00Z,0.0596,1
2010-08-08T01:00:00Z,-0.7204,1
2010-08-08T02:00:00Z,-1.3704,1
2010-08-08T03:00:00Z,-1.6904,1
2010-08-08T04:00:00Z,-1.5904,1
2010-08-08T05:00:00Z,-1.1504,1
2010-08-08T06:00:00Z,-0.5504,1
2010-08-08T07:00:00Z,0.0896,1
2010-08-08T08:00:00Z,0.6896,1
2010-08-08T09:00:00Z,1.0896,1
2010-08-08T10:00:00Z,1.2196,1
2010-08-08T11:00:00Z,0.9696,1
2010-08-08T12:00:00Z,0.3796,1
2010-08-08T13:00:00Z,-0.4004,1
2010-08-08T14:00:00Z,-1.1104,1
2010-08-08T15:00:00Z,-1.5504,1
2010-08-08T16:00:00Z,-1.5704,1
2010-08-08T17:00:00Z,-1.2104,1
2010-08-08T18:00:00Z,-0.6104,1
2010-08-08T19:00:00Z,0.1096,1
2010-08-08T20:00:00Z,0.7896,1
2010-08-08T21:00:00Z,1.3196,1
2010-08-08T22:00:00Z,1.5796,1
2010-08-08T23:00:00Z,1.4196,1
2010-08-09T00:00:00Z,0.8696,1
2010-08-09T01:00:00Z,0.0096,1
2010-08-09T02:00:00Z,-0.9004,1
2010-08-09T03:00:00Z,-1.6104,1
2010-08-09T04:00:00Z,-1.8604,1
2010-08-09T05:00:00Z,-1.6204,1
2010-08-09T06:00:00Z,-1.0204,1
2010-08-09T07:00:00Z,-0.2604,1
2010-08-09T08:00:00Z,0.4996,1
2010-08-09T09:00:00Z,1.1296,1
2010-08-09T10:00:00Z,1.5496,1
2010-08-09T11:00:00Z,1.5696,1
2010-08-09T12:00:00Z,1.1796,1
2010-08-09T13:00:00Z,0.4096,1
2010-08-09T14:00:00Z,-0.5104,1
2010-08-09T15:00:00Z,-1.3304,1
2010-08-09T16:00:00Z,-1.7504,1
2010-08-09T17:00:00Z,-1.6604,1
2010-08-09T18:00:00Z,-1.1304,1
2010-08-09T19:00:00Z,-0.3304,1
2010-08-09T20:00:00Z,0.4896,1
2010-08-09T21:00:00Z,1.2096,1
2010-08-09T22:00:00Z,1.6996,1
2010-08-09T23:00:00Z,1.8496,1
2010-08-10T00:00:00Z,1.5296,1
2010-08-10T01:00:00Z,0.8096,1
2010-08-10T02:00:00Z,-0.2304,1
2010-08-10T03:00:00Z,-1.2604,1
2010-08-10T04:00:00Z,-1.9504,1
2010-08-10T05:00:00Z,-2.1104,1
2010-08-10T06:00:00Z,-1.7304,1
2010-08-10T07:00:00Z,-0.9404,1
2010-08-10T08:00:00Z,-0.0504,1
2010-08-10T09:00:00Z,0.7596,1
2010-08-10T10:00:00Z,1.4096,1
2010-08-10T11:00:00Z,1.7597,1
2010-08-10T12:00:00Z,1.6597,1
2010-08-10T13:00:00Z,1.1197,1
2010-08-10T14:00:00Z,0.2097,1
2010-08-10T15:00:00Z,-0.8403,1
2010-08-10T16:00:00Z,-1.6403,1
2010-08-10T17:00:00Z,-1.9303,1
2010-08-10T18:00:00Z,-1.6703,1
2010-08-10T19:00:00Z,-0.9703,1
2010-08-10T20:00:00Z,-0.0503,1
2010-08-10T21:00:00Z,0.7997,1
2010-08-10T22:00:00Z,1.4797,1
2010-08-10T23:00:00Z,1.8997,1
2010-08-11T00:00:00Z,1.9397,1
2010-08-11T01:00:00Z,1.4697,1
2010-08-11T02:00:00Z,0.5597,1
2010-08-11T03:00:00Z,-0.6103,1
2010-08-11T04:00:00Z,-1.6803,1
2010-08-11T05:00:00Z,-2.2903,1
2010-08-11T06:00:00Z,-2.3003,1
2010-08-11T08:00:00Z,-0.8603,1
2010-08-11T09:00:00Z,0.1297,1
2010-08-11T10:00:00Z,0.9397,1
2010-08-11T11:00:00Z,1.5097,1
2010-08-11T12:00:00Z,1.7797,1
2010-08-11T13:00:00Z,1.5397,1
2010-08-11T14:00:00Z,0.8397,1
2010-08-11T15:00:00Z,-0.2203,1
2010-08-11T16:00:00Z,-1.3003,1
2010-08-11T17:00:00Z,-2.0003,1
2010-08-11T18:00:00Z,-2.0903,1
2010-08-11T19:00:00Z,-1.6403,1
2010-08-11T20:00:00Z,-0.7703,1
2010-08-11T21:00:00Z,0.2097,1
2010-08-11T22:00:00Z,1.0597,1
2010-08-11T23:00:00Z,1.6897,1
2010-08-12T00:00:00Z,2.0397,1
2010-08-12T01:00:00Z,1.8797,1
2010-08-12T02:00:00Z,1.2697,1
2010-08-12T03:00:00Z,0.1897,1
2010-08-12T04:00:00Z,-1.0703,1
2010-08-12T05:00:00Z,-2.0703,1
2010-08-12T06:00:00Z,-2.5303,1
2010-08-12T07:00:00Z,-2.3803,1
2010-08-12T08:00:00Z,-1.6703,1
2010-08-12T09:00:00Z,-0.6903,1
2010-08-12T10:00:00Z,0.2897,1
2010-08-12T11:00:00Z,1.0197,1
2010-08-12T12:00:00Z,1.5397,1
2010-08-12T13:00:00Z,1.6997,1
2010-08-12T14:00:00Z,1.3197,1
2010-08-12T15:00:00Z,0.4997,1
2010-08-12T16:00:00Z,-0.6303,1
2010-08-12T17:00:00Z,-1.6503,1
2010-08-12T18:00:00Z,-2.2203,1
2010-08-12T19:00:00Z,-2.1303,1
2010-08-12T20:00:00Z,-1.5403,1
2010-08-12T21:00:00Z,-0.5903,1
2010-08-12T22:00:00Z,0.3897,1
2010-08-12T23:00:00Z,1.1797,1
2010-08-13T00:00:00Z,1.7397,1
2010-08-13T01:00:00Z,1.9797,1
2010-08-13T02:00:00Z,1.7597,1
2010-08-13T03:00:00Z,1.0497,1
2010-08-13T04:00:00Z,-0.1103,1
2010-08-13T05:00:00Z,-1.3203,1
2010-08-13T06:00:00Z,-2.2303,1
2010-08-13T07:00:00Z,-2.5503,1
2010-08-13T08:00:00Z,-2.2503,1
2010-08-13T09:00:00Z,-1.4703,1
2010-08-13T10:00:00Z,-0.4803,1
2010-08-13T11:00:00Z,0.3897,1
2010-08-13T12:00:00Z,1.0597,1
2010-08-13T13:00:00Z,1.4997,1
2010-08-13T14:00:00Z,1.4797,1
2010-08-13T15:00:00Z,1.0497,1
2010-08-13T16:00:00Z,0.1697,1
2010-08-13T17:00:00Z,-0.9303,1
2010-08-13T18:00:00Z,-1.8403,1
2010-08-13T19:00:00Z,-2.2203,1
2010-08-13T20:00:00Z,-2.0303,1
2010-08-13T21:00:00Z,-1.3503,1
2010-08-13T22:00:00Z,-0.4003,1
2010-08-13T23:00:00Z,0.4697,1
2010-08-14T00:00:00Z,1.1897,1
2010-08-14T01:00:00Z,1.6997,1
2010-08-14T02:00:00Z,1.8197,1
2010-08-14T03:00:00Z,1.5197,1
2010-08-14T04:00:00Z,0.7397,1
2010-08-14T05:00:00Z,-0.3803,1
2010-08-14T06:00:00Z,-1.4903,1
2010-08-14T07:00:00Z,-2.1803,1
2010-08-14T08:00:00Z,-2.3503,1
2010-08-14T09:00:00Z,-1.9703,1
2010-08-14T10:00:00Z,-1.1803,1
2010-08-14T11:00:00Z,-0.2603,1
2010-08-14T12:00:00Z,0.4997,1
2010-08-14T13:00:00Z,1.1097,1
2010-08-14T14:00:00Z,1.4497,1
2010-08-14T15:00:00Z,1.3697,1
2010-08-14T16:00:00Z,0.8397,1
2010-08-14T17:00:00Z,-0.0903,1
2010-08-14T18:00:00Z,-1.0803,1
2010-08-14T19:00:00Z,-1.8203,1
2010-08-14T20:00:00Z,-2.1003,1
2010-08-14T21:00:00Z,-1.8203,1
2010-08-14T22:00:00Z,-1.1303,1
2010-08-14T23:00:00Z,-0.2803,1
2010-08-15T00:00:00Z,0.4897,1
2010-08-15T01:00:00Z,1.1497,1
2010-08-15T02:00:00Z,1.5597,1
2010-08-15T03:00:00Z,1.6697,1
2010-08-15T04:00:00Z,1.3197,1
2010-08-15T05:00:00Z,0.5597,1
2010-08-15T06:00:00Z,-0.4603,1
2010-08-15T07:00:00Z,-1.4203,1
2010-08-15T08:00:00Z,-1.9703,1
2010-08-15T09:00:00Z,-2.0503,1
2010-08-15T10:00:00Z,-1.6403,1
2010-08-15T11:00:00Z,-0.9303,1
2010-08-15T12:00:00Z,-0.1603,1
2010-08-15T13:00:00Z,0.4997,1
2010-08-15T14:00:00Z,1.0497,1
2010-08-15T15:00:00Z,1.3097,1
2010-08-15T16:00:00Z,1.1797,1
2010-08-15T17:00:00Z,0.6697,1
2010-08-15T18:00:00Z,-0.1703,1
2010-08-15T19:00:00Z,-1.0303,1
2010-08-15T20:00:00Z,-1.6303,1
2010-08-15T21:00:00Z,-1.8003,1
2010-08-15T22:00:00Z,-1.5303,1
2010-08-15T23:00:00Z,-0.9103,1
2010-08-16T00:00:00Z,-0.2003,1
2010-08-16T01:00:00Z,0.4697,1
2010-08-16T02:00:00Z,1.0397,1
2010-08-16T03:00:00Z,1.4297,1
2010-08-16T04:00:00Z,1.4997,1
2010-08-16T05:00:00Z,1.1597,1
2010-08-16T06:00:00Z,0.4697,1
2010-08-16T07:00:00Z,-0.4103,1
2010-08-16T08:00:00Z,-1.2003,1
2010-08-16T09:00:00Z,-1.6803,1
2010-08-16T10:00:00Z,-1.7103,1
2010-08-16T11:00:00Z,-1.2803,1
2010-08-16T12:00:00Z,-0.6703,1
2010-08-16T13:00:00Z,-0.0303,1
2010-08-16T14:00:00Z,0.5597,1
2010-08-16T15:00:00Z,0.9997,1
2010-08-16T16:00:00Z,1.2597,1
2010-08-16T17:00:00Z,1.0997,1
2010-08-16T18:00:00Z,0.6597,1
2010-08-16T19:00:00Z,-0.0603,1
2010-08-16T20:00:00Z,-0.7803,1
2010-08-16T21:00:00Z,-1.2703,1
2010-08-16T22:00:00Z,-1.4103,1
2010-08-16T23:00:00Z,-1.1803,1
2010-08-17T00:00:00Z,-0.6703,1
2010-08-17T01:00:00Z,-0.1203,1
2010-08-17T02:00:00Z,0.4497,1
2010-08-17T03:00:00Z,0.9697,1
2010-08-17T04:00:00Z,1.3197,1
2010-08-17T05:00:00Z,1.3697,1
2010-08-17T06:00:00Z,1.1297,1
2010-08-17T07:00:00Z,0.4997,1
2010-08-17T08:00:00Z,-0.2203,1
2010-08-17T09:00:00Z,-0.9103,1
2010-08-17T10:00:00Z,-1.2803,1
2010-08-17T11:00:00Z,-1.3103,1
2010-08-17T12:00:00Z,-0.9903,1
2010-08-17T13:00:00Z,-0.5303,1
2010-08-17T14:00:00Z,-0.0103,1
2010-08-17T15:00:00Z,0.4597,1
2010-08-17T16:00:00Z,0.8697,1
2010-08-17T17:00:00Z,1.0797,1
2010-08-17T18:00:00Z,1.0097,1
2010-08-17T19:00:00Z,0.6297,1
2010-08-17T20:00:00Z,0.0597,1
2010-08-17T21:00:00Z,-0.5903,1
2010-08-17T22:00:00Z,-1.0503,1
2010-08-17T23:00:00Z,-1.2303,1
2010-08-18T00:00:00Z,-1.0903,1
2010-08-18T01:00:00Z,-0.7403,1
2010-08-18T02:00:00Z,-0.2803,1
2010-08-18T03:00:00Z,0.1697,1
2010-08-18T04:00:00Z,0.6497,1
2010-08-18T05:00:00Z,0.9997,1
2010-08-18T06:00:00Z,1.1397,1
2010-08-18T07:00:00Z,0.9997,1
2010-08-18T08:00:00Z,0.5397,1
2010-08-18T09:00:00Z,-0.0503,1
2010-08-18T10:00:00Z,-0.6103,1
2010-08-18T11:00:00Z,-0.9803,1
2010-08-18T12:00:00Z,-1.0703,1
2010-08-18T13:00:00Z,-0.8203,1
2010-08-18T14:00:00Z,-0.4603,1
2010-08-18T15:00:00Z,-0.0303,1
2010-08-18T16:00:00Z,0.4097,1
2010-08-18T17:00:00Z,0.8097,1
2010-08-18T18:00:00Z,1.0797,1
2010-08-18T19:00:00Z,1.0897,1
2010-08-18T20:00:00Z,0.8197,1
2010-08-18T21:00:00Z,0.3097,1
2010-08-18T22:00:00Z,-0.2403,1
2010-08-18T23:00:00Z,-0.7503,1
2010-08-19T00:00:00Z,-1.0003,1
2010-08-19T01:00:00Z,-1.0203,1
2010-08-19T02:00:00Z,-0.8003,1
2010-08-19T03:00:00Z,-0.4603,1
2010-08-19T04:00:00Z,-0.0603,1
2010-08-19T05:00:00Z,0.3797,1
2010-08-19T06:00:00Z,0.7797,1
2010-08-19T07:00:00Z,0.9797,1
2010-08-19T08:00:00Z,0.9697,1
2010-08-19T09:00:00Z,0.6298,1
2010-08-19T10:00:00Z,0.1198,1
2010-08-19T11:00:00Z,-0.4002,1
2010-08-19T12:00:00Z,-0.7902,1
2010-08-19T13:00:00Z,-0.9502,1
2010-08-19T14:00:00Z,-0.8502,1
2010-08-19T15:00:00Z,-0.5202,1
2010-08-19T16:00:00Z,-0.1002,1
2010-08-19T17:00:00Z,0.3698,1
2010-08-19T18:00:00Z,0.8298,1
2010-08-19T19:00:00Z,1.1498,1
2010-08-19T21:00:00Z,1.0798,1
2010-08-19T22:00:00Z,0.6398,1
2010-08-19T23:00:00Z,0.0598,1
2010-08-20T00:00:00Z,-0.5202,1
2010-08-20T01:00:00Z,-0.9002,1
2010-08-20T02:00:00Z,-1.0502,1
2010-08-20T03:00:00Z,-0.9202,1
2010-08-20T04:00:00Z,-0.6202,1
2010-08-20T05:00:00Z,-0.1802,1
2010-08-20T06:00:00Z,0.2898,1
2010-08-20T07:00:00Z,0.7698,1
2010-08-20T08:00:00Z,1.0598,1
2010-08-20T09:00:00Z,1.1298,1
2010-08-20T10:00:00Z,0.8398,1
2010-08-20T11:00:00Z,0.3498,1
2010-08-20T12:00:00Z,-0.1602,1
2010-08-20T13:00:00Z,-0.6302,1
2010-08-20T14:00:00Z,-0.8302,1
2010-08-20T15:00:00Z,-0.7702,1
2010-08-20T16:00:00Z,-0.4402,1
2010-08-20T17:00:00Z,-2.00E-04,1
2010-08-20T18:00:00Z,0.4798,1
2010-08-20T19:00:00Z,0.9198,1
2010-08-20T20:00:00Z,1.2798,1
2010-08-20T21:00:00Z,1.4098,1
2010-08-20T22:00:00Z,1.2198,1
2010-08-20T23:00:00Z,0.7498,1
2010-08-21T00:00:00Z,0.0798,1
2010-08-21T01:00:00Z,-0.5802,1
2010-08-21T02:00:00Z,-1.1102,1
2010-08-21T03:00:00Z,-1.3302,1
2010-08-21T04:00:00Z,-1.2402,1
2010-08-21T05:00:00Z,-0.8602,1
2010-08-21T06:00:00Z,-0.4102,1
2010-08-21T07:00:00Z,0.1098,1
2010-08-21T08:00:00Z,0.5698,1
2010-08-21T10:00:00Z,0.9998,1
2010-08-21T11:00:00Z,0.7698,1
2010-08-21T12:00:00Z,0.2898,1
2010-08-21T13:00:00Z,-0.3102,1
2010-08-21T14:00:00Z,-0.7902,1
2010-08-21T15:00:00Z,-1.0602,1
2010-08-21T16:00:00Z,-0.9702,1
2010-08-21T17:00:00Z,-0.6002,1
2010-08-21T18:00:00Z,-0.0702,1
2010-08-21T19:00:00Z,0.4998,1
2010-08-21T20:00:00Z,0.9998,1
2010-08-21T21:00:00Z,1.3598,1
2010-08-21T22:00:00Z,1.4098,1
2010-08-21T23:00:00Z,1.1798,1
2010-08-22T00:00:00Z,0.5798,1
2010-08-22T01:00:00Z,-0.1302,1
2010-08-22T02:00:00Z,-0.8702,1
2010-08-22T03:00:00Z,-1.3602,1
2010-08-22T04:00:00Z,-1.4502,1
2010-08-22T05:00:00Z,-1.2102,1
2010-08-22T06:00:00Z,-0.7702,1
2010-08-22T07:00:00Z,-0.1802,1
2010-08-22T08:00:00Z,0.3798,1
2010-08-22T09:00:00Z,0.8698,1
2010-08-22T10:00:00Z,1.1498,1
2010-08-22T11:00:00Z,1.1098,1
2010-08-22T12:00:00Z,0.7398,1
2010-08-22T13:00:00Z,0.0898,1
2010-08-22T14:00:00Z,-0.6102,1
2010-08-22T15:00:00Z,-1.1602,1
2010-08-22T16:00:00Z,-1.3302,1
2010-08-22T17:00:00Z,-1.1302,1
2010-08-22T18:00:00Z,-0.6102,1
2010-08-22T19:00:00Z,0.0298,1
2010-08-22T20:00:00Z,0.6798,1
2010-08-22T21:00:00Z,1.1998,1
2010-08-22T22:00:00Z,1.4798,1
2010-08-22T23:00:00Z,1.4598,1
2010-08-23T00:00:00Z,1.0798,1
2010-08-23T01:00:00Z,0.4098,1
2010-08-23T02:00:00Z,-0.3902,1
2010-08-23T03:00:00Z,-1.1102,1
2010-08-23T04:00:00Z,-1.4702,1
2010-08-23T05:00:00Z,-1.4502,1
2010-08-23T06:00:00Z,-1.0902,1
2010-08-23T07:00:00Z,-0.4602,1
2010-08-23T08:00:00Z,0.1698,1
2010-08-23T09:00:00Z,0.7698,1
2010-08-23T10:00:00Z,1.2298,1
2010-08-23T11:00:00Z,1.3998,1
2010-08-23T12:00:00Z,1.1498,1
2010-08-23T13:00:00Z,0.6198,1
2010-08-23T14:00:00Z,-0.1702,1
2010-08-23T15:00:00Z,-0.8802,1
2010-08-23T16:00:00Z,-1.3402,1
2010-08-23T17:00:00Z,-1.3502,1
2010-08-23T18:00:00Z,-0.9202,1
2010-08-23T19:00:00Z,-0.2702,1
2010-08-23T20:00:00Z,0.4398,1
2010-08-23T21:00:00Z,1.0798,1
2010-08-23T22:00:00Z,1.5298,1
2010-08-23T23:00:00Z,1.6698,1
2010-08-24T00:00:00Z,1.4698,1
2010-08-24T01:00:00Z,0.8898,1
2010-08-24T02:00:00Z,0.0298,1
2010-08-24T03:00:00Z,-0.8502,1
2010-08-24T04:00:00Z,-1.4602,1
2010-08-24T05:00:00Z,-1.6602,1
2010-08-24T06:00:00Z,-1.4602,1
2010-08-24T07:00:00Z,-0.8902,1
2010-08-24T08:00:00Z,-0.2102,1
2010-08-24T09:00:00Z,0.4598,1
2010-08-24T10:00:00Z,1.0298,1
2010-08-24T11:00:00Z,1.3798,1
2010-08-24T12:00:00Z,1.3798,1
2010-08-24T13:00:00Z,0.9498,1
2010-08-24T14:00:00Z,0.2198,1
2010-08-24T15:00:00Z,-0.6202,1
2010-08-24T16:00:00Z,-1.3002,1
2010-08-24T17:00:00Z,-1.5502,1
2010-08-24T18:00:00Z,-1.3802,1
2010-08-24T19:00:00Z,-0.8102,1
2010-08-24T20:00:00Z,-0.0702,1
2010-08-24T21:00:00Z,0.6298,1
2010-08-24T22:00:00Z,1.2098,1
2010-08-24T23:00:00Z,1.5498,1
2010-08-25T00:00:00Z,1.5298,1
2010-08-25T01:00:00Z,1.1198,1
2010-08-25T02:00:00Z,0.3698,1
2010-08-25T03:00:00Z,-0.5602,1
2010-08-25T04:00:00Z,-1.4002,1
2010-08-25T05:00:00Z,-1.8002,1
2010-08-25T06:00:00Z,-1.7502,1
2010-08-25T07:00:00Z,-1.3102,1
2010-08-25T08:00:00Z,-0.6102,1
2010-08-25T09:00:00Z,0.1298,1
2010-08-25T10:00:00Z,0.7398,1
2010-08-25T11:00:00Z,1.2498,1
2010-08-25T12:00:00Z,1.4398,1
2010-08-25T13:00:00Z,1.1998,1
2010-08-25T14:00:00Z,0.5898,1
2010-08-25T15:00:00Z,-0.2702,1
2010-08-25T16:00:00Z,-1.0902,1
2010-08-25T17:00:00Z,-1.5802,1
2010-08-25T18:00:00Z,-1.5802,1
2010-08-25T19:00:00Z,-1.1402,1
2010-08-25T20:00:00Z,-0.4202,1
2010-08-25T21:00:00Z,0.3698,1
2010-08-25T22:00:00Z,1.0898,1
2010-08-25T23:00:00Z,1.5798,1
2010-08-26T00:00:00Z,1.7498,1
2010-08-26T01:00:00Z,1.5098,1
2010-08-26T02:00:00Z,0.9198,1
2010-08-26T03:00:00Z,0.0198,1
2010-08-26T04:00:00Z,-0.9202,1
2010-08-26T05:00:00Z,-1.6002,1
2010-08-26T06:00:00Z,-1.7602,1
2010-08-26T07:00:00Z,-1.5002,1
2010-08-26T08:00:00Z,-0.8602,1
2010-08-26T09:00:00Z,-0.1402,1
2010-08-26T11:00:00Z,1.0998,1
2010-08-26T12:00:00Z,1.4198,1
2010-08-26T13:00:00Z,1.3598,1
2010-08-26T14:00:00Z,0.8898,1
2010-08-26T15:00:00Z,0.1298,1
2010-08-26T16:00:00Z,-0.7802,1
2010-08-26T17:00:00Z,-1.4602,1
2010-08-26T18:00:00Z,-1.6902,1
2010-08-26T19:00:00Z,-1.4702,1
2010-08-26T20:00:00Z,-0.8202,1
2010-08-26T21:00:00Z,-0.0102,1
2010-08-26T22:00:00Z,0.7698,1
2010-08-26T23:00:00Z,1.3598,1
2010-08-27T00:00:00Z,1.7198,1
2010-08-27T01:00:00Z,1.6898,1
2010-08-27T02:00:00Z,1.2598,1
2010-08-27T03:00:00Z,0.4598,1
2010-08-27T04:00:00Z,-0.5102,1
2010-08-27T05:00:00Z,-1.3302,1
2010-08-27T06:00:00Z,-1.7702,1
2010-08-27T07:00:00Z,-1.7302,1
2010-08-27T08:00:00Z,-1.2502,1
2010-08-27T09:00:00Z,-0.5402,1
2010-08-27T10:00:00Z,0.1898,1
2010-08-27T11:00:00Z,0.7798,1
2010-08-27T12:00:00Z,1.2498,1
2010-08-27T14:00:00Z,1.1498,1
2010-08-27T15:00:00Z,0.5198,1
2010-08-27T16:00:00Z,-0.3602,1
2010-08-27T17:00:00Z,-1.1802,1
2010-08-27T18:00:00Z,-1.6602,1
2010-08-27T19:00:00Z,-1.6802,1
2010-08-27T20:00:00Z,-1.2502,1
2010-08-27T21:00:00Z,-0.4902,1
2010-08-27T22:00:00Z,0.2898,1
2010-08-27T23:00:00Z,0.9498,1
2010-08-28T00:00:00Z,1.4598,1
2010-08-28T01:00:00Z,1.6198,1
2010-08-28T02:00:00Z,1.4098,1
2010-08-28T03:00:00Z,0.8298,1
2010-08-28T04:00:00Z,-0.0502,1
2010-08-28T05:00:00Z,-0.9802,1
2010-08-28T06:00:00Z,-1.6102,1
2010-08-28T07:00:00Z,-1.8101,1
2010-08-28T08:00:00Z,-1.5401,1
2010-08-28T09:00:00Z,-0.9401,1
2010-08-28T10:00:00Z,-0.1901,1
2010-08-28T11:00:00Z,0.4599,1
2010-08-28T12:00:00Z,0.9999,1
2010-08-28T13:00:00Z,1.2899,1
2010-08-28T14:00:00Z,1.2499,1
2010-08-28T15:00:00Z,0.8199,1
2010-08-28T16:00:00Z,0.0699,1
2010-08-28T17:00:00Z,-0.7901,1
2010-08-28T18:00:00Z,-1.4401,1
2010-08-28T19:00:00Z,-1.6901,1
2010-08-28T20:00:00Z,-1.5001,1
2010-08-28T21:00:00Z,-0.9101,1
2010-08-28T22:00:00Z,-0.1501,1
2010-08-28T23:00:00Z,0.5699,1
2010-08-29T00:00:00Z,1.1099,1
2010-08-29T01:00:00Z,1.4499,1
2010-08-29T02:00:00Z,1.4499,1
2010-08-29T03:00:00Z,1.0899,1
2010-08-29T04:00:00Z,0.3599,1
2010-08-29T05:00:00Z,-0.5101,1
2010-08-29T06:00:00Z,-1.2701,1
2010-08-29T07:00:00Z,-1.6601,1
2010-08-29T08:00:00Z,-1.6201,1
2010-08-29T09:00:00Z,-1.1501,1
2010-08-29T10:00:00Z,-0.4401,1
2010-08-29T11:00:00Z,0.2299,1
2010-08-29T12:00:00Z,0.7899,1
2010-08-29T13:00:00Z,1.1799,1
2010-08-29T14:00:00Z,1.2799,1
2010-08-29T15:00:00Z,1.0599,1
2010-08-29T16:00:00Z,0.4799,1
2010-08-29T17:00:00Z,-0.3401,1
2010-08-29T18:00:00Z,-1.1301,1
2010-08-29T19:00:00Z,-1.6001,1
2010-08-29T20:00:00Z,-1.6701,1
2010-08-29T21:00:00Z,-1.3301,1
2010-08-29T22:00:00Z,-0.6901,1
2010-08-29T23:00:00Z,-1.00E-04,1
2010-08-30T00:00:00Z,0.6299,1
2010-08-30T01:00:00Z,1.0799,1
2010-08-30T02:00:00Z,1.2899,1
2010-08-30T03:00:00Z,1.1399,1
2010-08-30T04:00:00Z,0.6899,1
2010-08-30T05:00:00Z,-0.0501,1
2010-08-30T06:00:00Z,-0.8601,1
2010-08-30T07:00:00Z,-1.4301,1
2010-08-30T08:00:00Z,-1.6501,1
2010-08-30T09:00:00Z,-1.4401,1
2010-08-30T10:00:00Z,-0.9001,1
2010-08-30T11:00:00Z,-0.2501,1
2010-08-30T12:00:00Z,0.3399,1
2010-08-30T13:00:00Z,0.8299,1
2010-08-30T14:00:00Z,1.1299,1
2010-08-30T15:00:00Z,1.1299,1
2010-08-30T16:00:00Z,0.7799,1
2010-08-30T17:00:00Z,0.1399,1
2010-08-30T18:00:00Z,-0.5901,1
2010-08-30T19:00:00Z,-1.2201,1
2010-08-30T20:00:00Z,-1.5201,1
2010-08-30T21:00:00Z,-1.4401,1
2010-08-30T22:00:00Z,-1.0001,1
2010-08-30T23:00:00Z,-0.3801,1
2010-08-31T00:00:00Z,0.2399,1
2010-08-31T01:00:00Z,0.7899,1
2010-08-31T02:00:00Z,1.1299,1
2010-08-31T03:00:00Z,1.2499,1
2010-08-31T04:00:00Z,0.9999,1
2010-08-31T05:00:00Z,0.4499,1
2010-08-31T06:00:00Z,-0.2701,1
2010-08-31T08:00:00Z,-1.3801,1
2010-08-31T09:00:00Z,-1.4401,1
2010-08-31T10:00:00Z,-1.1301,1
2010-08-31T11:00:00Z,-0.6001,1
2010-08-31T12:00:00Z,-0.0301,1
2010-08-31T13:00:00Z,0.4999,1
2010-08-31T14:00:00Z,0.9199,1
2010-08-31T15:00:00Z,1.1199,1
2010-08-31T16:00:00Z,1.0399,1
2010-08-31T17:00:00Z,0.6499,1
2010-08-31T18:00:00Z,0.0499,1
2010-08-31T19:00:00Z,-0.6301,1
2010-08-31T20:00:00Z,-1.1301,1
2010-08-31T21:00:00Z,-1.3201,1
2010-08-31T22:00:00Z,-1.1801,1
2010-08-31T23:00:00Z,-0.7501,1
2010-09-01T00:00:00Z,-0.1901,1
2010-09-01T01:00:00Z,0.3599,1
2010-09-01T02:00:00Z,0.7999,1
2010-09-01T03:00:00Z,1.0799,1
2010-09-01T04:00:00Z,1.0899,1
2010-09-01T05:00:00Z,0.7999,1
2010-09-01T06:00:00Z,0.2699,1
2010-09-01T07:00:00Z,-0.3701,1
2010-09-01T08:00:00Z,-0.9301,1
2010-09-01T09:00:00Z,-1.2301,1
2010-09-01T10:00:00Z,-1.2201,1
2010-09-01T11:00:00Z,-0.9001,1
2010-09-01T12:00:00Z,-0.4501,1
2010-09-01T13:00:00Z,0.0399,1
2010-09-01T14:00:00Z,0.4899,1
2010-09-01T15:00:00Z,0.8499,1
2010-09-01T16:00:00Z,1.0199,1
2010-09-01T17:00:00Z,0.9299,1
2010-09-01T18:00:00Z,0.5699,1
2010-09-01T19:00:00Z,0.0299,1
2010-09-01T20:00:00Z,-0.5401,1
2010-09-01T21:00:00Z,-0.9601,1
2010-09-01T22:00:00Z,-1.0901,1
2010-09-01T23:00:00Z,-0.9301,1
2010-09-02T00:00:00Z,-0.5601,1
2010-09-02T01:00:00Z,-0.1201,1
2010-09-02T02:00:00Z,0.3099,1
2010-09-02T03:00:00Z,0.6899,1
2010-09-02T04:00:00Z,0.9399,1
2010-09-02T05:00:00Z,0.9499,1
2010-09-02T06:00:00Z,0.6999,1
2010-09-02T07:00:00Z,0.1899,1
2010-09-02T08:00:00Z,-0.3601,1
2010-09-02T09:00:00Z,-0.8401,1
2010-09-02T10:00:00Z,-1.1101,1
2010-09-02T11:00:00Z,-1.0801,1
2010-09-02T12:00:00Z,-0.8201,1
2010-09-02T13:00:00Z,-0.4501,1
2010-09-02T14:00:00Z,-0.0301,1
2010-09-02T15:00:00Z,0.3899,1
2010-09-02T16:00:00Z,0.7299,1
2010-09-02T17:00:00Z,0.9199,1
2010-09-02T18:00:00Z,0.8599,1
2010-09-02T19:00:00Z,0.5699,1
2010-09-02T20:00:00Z,0.0699,1
2010-09-02T21:00:00Z,-0.4401,1
2010-09-02T22:00:00Z,-0.8601,1
2010-09-02T23:00:00Z,-1.0601,1
2010-09-03T00:00:00Z,-0.9801,1
2010-09-03T01:00:00Z,-0.6801,1
2010-09-03T02:00:00Z,-0.3001,1
2010-09-03T03:00:00Z,0.1199,1
2010-09-03T04:00:00Z,0.5199,1
2010-09-03T05:00:00Z,0.8099,1
2010-09-03T06:00:00Z,0.8999,1
2010-09-03T07:00:00Z,0.7299,1
2010-09-03T08:00:00Z,0.3499,1
2010-09-03T09:00:00Z,-0.1601,1
2010-09-03T10:00:00Z,-0.6301,1
2010-09-03T11:00:00Z,-0.9301,1
2010-09-03T12:00:00Z,-1.0101,1
2010-09-03T13:00:00Z,-0.8501,1
2010-09-03T14:00:00Z,-0.5701,1
2010-09-03T15:00:00Z,-0.1901,1
2010-09-03T16:00:00Z,0.2399,1
2010-09-03T17:00:00Z,0.6299,1
2010-09-03T18:00:00Z,0.9199,1
2010-09-03T19:00:00Z,0.9599,1
2010-09-03T20:00:00Z,0.7499,1
2010-09-03T21:00:00Z,0.3099,1
2010-09-03T22:00:00Z,-0.2201,1
2010-09-03T23:00:00Z,-0.7201,1
2010-09-04T00:00:00Z,-1.0201,1
2010-09-04T01:00:00Z,-1.0501,1
2010-09-04T02:00:00Z,-0.8701,1
2010-09-04T03:00:00Z,-0.5401,1
2010-09-04T04:00:00Z,-0.1001,1
2010-09-04T05:00:00Z,0.3199,1
2010-09-04T06:00:00Z,0.7299,1
2010-09-04T07:00:00Z,0.9499,1
2010-09-04T08:00:00Z,0.9499,1
2010-09-04T09:00:00Z,0.6199,1
2010-09-04T10:00:00Z,0.1099,1
2010-09-04T11:00:00Z,-0.4101,1
2010-09-04T12:00:00Z,-0.8701,1
2010-09-04T13:00:00Z,-1.0301,1
2010-09-04T14:00:00Z,-0.9801,1
2010-09-04T15:00:00Z,-0.7301,1
2010-09-04T16:00:00Z,-0.3201,1
2010-09-04T17:00:00Z,0.1499,1
2010-09-04T18:00:00Z,0.6099,1
2010-09-04T19:00:00Z,0.9999,1
2010-09-04T20:00:00Z,1.1499,1
2010-09-04T21:00:00Z,1.0099,1
2010-09-04T22:00:00Z,0.5299,1
2010-09-04T23:00:00Z,-0.0901,1
2010-09-05T00:00:00Z,-0.7401,1
2010-09-05T01:00:00Z,-1.2101,1
2010-09-05T02:00:00Z,-1.3601,1
2010-09-05T03:00:00Z,-1.2401,1
2010-09-05T04:00:00Z,-0.8401,1
2010-09-05T05:00:00Z,-0.3501,1
2010-09-05T06:00:00Z,0.2099,1
2010-09-05T07:00:00Z,0.6999,1
2010-09-05T08:00:00Z,1.0499,1
2010-09-05T09:00:00Z,1.0699,1
2010-09-05T10:00:00Z,0.7499,1
2010-09-05T11:00:00Z,0.2599,1
2010-09-05T12:00:00Z,-0.4001,1
2010-09-05T13:00:00Z,-0.9801,1
2010-09-05T14:00:00Z,-1.2601,1
2010-09-05T15:00:00Z,-1.2501,1
2010-09-05T16:00:00Z,-0.9101,1
2010-09-05T17:00:00Z,-0.3801,1
2010-09-05T18:00:00Z,0.2599,1
2010-09-05T19:00:00Z,0.8499,1
2010-09-05T20:00:00Z,1.3299,1
2010-09-05T21:00:00Z,1.4799,1
2010-09-05T22:00:00Z,1.2799,1
2010-09-05T23:00:00Z,0.7199,1
2010-09-06T00:00:00Z,-0.0601,1
2010-09-06T01:00:00Z,-0.8501,1
2010-09-06T02:00:00Z,-1.4101,1
2010-09-06T03:00:00Z,-1.5801,1
2010-09-06T04:00:00Z,-1.3901,1
2010-09-06T05:00:00Z,-0.87,1
2010-09-06T06:00:00Z,-0.19,1
2010-09-06T07:00:00Z,0.47,1
2010-09-06T08:00:00Z,1.04,1
2010-09-06T09:00:00Z,1.43,1
2010-09-06T10:00:00Z,1.42,1
2010-09-06T11:00:00Z,1.05,1
2010-09-06T12:00:00Z,0.35,1
2010-09-06T13:00:00Z,-0.43,1
2010-09-06T14:00:00Z,-1.09,1
2010-09-06T15:00:00Z,-1.37,1
2010-09-06T16:00:00Z,-1.26,1
2010-09-06T17:00:00Z,-0.77,1
2010-09-06T18:00:00Z,-0.07,1
2010-09-06T19:00:00Z,0.7,1
2010-09-06T20:00:00Z,1.35,1
2010-09-06T21:00:00Z,1.77,1
2010-09-06T22:00:00Z,1.88,1
2010-09-06T23:00:00Z,1.51,1
2010-09-07T00:00:00Z,0.73,1
2010-09-07T01:00:00Z,-0.27,1
2010-09-07T02:00:00Z,-1.23,1
2010-09-07T03:00:00Z,-1.85,1
2010-09-07T04:00:00Z,-1.94,1
2010-09-07T05:00:00Z,-1.57,1
2010-09-07T06:00:00Z,-0.84,1
2010-09-07T07:00:00Z,-0.01,1
2010-09-07T08:00:00Z,0.76,1
2010-09-07T09:00:00Z,1.4,1
2010-09-07T10:00:00Z,1.73,1
2010-09-07T11:00:00Z,1.6,1
2010-09-07T12:00:00Z,1.04,1
2010-09-07T13:00:00Z,0.15,1
2010-09-07T14:00:00Z,-0.8,1
2010-09-07T15:00:00Z,-1.48,1
2010-09-07T16:00:00Z,-1.73,1
2010-09-07T17:00:00Z,-1.4,1
2010-09-07T18:00:00Z,-0.75,1
2010-09-07T19:00:00Z,0.11,1
2010-09-07T20:00:00Z,0.94,1
2010-09-07T21:00:00Z,1.64,1
2010-09-07T22:00:00Z,2.06,1
2010-09-07T23:00:00Z,2.05,1
2010-09-08T00:00:00Z,1.53,1
2010-09-08T01:00:00Z,0.59,1
2010-09-08T02:00:00Z,-0.55,1
2010-09-08T03:00:00Z,-1.57,1
2010-09-08T04:00:00Z,-2.1,1
2010-09-08T05:00:00Z,-2.03,1
2010-09-08T06:00:00Z,-1.46,1
2010-09-08T07:00:00Z,-0.57,1
2010-09-08T08:00:00Z,0.35,1
2010-09-08T09:00:00Z,1.13,1
2010-09-08T10:00:00Z,1.69,1
2010-09-08T11:00:00Z,1.92,1
2010-09-08T12:00:00Z,1.64,1
2010-09-08T13:00:00Z,0.91,1
2010-09-08T14:00:00Z,-0.16,1
2010-09-08T15:00:00Z,-1.22,1
2010-09-08T16:00:00Z,-1.88,1
2010-09-08T17:00:00Z,-1.92,1
2010-09-08T18:00:00Z,-1.43,1
2010-09-08T19:00:00Z,-0.59,1
2010-09-08T20:00:00Z,0.4,1
2010-09-08T21:00:00Z,1.25,1
2010-09-08T22:00:00Z,1.85,1
2010-09-08T23:00:00Z,2.17,1
2010-09-09T00:00:00Z,1.98,1
2010-09-09T01:00:00Z,1.34,1
2010-09-09T02:00:00Z,0.21,1
2010-09-09T03:00:00Z,-1.03,1
2010-09-09T04:00:00Z,-1.99,1
2010-09-09T05:00:00Z,-2.37,1
2010-09-09T06:00:00Z,-2.15,1
2010-09-09T07:00:00Z,-1.41,1
2010-09-09T08:00:00Z,-0.39,1
2010-09-09T09:00:00Z,0.59,1
2010-09-09T10:00:00Z,1.33,1
2010-09-09T11:00:00Z,1.82,1
2010-09-09T12:00:00Z,1.89,1
2010-09-09T13:00:00Z,1.45,1
2010-09-09T14:00:00Z,0.55,1
2010-09-09T15:00:00Z,-0.63,1
2010-09-09T16:00:00Z,-1.63,1
2010-09-09T17:00:00Z,-2.12,1
2010-09-09T18:00:00Z,-1.99,1
2010-09-09T19:00:00Z,-1.34,1
2010-09-09T20:00:00Z,-0.36,1
2010-09-09T21:00:00Z,0.66,1
2010-09-09T22:00:00Z,1.48,1
2010-09-09T23:00:00Z,2.06,1
2010-09-10T00:00:00Z,2.24,1
2010-09-10T01:00:00Z,1.93,1
2010-09-10T02:00:00Z,1.14,1
2010-09-10T03:00:00Z,-0.1,1
2010-09-10T04:00:00Z,-1.3,1
2010-09-10T05:00:00Z,-2.12,1
2010-09-10T06:00:00Z,-2.33,1
2010-09-10T07:00:00Z,-1.91,1
2010-09-10T08:00:00Z,-1,1
2010-09-10T09:00:00Z,0.05,1
2010-09-10T10:00:00Z,1,1
2010-09-10T11:00:00Z,1.71,1
2010-09-10T12:00:00Z,2.14,1
2010-09-10T13:00:00Z,2.05,1
2010-09-10T14:00:00Z,1.46,1
2010-09-10T15:00:00Z,0.42,1
2010-09-10T16:00:00Z,-0.77,1
2010-09-10T17:00:00Z,-1.74,1
2010-09-10T18:00:00Z,-2.06,1
2010-09-10T19:00:00Z,-1.79,1
2010-09-10T20:00:00Z,-0.99,1
2010-09-10T21:00:00Z,0,1
2010-09-10T22:00:00Z,0.93,1
2010-09-10T23:00:00Z,1.68,1
2010-09-11T00:00:00Z,2.15,1
2010-09-11T01:00:00Z,2.22,1
2010-09-11T02:00:00Z,1.81,1
2010-09-11T03:00:00Z,0.89,1
2010-09-11T04:00:00Z,-0.34,1
2010-09-11T05:00:00Z,-1.46,1
2010-09-11T06:00:00Z,-2.11,1
2010-09-11T07:00:00Z,-2.16,1
2010-09-11T08:00:00Z,-1.62,1
2010-09-11T09:00:00Z,-0.7,1
2010-09-11T10:00:00Z,0.28,1
2010-09-11T11:00:00Z,1.07,1
2010-09-11T12:00:00Z,1.68,1
2010-09-11T13:00:00Z,1.96,1
2010-09-11T14:00:00Z,1.73,1
2010-09-11T15:00:00Z,1.03,1
2010-09-11T16:00:00Z,-0.07,1
2010-09-11T17:00:00Z,-1.17,1
2010-09-11T18:00:00Z,-1.92,1
2010-09-11T19:00:00Z,-2.09,1
2010-09-11T20:00:00Z,-1.69,1
2010-09-11T21:00:00Z,-0.88,1
2010-09-11T22:00:00Z,0.08,1
2010-09-11T23:00:00Z,0.89,1
2010-09-12T00:00:00Z,1.54,1
2010-09-12T01:00:00Z,1.93,1
2010-09-12T02:00:00Z,1.9,1
2010-09-12T03:00:00Z,1.4,1
2010-09-12T04:00:00Z,0.44,1
2010-09-12T05:00:00Z,-0.69,1
2010-09-12T06:00:00Z,-1.67,1
2010-09-12T07:00:00Z,-2.18,1
2010-09-12T08:00:00Z,-2.1,1
2010-09-12T09:00:00Z,-1.5,1
2010-09-12T10:00:00Z,-0.64,1
2010-09-12T11:00:00Z,0.23,1
2010-09-12T12:00:00Z,0.92,1
2010-09-12T13:00:00Z,1.39,1
2010-09-12T14:00:00Z,1.56,1
2010-09-12T15:00:00Z,1.27,1
2010-09-12T16:00:00Z,0.58,1
2010-09-12T17:00:00Z,-0.43,1
2010-09-12T18:00:00Z,-1.39,1
2010-09-12T19:00:00Z,-1.95,1
2010-09-12T20:00:00Z,-1.99,1
2010-09-12T21:00:00Z,-1.56,1
2010-09-12T22:00:00Z,-0.8,1
2010-09-12T23:00:00Z,0.06,1
2010-09-13T00:00:00Z,0.77,1
2010-09-13T01:00:00Z,1.35,1
2010-09-13T02:00:00Z,1.66,1
2010-09-13T03:00:00Z,1.58,1
2010-09-13T04:00:00Z,1.11,1
2010-09-13T05:00:00Z,0.23,1
2010-09-13T06:00:00Z,-0.72,1
2010-09-13T07:00:00Z,-1.46,1
2010-09-13T08:00:00Z,-1.77,1
2010-09-13T09:00:00Z,-1.6,1
2010-09-13T10:00:00Z,-1,1
2010-09-13T11:00:00Z,-0.22,1
2010-09-13T12:00:00Z,0.54,1
2010-09-13T13:00:00Z,1.12,1
2010-09-13T14:00:00Z,1.49,1
2010-09-13T15:00:00Z,1.56,1
2010-09-13T16:00:00Z,1.25,1
2010-09-13T17:00:00Z,0.57,1
2010-09-13T18:00:00Z,-0.29,1
2010-09-13T19:00:00Z,-1.05,1
2010-09-13T20:00:00Z,-1.43,1
2010-09-13T21:00:00Z,-1.43,1
2010-09-13T22:00:00Z,-1.03,1
2010-09-13T23:00:00Z,-0.43,1
2010-09-14T00:00:00Z,0.2,1
2010-09-14T01:00:00Z,0.79,1
2010-09-14T02:00:00Z,1.28,1
2010-09-14T03:00:00Z,1.53,1
2010-09-14T04:00:00Z,1.42,1
2010-09-14T05:00:00Z,0.94,1
2010-09-14T06:00:00Z,0.15,1
2010-09-14T07:00:00Z,-0.62,1
2010-09-14T08:00:00Z,-1.23,1
2010-09-14T09:00:00Z,-1.45,1
2010-09-14T10:00:00Z,-1.23,1
2010-09-14T11:00:00Z,-0.69,1
2010-09-14T12:00:00Z,-0.05,1
2010-09-14T13:00:00Z,0.51,1
2010-09-14T14:00:00Z,1,1
2010-09-14T15:00:00Z,1.34,1
2010-09-14T16:00:00Z,1.37,1
2010-09-14T17:00:00Z,1.09,1
2010-09-14T18:00:00Z,0.43,1
2010-09-14T19:00:00Z,-0.31,1
2010-09-14T20:00:00Z,-0.99,1
2010-09-14T21:00:00Z,-1.36,1
2010-09-14T22:00:00Z,-1.35,1
2010-09-14T23:00:00Z,-0.99,1
2010-09-15T00:00:00Z,-0.46,1
2010-09-15T01:00:00Z,0.01,1
2010-09-15T02:00:00Z,0.51,1
2010-09-15T03:00:00Z,0.88,1
2010-09-15T04:00:00Z,1.1001,1
2010-09-15T05:00:00Z,1.0501,1
2010-09-15T06:00:00Z,0.7401,1
2010-09-15T07:00:00Z,0.1901,1
2010-09-15T08:00:00Z,-0.4499,1
2010-09-15T09:00:00Z,-0.8899,1
2010-09-15T10:00:00Z,-1.0499,1
2010-09-15T11:00:00Z,-0.8399,1
2010-09-15T12:00:00Z,-0.4299,1
2010-09-15T13:00:00Z,0.0501,1
2010-09-15T14:00:00Z,0.4901,1
2010-09-15T15:00:00Z,0.8401,1
2010-09-15T16:00:00Z,1.0601,1
2010-09-15T17:00:00Z,1.1301,1
2010-09-15T18:00:00Z,0.9001,1
2010-09-15T19:00:00Z,0.3701,1
2010-09-15T20:00:00Z,-0.2899,1
2010-09-15T21:00:00Z,-0.8899,1
2010-09-15T22:00:00Z,-1.2199,1
2010-09-15T23:00:00Z,-1.2699,1
2010-09-16T00:00:00Z,-1.0399,1
2010-09-16T01:00:00Z,-0.6699,1
2010-09-16T02:00:00Z,-0.2199,1
2010-09-16T03:00:00Z,0.2101,1
2010-09-16T04:00:00Z,0.5701,1
2010-09-16T05:00:00Z,0.8401,1
2010-09-16T06:00:00Z,0.8701,1
2010-09-16T07:00:00Z,0.6401,1
2010-09-16T08:00:00Z,0.2201,1
2010-09-16T09:00:00Z,-0.3199,1
2010-09-16T10:00:00Z,-0.7399,1
2010-09-16T11:00:00Z,-0.9399,1
2010-09-16T12:00:00Z,-0.8599,1
2010-09-16T13:00:00Z,-0.5799,1
2010-09-16T14:00:00Z,-0.1999,1
2010-09-16T15:00:00Z,0.2101,1
2010-09-16T16:00:00Z,0.6001,1
2010-09-16T17:00:00Z,0.8901,1
2010-09-16T18:00:00Z,1.0301,1
2010-09-16T19:00:00Z,0.8901,1
2010-09-16T20:00:00Z,0.5301,1
2010-09-16T21:00:00Z,-0.0199,1
2010-09-16T22:00:00Z,-0.5599,1
2010-09-16T23:00:00Z,-0.9699,1
2010-09-17T00:00:00Z,-1.1499,1
2010-09-17T01:00:00Z,-1.0599,1
2010-09-17T02:00:00Z,-0.8299,1
2010-09-17T03:00:00Z,-0.4699,1
2010-09-17T04:00:00Z,-0.0899,1
2010-09-17T05:00:00Z,0.3101,1
2010-09-17T06:00:00Z,0.6301,1
2010-09-17T07:00:00Z,0.7801,1
2010-09-17T08:00:00Z,0.6901,1
2010-09-17T09:00:00Z,0.3601,1
2010-09-17T10:00:00Z,-0.0899,1
2010-09-17T11:00:00Z,-0.4899,1
2010-09-17T12:00:00Z,-0.7799,1
2010-09-17T13:00:00Z,-0.8199,1
2010-09-17T14:00:00Z,-0.6599,1
2010-09-17T15:00:00Z,-0.3599,1
2010-09-17T16:00:00Z,0.0101,1
2010-09-17T17:00:00Z,0.4101,1
2010-09-17T18:00:00Z,0.7601,1
2010-09-17T19:00:00Z,0.9701,1
2010-09-17T20:00:00Z,0.9601,1
2010-09-17T21:00:00Z,0.6701,1
2010-09-17T22:00:00Z,0.1901,1
2010-09-17T23:00:00Z,-0.3499,1
2010-09-18T00:00:00Z,-0.8199,1
2010-09-18T01:00:00Z,-1.0999,1
2010-09-18T02:00:00Z,-1.1299,1
2010-09-18T03:00:00Z,-0.9399,1
2010-09-18T04:00:00Z,-0.5999,1
2010-09-18T05:00:00Z,-0.1699,1
2010-09-18T06:00:00Z,0.2501,1
2010-09-18T07:00:00Z,0.6501,1
2010-09-18T08:00:00Z,0.9201,1
2010-09-18T09:00:00Z,0.8601,1
2010-09-18T10:00:00Z,0.5401,1
2010-09-18T11:00:00Z,0.0801,1
2010-09-18T12:00:00Z,-0.4199,1
2010-09-18T13:00:00Z,-0.7799,1
2010-09-18T14:00:00Z,-0.9199,1
2010-09-18T15:00:00Z,-0.7699,1
2010-09-18T16:00:00Z,-0.4699,1
2010-09-18T17:00:00Z,1.00E-04,1
2010-09-18T18:00:00Z,0.4501,1
2010-09-18T19:00:00Z,0.9001,1
2010-09-18T20:00:00Z,1.1901,1
2010-09-18T21:00:00Z,1.2201,1
2010-09-18T22:00:00Z,0.9501,1
2010-09-18T23:00:00Z,0.4401,1
2010-09-19T00:00:00Z,-0.1799,1
2010-09-19T01:00:00Z,-0.7399,1
2010-09-19T02:00:00Z,-1.1299,1
2010-09-19T03:00:00Z,-1.1899,1
2010-09-19T04:00:00Z,-0.9899,1
2010-09-19T05:00:00Z,-0.5799,1
2010-09-19T06:00:00Z,-0.0799,1
2010-09-19T07:00:00Z,0.4201,1
2010-09-19T08:00:00Z,0.8501,1
2010-09-19T09:00:00Z,1.1101,1
2010-09-19T10:00:00Z,1.0501,1
2010-09-19T11:00:00Z,0.7101,1
2010-09-19T12:00:00Z,0.1801,1
2010-09-19T13:00:00Z,-0.3899,1
2010-09-19T14:00:00Z,-0.7899,1
2010-09-19T15:00:00Z,-0.9399,1
2010-09-19T16:00:00Z,-0.7599,1
2010-09-19T17:00:00Z,-0.3499,1
2010-09-19T18:00:00Z,0.1901,1
2010-09-19T19:00:00Z,0.7301,1
2010-09-19T20:00:00Z,1.1701,1
2010-09-19T21:00:00Z,1.4101,1
2010-09-19T22:00:00Z,1.3601,1
2010-09-19T23:00:00Z,0.9701,1
2010-09-20T00:00:00Z,0.3201,1
2010-09-20T01:00:00Z,-0.4099,1
2010-09-20T02:00:00Z,-1.0399,1
2010-09-20T03:00:00Z,-1.3499,1
2010-09-20T04:00:00Z,-1.3299,1
2010-09-20T05:00:00Z,-0.9899,1
2010-09-20T06:00:00Z,-0.4599,1
2010-09-20T07:00:00Z,0.1601,1
2010-09-20T08:00:00Z,0.7001,1
2010-09-20T09:00:00Z,1.1201,1
2010-09-20T10:00:00Z,1.2801,1
2010-09-20T11:00:00Z,1.1001,1
2010-09-20T12:00:00Z,0.6001,1
2010-09-20T13:00:00Z,-0.0899,1
2010-09-20T14:00:00Z,-0.7299,1
2010-09-20T15:00:00Z,-1.1399,1
2010-09-20T16:00:00Z,-1.1899,1
2010-09-20T17:00:00Z,-0.8699,1
2010-09-20T18:00:00Z,-0.3199,1
2010-09-20T19:00:00Z,0.2901,1
2010-09-20T20:00:00Z,0.8701,1
2010-09-20T21:00:00Z,1.2701,1
2010-09-20T22:00:00Z,1.4401,1
2010-09-20T23:00:00Z,1.2501,1
2010-09-21T00:00:00Z,0.7601,1
2010-09-21T01:00:00Z,-0.0299,1
2010-09-21T02:00:00Z,-0.8099,1
2010-09-21T03:00:00Z,-1.3999,1
2010-09-21T04:00:00Z,-1.5899,1
2010-09-21T05:00:00Z,-1.3899,1
2010-09-21T06:00:00Z,-0.9099,1
2010-09-21T07:00:00Z,-0.2599,1
2010-09-21T08:00:00Z,0.3801,1
2010-09-21T09:00:00Z,0.9301,1
2010-09-21T10:00:00Z,1.2501,1
2010-09-21T11:00:00Z,1.2301,1
2010-09-21T12:00:00Z,0.8701,1
2010-09-21T13:00:00Z,0.1901,1
2010-09-21T14:00:00Z,-0.5599,1
2010-09-21T15:00:00Z,-1.1799,1
2010-09-21T16:00:00Z,-1.4199,1
2010-09-21T17:00:00Z,-1.2399,1
2010-09-21T18:00:00Z,-0.7199,1
2010-09-21T19:00:00Z,-0.0099,1
2010-09-21T20:00:00Z,0.6901,1
2010-09-21T21:00:00Z,1.2501,1
2010-09-21T22:00:00Z,1.6001,1
2010-09-21T23:00:00Z,1.6201,1
2010-09-22T00:00:00Z,1.2201,1
2010-09-22T01:00:00Z,0.5101,1
2010-09-22T02:00:00Z,-0.3599,1
2010-09-22T03:00:00Z,-1.1399,1
2010-09-22T04:00:00Z,-1.5999,1
2010-09-22T05:00:00Z,-1.6099,1
2010-09-22T06:00:00Z,-1.2099,1
2010-09-22T07:00:00Z,-0.5499,1
2010-09-22T08:00:00Z,0.1701,1
2010-09-22T09:00:00Z,0.7901,1
2010-09-22T10:00:00Z,1.2701,1
2010-09-22T11:00:00Z,1.4401,1
2010-09-22T12:00:00Z,1.2401,1
2010-09-22T13:00:00Z,0.6501,1
2010-09-22T14:00:00Z,-0.1499,1
2010-09-22T15:00:00Z,-0.8999,1
2010-09-22T16:00:00Z,-1.3899,1
2010-09-22T17:00:00Z,-1.4099,1
2010-09-22T18:00:00Z,-1.0399,1
2010-09-22T19:00:00Z,-0.3199,1
2010-09-22T20:00:00Z,0.4001,1
2010-09-22T21:00:00Z,1.0701,1
2010-09-22T22:00:00Z,1.5401,1
2010-09-22T23:00:00Z,1.7601,1
2010-09-23T00:00:00Z,1.5301,1
2010-09-23T01:00:00Z,0.9501,1
2010-09-23T02:00:00Z,0.0601,1
2010-09-23T03:00:00Z,-0.8199,1
2010-09-23T04:00:00Z,-1.4699,1
2010-09-23T05:00:00Z,-1.6899,1
2010-09-23T06:00:00Z,-1.4499,1
2010-09-23T07:00:00Z,-0.8599,1
2010-09-23T08:00:00Z,-0.1099,1
2010-09-23T09:00:00Z,0.5801,1
2010-09-23T10:00:00Z,1.1501,1
2010-09-23T11:00:00Z,1.4901,1
2010-09-23T12:00:00Z,1.4501,1
2010-09-23T13:00:00Z,0.9801,1
2010-09-23T14:00:00Z,0.1801,1
2010-09-23T15:00:00Z,-0.7199,1
2010-09-23T16:00:00Z,-1.4199,1
2010-09-23T17:00:00Z,-1.6599,1
2010-09-23T18:00:00Z,-1.4599,1
2010-09-23T19:00:00Z,-0.8499,1
2010-09-23T20:00:00Z,-0.0599,1
2010-09-23T21:00:00Z,0.7101,1
2010-09-23T22:00:00Z,1.2601,1
2010-09-23T23:00:00Z,1.6001,1
2010-09-24T00:00:00Z,1.5801,1
2010-09-24T01:00:00Z,1.1701,1
2010-09-24T02:00:00Z,0.3702,1
2010-09-24T03:00:00Z,-0.5798,1
2010-09-24T04:00:00Z,-1.4298,1
2010-09-24T05:00:00Z,-1.8498,1
2010-09-24T06:00:00Z,-1.8298,1
2010-09-24T07:00:00Z,-1.3098,1
2010-09-24T08:00:00Z,-0.5998,1
2010-09-24T09:00:00Z,0.1502,1
2010-09-24T10:00:00Z,0.7902,1
2010-09-24T11:00:00Z,1.1802,1
2010-09-24T12:00:00Z,1.3102,1
2010-09-24T13:00:00Z,1.0502,1
2010-09-24T14:00:00Z,0.4102,1
2010-09-24T15:00:00Z,-0.5098,1
2010-09-24T16:00:00Z,-1.3598,1
2010-09-24T17:00:00Z,-1.8398,1
2010-09-24T18:00:00Z,-1.8398,1
2010-09-24T19:00:00Z,-1.3698,1
2010-09-24T20:00:00Z,-0.5998,1
2010-09-24T21:00:00Z,0.1902,1
2010-09-24T22:00:00Z,0.8702,1
2010-09-24T23:00:00Z,1.3702,1
2010-09-25T00:00:00Z,1.5702,1
2010-09-25T01:00:00Z,1.3602,1
2010-09-25T02:00:00Z,0.7502,1
2010-09-25T03:00:00Z,-0.1598,1
2010-09-25T04:00:00Z,-1.0898,1
2010-09-25T05:00:00Z,-1.6998,1
2010-09-25T06:00:00Z,-1.8898,1
2010-09-25T07:00:00Z,-1.5898,1
2010-09-25T08:00:00Z,-0.9398,1
2010-09-25T09:00:00Z,-0.1598,1
2010-09-25T10:00:00Z,0.5502,1
2010-09-25T11:00:00Z,1.1002,1
2010-09-25T12:00:00Z,1.4102,1
2010-09-25T13:00:00Z,1.3302,1
2010-09-25T14:00:00Z,0.8802,1
2010-09-25T15:00:00Z,0.0702,1
2010-09-25T16:00:00Z,-0.8398,1
2010-09-25T17:00:00Z,-1.5598,1
2010-09-25T18:00:00Z,-1.8198,1
2010-09-25T19:00:00Z,-1.5898,1
2010-09-25T20:00:00Z,-0.9898,1
2010-09-25T21:00:00Z,-0.1698,1
2010-09-25T22:00:00Z,0.5802,1
2010-09-25T23:00:00Z,1.1602,1
2010-09-26T00:00:00Z,1.5202,1
2010-09-26T01:00:00Z,1.5202,1
2010-09-26T02:00:00Z,1.0902,1
2010-09-26T03:00:00Z,0.3102,1
2010-09-26T04:00:00Z,-0.6298,1
2010-09-26T05:00:00Z,-1.4198,1
2010-09-26T06:00:00Z,-1.7998,1
2010-09-26T07:00:00Z,-1.7298,1
2010-09-26T08:00:00Z,-1.2298,1
2010-09-26T09:00:00Z,-0.4998,1
2010-09-26T10:00:00Z,0.2402,1
2010-09-26T11:00:00Z,0.8802,1
2010-09-26T12:00:00Z,1.3302,1
2010-09-26T13:00:00Z,1.4902,1
2010-09-26T14:00:00Z,1.2102,1
2010-09-26T15:00:00Z,0.5802,1
2010-09-26T16:00:00Z,-0.2998,1
2010-09-26T17:00:00Z,-1.1598,1
2010-09-26T18:00:00Z,-1.6598,1
2010-09-26T19:00:00Z,-1.6998,1
2010-09-26T20:00:00Z,-1.2798,1
2010-09-26T21:00:00Z,-0.5498,1
2010-09-26T22:00:00Z,0.2502,1
2010-09-26T23:00:00Z,0.8802,1
2010-09-27T00:00:00Z,1.3702,1
2010-09-27T01:00:00Z,1.5802,1
2010-09-27T02:00:00Z,1.4002,1
2010-09-27T03:00:00Z,0.8402,1
2010-09-27T04:00:00Z,2.00E-04,1
2010-09-27T05:00:00Z,-0.8798,1
2010-09-27T06:00:00Z,-1.4998,1
2010-09-27T07:00:00Z,-1.6698,1
2010-09-27T08:00:00Z,-1.3998,1
2010-09-27T09:00:00Z,-0.7798,1
2010-09-27T10:00:00Z,-0.0498,1
2010-09-27T11:00:00Z,0.6202,1
2010-09-27T12:00:00Z,1.1502,1
2010-09-27T13:00:00Z,1.4602,1
2010-09-27T14:00:00Z,1.4102,1
2010-09-27T15:00:00Z,0.9902,1
2010-09-27T16:00:00Z,0.2402,1
2010-09-27T17:00:00Z,-0.5998,1
2010-09-27T18:00:00Z,-1.2898,1
2010-09-27T19:00:00Z,-1.5798,1
2010-09-27T20:00:00Z,-1.4398,1
2010-09-27T21:00:00Z,-0.8998,1
2010-09-27T22:00:00Z,-0.1898,1
2010-09-27T23:00:00Z,0.4802,1
2010-09-28T00:00:00Z,1.0502,1
2010-09-28T01:00:00Z,1.4102,1
2010-09-28T02:00:00Z,1.4702,1
2010-09-28T03:00:00Z,1.1602,1
2010-09-28T04:00:00Z,0.4702,1
2010-09-28T05:00:00Z,-0.3398,1
2010-09-28T06:00:00Z,-1.0898,1
2010-09-28T07:00:00Z,-1.4698,1
2010-09-28T08:00:00Z,-1.4798,1
2010-09-28T09:00:00Z,-1.0598,1
2010-09-28T10:00:00Z,-0.4198,1
2010-09-28T11:00:00Z,0.2902,1
2010-09-28T12:00:00Z,0.8702,1
2010-09-28T13:00:00Z,1.3202,1
2010-09-28T14:00:00Z,1.5002,1
2010-09-28T15:00:00Z,1.3102,1
2010-09-28T16:00:00Z,0.8002,1
2010-09-28T17:00:00Z,0.0402,1
2010-09-28T18:00:00Z,-0.7198,1
2010-09-28T19:00:00Z,-1.2198,1
2010-09-28T20:00:00Z,-1.3998,1
2010-09-28T21:00:00Z,-1.1298,1
2010-09-28T22:00:00Z,-0.6198,1
2010-09-28T23:00:00Z,0.0402,1
2010-09-29T00:00:00Z,0.6002,1
2010-09-29T01:00:00Z,1.0902,1
2010-09-29T02:00:00Z,1.3702,1
2010-09-29T03:00:00Z,1.2902,1
2010-09-29T04:00:00Z,0.8802,1
2010-09-29T05:00:00Z,0.1802,1
2010-09-29T06:00:00Z,-0.5698,1
2010-09-29T07:00:00Z,-1.1898,1
2010-09-29T08:00:00Z,-1.4198,1
2010-09-29T09:00:00Z,-1.2598,1
2010-09-29T10:00:00Z,-0.8198,1
2010-09-29T11:00:00Z,-0.2198,1
2010-09-29T12:00:00Z,0.3502,1
2010-09-29T13:00:00Z,0.8502,1
2010-09-29T14:00:00Z,1.2502,1
2010-09-29T15:00:00Z,1.3002,1
2010-09-29T16:00:00Z,1.0602,1
2010-09-29T17:00:00Z,0.5202,1
2010-09-29T18:00:00Z,-0.1698,1
2010-09-29T19:00:00Z,-0.8198,1
2010-09-29T20:00:00Z,-1.2198,1
2010-09-29T21:00:00Z,-1.2898,1
2010-09-29T22:00:00Z,-0.9998,1
2010-09-29T23:00:00Z,-0.4898,1
2010-09-30T00:00:00Z,0.0602,1
2010-09-30T01:00:00Z,0.5902,1
2010-09-30T02:00:00Z,1.0002,1
2010-09-30T03:00:00Z,1.1802,1
2010-09-30T04:00:00Z,1.0602,1
2010-09-30T05:00:00Z,0.6502,1
2010-09-30T06:00:00Z,0.0102,1
2010-09-30T07:00:00Z,-0.6298,1
2010-09-30T08:00:00Z,-1.0898,1
2010-09-30T09:00:00Z,-1.2398,1
2010-09-30T10:00:00Z,-1.0498,1
2010-09-30T11:00:00Z,-0.6498,1
2010-09-30T12:00:00Z,-0.1198,1
2010-09-30T13:00:00Z,0.4002,1
2010-09-30T14:00:00Z,0.8502,1
2010-09-30T15:00:00Z,1.1402,1
2010-09-30T16:00:00Z,1.2102,1
2010-09-30T17:00:00Z,0.9702,1
2010-09-30T18:00:00Z,0.4902,1
2010-09-30T19:00:00Z,-0.1498,1
2010-09-30T20:00:00Z,-0.6898,1
2010-09-30T21:00:00Z,-1.0298,1
2010-09-30T22:00:00Z,-1.0698,1
2010-09-30T23:00:00Z,-0.8098,1
2010-10-01T00:00:00Z,-0.3798,1
2010-10-01T01:00:00Z,0.1202,1
2010-10-01T02:00:00Z,0.5802,1
2010-10-01T03:00:00Z,0.9602,1
2010-10-01T04:00:00Z,1.1602,1
2010-10-01T05:00:00Z,1.1202,1
2010-10-01T06:00:00Z,0.7702,1
2010-10-01T07:00:00Z,0.1902,1
2010-10-01T08:00:00Z,-0.3498,1
2010-10-01T09:00:00Z,-0.7698,1
2010-10-01T10:00:00Z,-0.9298,1
2010-10-01T11:00:00Z,-0.7598,1
2010-10-01T12:00:00Z,-0.3898,1
2010-10-01T13:00:00Z,0.0602,1
2010-10-01T14:00:00Z,0.5302,1
2010-10-01T15:00:00Z,1.0002,1
2010-10-01T16:00:00Z,1.3002,1
2010-10-01T17:00:00Z,1.3702,1
2010-10-01T18:00:00Z,1.1702,1
2010-10-01T19:00:00Z,0.7202,1
2010-10-01T20:00:00Z,0.1302,1
2010-10-01T21:00:00Z,-0.4298,1
2010-10-01T22:00:00Z,-0.8198,1
2010-10-01T23:00:00Z,-0.9498,1
2010-10-02T00:00:00Z,-0.8498,1
2010-10-02T01:00:00Z,-0.5498,1
2010-10-02T02:00:00Z,-0.1498,1
2010-10-02T03:00:00Z,0.3202,1
2010-10-02T04:00:00Z,0.7302,1
2010-10-02T05:00:00Z,1.0102,1
2010-10-02T06:00:00Z,1.0202,1
2010-10-02T07:00:00Z,0.8002,1
2010-10-02T08:00:00Z,0.3402,1
2010-10-02T09:00:00Z,-0.1198,1
2010-10-02T10:00:00Z,-0.5698,1
2010-10-02T11:00:00Z,-0.7698,1
2010-10-02T12:00:00Z,-0.7498,1
2010-10-02T13:00:00Z,-0.5098,1
2010-10-02T14:00:00Z,-0.1398,1
2010-10-02T15:00:00Z,0.2602,1
2010-10-02T16:00:00Z,0.6802,1
2010-10-02T17:00:00Z,1.1102,1
2010-10-02T18:00:00Z,1.2502,1
2010-10-02T19:00:00Z,1.1702,1
2010-10-02T20:00:00Z,0.8302,1
2010-10-02T21:00:00Z,0.2602,1
2010-10-02T22:00:00Z,-0.3098,1
2010-10-02T23:00:00Z,-0.7998,1
2010-10-03T00:00:00Z,-1.0297,1
2010-10-03T01:00:00Z,-0.9697,1
2010-10-03T02:00:00Z,-0.7097,1
2010-10-03T03:00:00Z,-0.2997,1
2010-10-03T04:00:00Z,0.2303,1
2010-10-03T05:00:00Z,0.7303,1
2010-10-03T06:00:00Z,1.1603,1
2010-10-03T07:00:00Z,1.3003,1
2010-10-03T08:00:00Z,1.1603,1
2010-10-03T09:00:00Z,0.7703,1
2010-10-03T10:00:00Z,0.2003,1
2010-10-03T11:00:00Z,-0.3297,1
2010-10-03T12:00:00Z,-0.7097,1
2010-10-03T13:00:00Z,-0.8197,1
2010-10-03T14:00:00Z,-0.6997,1
2010-10-03T15:00:00Z,-0.3797,1
2010-10-03T16:00:00Z,0.1303,1
2010-10-03T17:00:00Z,0.6403,1
2010-10-03T18:00:00Z,1.1103,1
2010-10-03T19:00:00Z,1.4103,1
2010-10-03T20:00:00Z,1.4203,1
2010-10-03T21:00:00Z,1.1003,1
2010-10-03T22:00:00Z,0.5103,1
2010-10-03T23:00:00Z,-0.1997,1
2010-10-04T00:00:00Z,-0.8597,1
2010-10-04T01:00:00Z,-1.2397,1
2010-10-04T02:00:00Z,-1.2797,1
2010-10-04T03:00:00Z,-0.9997,1
2010-10-04T04:00:00Z,-0.5297,1
2010-10-04T05:00:00Z,0.0503,1
2010-10-04T06:00:00Z,0.6403,1
2010-10-04T07:00:00Z,1.1103,1
2010-10-04T08:00:00Z,1.3603,1
2010-10-04T09:00:00Z,1.2603,1
2010-10-04T10:00:00Z,0.8503,1
2010-10-04T11:00:00Z,0.2303,1
2010-10-04T12:00:00Z,-0.4297,1
2010-10-04T13:00:00Z,-0.9297,1
2010-10-04T14:00:00Z,-1.0697,1
2010-10-04T15:00:00Z,-0.8897,1
2010-10-04T16:00:00Z,-0.4497,1
2010-10-04T17:00:00Z,0.1803,1
2010-10-04T18:00:00Z,0.8703,1
2010-10-04T19:00:00Z,1.4603,1
2010-10-04T20:00:00Z,1.8203,1
2010-10-04T21:00:00Z,1.8703,1
2010-10-04T22:00:00Z,1.4903,1
2010-10-04T23:00:00Z,0.8003,1
2010-10-05T00:00:00Z,-0.0697,1
2010-10-05T01:00:00Z,-0.8697,1
2010-10-05T02:00:00Z,-1.3897,1
2010-10-05T03:00:00Z,-1.4297,1
2010-10-05T04:00:00Z,-1.0797,1
2010-10-05T05:00:00Z,-0.4397,1
2010-10-05T06:00:00Z,0.2903,1
2010-10-05T07:00:00Z,0.9303,1
2010-10-05T08:00:00Z,1.4503,1
2010-10-05T09:00:00Z,1.6703,1
2010-10-05T10:00:00Z,1.5303,1
2010-10-05T11:00:00Z,1.0003,1
2010-10-05T12:00:00Z,0.2003,1
2010-10-05T13:00:00Z,-0.5797,1
2010-10-05T14:00:00Z,-1.1397,1
2010-10-05T15:00:00Z,-1.2997,1
2010-10-05T16:00:00Z,-0.9897,1
2010-10-05T17:00:00Z,-0.3897,1
2010-10-05T18:00:00Z,0.3903,1
2010-10-05T19:00:00Z,1.1203,1
2010-10-05T20:00:00Z,1.6903,1
2010-10-05T21:00:00Z,2.0103,1
2010-10-05T22:00:00Z,1.8803,1
2010-10-05T23:00:00Z,1.3703,1
2010-10-06T00:00:00Z,0.5203,1
2010-10-06T01:00:00Z,-0.5097,1
2010-10-06T02:00:00Z,-1.3397,1
2010-10-06T03:00:00Z,-1.7797,1
2010-10-06T04:00:00Z,-1.6897,1
2010-10-06T05:00:00Z,-1.1097,1
2010-10-06T06:00:00Z,-0.2897,1
2010-10-06T07:00:00Z,0.5403,1
2010-10-06T08:00:00Z,1.2903,1
2010-10-06T09:00:00Z,1.7903,1
2010-10-06T10:00:00Z,1.9503,1
2010-10-06T11:00:00Z,1.6203,1
2010-10-06T12:00:00Z,0.9303,1
2010-10-06T13:00:00Z,-0.0497,1
2010-10-06T14:00:00Z,-0.9197,1
2010-10-06T15:00:00Z,-1.4797,1
2010-10-06T16:00:00Z,-1.4897,1
2010-10-06T17:00:00Z,-1.0097,1
2010-10-06T18:00:00Z,-0.2697,1
2010-10-06T19:00:00Z,0.5803,1
2010-10-06T20:00:00Z,1.3303,1
2010-10-06T21:00:00Z,1.8903,1
2010-10-06T22:00:00Z,2.1503,1
2010-10-06T23:00:00Z,1.9203,1
2010-10-07T00:00:00Z,1.2203,1
2010-10-07T01:00:00Z,0.1503,1
2010-10-07T02:00:00Z,-1.0097,1
2010-10-07T03:00:00Z,-1.8597,1
2010-10-07T04:00:00Z,-2.1597,1
2010-10-07T05:00:00Z,-1.8697,1
2010-10-07T06:00:00Z,-1.1297,1
2010-10-07T07:00:00Z,-0.1797,1
2010-10-07T08:00:00Z,0.7003,1
2010-10-07T09:00:00Z,1.4303,1
2010-10-07T10:00:00Z,1.8903,1
2010-10-07T11:00:00Z,1.9203,1
2010-10-07T12:00:00Z,1.4603,1
2010-10-07T13:00:00Z,0.5603,1
2010-10-07T14:00:00Z,-0.5597,1
2010-10-07T15:00:00Z,-1.4797,1
2010-10-07T16:00:00Z,-1.8897,1
2010-10-07T17:00:00Z,-1.7297,1
2010-10-07T18:00:00Z,-1.0597,1
2010-10-07T19:00:00Z,-0.0897,1
2010-10-07T20:00:00Z,0.8303,1
2010-10-07T21:00:00Z,1.5903,1
2010-10-07T22:00:00Z,2.1303,1
2010-10-07T23:00:00Z,2.2603,1
2010-10-08T00:00:00Z,1.9203,1
2010-10-08T01:00:00Z,1.1003,1
2010-10-08T02:00:00Z,-0.1197,1
2010-10-08T03:00:00Z,-1.2897,1
2010-10-08T04:00:00Z,-2.0697,1
2010-10-08T05:00:00Z,-2.1897,1
2010-10-08T06:00:00Z,-1.7797,1
2010-10-08T07:00:00Z,-0.8697,1
2010-10-08T08:00:00Z,0.1503,1
2010-10-08T09:00:00Z,1.0003,1
2010-10-08T10:00:00Z,1.6603,1
2010-10-08T11:00:00Z,2.0003,1
2010-10-08T12:00:00Z,1.8603,1
2010-10-08T13:00:00Z,1.2603,1
2010-10-08T14:00:00Z,0.2303,1
2010-10-08T15:00:00Z,-0.9097,1
2010-10-08T16:00:00Z,-1.7397,1
2010-10-08T17:00:00Z,-2.0197,1
2010-10-08T18:00:00Z,-1.6497,1
2010-10-08T19:00:00Z,-0.8497,1
2010-10-08T20:00:00Z,0.1703,1
2010-10-08T21:00:00Z,1.1103,1
2010-10-08T22:00:00Z,1.7703,1
2010-10-08T23:00:00Z,2.2203,1
2010-10-09T00:00:00Z,2.2303,1
2010-10-09T01:00:00Z,1.7703,1
2010-10-09T02:00:00Z,0.8103,1
2010-10-09T03:00:00Z,-0.4397,1
2010-10-09T04:00:00Z,-1.4997,1
2010-10-09T05:00:00Z,-2.1397,1
2010-10-09T06:00:00Z,-2.0897,1
2010-10-09T07:00:00Z,-1.4897,1
2010-10-09T08:00:00Z,-0.4897,1
2010-10-09T09:00:00Z,0.4603,1
2010-10-09T10:00:00Z,1.2603,1
2010-10-09T11:00:00Z,1.8203,1
2010-10-09T12:00:00Z,2.0203,1
2010-10-09T13:00:00Z,1.7403,1
2010-10-09T14:00:00Z,1.0103,1
2010-10-09T16:00:00Z,-1.2097,1
2010-10-09T17:00:00Z,-1.8897,1
2010-10-09T18:00:00Z,-1.9697,1
2010-10-09T19:00:00Z,-1.4697,1
2010-10-09T20:00:00Z,-0.5697,1
2010-10-09T21:00:00Z,0.4303,1
2010-10-09T22:00:00Z,1.2603,1
2010-10-09T23:00:00Z,1.8603,1
2010-10-10T00:00:00Z,2.1803,1
2010-10-10T01:00:00Z,2.0803,1
2010-10-10T02:00:00Z,1.5303,1
2010-10-10T03:00:00Z,0.4403,1
2010-10-10T04:00:00Z,-0.7397,1
2010-10-10T05:00:00Z,-1.7297,1
2010-10-10T06:00:00Z,-2.1097,1
2010-10-10T07:00:00Z,-1.9197,1
2010-10-10T08:00:00Z,-1.2097,1
2010-10-10T09:00:00Z,-0.2497,1
2010-10-10T10:00:00Z,0.6303,1
2010-10-10T11:00:00Z,1.3503,1
2010-10-10T12:00:00Z,1.8103,1
2010-10-10T13:00:00Z,1.8803,1
2010-10-10T14:00:00Z,1.5103,1
2010-10-10T15:00:00Z,0.6703,1
2010-10-10T16:00:00Z,-0.4397,1
2010-10-10T17:00:00Z,-1.4597,1
2010-10-10T18:00:00Z,-1.9897,1
2010-10-10T19:00:00Z,-1.9597,1
2010-10-10T20:00:00Z,-1.3897,1
2010-10-10T21:00:00Z,-0.5297,1
2010-10-10T22:00:00Z,0.3603,1
2010-10-10T23:00:00Z,1.0803,1
2010-10-11T00:00:00Z,1.6203,1
2010-10-11T01:00:00Z,1.8803,1
2010-10-11T02:00:00Z,1.7203,1
2010-10-11T03:00:00Z,1.1103,1
2010-10-11T04:00:00Z,0.0803,1
2010-10-11T05:00:00Z,-0.9897,1
2010-10-11T06:00:00Z,-1.7497,1
2010-10-11T07:00:00Z,-1.9697,1
2010-10-11T08:00:00Z,-1.6697,1
2010-10-11T09:00:00Z,-0.9297,1
2010-10-11T10:00:00Z,-0.0897,1
2010-10-11T11:00:00Z,0.6803,1
2010-10-11T12:00:00Z,1.2803,1
2010-10-11T13:00:00Z,1.6803,1
2010-10-11T14:00:00Z,1.6303,1
2010-10-11T15:00:00Z,1.2003,1
2010-10-11T16:00:00Z,0.3403,1
2010-10-11T17:00:00Z,-0.6697,1
2010-10-11T18:00:00Z,-1.5197,1
2010-10-11T19:00:00Z,-1.9097,1
2010-10-11T20:00:00Z,-1.7997,1
2010-10-11T21:00:00Z,-1.2497,1
2010-10-11T22:00:00Z,-0.4796,1
2010-10-11T23:00:00Z,0.3104,1
2010-10-12T00:00:00Z,0.9404,1
2010-10-12T01:00:00Z,1.4404,1
2010-10-12T02:00:00Z,1.6104,1
2010-10-12T03:00:00Z,1.3904,1
2010-10-12T04:00:00Z,0.7704,1
2010-10-12T05:00:00Z,-0.1296,1
2010-10-12T06:00:00Z,-0.9996,1
2010-10-12T07:00:00Z,-1.5496,1
2010-10-12T09:00:00Z,-1.2796,1
2010-10-12T10:00:00Z,-0.5996,1
2010-10-12T11:00:00Z,0.1704,1
2010-10-12T12:00:00Z,0.8304,1
2010-10-12T13:00:00Z,1.3604,1
2010-10-12T14:00:00Z,1.6504,1
2010-10-12T15:00:00Z,1.5304,1
2010-10-12T16:00:00Z,1.0404,1
2010-10-12T17:00:00Z,0.2204,1
2010-10-12T18:00:00Z,-0.6896,1
2010-10-12T19:00:00Z,-1.3996,1
2010-10-12T20:00:00Z,-1.7096,1
2010-10-12T22:00:00Z,-1.0696,1
2010-10-12T23:00:00Z,-0.4096,1
2010-10-13T00:00:00Z,0.2104,1
2010-10-13T01:00:00Z,0.7804,1
2010-10-13T02:00:00Z,1.1904,1
2010-10-13T03:00:00Z,1.3304,1
2010-10-13T04:00:00Z,1.1204,1
2010-10-13T05:00:00Z,0.5604,1
2010-10-13T06:00:00Z,-0.1796,1
2010-10-13T07:00:00Z,-0.8996,1
2010-10-13T08:00:00Z,-1.2996,1
2010-10-13T09:00:00Z,-1.3196,1
2010-10-13T10:00:00Z,-0.9696,1
2010-10-13T11:00:00Z,-0.3896,1
2010-10-13T12:00:00Z,0.2304,1
2010-10-13T13:00:00Z,0.7704,1
2010-10-13T14:00:00Z,1.2304,1
2010-10-13T15:00:00Z,1.4004,1
2010-10-13T16:00:00Z,1.2904,1
2010-10-13T17:00:00Z,0.8204,1
2010-10-13T18:00:00Z,0.1104,1
2010-10-13T19:00:00Z,-0.6696,1
2010-10-13T20:00:00Z,-1.2296,1
2010-10-13T21:00:00Z,-1.4996,1
2010-10-13T22:00:00Z,-1.3296,1
2010-10-13T23:00:00Z,-0.9196,1
2010-10-14T00:00:00Z,-0.4096,1
2010-10-14T01:00:00Z,0.1004,1
2010-10-14T02:00:00Z,0.5504,1
2010-10-14T03:00:00Z,0.8904,1
2010-10-14T04:00:00Z,1.0304,1
2010-10-14T05:00:00Z,0.8504,1
2010-10-14T06:00:00Z,0.3904,1
2010-10-14T07:00:00Z,-0.2396,1
2010-10-14T08:00:00Z,-0.7996,1
2010-10-14T09:00:00Z,-1.1196,1
2010-10-14T10:00:00Z,-1.1396,1
2010-10-14T11:00:00Z,-0.8196,1
2010-10-14T12:00:00Z,-0.3196,1
2010-10-14T13:00:00Z,0.1804,1
2010-10-14T14:00:00Z,0.6504,1
2010-10-14T15:00:00Z,1.0004,1
2010-10-14T16:00:00Z,1.1704,1
2010-10-14T17:00:00Z,1.0804,1
2010-10-14T18:00:00Z,0.6904,1
2010-10-14T19:00:00Z,0.1004,1
2010-10-14T20:00:00Z,-0.5396,1
2010-10-14T21:00:00Z,-1.0096,1
2010-10-14T22:00:00Z,-1.2896,1
2010-10-14T23:00:00Z,-1.2096,1
2010-10-15T00:00:00Z,-0.9296,1
2010-10-15T01:00:00Z,-0.5196,1
2010-10-15T02:00:00Z,-0.1096,1
2010-10-15T03:00:00Z,0.3004,1
2010-10-15T04:00:00Z,0.6504,1
2010-10-15T05:00:00Z,0.7904,1
2010-10-15T06:00:00Z,0.7004,1
2010-10-15T07:00:00Z,0.3404,1
2010-10-15T08:00:00Z,-0.1196,1
2010-10-15T09:00:00Z,-0.5896,1
2010-10-15T10:00:00Z,-0.8996,1
2010-10-15T11:00:00Z,-0.9196,1
2010-10-15T12:00:00Z,-0.6796,1
2010-10-15T13:00:00Z,-0.3396,1
2010-10-15T14:00:00Z,0.1304,1
2010-10-15T15:00:00Z,0.5304,1
2010-10-15T16:00:00Z,0.8504,1
2010-10-15T17:00:00Z,1.0304,1
2010-10-15T18:00:00Z,1.0004,1
2010-10-15T19:00:00Z,0.7104,1
2010-10-15T20:00:00Z,0.2104,1
2010-10-15T21:00:00Z,-0.3296,1
2010-10-15T22:00:00Z,-0.8296,1
2010-10-15T23:00:00Z,-1.0796,1
2010-10-16T00:00:00Z,-1.1796,1
2010-10-16T01:00:00Z,-0.9396,1
2010-10-16T02:00:00Z,-0.6696,1
2010-10-16T03:00:00Z,-0.2896,1
2010-10-16T04:00:00Z,0.1104,1
2010-10-16T05:00:00Z,0.4404,1
2010-10-16T06:00:00Z,0.6304,1
2010-10-16T07:00:00Z,0.6304,1
2010-10-16T08:00:00Z,0.4004,1
2010-10-16T09:00:00Z,0.0104,1
2010-10-16T10:00:00Z,-0.4096,1
2010-10-16T11:00:00Z,-0.7096,1
2010-10-16T12:00:00Z,-0.8096,1
2010-10-16T13:00:00Z,-0.6896,1
2010-10-16T14:00:00Z,-0.3996,1
2010-10-16T15:00:00Z,-0.0196,1
2010-10-16T16:00:00Z,0.3404,1
2010-10-16T17:00:00Z,0.7004,1
2010-10-16T18:00:00Z,0.9404,1
2010-10-16T19:00:00Z,0.9904,1
2010-10-16T20:00:00Z,0.7904,1
2010-10-16T21:00:00Z,0.3204,1
2010-10-16T22:00:00Z,-0.2396,1
2010-10-16T23:00:00Z,-0.7696,1
2010-10-17T00:00:00Z,-1.1196,1
2010-10-17T01:00:00Z,-1.2496,1
2010-10-17T02:00:00Z,-1.0996,1
2010-10-17T03:00:00Z,-0.8296,1
2010-10-17T04:00:00Z,-0.4396,1
2010-10-17T05:00:00Z,-0.0296,1
2010-10-17T06:00:00Z,0.4004,1
2010-10-17T07:00:00Z,0.7204,1
2010-10-17T08:00:00Z,0.8004,1
2010-10-17T09:00:00Z,0.6504,1
2010-10-17T10:00:00Z,0.2804,1
2010-10-17T11:00:00Z,-0.1696,1
2010-10-17T12:00:00Z,-0.5996,1
2010-10-17T13:00:00Z,-0.8196,1
2010-10-17T14:00:00Z,-0.7896,1
2010-10-17T15:00:00Z,-0.4896,1
2010-10-17T16:00:00Z,-0.0996,1
2010-10-17T17:00:00Z,0.3104,1
2010-10-17T18:00:00Z,0.6704,1
2010-10-17T19:00:00Z,0.9404,1
2010-10-17T20:00:00Z,1.0104,1
2010-10-17T21:00:00Z,0.8704,1
2010-10-17T22:00:00Z,0.4604,1
2010-10-17T23:00:00Z,-0.0996,1
2010-10-18T00:00:00Z,-0.6896,1
2010-10-18T01:00:00Z,-1.1096,1
2010-10-18T02:00:00Z,-1.3096,1
2010-10-18T03:00:00Z,-1.1796,1
2010-10-18T05:00:00Z,-0.3996,1
2010-10-18T06:00:00Z,0.0904,1
2010-10-18T07:00:00Z,0.5404,1
2010-10-18T08:00:00Z,0.8604,1
2010-10-18T09:00:00Z,0.9004,1
2010-10-18T10:00:00Z,0.7104,1
2010-10-18T11:00:00Z,0.2704,1
2010-10-18T12:00:00Z,-0.2796,1
2010-10-18T13:00:00Z,-0.7396,1
2010-10-18T14:00:00Z,-0.9596,1
2010-10-18T15:00:00Z,-0.8596,1
2010-10-18T16:00:00Z,-0.4896,1
2010-10-18T17:00:00Z,-0.0096,1
2010-10-18T18:00:00Z,0.5004,1
2010-10-18T20:00:00Z,1.2304,1
2010-10-18T21:00:00Z,1.2704,1
2010-10-18T22:00:00Z,1.0504,1
2010-10-18T23:00:00Z,0.5204,1
2010-10-19T00:00:00Z,-0.1496,1
2010-10-19T01:00:00Z,-0.8396,1
2010-10-19T02:00:00Z,-1.3096,1
2010-10-19T03:00:00Z,-1.4396,1
2010-10-19T04:00:00Z,-1.2396,1
2010-10-19T05:00:00Z,-0.8396,1
2010-10-19T06:00:00Z,-0.2796,1
2010-10-19T07:00:00Z,0.2404,1
2010-10-19T08:00:00Z,0.7004,1
2010-10-19T09:00:00Z,0.9704,1
2010-10-19T10:00:00Z,0.9604,1
2010-10-19T11:00:00Z,0.6104,1
2010-10-19T12:00:00Z,0.0604,1
2010-10-19T13:00:00Z,-0.5596,1
2010-10-19T14:00:00Z,-0.9996,1
2010-10-19T15:00:00Z,-1.1696,1
2010-10-19T16:00:00Z,-0.9696,1
2010-10-19T17:00:00Z,-0.5196,1
2010-10-19T18:00:00Z,0.0404,1
2010-10-19T19:00:00Z,0.6404,1
2010-10-19T20:00:00Z,1.0304,1
2010-10-19T21:00:00Z,1.2704,1
2010-10-19T22:00:00Z,1.2204,1
2010-10-19T23:00:00Z,0.8404,1
2010-10-20T00:00:00Z,0.1604,1
2010-10-20T01:00:00Z,-0.6196,1
2010-10-20T02:00:00Z,-1.3196,1
2010-10-20T03:00:00Z,-1.6596,1
2010-10-20T04:00:00Z,-1.6296,1
2010-10-20T05:00:00Z,-1.2296,1
2010-10-20T06:00:00Z,-0.6696,1
2010-10-20T07:00:00Z,-0.0496,1
2010-10-20T08:00:00Z,0.5104,1
2010-10-20T09:00:00Z,0.9704,1
2010-10-20T10:00:00Z,1.1304,1
2010-10-20T11:00:00Z,0.9504,1
2010-10-20T12:00:00Z,0.4204,1
2010-10-20T13:00:00Z,-0.2896,1
2010-10-20T14:00:00Z,-0.9796,1
2010-10-20T15:00:00Z,-1.3896,1
2010-10-20T16:00:00Z,-1.3996,1
2010-10-20T17:00:00Z,-1.0496,1
2010-10-20T18:00:00Z,-0.4196,1
2010-10-20T19:00:00Z,0.2704,1
2010-10-20T20:00:00Z,0.8304,1
2010-10-20T21:00:00Z,1.2705,1
2010-10-20T22:00:00Z,1.4405,1
2010-10-20T23:00:00Z,1.2405,1
2010-10-21T00:00:00Z,0.7205,1
2010-10-21T01:00:00Z,-0.0995,1
2010-10-21T02:00:00Z,-0.8995,1
2010-10-21T03:00:00Z,-1.4295,1
2010-10-21T04:00:00Z,-1.6095,1
2010-10-21T05:00:00Z,-1.3595,1
2010-10-21T06:00:00Z,-0.7995,1
2010-10-21T07:00:00Z,-0.1395,1
2010-10-21T08:00:00Z,0.5205,1
2010-10-21T09:00:00Z,1.0405,1
2010-10-21T10:00:00Z,1.3505,1
2010-10-21T11:00:00Z,1.3105,1
2010-10-21T12:00:00Z,0.8905,1
2010-10-21T13:00:00Z,0.1705,1
2010-10-21T14:00:00Z,-0.6395,1
2010-10-21T15:00:00Z,-1.2895,1
2010-10-21T16:00:00Z,-1.5295,1
2010-10-21T17:00:00Z,-1.3495,1
2010-10-21T18:00:00Z,-0.7895,1
2010-10-21T19:00:00Z,-0.0695,1
2010-10-21T20:00:00Z,0.6605,1
2010-10-21T21:00:00Z,1.2005,1
2010-10-21T22:00:00Z,1.5105,1
2010-10-21T23:00:00Z,1.5105,1
2010-10-22T00:00:00Z,1.1405,1
2010-10-22T01:00:00Z,0.4405,1
2010-10-22T02:00:00Z,-0.4495,1
2010-10-22T03:00:00Z,-1.2095,1
2010-10-22T04:00:00Z,-1.6295,1
2010-10-22T05:00:00Z,-1.5795,1
2010-10-22T06:00:00Z,-1.1295,1
2010-10-22T07:00:00Z,-0.4195,1
2010-10-22T08:00:00Z,0.3205,1
2010-10-22T09:00:00Z,0.9605,1
2010-10-22T10:00:00Z,1.4205,1
2010-10-22T11:00:00Z,1.5505,1
2010-10-22T12:00:00Z,1.3205,1
2010-10-22T13:00:00Z,0.7305,1
2010-10-22T14:00:00Z,-0.1195,1
2010-10-22T15:00:00Z,-0.9195,1
2010-10-22T16:00:00Z,-1.3895,1
2010-10-22T17:00:00Z,-1.4095,1
2010-10-22T18:00:00Z,-0.9695,1
2010-10-22T19:00:00Z,-0.2695,1
2010-10-22T20:00:00Z,0.5205,1
2010-10-22T21:00:00Z,1.2105,1
2010-10-22T22:00:00Z,1.6705,1
2010-10-22T23:00:00Z,1.8505,1
2010-10-23T00:00:00Z,1.6305,1
2010-10-23T01:00:00Z,1.0205,1
2010-10-23T02:00:00Z,0.1105,1
2010-10-23T03:00:00Z,-0.8095,1
2010-10-23T04:00:00Z,-1.4895,1
2010-10-23T05:00:00Z,-1.6795,1
2010-10-23T06:00:00Z,-1.4295,1
2010-10-23T07:00:00Z,-0.8195,1
2010-10-23T08:00:00Z,-0.0695,1
2010-10-23T09:00:00Z,0.6505,1
2010-10-23T10:00:00Z,1.2205,1
2010-10-23T11:00:00Z,1.5505,1
2010-10-23T12:00:00Z,1.5205,1
2010-10-23T13:00:00Z,1.0605,1
2010-10-23T14:00:00Z,0.2305,1
2010-10-23T15:00:00Z,-0.6495,1
2010-10-23T16:00:00Z,-1.3695,1
2010-10-23T17:00:00Z,-1.6795,1
2010-10-23T18:00:00Z,-1.4795,1
2010-10-23T19:00:00Z,-0.8995,1
2010-10-23T20:00:00Z,-0.1295,1
2010-10-23T21:00:00Z,0.5905,1
2010-10-23T22:00:00Z,1.1405,1
2010-10-23T23:00:00Z,1.5205,1
2010-10-24T00:00:00Z,1.5205,1
2010-10-24T01:00:00Z,1.1205,1
2010-10-24T02:00:00Z,0.3805,1
2010-10-24T03:00:00Z,-0.5895,1
2010-10-24T04:00:00Z,-1.3895,1
2010-10-24T05:00:00Z,-1.8095,1
2010-10-24T06:00:00Z,-1.7395,1
2010-10-24T07:00:00Z,-1.2795,1
2010-10-24T08:00:00Z,-0.5195,1
2010-10-24T09:00:00Z,0.2505,1
2010-10-24T10:00:00Z,0.9205,1
2010-10-24T11:00:00Z,1.3905,1
2010-10-24T12:00:00Z,1.5305,1
2010-10-24T13:00:00Z,1.2605,1
2010-10-24T14:00:00Z,0.6105,1
2010-10-24T15:00:00Z,-0.2995,1
2010-10-24T16:00:00Z,-1.1695,1
2010-10-24T17:00:00Z,-1.7395,1
2010-10-24T18:00:00Z,-1.8195,1
2010-10-24T19:00:00Z,-1.4195,1
2010-10-24T20:00:00Z,-0.6995,1
2010-10-24T21:00:00Z,0.1005,1
2010-10-24T22:00:00Z,0.7805,1
2010-10-24T23:00:00Z,1.3105,1
2010-10-25T00:00:00Z,1.5405,1
2010-10-25T01:00:00Z,1.3805,1
2010-10-25T02:00:00Z,0.8205,1
2010-10-25T03:00:00Z,-0.0595,1
2010-10-25T04:00:00Z,-0.9695,1
2010-10-25T05:00:00Z,-1.6195,1
2010-10-25T06:00:00Z,-1.8195,1
2010-10-25T07:00:00Z,-1.5095,1
2010-10-25T08:00:00Z,-0.8595,1
2010-10-25T09:00:00Z,-0.0995,1
2010-10-25T10:00:00Z,0.6505,1
2010-10-25T11:00:00Z,1.2005,1
2010-10-25T12:00:00Z,1.5305,1
2010-10-25T13:00:00Z,1.5105,1
2010-10-25T14:00:00Z,1.1005,1
2010-10-25T15:00:00Z,0.2905,1
2010-10-25T16:00:00Z,-0.5895,1
2010-10-25T17:00:00Z,-1.3595,1
2010-10-25T18:00:00Z,-1.7095,1
2010-10-25T19:00:00Z,-1.5595,1
2010-10-25T20:00:00Z,-1.0095,1
2010-10-25T21:00:00Z,-0.2395,1
2010-10-25T22:00:00Z,0.5305,1
2010-10-25T23:00:00Z,1.1405,1
2010-10-26T00:00:00Z,1.5405,1
2010-10-26T01:00:00Z,1.6105,1
2010-10-26T02:00:00Z,1.3105,1
2010-10-26T03:00:00Z,0.6005,1
2010-10-26T04:00:00Z,-0.2395,1
2010-10-26T05:00:00Z,-0.9795,1
2010-10-26T06:00:00Z,-1.3795,1
2010-10-26T07:00:00Z,-1.3095,1
2010-10-26T08:00:00Z,-0.8695,1
2010-10-26T09:00:00Z,-0.1195,1
2010-10-26T10:00:00Z,0.6305,1
2010-10-26T11:00:00Z,1.2605,1
2010-10-26T12:00:00Z,1.7005,1
2010-10-26T13:00:00Z,1.8405,1
2010-10-26T14:00:00Z,1.5905,1
2010-10-26T15:00:00Z,0.9805,1
2010-10-26T16:00:00Z,0.0705,1
2010-10-26T17:00:00Z,-0.8195,1
2010-10-26T18:00:00Z,-1.4695,1
2010-10-26T19:00:00Z,-1.6695,1
2010-10-26T20:00:00Z,-1.4095,1
2010-10-26T21:00:00Z,-0.7595,1
2010-10-26T22:00:00Z,5.00E-04,1
2010-10-26T23:00:00Z,0.6905,1
2010-10-27T00:00:00Z,1.2705,1
2010-10-27T01:00:00Z,1.6105,1
2010-10-27T02:00:00Z,1.6205,1
2010-10-27T03:00:00Z,1.2305,1
2010-10-27T04:00:00Z,0.4605,1
2010-10-27T05:00:00Z,-0.3995,1
2010-10-27T06:00:00Z,-1.0795,1
2010-10-27T07:00:00Z,-1.3495,1
2010-10-27T08:00:00Z,-1.2495,1
2010-10-27T09:00:00Z,-0.7495,1
2010-10-27T10:00:00Z,-0.0795,1
2010-10-27T11:00:00Z,0.5905,1
2010-10-27T12:00:00Z,1.1005,1
2010-10-27T13:00:00Z,1.4705,1
2010-10-27T14:00:00Z,1.5205,1
2010-10-27T15:00:00Z,1.2505,1
2010-10-27T16:00:00Z,0.6305,1
2010-10-27T17:00:00Z,-0.2095,1
2010-10-27T18:00:00Z,-0.9695,1
2010-10-27T19:00:00Z,-1.4295,1
2010-10-27T20:00:00Z,-1.4595,1
2010-10-27T21:00:00Z,-1.0795,1
2010-10-27T22:00:00Z,-0.4295,1
2010-10-27T23:00:00Z,0.2805,1
2010-10-28T00:00:00Z,0.8805,1
2010-10-28T01:00:00Z,1.3105,1
2010-10-28T02:00:00Z,1.4905,1
2010-10-28T03:00:00Z,1.3405,1
2010-10-28T04:00:00Z,0.8305,1
2010-10-28T05:00:00Z,0.0805,1
2010-10-28T06:00:00Z,-0.6895,1
2010-10-28T07:00:00Z,-1.2095,1
2010-10-28T08:00:00Z,-1.3295,1
2010-10-28T09:00:00Z,-1.0695,1
2010-10-28T10:00:00Z,-0.5295,1
2010-10-28T11:00:00Z,0.1105,1
2010-10-28T12:00:00Z,0.7205,1
2010-10-28T13:00:00Z,1.2205,1
2010-10-28T14:00:00Z,1.5405,1
2010-10-28T15:00:00Z,1.5205,1
2010-10-28T16:00:00Z,1.1805,1
2010-10-28T17:00:00Z,0.5405,1
2010-10-28T18:00:00Z,-0.2795,1
2010-10-28T19:00:00Z,-0.9095,1
2010-10-28T20:00:00Z,-1.2895,1
2010-10-28T21:00:00Z,-1.2195,1
2010-10-28T22:00:00Z,-0.9095,1
2010-10-28T23:00:00Z,-0.3195,1
2010-10-29T00:00:00Z,0.3205,1
2010-10-29T01:00:00Z,0.9205,1
2010-10-29T02:00:00Z,1.3605,1
2010-10-29T03:00:00Z,1.5905,1
2010-10-29T04:00:00Z,1.4205,1
2010-10-29T05:00:00Z,0.9705,1
2010-10-29T06:00:00Z,0.3405,1
2010-10-29T07:00:00Z,-0.2895,1
2010-10-29T08:00:00Z,-0.6895,1
2010-10-29T09:00:00Z,-0.7095,1
2010-10-29T10:00:00Z,-0.3995,1
2010-10-29T11:00:00Z,0.1305,1
2010-10-29T12:00:00Z,0.6905,1
2010-10-29T13:00:00Z,1.1605,1
2010-10-29T14:00:00Z,1.5705,1
2010-10-29T15:00:00Z,1.7505,1
2010-10-29T16:00:00Z,1.6805,1
2010-10-29T17:00:00Z,1.1905,1
2010-10-29T18:00:00Z,0.5905,1
2010-10-29T19:00:00Z,-0.1794,1
2010-10-29T20:00:00Z,-0.7994,1
2010-10-29T21:00:00Z,-1.1894,1
2010-10-29T22:00:00Z,-1.1994,1
2010-10-29T23:00:00Z,-0.9294,1
2010-10-30T00:00:00Z,-0.4394,1
2010-10-30T01:00:00Z,0.1106,1
2010-10-30T02:00:00Z,0.6406,1
2010-10-30T03:00:00Z,1.0706,1
2010-10-30T04:00:00Z,1.2706,1
2010-10-30T05:00:00Z,1.1506,1
2010-10-30T06:00:00Z,0.7506,1
2010-10-30T07:00:00Z,0.1906,1
2010-10-30T08:00:00Z,-0.3594,1
2010-10-30T09:00:00Z,-0.7294,1
2010-10-30T10:00:00Z,-0.8094,1
2010-10-30T11:00:00Z,-0.6094,1
2010-10-30T12:00:00Z,-0.1994,1
2010-10-30T13:00:00Z,0.2706,1
2010-10-30T14:00:00Z,0.7506,1
2010-10-30T15:00:00Z,1.1606,1
2010-10-30T16:00:00Z,1.4606,1
2010-10-30T17:00:00Z,1.4606,1
2010-10-30T18:00:00Z,1.1606,1
2010-10-30T19:00:00Z,0.5806,1
2010-10-30T20:00:00Z,-0.0894,1
2010-10-30T21:00:00Z,-0.6894,1
2010-10-30T22:00:00Z,-1.0594,1
2010-10-30T23:00:00Z,-1.1094,1
2010-10-31T00:00:00Z,-0.8694,1
2010-10-31T01:00:00Z,-0.4594,1
2010-10-31T02:00:00Z,0.0506,1
2010-10-31T03:00:00Z,0.5806,1
2010-10-31T04:00:00Z,1.0506,1
2010-10-31T05:00:00Z,1.3006,1
2010-10-31T06:00:00Z,1.2606,1
2010-10-31T07:00:00Z,0.8906,1
2010-10-31T08:00:00Z,0.3406,1
2010-10-31T09:00:00Z,-0.2394,1
2010-10-31T10:00:00Z,-0.6794,1
2010-10-31T11:00:00Z,-0.8494,1
2010-10-31T12:00:00Z,-0.7194,1
2010-10-31T13:00:00Z,-0.3994,1
2010-10-31T14:00:00Z,0.0306,1
2010-10-31T15:00:00Z,0.4906,1
2010-10-31T16:00:00Z,0.9406,1
2010-10-31T17:00:00Z,1.2606,1
2010-10-31T18:00:00Z,1.3806,1
2010-10-31T19:00:00Z,1.1506,1
2010-10-31T20:00:00Z,0.6206,1
2010-10-31T21:00:00Z,-0.1094,1
2010-10-31T22:00:00Z,-0.7894,1
2010-10-31T23:00:00Z,-1.2694,1
2010-11-01T00:00:00Z,-1.3994,1
2010-11-01T01:00:00Z,-1.2094,1
2010-11-01T02:00:00Z,-0.7794,1
2010-11-01T03:00:00Z,-0.2394,1
2010-11-01T04:00:00Z,0.3506,1
2010-11-01T05:00:00Z,0.8506,1
2010-11-01T06:00:00Z,1.1606,1
2010-11-01T07:00:00Z,1.2406,1
2010-11-01T08:00:00Z,0.9706,1
2010-11-01T09:00:00Z,0.4506,1
2010-11-01T10:00:00Z,-0.1894,1
2010-11-01T11:00:00Z,-0.7094,1
2010-11-01T12:00:00Z,-1.0494,1
2010-11-01T13:00:00Z,-1.0294,1
2010-11-01T14:00:00Z,-0.7794,1
2010-11-01T15:00:00Z,-0.3194,1
2010-11-01T16:00:00Z,0.2506,1
2010-11-01T17:00:00Z,0.8306,1
2010-11-01T18:00:00Z,1.2906,1
2010-11-01T19:00:00Z,1.5606,1
2010-11-01T20:00:00Z,1.4306,1
2010-11-01T21:00:00Z,1.0006,1
2010-11-01T22:00:00Z,0.3506,1
2010-11-01T23:00:00Z,-0.4094,1
2010-11-02T00:00:00Z,-1.0094,1
2010-11-02T01:00:00Z,-1.2894,1
2010-11-02T02:00:00Z,-1.1794,1
2010-11-02T03:00:00Z,-0.8394,1
2010-11-02T04:00:00Z,-0.2294,1
2010-11-02T05:00:00Z,0.3606,1
2010-11-02T06:00:00Z,0.8906,1
2010-11-02T07:00:00Z,1.2806,1
2010-11-02T08:00:00Z,1.4006,1
2010-11-02T09:00:00Z,1.1306,1
2010-11-02T10:00:00Z,0.5506,1
2010-11-02T11:00:00Z,-0.0794,1
2010-11-02T12:00:00Z,-0.6694,1
2010-11-02T13:00:00Z,-1.0294,1
2010-11-02T14:00:00Z,-0.9994,1
2010-11-02T15:00:00Z,-0.5894,1
2010-11-02T16:00:00Z,-0.0794,1
2010-11-02T17:00:00Z,0.5406,1
2010-11-02T18:00:00Z,1.1406,1
2010-11-02T19:00:00Z,1.5806,1
2010-11-02T20:00:00Z,1.7506,1
2010-11-02T21:00:00Z,1.6206,1
2010-11-02T22:00:00Z,1.0606,1
2010-11-02T23:00:00Z,0.2006,1
2010-11-03T00:00:00Z,-0.6994,1
2010-11-03T01:00:00Z,-1.4094,1
2010-11-03T02:00:00Z,-1.6694,1
2010-11-03T03:00:00Z,-1.5194,1
2010-11-03T04:00:00Z,-0.9694,1
2010-11-03T05:00:00Z,-0.2794,1
2010-11-03T06:00:00Z,0.4706,1
2010-11-03T07:00:00Z,1.0506,1
2010-11-03T08:00:00Z,1.4206,1
2010-11-03T09:00:00Z,1.4906,1
2010-11-03T10:00:00Z,1.1806,1
2010-11-03T11:00:00Z,0.5306,1
2010-11-03T12:00:00Z,-0.2994,1
2010-11-03T13:00:00Z,-1.0494,1
2010-11-03T14:00:00Z,-1.3894,1
2010-11-03T15:00:00Z,-1.3394,1
2010-11-03T16:00:00Z,-0.9094,1
2010-11-03T18:00:00Z,0.4906,1
2010-11-03T19:00:00Z,1.1106,1
2010-11-03T20:00:00Z,1.6106,1
2010-11-03T21:00:00Z,1.7506,1
2010-11-03T22:00:00Z,1.5706,1
2010-11-03T23:00:00Z,0.8706,1
2010-11-04T00:00:00Z,-0.0394,1
2010-11-04T01:00:00Z,-1.0394,1
2010-11-04T02:00:00Z,-1.7194,1
2010-11-04T03:00:00Z,-1.9194,1
2010-11-04T04:00:00Z,-1.5994,1
2010-11-04T05:00:00Z,-0.9094,1
2010-11-04T06:00:00Z,-0.0494,1
2010-11-04T07:00:00Z,0.7306,1
2010-11-04T08:00:00Z,1.3906,1
2010-11-04T09:00:00Z,1.7606,1
2010-11-04T10:00:00Z,1.7806,1
2010-11-04T11:00:00Z,1.3006,1
2010-11-04T12:00:00Z,0.4706,1
2010-11-04T13:00:00Z,-0.4694,1
2010-11-04T14:00:00Z,-1.1794,1
2010-11-04T15:00:00Z,-1.5594,1
2010-11-04T16:00:00Z,-1.3994,1
2010-11-04T17:00:00Z,-0.8594,1
2010-11-04T18:00:00Z,-0.0594,1
2010-11-04T19:00:00Z,0.7406,1
2010-11-04T20:00:00Z,1.4106,1
2010-11-04T21:00:00Z,1.8906,1
2010-11-04T22:00:00Z,2.0106,1
2010-11-04T23:00:00Z,1.6606,1
2010-11-05T00:00:00Z,0.8306,1
2010-11-05T01:00:00Z,-0.2094,1
2010-11-05T02:00:00Z,-1.2894,1
2010-11-05T03:00:00Z,-1.9694,1
2010-11-05T04:00:00Z,-2.0894,1
2010-11-05T05:00:00Z,-1.6594,1
2010-11-05T06:00:00Z,-0.8594,1
2010-11-05T07:00:00Z,0.0506,1
2010-11-05T08:00:00Z,0.8106,1
2010-11-05T09:00:00Z,1.3806,1
2010-11-05T10:00:00Z,1.6606,1
2010-11-05T11:00:00Z,1.5106,1
2010-11-05T12:00:00Z,0.9806,1
2010-11-05T13:00:00Z,0.0606,1
2010-11-05T14:00:00Z,-0.9494,1
2010-11-05T15:00:00Z,-1.6694,1
2010-11-05T16:00:00Z,-1.9194,1
2010-11-05T17:00:00Z,-1.6594,1
2010-11-05T18:00:00Z,-0.9294,1
2010-11-05T19:00:00Z,-0.0394,1
2010-11-05T20:00:00Z,0.7906,1
2010-11-05T21:00:00Z,1.4306,1
2010-11-05T22:00:00Z,1.8206,1
2010-11-05T23:00:00Z,1.8506,1
2010-11-06T00:00:00Z,1.4006,1
2010-11-06T01:00:00Z,0.4706,1
2010-11-06T02:00:00Z,-0.6494,1
2010-11-06T03:00:00Z,-1.6294,1
2010-11-06T04:00:00Z,-2.1794,1
2010-11-06T05:00:00Z,-2.0994,1
2010-11-06T06:00:00Z,-1.5394,1
2010-11-06T07:00:00Z,-0.6394,1
2010-11-06T08:00:00Z,0.2906,1
2010-11-06T09:00:00Z,1.0206,1
2010-11-06T10:00:00Z,1.5706,1
2010-11-06T11:00:00Z,1.7606,1
2010-11-06T12:00:00Z,1.4706,1
2010-11-06T13:00:00Z,0.7706,1
2010-11-06T14:00:00Z,-0.3194,1
2010-11-06T15:00:00Z,-1.3594,1
2010-11-06T16:00:00Z,-2.0294,1
2010-11-06T17:00:00Z,-2.0794,1
2010-11-06T18:00:00Z,-1.6494,1
2010-11-06T19:00:00Z,-0.8094,1
2010-11-06T20:00:00Z,0.1206,1
2010-11-06T21:00:00Z,0.9106,1
2010-11-06T22:00:00Z,1.5406,1
2010-11-06T23:00:00Z,1.8506,1
2010-11-07T00:00:00Z,1.7706,1
2010-11-07T01:00:00Z,1.2206,1
2010-11-07T02:00:00Z,0.2206,1
2010-11-07T03:00:00Z,-0.9194,1
2010-11-07T04:00:00Z,-1.7994,1
2010-11-07T05:00:00Z,-2.2294,1
2010-11-07T06:00:00Z,-1.9994,1
2010-11-07T07:00:00Z,-1.3294,1
2010-11-07T08:00:00Z,-0.4094,1
2010-11-07T09:00:00Z,0.4406,1
2010-11-07T10:00:00Z,1.1306,1
2010-11-07T11:00:00Z,1.5706,1
2010-11-07T12:00:00Z,1.6106,1
2010-11-07T13:00:00Z,1.2206,1
2010-11-07T14:00:00Z,0.4206,1
2010-11-07T15:00:00Z,-0.6694,1
2010-11-07T16:00:00Z,-1.6294,1
2010-11-07T17:00:00Z,-2.1293,1
2010-11-07T18:00:00Z,-2.0493,1
2010-11-07T19:00:00Z,-1.4693,1
2010-11-07T20:00:00Z,-0.6293,1
2010-11-07T21:00:00Z,0.2607,1
2010-11-07T22:00:00Z,1.0407,1
2010-11-07T23:00:00Z,1.6107,1
2010-11-08T00:00:00Z,1.9707,1
2010-11-08T01:00:00Z,1.8407,1
2010-11-08T02:00:00Z,1.4107,1
2010-11-08T03:00:00Z,0.4507,1
2010-11-08T04:00:00Z,-0.4893,1
2010-11-08T05:00:00Z,-1.2193,1
2010-11-08T06:00:00Z,-1.4093,1
2010-11-08T07:00:00Z,-1.1093,1
2010-11-08T08:00:00Z,-0.4293,1
2010-11-08T09:00:00Z,0.3607,1
2010-11-08T10:00:00Z,1.1207,1
2010-11-08T11:00:00Z,1.6707,1
2010-11-08T12:00:00Z,2.0007,1
2010-11-08T13:00:00Z,1.8807,1
2010-11-08T14:00:00Z,1.3307,1
2010-11-08T15:00:00Z,0.3807,1
2010-11-08T16:00:00Z,-0.6693,1
2010-11-08T17:00:00Z,-1.5193,1
2010-11-08T18:00:00Z,-1.8593,1
2010-11-08T19:00:00Z,-1.6993,1
2010-11-08T20:00:00Z,-1.0693,1
2010-11-08T21:00:00Z,-0.2693,1
2010-11-08T22:00:00Z,0.5407,1
2010-11-08T23:00:00Z,1.2007,1
2010-11-09T00:00:00Z,1.6907,1
2010-11-09T01:00:00Z,1.8707,1
2010-11-09T02:00:00Z,1.5507,1
2010-11-09T04:00:00Z,-0.1593,1
2010-11-09T05:00:00Z,-1.1093,1
2010-11-09T06:00:00Z,-1.6593,1
2010-11-09T07:00:00Z,-1.7593,1
2010-11-09T08:00:00Z,-1.2993,1
2010-11-09T09:00:00Z,-0.5893,1
2010-11-09T10:00:00Z,0.2007,1
2010-11-09T11:00:00Z,0.9207,1
2010-11-09T12:00:00Z,1.3907,1
2010-11-09T13:00:00Z,1.6907,1
2010-11-09T14:00:00Z,1.4707,1
2010-11-09T15:00:00Z,0.9407,1
2010-11-09T16:00:00Z,-0.0793,1
2010-11-09T17:00:00Z,-1.0493,1
2010-11-09T18:00:00Z,-1.7893,1
2010-11-09T19:00:00Z,-1.9793,1
2010-11-09T20:00:00Z,-1.7293,1
2010-11-09T21:00:00Z,-1.1493,1
2010-11-09T22:00:00Z,-0.3893,1
2010-11-09T23:00:00Z,0.3107,1
2010-11-10T00:00:00Z,0.9007,1
2010-11-10T01:00:00Z,1.3307,1
2010-11-10T02:00:00Z,1.4407,1
2010-11-10T03:00:00Z,1.1507,1
2010-11-10T04:00:00Z,0.4707,1
2010-11-10T05:00:00Z,-0.3893,1
2010-11-10T06:00:00Z,-1.1293,1
2010-11-10T07:00:00Z,-1.5093,1
2010-11-10T08:00:00Z,-1.4093,1
2010-11-10T09:00:00Z,-0.9493,1
2010-11-10T10:00:00Z,-0.2393,1
2010-11-10T11:00:00Z,0.4907,1
2010-11-10T12:00:00Z,1.1107,1
2010-11-10T13:00:00Z,1.5807,1
2010-11-10T14:00:00Z,1.7307,1
2010-11-10T15:00:00Z,1.5007,1
2010-11-10T16:00:00Z,0.8907,1
2010-11-10T17:00:00Z,0.0207,1
2010-11-10T18:00:00Z,-0.8293,1
2010-11-10T19:00:00Z,-1.4193,1
2010-11-10T20:00:00Z,-1.5493,1
2010-11-10T21:00:00Z,-1.2893,1
2010-11-10T22:00:00Z,-0.7093,1
2010-11-10T23:00:00Z,-0.0293,1
2010-11-11T00:00:00Z,0.6107,1
2010-11-11T01:00:00Z,1.1507,1
2010-11-11T02:00:00Z,1.5307,1
2010-11-11T03:00:00Z,1.5607,1
2010-11-11T04:00:00Z,1.2307,1
2010-11-11T05:00:00Z,0.5707,1
2010-11-11T06:00:00Z,-0.0893,1
2010-11-11T07:00:00Z,-0.6393,1
2010-11-11T08:00:00Z,-0.7693,1
2010-11-11T09:00:00Z,-0.5193,1
2010-11-11T10:00:00Z,7.00E-04,1
2010-11-11T11:00:00Z,0.5707,1
2010-11-11T12:00:00Z,1.1507,1
2010-11-11T13:00:00Z,1.6407,1
2010-11-11T14:00:00Z,1.9607,1
2010-11-11T15:00:00Z,1.9207,1
2010-11-11T16:00:00Z,1.6907,1
2010-11-11T17:00:00Z,1.0907,1
2010-11-11T18:00:00Z,0.3607,1
2010-11-11T19:00:00Z,-0.3293,1
2010-11-11T20:00:00Z,-0.7693,1
2010-11-11T21:00:00Z,-0.8393,1
2010-11-11T22:00:00Z,-0.5793,1
2010-11-11T23:00:00Z,-0.0393,1
2010-11-12T00:00:00Z,0.4907,1
2010-11-12T01:00:00Z,0.9107,1
2010-11-12T02:00:00Z,1.2107,1
2010-11-12T03:00:00Z,1.3107,1
2010-11-12T04:00:00Z,1.2607,1
2010-11-12T05:00:00Z,0.9107,1
2010-11-12T06:00:00Z,0.3807,1
2010-11-12T07:00:00Z,-0.2493,1
2010-11-12T08:00:00Z,-0.6893,1
2010-11-12T09:00:00Z,-0.8593,1
2010-11-12T10:00:00Z,-0.6993,1
2010-11-12T11:00:00Z,-0.2693,1
2010-11-12T12:00:00Z,0.2807,1
2010-11-12T13:00:00Z,0.8507,1
2010-11-12T14:00:00Z,1.2107,1
2010-11-12T15:00:00Z,1.5007,1
2010-11-12T16:00:00Z,1.4707,1
2010-11-12T17:00:00Z,1.2007,1
2010-11-12T18:00:00Z,0.6407,1
2010-11-12T19:00:00Z,-0.0493,1
2010-11-12T20:00:00Z,-0.6493,1
2010-11-12T21:00:00Z,-1.0393,1
2010-11-12T22:00:00Z,-1.1193,1
2010-11-12T23:00:00Z,-0.8993,1
2010-11-13T00:00:00Z,-0.4993,1
2010-11-13T01:00:00Z,-0.0493,1
2010-11-13T02:00:00Z,0.4207,1
2010-11-13T03:00:00Z,0.8607,1
2010-11-13T04:00:00Z,1.1207,1
2010-11-13T05:00:00Z,1.1507,1
2010-11-13T06:00:00Z,0.8607,1
2010-11-13T07:00:00Z,0.4207,1
2010-11-13T08:00:00Z,-0.1093,1
2010-11-13T09:00:00Z,-0.4893,1
2010-11-13T10:00:00Z,-0.6393,1
2010-11-13T11:00:00Z,-0.4693,1
2010-11-13T12:00:00Z,-0.1493,1
2010-11-13T13:00:00Z,0.3007,1
2010-11-13T14:00:00Z,0.7207,1
2010-11-13T15:00:00Z,1.1007,1
2010-11-13T16:00:00Z,1.3707,1
2010-11-13T17:00:00Z,1.4207,1
2010-11-13T18:00:00Z,1.1707,1
2010-11-13T19:00:00Z,0.6507,1
2010-11-13T20:00:00Z,0.0607,1
2010-11-13T21:00:00Z,-0.5493,1
2010-11-13T22:00:00Z,-0.8893,1
2010-11-13T23:00:00Z,-0.9793,1
2010-11-14T00:00:00Z,-0.7993,1
2010-11-14T01:00:00Z,-0.4593,1
2010-11-14T02:00:00Z,-0.0593,1
2010-11-14T03:00:00Z,0.3607,1
2010-11-14T04:00:00Z,0.7507,1
2010-11-14T05:00:00Z,1.0407,1
2010-11-14T06:00:00Z,1.0407,1
2010-11-14T07:00:00Z,0.8207,1
2010-11-14T08:00:00Z,0.3807,1
2010-11-14T09:00:00Z,-0.0893,1
2010-11-14T10:00:00Z,-0.3993,1
2010-11-14T11:00:00Z,-0.5493,1
2010-11-14T12:00:00Z,-0.4393,1
2010-11-14T13:00:00Z,-0.1493,1
2010-11-14T14:00:00Z,0.2407,1
2010-11-14T15:00:00Z,0.6607,1
2010-11-14T16:00:00Z,1.0507,1
2010-11-14T17:00:00Z,1.2807,1
2010-11-14T19:00:00Z,1.1107,1
2010-11-14T20:00:00Z,0.6507,1
2010-11-14T21:00:00Z,0.0507,1
2010-11-14T22:00:00Z,-0.5193,1
2010-11-14T23:00:00Z,-0.8993,1
2010-11-15T00:00:00Z,-1.0193,1
2010-11-15T01:00:00Z,-0.8993,1
2010-11-15T02:00:00Z,-0.6393,1
2010-11-15T03:00:00Z,-0.2493,1
2010-11-15T04:00:00Z,0.1707,1
2010-11-15T05:00:00Z,0.5807,1
2010-11-15T06:00:00Z,0.8707,1
2010-11-15T07:00:00Z,0.9507,1
2010-11-15T08:00:00Z,0.7907,1
2010-11-15T09:00:00Z,0.3907,1
2010-11-15T10:00:00Z,-0.0493,1
2010-11-15T11:00:00Z,-0.4393,1
2010-11-15T12:00:00Z,-0.6493,1
2010-11-15T13:00:00Z,-0.5893,1
2010-11-15T14:00:00Z,-0.3193,1
2010-11-15T15:00:00Z,0.0407,1
2010-11-15T16:00:00Z,0.4507,1
2010-11-15T17:00:00Z,0.8107,1
2010-11-15T18:00:00Z,1.1007,1
2010-11-15T19:00:00Z,1.1907,1
2010-11-15T20:00:00Z,0.9907,1
2010-11-15T21:00:00Z,0.5607,1
2010-11-15T22:00:00Z,-0.0293,1
2010-11-15T23:00:00Z,-0.5993,1
2010-11-16T00:00:00Z,-1.0293,1
2010-11-16T01:00:00Z,-1.1693,1
2010-11-16T02:00:00Z,-1.0793,1
2010-11-16T03:00:00Z,-0.7793,1
2010-11-16T04:00:00Z,-0.3693,1
2010-11-16T05:00:00Z,0.1007,1
2010-11-16T06:00:00Z,0.5307,1
2010-11-16T07:00:00Z,0.8707,1
2010-11-16T08:00:00Z,0.9507,1
2010-11-16T09:00:00Z,0.8007,1
2010-11-16T10:00:00Z,0.3907,1
2010-11-16T11:00:00Z,-0.0893,1
2010-11-16T12:00:00Z,-0.4993,1
2010-11-16T13:00:00Z,-0.7393,1
2010-11-16T14:00:00Z,-0.6993,1
2010-11-16T15:00:00Z,-0.4192,1
2010-11-16T16:00:00Z,0.0208,1
2010-11-16T17:00:00Z,0.4708,1
2010-11-16T18:00:00Z,0.9008,1
2010-11-16T19:00:00Z,1.1908,1
2010-11-16T20:00:00Z,1.3208,1
2010-11-16T21:00:00Z,1.1308,1
2010-11-16T22:00:00Z,0.6708,1
2010-11-16T23:00:00Z,0.1308,1
2010-11-17T00:00:00Z,-0.4592,1
2010-11-17T01:00:00Z,-0.7992,1
2010-11-17T02:00:00Z,-0.9492,1
2010-11-17T03:00:00Z,-0.7792,1
2010-11-17T04:00:00Z,-0.4392,1
2010-11-17T05:00:00Z,0.0608,1
2010-11-17T06:00:00Z,0.5308,1
2010-11-17T07:00:00Z,1.0608,1
2010-11-17T08:00:00Z,1.2608,1
2010-11-17T09:00:00Z,1.3308,1
2010-11-17T10:00:00Z,0.9408,1
2010-11-17T11:00:00Z,0.5008,1
2010-11-17T12:00:00Z,-0.1292,1
2010-11-17T13:00:00Z,-0.5192,1
2010-11-17T14:00:00Z,-0.7692,1
2010-11-17T15:00:00Z,-0.5592,1
2010-11-17T16:00:00Z,-0.1992,1
2010-11-17T17:00:00Z,0.2408,1
2010-11-17T18:00:00Z,0.7808,1
2010-11-17T19:00:00Z,1.1508,1
2010-11-17T20:00:00Z,1.4008,1
2010-11-17T21:00:00Z,1.4508,1
2010-11-17T22:00:00Z,1.1208,1
2010-11-17T23:00:00Z,0.4608,1
2010-11-18T00:00:00Z,-0.2192,1
2010-11-18T01:00:00Z,-0.9092,1
2010-11-18T02:00:00Z,-1.2592,1
2010-11-18T03:00:00Z,-1.4192,1
2010-11-18T04:00:00Z,-1.1492,1
2010-11-18T05:00:00Z,-0.6692,1
2010-11-18T06:00:00Z,-0.1192,1
2010-11-18T07:00:00Z,0.4508,1
2010-11-18T08:00:00Z,0.9308,1
2010-11-18T09:00:00Z,1.1708,1
2010-11-18T10:00:00Z,1.1108,1
2010-11-18T11:00:00Z,0.6808,1
2010-11-18T12:00:00Z,0.0608,1
2010-11-18T13:00:00Z,-0.5392,1
2010-11-18T14:00:00Z,-0.9892,1
2010-11-18T15:00:00Z,-1.1092,1
2010-11-18T16:00:00Z,-0.9092,1
2010-11-18T17:00:00Z,-0.4392,1
2010-11-18T18:00:00Z,0.1208,1
2010-11-18T19:00:00Z,0.7208,1
2010-11-18T20:00:00Z,1.1708,1
2010-11-18T21:00:00Z,1.4208,1
2010-11-18T22:00:00Z,1.3708,1
2010-11-18T23:00:00Z,0.9708,1
2010-11-19T00:00:00Z,0.2608,1
2010-11-19T01:00:00Z,-0.4992,1
2010-11-19T02:00:00Z,-1.1392,1
2010-11-19T03:00:00Z,-1.4592,1
2010-11-19T04:00:00Z,-1.3992,1
2010-11-19T05:00:00Z,-0.9992,1
2010-11-19T06:00:00Z,-0.4092,1
2010-11-19T07:00:00Z,0.2208,1
2010-11-19T08:00:00Z,0.7808,1
2010-11-19T09:00:00Z,1.2208,1
2010-11-19T10:00:00Z,1.3808,1
2010-11-19T11:00:00Z,1.1708,1
2010-11-19T12:00:00Z,0.6008,1
2010-11-19T13:00:00Z,-0.1392,1
2010-11-19T14:00:00Z,-0.8392,1
2010-11-19T15:00:00Z,-1.2692,1
2010-11-19T16:00:00Z,-1.2992,1
2010-11-19T17:00:00Z,-0.9492,1
2010-11-19T18:00:00Z,-0.3892,1
2010-11-19T19:00:00Z,0.2508,1
2010-11-19T20:00:00Z,0.8308,1
2010-11-19T21:00:00Z,1.2808,1
2010-11-19T22:00:00Z,1.4708,1
2010-11-19T23:00:00Z,1.3008,1
2010-11-20T00:00:00Z,0.7508,1
2010-11-20T01:00:00Z,-0.0292,1
2010-11-20T02:00:00Z,-0.8092,1
2010-11-20T03:00:00Z,-1.2992,1
2010-11-20T04:00:00Z,-1.4292,1
2010-11-20T05:00:00Z,-1.1392,1
2010-11-20T06:00:00Z,-0.5692,1
2010-11-20T07:00:00Z,0.1008,1
2010-11-20T08:00:00Z,0.7608,1
2010-11-20T09:00:00Z,1.3008,1
2010-11-20T10:00:00Z,1.6308,1
2010-11-20T11:00:00Z,1.5608,1
2010-11-20T12:00:00Z,1.1208,1
2010-11-20T13:00:00Z,0.3508,1
2010-11-20T14:00:00Z,-0.4992,1
2010-11-20T15:00:00Z,-1.1992,1
2010-11-20T16:00:00Z,-1.4692,1
2010-11-20T17:00:00Z,-1.3192,1
2010-11-20T18:00:00Z,-0.7992,1
2010-11-20T19:00:00Z,-0.1192,1
2010-11-20T20:00:00Z,0.5808,1
2010-11-20T21:00:00Z,1.1708,1
2010-11-20T22:00:00Z,1.5508,1
2010-11-20T23:00:00Z,1.5808,1
2010-11-21T00:00:00Z,1.2408,1
2010-11-21T01:00:00Z,0.5308,1
2010-11-21T02:00:00Z,-0.3492,1
2010-11-21T03:00:00Z,-1.1092,1
2010-11-21T04:00:00Z,-1.5092,1
2010-11-21T05:00:00Z,-1.4692,1
2010-11-21T06:00:00Z,-1.0492,1
2010-11-21T07:00:00Z,-0.3592,1
2010-11-21T08:00:00Z,0.3508,1
2010-11-21T09:00:00Z,1.0008,1
2010-11-21T10:00:00Z,1.4508,1
2010-11-21T11:00:00Z,1.6208,1
2010-11-21T12:00:00Z,1.4008,1
2010-11-21T13:00:00Z,0.8008,1
2010-11-21T14:00:00Z,-0.0592,1
2010-11-21T15:00:00Z,-0.9292,1
2010-11-21T16:00:00Z,-1.4892,1
2010-11-21T17:00:00Z,-1.5892,1
2010-11-21T18:00:00Z,-1.2292,1
2010-11-21T19:00:00Z,-0.5492,1
2010-11-21T20:00:00Z,0.2208,1
2010-11-21T21:00:00Z,0.8508,1
2010-11-21T22:00:00Z,1.3408,1
2010-11-21T23:00:00Z,1.5608,1
2010-11-22T00:00:00Z,1.4308,1
2010-11-22T01:00:00Z,0.9508,1
2010-11-22T02:00:00Z,0.1108,1
2010-11-22T03:00:00Z,-0.7692,1
2010-11-22T04:00:00Z,-1.4192,1
2010-11-22T05:00:00Z,-1.6592,1
2010-11-22T06:00:00Z,-1.3992,1
2010-11-22T07:00:00Z,-0.8092,1
2010-11-22T08:00:00Z,-0.0292,1
2010-11-22T09:00:00Z,0.7008,1
2010-11-22T10:00:00Z,1.3008,1
2010-11-22T11:00:00Z,1.6808,1
2010-11-22T12:00:00Z,1.6708,1
2010-11-22T13:00:00Z,1.2508,1
2010-11-22T14:00:00Z,0.4808,1
2010-11-22T15:00:00Z,-0.4692,1
2010-11-22T16:00:00Z,-1.2692,1
2010-11-22T17:00:00Z,-1.6692,1
2010-11-22T18:00:00Z,-1.5892,1
2010-11-22T19:00:00Z,-1.0592,1
2010-11-22T20:00:00Z,-0.3092,1
2010-11-22T21:00:00Z,0.4408,1
2010-11-22T22:00:00Z,1.0708,1
2010-11-22T23:00:00Z,1.5108,1
2010-11-23T00:00:00Z,1.6108,1
2010-11-23T01:00:00Z,1.3208,1
2010-11-23T02:00:00Z,0.6708,1
2010-11-23T03:00:00Z,-0.2492,1
2010-11-23T04:00:00Z,-1.1092,1
2010-11-23T05:00:00Z,-1.6092,1
2010-11-23T06:00:00Z,-1.6192,1
2010-11-23T07:00:00Z,-1.1892,1
2010-11-23T08:00:00Z,-0.4592,1
2010-11-23T09:00:00Z,0.3108,1
2010-11-23T10:00:00Z,1.0108,1
2010-11-23T11:00:00Z,1.5408,1
2010-11-23T12:00:00Z,1.7808,1
2010-11-23T13:00:00Z,1.6008,1
2010-11-23T14:00:00Z,1.0408,1
2010-11-23T15:00:00Z,0.1308,1
2010-11-23T16:00:00Z,-0.8292,1
2010-11-23T17:00:00Z,-1.5392,1
2010-11-23T18:00:00Z,-1.7792,1
2010-11-23T19:00:00Z,-1.5592,1
2010-11-23T20:00:00Z,-0.9492,1
2010-11-23T21:00:00Z,-0.1592,1
2010-11-23T22:00:00Z,0.5608,1
2010-11-23T23:00:00Z,1.1308,1
2010-11-24T00:00:00Z,1.5008,1
2010-11-24T01:00:00Z,1.5008,1
2010-11-24T02:00:00Z,1.0908,1
2010-11-24T03:00:00Z,0.3308,1
2010-11-24T04:00:00Z,-0.5892,1
2010-11-24T05:00:00Z,-1.3392,1
2010-11-24T06:00:00Z,-1.6592,1
2010-11-24T07:00:00Z,-1.5092,1
2010-11-24T08:00:00Z,-0.9392,1
2010-11-24T09:00:00Z,-0.1592,1
2010-11-24T10:00:00Z,0.6008,1
2010-11-24T11:00:00Z,1.2208,1
2010-11-24T12:00:00Z,1.6408,1
2010-11-24T13:00:00Z,1.7408,1
2010-11-24T14:00:00Z,1.4308,1
2010-11-24T15:00:00Z,0.7408,1
2010-11-24T16:00:00Z,-0.1992,1
2010-11-24T17:00:00Z,-1.1092,1
2010-11-24T18:00:00Z,-1.6992,1
2010-11-24T19:00:00Z,-1.7792,1
2010-11-24T20:00:00Z,-1.4092,1
2010-11-24T21:00:00Z,-0.7392,1
2010-11-24T22:00:00Z,0.0408,1
2010-11-24T23:00:00Z,0.7108,1
2010-11-25T00:00:00Z,1.2308,1
2010-11-25T01:00:00Z,1.4608,1
2010-11-25T02:00:00Z,1.3408,1
2010-11-25T03:00:00Z,0.8008,1
2010-11-25T04:00:00Z,-0.0492,1
2010-11-25T05:00:00Z,-0.8992,1
2010-11-25T06:00:00Z,-1.5092,1
2010-11-25T08:00:00Z,-1.4092,1
2010-11-25T09:00:00Z,-0.8092,1
2010-11-25T10:00:00Z,-0.0592,1
2010-11-25T11:00:00Z,0.5908,1
2010-11-25T12:00:00Z,1.1408,1
2010-11-25T13:00:00Z,1.4808,1
2010-11-25T14:00:00Z,1.4209,1
2010-11-25T15:00:00Z,1.0309,1
2010-11-25T16:00:00Z,0.2409,1
2010-11-25T18:00:00Z,-1.4891,1
2010-11-25T19:00:00Z,-1.9591,1
2010-11-25T20:00:00Z,-1.8791,1
2010-11-25T21:00:00Z,-1.4091,1
2010-11-25T22:00:00Z,-0.6891,1
2010-11-25T23:00:00Z,0.0609,1
2010-11-26T00:00:00Z,0.6709,1
2010-11-26T01:00:00Z,1.1809,1
2010-11-26T02:00:00Z,1.3309,1
2010-11-26T03:00:00Z,1.1509,1
2010-11-26T04:00:00Z,0.6109,1
2010-11-26T05:00:00Z,-0.2091,1
2010-11-26T06:00:00Z,-0.9991,1
2010-11-26T07:00:00Z,-1.4691,1
2010-11-26T08:00:00Z,-1.5491,1
2010-11-26T09:00:00Z,-1.1891,1
2010-11-26T10:00:00Z,-0.5991,1
2010-11-26T11:00:00Z,0.1109,1
2010-11-26T12:00:00Z,0.7109,1
2010-11-26T13:00:00Z,1.2209,1
2010-11-26T14:00:00Z,1.4609,1
2010-11-26T15:00:00Z,1.3609,1
2010-11-26T16:00:00Z,0.8709,1
2010-11-26T17:00:00Z,0.0809,1
2010-11-26T18:00:00Z,-0.8091,1
2010-11-26T19:00:00Z,-1.5091,1
2010-11-26T20:00:00Z,-1.8691,1
2010-11-26T21:00:00Z,-1.7491,1
2010-11-26T22:00:00Z,-1.2591,1
2010-11-26T23:00:00Z,-0.5591,1
2010-11-27T00:00:00Z,0.0809,1
2010-11-27T01:00:00Z,0.7009,1
2010-11-27T02:00:00Z,1.1309,1
2010-11-27T03:00:00Z,1.2809,1
2010-11-27T04:00:00Z,1.0309,1
2010-11-27T05:00:00Z,0.4409,1
2010-11-27T06:00:00Z,-0.3291,1
2010-11-27T07:00:00Z,-1.0991,1
2010-11-27T08:00:00Z,-1.4691,1
2010-11-27T09:00:00Z,-1.3691,1
2010-11-27T10:00:00Z,-1.0791,1
2010-11-27T11:00:00Z,-0.4991,1
2010-11-27T12:00:00Z,0.0709,1
2010-11-27T13:00:00Z,0.6509,1
2010-11-27T14:00:00Z,1.1109,1
2010-11-27T15:00:00Z,1.3509,1
2010-11-27T16:00:00Z,1.2509,1
2010-11-27T17:00:00Z,0.7809,1
2010-11-27T18:00:00Z,0.0309,1
2010-11-27T19:00:00Z,-0.8091,1
2010-11-27T20:00:00Z,-1.4791,1
2010-11-27T21:00:00Z,-1.7791,1
2010-11-27T22:00:00Z,-1.6391,1
2010-11-27T23:00:00Z,-1.1791,1
2010-11-28T00:00:00Z,-0.5691,1
2010-11-28T01:00:00Z,0.0809,1
2010-11-28T02:00:00Z,0.6509,1
2010-11-28T03:00:00Z,1.0709,1
2010-11-28T04:00:00Z,1.2309,1
2010-11-28T05:00:00Z,1.0109,1
2010-11-28T06:00:00Z,0.4509,1
2010-11-28T07:00:00Z,-0.2391,1
2010-11-28T09:00:00Z,-1.2291,1
2010-11-28T10:00:00Z,-1.2291,1
2010-11-28T11:00:00Z,-0.8991,1
2010-11-28T12:00:00Z,-0.3591,1
2010-11-28T13:00:00Z,0.2209,1
2010-11-28T14:00:00Z,0.7609,1
2010-11-28T15:00:00Z,1.2109,1
2010-11-28T16:00:00Z,1.4309,1
2010-11-28T17:00:00Z,1.3309,1
2010-11-28T18:00:00Z,0.8409,1
2010-11-28T19:00:00Z,0.1009,1
2010-11-28T20:00:00Z,-0.6691,1
2010-11-28T21:00:00Z,-1.3091,1
2010-11-28T22:00:00Z,-1.6491,1
2010-11-28T23:00:00Z,-1.5791,1
2010-11-29T00:00:00Z,-1.1891,1
2010-11-29T01:00:00Z,-0.6391,1
2010-11-29T02:00:00Z,-0.0391,1
2010-11-29T03:00:00Z,0.5209,1
2010-11-29T04:00:00Z,0.9809,1
2010-11-29T05:00:00Z,1.1309,1
2010-11-29T06:00:00Z,0.9609,1
2010-11-29T07:00:00Z,0.4409,1
2010-11-29T08:00:00Z,-0.2091,1
2010-11-29T09:00:00Z,-0.8291,1
2010-11-29T10:00:00Z,-1.1791,1
2010-11-29T11:00:00Z,-1.2291,1
2010-11-29T12:00:00Z,-0.9491,1
2010-11-29T13:00:00Z,-0.4991,1
2010-11-29T14:00:00Z,0.0409,1
2010-11-29T15:00:00Z,0.5709,1
2010-11-29T16:00:00Z,1.0609,1
2010-11-29T17:00:00Z,1.3209,1
2010-11-29T18:00:00Z,1.3109,1
2010-11-29T19:00:00Z,0.9009,1
2010-11-29T20:00:00Z,0.2309,1
2010-11-29T21:00:00Z,-0.5391,1
2010-11-29T22:00:00Z,-1.1591,1
2010-11-29T23:00:00Z,-1.5191,1
2010-11-30T00:00:00Z,-1.4391,1
2010-11-30T01:00:00Z,-1.0991,1
2010-11-30T02:00:00Z,-0.5591,1
2010-11-30T03:00:00Z,0.0109,1
2010-11-30T04:00:00Z,0.6009,1
2010-11-30T05:00:00Z,1.0809,1
2010-11-30T06:00:00Z,1.3209,1
2010-11-30T07:00:00Z,1.1909,1
2010-11-30T08:00:00Z,0.6809,1
2010-11-30T09:00:00Z,-0.0191,1
2010-11-30T10:00:00Z,-0.6491,1
2010-11-30T11:00:00Z,-1.1391,1
2010-11-30T12:00:00Z,-1.2091,1
2010-11-30T13:00:00Z,-0.9591,1
2010-11-30T14:00:00Z,-0.5691,1
2010-11-30T15:00:00Z,-0.0291,1
2010-11-30T16:00:00Z,0.5109,1
2010-11-30T17:00:00Z,0.9909,1
2010-11-30T18:00:00Z,1.3309,1
2010-11-30T19:00:00Z,1.3309,1
2010-11-30T20:00:00Z,1.0109,1
2010-11-30T21:00:00Z,0.3809,1
2010-11-30T22:00:00Z,-0.4291,1
2010-11-30T23:00:00Z,-1.1191,1
2010-12-01T00:00:00Z,-1.6191,1
2010-12-01T01:00:00Z,-1.6391,1
2010-12-01T02:00:00Z,-1.2391,1
2010-12-01T03:00:00Z,-0.7891,1
2010-12-01T04:00:00Z,-0.0691,1
2010-12-01T05:00:00Z,0.4809,1
2010-12-01T06:00:00Z,0.9709,1
2010-12-01T07:00:00Z,1.1909,1
2010-12-01T08:00:00Z,1.1509,1
2010-12-01T09:00:00Z,0.7609,1
2010-12-01T10:00:00Z,0.0709,1
2010-12-01T11:00:00Z,-0.6091,1
2010-12-01T12:00:00Z,-1.1291,1
2010-12-01T13:00:00Z,-1.2691,1
2010-12-01T14:00:00Z,-1.0591,1
2010-12-01T15:00:00Z,-0.5891,1
2010-12-01T16:00:00Z,-0.0391,1
2010-12-01T17:00:00Z,0.5609,1
2010-12-01T18:00:00Z,1.0509,1
2010-12-01T19:00:00Z,1.4209,1
2010-12-01T20:00:00Z,1.4409,1
2010-12-01T21:00:00Z,1.0609,1
2010-12-01T22:00:00Z,0.4509,1
2010-12-01T23:00:00Z,-0.3891,1
2010-12-02T00:00:00Z,-1.1491,1
2010-12-02T01:00:00Z,-1.5891,1
2010-12-02T02:00:00Z,-1.7391,1
2010-12-02T03:00:00Z,-1.3391,1
2010-12-02T04:00:00Z,-0.7691,1
2010-12-02T05:00:00Z,-0.1091,1
2010-12-02T06:00:00Z,0.5009,1
2010-12-02T07:00:00Z,1.0409,1
2010-12-02T08:00:00Z,1.3009,1
2010-12-02T09:00:00Z,1.2209,1
2010-12-02T10:00:00Z,0.7209,1
2010-12-02T11:00:00Z,0.0309,1
2010-12-02T12:00:00Z,-0.7491,1
2010-12-02T13:00:00Z,-1.2891,1
2010-12-02T14:00:00Z,-1.5191,1
2010-12-02T15:00:00Z,-1.2791,1
2010-12-02T16:00:00Z,-0.8191,1
2010-12-02T17:00:00Z,-0.1391,1
2010-12-02T18:00:00Z,0.5009,1
2010-12-02T19:00:00Z,1.0409,1
2010-12-02T20:00:00Z,1.4109,1
2010-12-02T21:00:00Z,1.4809,1
2010-12-02T23:00:00Z,0.4209,1
2010-12-03T00:00:00Z,-0.4691,1
2010-12-03T01:00:00Z,-1.2891,1
2010-12-03T02:00:00Z,-1.7491,1
2010-12-03T03:00:00Z,-1.7691,1
2010-12-03T04:00:00Z,-1.3691,1
2010-12-03T05:00:00Z,-0.7091,1
2010-12-03T06:00:00Z,0.0409,1
2010-12-03T07:00:00Z,0.7209,1
2010-12-03T08:00:00Z,1.2609,1
2010-12-03T09:00:00Z,1.5409,1
2010-12-03T10:00:00Z,1.3909,1
2010-12-03T11:00:00Z,0.8909,1
2010-12-03T12:00:00Z,0.1009,1
2010-12-03T13:00:00Z,-0.7291,1
2010-12-03T14:00:00Z,-1.3091,1
2010-12-03T15:00:00Z,-1.4391,1
2010-12-03T16:00:00Z,-1.1891,1
2010-12-03T17:00:00Z,-0.5891,1
2010-12-03T18:00:00Z,0.1309,1
2010-12-03T19:00:00Z,0.8209,1
2010-12-03T20:00:00Z,1.4109,1
2010-12-03T21:00:00Z,1.7709,1
2010-12-03T22:00:00Z,1.7609,1
2010-12-03T23:00:00Z,1.3009,1
2010-12-04T00:00:00Z,0.5109,1
2010-12-04T01:00:00Z,-0.4691,1
2010-12-04T02:00:00Z,-1.2991,1
2010-12-04T03:00:00Z,-1.7891,1
2010-12-04T04:00:00Z,-1.7391,1
2010-12-04T05:00:00Z,-1.2491,1
2010-12-04T06:00:00Z,-0.4891,1
2010-12-04T07:00:00Z,0.3009,1
2010-12-04T08:00:00Z,1.0009,1
2010-12-04T09:00:00Z,1.5209,1
2010-12-04T10:00:00Z,1.7309,1
2010-12-04T11:00:00Z,1.5209,1
2010-12-04T13:00:00Z,0.021,1
2010-12-04T14:00:00Z,-0.859,1
2010-12-04T15:00:00Z,-1.449,1
2010-12-04T16:00:00Z,-1.619,1
2010-12-04T17:00:00Z,-1.329,1
2010-12-04T18:00:00Z,-0.719,1
2010-12-04T19:00:00Z,0.031,1
2010-12-04T20:00:00Z,0.761,1
2010-12-04T21:00:00Z,1.341,1
2010-12-04T22:00:00Z,1.711,1
2010-12-04T23:00:00Z,1.651,1
2010-12-05T00:00:00Z,1.171,1
2010-12-05T01:00:00Z,0.291,1
2010-12-05T02:00:00Z,-0.689,1
2010-12-05T03:00:00Z,-1.479,1
2010-12-05T04:00:00Z,-1.809,1
2010-12-05T05:00:00Z,-1.619,1
2010-12-05T06:00:00Z,-1.009,1
2010-12-05T07:00:00Z,-0.219,1
2010-12-05T08:00:00Z,0.561,1
2010-12-05T09:00:00Z,1.261,1
2010-12-05T10:00:00Z,1.731,1
2010-12-05T11:00:00Z,1.801,1
2010-12-05T12:00:00Z,1.451,1
2010-12-05T13:00:00Z,0.691,1
2010-12-05T14:00:00Z,-0.269,1
2010-12-05T15:00:00Z,-1.179,1
2010-12-05T16:00:00Z,-1.719,1
2010-12-05T17:00:00Z,-1.739,1
2010-12-05T18:00:00Z,-1.309,1
2010-12-05T19:00:00Z,-0.589,1
2010-12-05T20:00:00Z,0.221,1
2010-12-05T21:00:00Z,0.961,1
2010-12-05T22:00:00Z,1.541,1
2010-12-05T23:00:00Z,1.831,1
2010-12-06T00:00:00Z,1.691,1
2010-12-06T01:00:00Z,1.101,1
2010-12-06T02:00:00Z,0.191,1
2010-12-06T03:00:00Z,-0.789,1
2010-12-06T04:00:00Z,-1.499,1
2010-12-06T05:00:00Z,-1.699,1
2010-12-06T06:00:00Z,-1.369,1
2010-12-06T07:00:00Z,-0.679,1
2010-12-06T08:00:00Z,0.161,1
2010-12-06T09:00:00Z,0.971,1
2010-12-06T10:00:00Z,1.591,1
2010-12-06T11:00:00Z,1.981,1
2010-12-06T12:00:00Z,1.961,1
2010-12-06T13:00:00Z,1.471,1
2010-12-06T14:00:00Z,0.611,1
2010-12-06T15:00:00Z,-0.419,1
2010-12-06T16:00:00Z,-1.269,1
2010-12-06T17:00:00Z,-1.699,1
2010-12-06T18:00:00Z,-1.599,1
2010-12-06T19:00:00Z,-1.069,1
2010-12-06T20:00:00Z,-0.329,1
2010-12-06T21:00:00Z,0.461,1
2010-12-06T22:00:00Z,1.111,1
2010-12-06T23:00:00Z,1.641,1
2010-12-07T00:00:00Z,1.821,1
2010-12-07T01:00:00Z,1.561,1
2010-12-07T02:00:00Z,0.841,1
2010-12-07T03:00:00Z,-0.119,1
2010-12-07T04:00:00Z,-1.029,1
2010-12-07T05:00:00Z,-1.579,1
2010-12-07T06:00:00Z,-1.619,1
2010-12-07T07:00:00Z,-1.189,1
2010-12-07T08:00:00Z,-0.419,1
2010-12-07T09:00:00Z,0.431,1
2010-12-07T10:00:00Z,1.181,1
2010-12-07T11:00:00Z,1.751,1
2010-12-07T12:00:00Z,2.001,1
2010-12-07T13:00:00Z,1.811,1
2010-12-07T14:00:00Z,1.241,1
2010-12-07T15:00:00Z,0.271,1
2010-12-07T16:00:00Z,-0.759,1
2010-12-07T17:00:00Z,-1.519,1
2010-12-07T18:00:00Z,-1.799,1
2010-12-07T19:00:00Z,-1.599,1
2010-12-07T20:00:00Z,-0.999,1
2010-12-07T21:00:00Z,-0.239,1
2010-12-07T22:00:00Z,0.491,1
2010-12-07T23:00:00Z,1.081,1
2010-12-08T00:00:00Z,1.511,1
2010-12-08T01:00:00Z,1.551,1
2010-12-08T02:00:00Z,1.201,1
2010-12-08T03:00:00Z,0.451,1
2010-12-08T04:00:00Z,-0.469,1
2010-12-08T05:00:00Z,-1.299,1
2010-12-08T06:00:00Z,-1.699,1
2010-12-08T07:00:00Z,-1.599,1
2010-12-08T08:00:00Z,-1.069,1
2010-12-08T09:00:00Z,-0.299,1
2010-12-08T10:00:00Z,0.491,1
2010-12-08T11:00:00Z,1.131,1
2010-12-08T12:00:00Z,1.561,1
2010-12-08T13:00:00Z,1.681,1
2010-12-08T14:00:00Z,1.401,1
2010-12-08T15:00:00Z,0.741,1
2010-12-08T16:00:00Z,-0.219,1
2010-12-08T17:00:00Z,-1.159,1
2010-12-08T18:00:00Z,-1.789,1
2010-12-08T19:00:00Z,-1.939,1
2010-12-08T20:00:00Z,-1.599,1
2010-12-08T21:00:00Z,-0.959,1
2010-12-08T22:00:00Z,-0.229,1
2010-12-08T23:00:00Z,0.441,1
2010-12-09T00:00:00Z,0.971,1
2010-12-09T01:00:00Z,1.271,1
2010-12-09T02:00:00Z,1.221,1
2010-12-09T03:00:00Z,0.781,1
2010-12-09T04:00:00Z,0.011,1
2010-12-09T05:00:00Z,-0.839,1
2010-12-09T06:00:00Z,-1.489,1
2010-12-09T07:00:00Z,-1.709,1
2010-12-09T08:00:00Z,-1.489,1
2010-12-09T09:00:00Z,-0.849,1
2010-12-09T10:00:00Z,-0.069,1
2010-12-09T11:00:00Z,0.651,1
2010-12-09T12:00:00Z,1.231,1
2010-12-09T13:00:00Z,1.561,1
2010-12-09T14:00:00Z,1.581,1
2010-12-09T15:00:00Z,1.201,1
2010-12-09T16:00:00Z,0.461,1
2010-12-09T17:00:00Z,-0.469,1
2010-12-09T18:00:00Z,-1.289,1
2010-12-09T19:00:00Z,-1.759,1
2010-12-09T20:00:00Z,-1.799,1
2010-12-09T21:00:00Z,-1.389,1
2010-12-09T22:00:00Z,-0.779,1
2010-12-09T23:00:00Z,-0.089,1
2010-12-10T00:00:00Z,0.541,1
2010-12-10T01:00:00Z,0.981,1
2010-12-10T02:00:00Z,1.191,1
2010-12-10T03:00:00Z,1.071,1
2010-12-10T04:00:00Z,0.561,1
2010-12-10T05:00:00Z,-0.189,1
2010-12-10T06:00:00Z,-0.949,1
2010-12-10T07:00:00Z,-1.479,1
2010-12-10T08:00:00Z,-1.529,1
2010-12-10T09:00:00Z,-1.219,1
2010-12-10T10:00:00Z,-0.589,1
2010-12-10T11:00:00Z,0.101,1
2010-12-10T12:00:00Z,0.791,1
2010-12-10T13:00:00Z,1.231,1
2010-12-10T14:00:00Z,1.511,1
2010-12-10T15:00:00Z,1.401,1
2010-12-10T16:00:00Z,0.941,1
2010-12-10T17:00:00Z,0.251,1
2010-12-10T18:00:00Z,-0.629,1
2010-12-10T19:00:00Z,-1.289,1
2010-12-10T20:00:00Z,-1.659,1
2010-12-10T21:00:00Z,-1.599,1
2010-12-10T22:00:00Z,-1.159,1
2010-12-10T23:00:00Z,-0.569,1
2010-12-11T00:00:00Z,0.011,1
2010-12-11T01:00:00Z,0.561,1
2010-12-11T02:00:00Z,0.941,1
2010-12-11T03:00:00Z,1.051,1
2010-12-11T04:00:00Z,0.831,1
2010-12-11T05:00:00Z,0.291,1
2010-12-11T06:00:00Z,-0.389,1
2010-12-11T07:00:00Z,-1.019,1
2010-12-11T08:00:00Z,-1.409,1
2010-12-11T09:00:00Z,-1.279,1
2010-12-11T10:00:00Z,-0.999,1
2010-12-11T11:00:00Z,-0.359,1
2010-12-11T12:00:00Z,0.251,1
2010-12-11T13:00:00Z,0.841,1
2010-12-11T14:00:00Z,1.241,1
2010-12-11T15:00:00Z,1.351,1
2010-12-11T16:00:00Z,1.211,1
2010-12-11T17:00:00Z,0.771,1
2010-12-11T18:00:00Z,0.051,1
2010-12-11T19:00:00Z,-0.719,1
2010-12-11T20:00:00Z,-1.289,1
2010-12-11T21:00:00Z,-1.519,1
2010-12-11T22:00:00Z,-1.339,1
2010-12-11T23:00:00Z,-0.919,1
2010-12-12T00:00:00Z,-0.449,1
2010-12-12T01:00:00Z,0.071,1
2010-12-12T02:00:00Z,0.571,1
2010-12-12T03:00:00Z,0.881,1
2010-12-12T04:00:00Z,0.881,1
2010-12-12T05:00:00Z,0.651,1
2010-12-12T06:00:00Z,0.151,1
2010-12-12T07:00:00Z,-0.509,1
2010-12-12T08:00:00Z,-0.959,1
2010-12-12T09:00:00Z,-1.249,1
2010-12-12T10:00:00Z,-1.199,1
2010-12-12T11:00:00Z,-0.809,1
2010-12-12T12:00:00Z,-0.259,1
2010-12-12T13:00:00Z,0.261,1
2010-12-12T14:00:00Z,0.751,1
2010-12-12T15:00:00Z,1.131,1
2010-12-12T16:00:00Z,1.231,1
2010-12-12T17:00:00Z,1.051,1
2010-12-12T18:00:00Z,0.541,1
2010-12-12T19:00:00Z,-0.149,1
2010-12-12T20:00:00Z,-0.799,1
2010-12-12T21:00:00Z,-1.229,1
2010-12-12T22:00:00Z,-1.379,1
2010-12-12T23:00:00Z,-1.179,1
2010-12-13T00:00:00Z,-0.809,1
2010-12-13T01:00:00Z,-0.359,1
2010-12-13T02:00:00Z,0.091,1
2010-12-13T03:00:00Z,0.501,1
2010-12-13T04:00:00Z,0.711,1
2010-12-13T05:00:00Z,0.741,1
2010-12-13T06:00:00Z,0.481,1
2010-12-13T07:00:00Z,0.011,1
2010-12-13T08:00:00Z,-0.529,1
2010-12-13T09:00:00Z,-0.929,1
2010-12-13T10:00:00Z,-1.0889,1
2010-12-13T11:00:00Z,-0.9789,1
2010-12-13T12:00:00Z,-0.6089,1
2010-12-13T13:00:00Z,-0.1289,1
2010-12-13T14:00:00Z,0.3711,1
2010-12-13T15:00:00Z,0.7911,1
2010-12-13T16:00:00Z,1.0611,1
2010-12-13T17:00:00Z,1.1111,1
2010-12-13T18:00:00Z,0.8911,1
2010-12-13T19:00:00Z,0.3711,1
2010-12-13T20:00:00Z,-0.2489,1
2010-12-13T21:00:00Z,-0.8189,1
2010-12-13T22:00:00Z,-1.2189,1
2010-12-13T23:00:00Z,-1.2889,1
2010-12-14T00:00:00Z,-1.1389,1
2010-12-14T01:00:00Z,-0.7889,1
2010-12-14T02:00:00Z,-0.3489,1
2010-12-14T03:00:00Z,0.0711,1
2010-12-14T04:00:00Z,0.4411,1
2010-12-14T05:00:00Z,0.6611,1
2010-12-14T06:00:00Z,0.6611,1
2010-12-14T07:00:00Z,0.4411,1
2010-12-14T08:00:00Z,0.0111,1
2010-12-14T09:00:00Z,-0.4589,1
2010-12-14T10:00:00Z,-0.8489,1
2010-12-14T11:00:00Z,-0.9989,1
2010-12-14T12:00:00Z,-0.8989,1
2010-12-14T13:00:00Z,-0.5689,1
2010-12-14T14:00:00Z,-0.1389,1
2010-12-14T15:00:00Z,0.2911,1
2010-12-14T16:00:00Z,0.6511,1
2010-12-14T17:00:00Z,0.8911,1
2010-12-14T18:00:00Z,0.9211,1
2010-12-14T19:00:00Z,0.6811,1
2010-12-14T20:00:00Z,0.2111,1
2010-12-14T21:00:00Z,-0.3589,1
2010-12-14T22:00:00Z,-0.8989,1
2010-12-14T23:00:00Z,-1.2589,1
2010-12-15T00:00:00Z,-1.3489,1
2010-12-15T01:00:00Z,-1.1989,1
2010-12-15T02:00:00Z,-0.8989,1
2010-12-15T03:00:00Z,-0.4989,1
2010-12-15T04:00:00Z,-0.0789,1
2010-12-15T05:00:00Z,0.2711,1
2010-12-15T06:00:00Z,0.5111,1
2010-12-15T07:00:00Z,0.5211,1
2010-12-15T08:00:00Z,0.3311,1
2010-12-15T09:00:00Z,-0.0889,1
2010-12-15T10:00:00Z,-0.5289,1
2010-12-15T11:00:00Z,-0.9389,1
2010-12-15T12:00:00Z,-1.1089,1
2010-12-15T13:00:00Z,-0.9789,1
2010-12-15T14:00:00Z,-0.6889,1
2010-12-15T15:00:00Z,-0.2489,1
2010-12-15T16:00:00Z,0.1611,1
2010-12-15T17:00:00Z,0.5211,1
2010-12-15T18:00:00Z,0.8011,1
2010-12-15T19:00:00Z,0.8311,1
2010-12-15T20:00:00Z,0.6611,1
2010-12-15T21:00:00Z,0.2311,1
2010-12-15T22:00:00Z,-0.2889,1
2010-12-15T23:00:00Z,-0.7789,1
2010-12-16T00:00:00Z,-1.1589,1
2010-12-16T01:00:00Z,-1.2289,1
2010-12-16T02:00:00Z,-1.1089,1
2010-12-16T03:00:00Z,-0.7689,1
2010-12-16T04:00:00Z,-0.3289,1
2010-12-16T05:00:00Z,0.1111,1
2010-12-16T06:00:00Z,0.5411,1
2010-12-16T07:00:00Z,0.8111,1
2010-12-16T08:00:00Z,0.8511,1
2010-12-16T09:00:00Z,0.6711,1
2010-12-16T10:00:00Z,0.3411,1
2010-12-16T11:00:00Z,-0.1389,1
2010-12-16T12:00:00Z,-0.5889,1
2010-12-16T13:00:00Z,-0.8489,1
2010-12-16T14:00:00Z,-0.7989,1
2010-12-16T15:00:00Z,-0.5589,1
2010-12-16T16:00:00Z,-0.1989,1
2010-12-16T17:00:00Z,0.1411,1
2010-12-16T18:00:00Z,0.5011,1
2010-12-16T19:00:00Z,0.7011,1
2010-12-16T20:00:00Z,0.7111,1
2010-12-16T21:00:00Z,0.5311,1
2010-12-16T22:00:00Z,0.0711,1
2010-12-16T23:00:00Z,-0.4889,1
2010-12-17T00:00:00Z,-0.9689,1
2010-12-17T01:00:00Z,-1.2789,1
2010-12-17T02:00:00Z,-1.2989,1
2010-12-17T03:00:00Z,-1.0489,1
2010-12-17T04:00:00Z,-0.6389,1
2010-12-17T05:00:00Z,-0.1089,1
2010-12-17T06:00:00Z,0.3911,1
2010-12-17T07:00:00Z,0.8411,1
2010-12-17T08:00:00Z,1.0911,1
2010-12-17T09:00:00Z,1.0811,1
2010-12-17T10:00:00Z,0.7711,1
2010-12-17T11:00:00Z,0.2511,1
2010-12-17T12:00:00Z,-0.4189,1
2010-12-17T13:00:00Z,-0.9389,1
2010-12-17T14:00:00Z,-1.1989,1
2010-12-17T15:00:00Z,-1.1189,1
2010-12-17T16:00:00Z,-0.8489,1
2010-12-17T17:00:00Z,-0.3989,1
2010-12-17T18:00:00Z,0.0811,1
2010-12-17T19:00:00Z,0.5611,1
2010-12-17T20:00:00Z,0.8811,1
2010-12-17T21:00:00Z,1.0311,1
2010-12-17T22:00:00Z,0.8511,1
2010-12-17T23:00:00Z,0.4011,1
2010-12-18T00:00:00Z,-0.1889,1
2010-12-18T01:00:00Z,-0.7189,1
2010-12-18T02:00:00Z,-1.0489,1
2010-12-18T03:00:00Z,-1.0789,1
2010-12-18T04:00:00Z,-0.8089,1
2010-12-18T05:00:00Z,-0.3789,1
2010-12-18T06:00:00Z,0.1511,1
2010-12-18T07:00:00Z,0.6511,1
2010-12-18T08:00:00Z,1.0611,1
2010-12-18T09:00:00Z,1.3011,1
2010-12-18T10:00:00Z,1.2011,1
2010-12-18T11:00:00Z,0.7711,1
2010-12-18T12:00:00Z,0.0911,1
2010-12-18T13:00:00Z,-0.5689,1
2010-12-18T14:00:00Z,-1.0889,1
2010-12-18T15:00:00Z,-1.2889,1
2010-12-18T16:00:00Z,-1.1089,1
2010-12-18T17:00:00Z,-0.6589,1
2010-12-18T18:00:00Z,-0.0889,1
2010-12-18T19:00:00Z,0.5011,1
2010-12-18T20:00:00Z,0.9911,1
2010-12-18T21:00:00Z,1.3011,1
2010-12-18T22:00:00Z,1.3111,1
2010-12-18T23:00:00Z,0.9911,1
2010-12-19T00:00:00Z,0.3711,1
2010-12-19T01:00:00Z,-0.3189,1
2010-12-19T02:00:00Z,-0.9389,1
2010-12-19T03:00:00Z,-1.2389,1
2010-12-19T04:00:00Z,-1.2089,1
2010-12-19T05:00:00Z,-0.8489,1
2010-12-19T06:00:00Z,-0.2789,1
2010-12-19T07:00:00Z,0.3211,1
2010-12-19T08:00:00Z,0.9311,1
2010-12-19T09:00:00Z,1.3411,1
2010-12-19T11:00:00Z,1.3211,1
2010-12-19T12:00:00Z,0.7611,1
2010-12-19T13:00:00Z,0.0111,1
2010-12-19T14:00:00Z,-0.6989,1
2010-12-19T15:00:00Z,-1.2089,1
2010-12-19T16:00:00Z,-1.2989,1
2010-12-19T17:00:00Z,-1.0089,1
2010-12-19T18:00:00Z,-0.4689,1
2010-12-19T19:00:00Z,0.1711,1
2010-12-19T20:00:00Z,0.7811,1
2010-12-19T21:00:00Z,1.2511,1
2010-12-19T22:00:00Z,1.4811,1
2010-12-19T23:00:00Z,1.3711,1
2010-12-20T00:00:00Z,0.9011,1
2010-12-20T01:00:00Z,0.1511,1
2010-12-20T02:00:00Z,-0.6289,1
2010-12-20T03:00:00Z,-1.1989,1
2010-12-20T04:00:00Z,-1.4089,1
2010-12-20T05:00:00Z,-1.2089,1
2010-12-20T06:00:00Z,-0.6889,1
2010-12-20T07:00:00Z,-0.0189,1
2010-12-20T08:00:00Z,0.6811,1
2010-12-20T09:00:00Z,1.2611,1
2010-12-20T10:00:00Z,1.6211,1
2010-12-20T11:00:00Z,1.6411,1
2010-12-20T12:00:00Z,1.2811,1
2010-12-20T13:00:00Z,0.5611,1
2010-12-20T14:00:00Z,-0.2889,1
2010-12-20T15:00:00Z,-1.0589,1
2010-12-20T16:00:00Z,-1.4689,1
2010-12-20T17:00:00Z,-1.4189,1
2010-12-20T18:00:00Z,-0.9789,1
2010-12-20T19:00:00Z,-0.3189,1
2010-12-20T20:00:00Z,0.3911,1
2010-12-20T21:00:00Z,1.0011,1
2010-12-20T22:00:00Z,1.4311,1
2010-12-21T00:00:00Z,1.3111,1
2010-12-21T01:00:00Z,0.6911,1
2010-12-21T02:00:00Z,-0.1589,1
2010-12-21T03:00:00Z,-0.9889,1
2010-12-21T04:00:00Z,-1.4689,1
2010-12-21T05:00:00Z,-1.5289,1
2010-12-21T06:00:00Z,-1.1589,1
2010-12-21T07:00:00Z,-0.4889,1
2010-12-21T08:00:00Z,0.2811,1
2010-12-21T09:00:00Z,0.9911,1
2010-12-21T11:00:00Z,1.7711,1
2010-12-21T12:00:00Z,1.6411,1
2010-12-21T13:00:00Z,1.1211,1
2010-12-21T14:00:00Z,0.2311,1
2010-12-21T15:00:00Z,-0.7089,1
2010-12-21T16:00:00Z,-1.4289,1
2010-12-21T17:00:00Z,-1.7189,1
2010-12-21T18:00:00Z,-1.4989,1
2010-12-21T19:00:00Z,-0.8989,1
2010-12-21T20:00:00Z,-0.1289,1
2010-12-21T21:00:00Z,0.6211,1
2010-12-21T22:00:00Z,1.2011,1
2010-12-21T23:00:00Z,1.5811,1
2010-12-22T00:00:00Z,1.6011,1
2010-12-22T01:00:00Z,1.1811,1
2010-12-22T02:00:00Z,0.4211,1
2010-12-22T03:00:00Z,-0.5189,1
2010-12-22T04:00:00Z,-1.3089,1
2010-12-22T05:00:00Z,-1.6789,1
2010-12-22T06:00:00Z,-1.5489,1
2010-12-22T07:00:00Z,-1.0389,1
2010-12-22T08:00:00Z,-0.2888,1
2010-12-22T10:00:00Z,1.1612,1
2010-12-22T11:00:00Z,1.6412,1
2010-12-22T12:00:00Z,1.7712,1
2010-12-22T13:00:00Z,1.4512,1
2010-12-22T14:00:00Z,0.7412,1
2010-12-22T15:00:00Z,-0.2388,1
2010-12-22T16:00:00Z,-1.2188,1
2010-12-22T17:00:00Z,-1.8688,1
2010-12-22T18:00:00Z,-1.9888,1
2010-12-22T19:00:00Z,-1.5988,1
2010-12-22T20:00:00Z,-0.8588,1
2010-12-22T21:00:00Z,-0.0388,1
2010-12-22T22:00:00Z,0.7012,1
2010-12-22T23:00:00Z,1.2312,1
2010-12-23T00:00:00Z,1.5212,1
2010-12-23T01:00:00Z,1.4112,1
2010-12-23T02:00:00Z,0.8812,1
2010-12-23T03:00:00Z,-0.0088,1
2010-12-23T04:00:00Z,-0.9488,1
2010-12-23T05:00:00Z,-1.6588,1
2010-12-23T06:00:00Z,-1.8488,1
2010-12-23T07:00:00Z,-1.5588,1
2010-12-23T08:00:00Z,-0.8888,1
2010-12-23T09:00:00Z,-0.0788,1
2010-12-23T10:00:00Z,0.7012,1
2010-12-23T11:00:00Z,1.3012,1
2010-12-23T12:00:00Z,1.6512,1
2010-12-23T13:00:00Z,1.6512,1
2010-12-23T14:00:00Z,1.2312,1
2010-12-23T15:00:00Z,0.3912,1
2010-12-23T16:00:00Z,-0.6388,1
2010-12-23T17:00:00Z,-1.5988,1
2010-12-23T18:00:00Z,-2.1288,1
2010-12-23T19:00:00Z,-2.0888,1
2010-12-23T20:00:00Z,-1.5988,1
2010-12-23T21:00:00Z,-0.7988,1
2010-12-23T22:00:00Z,0.0312,1
2010-12-23T23:00:00Z,0.7212,1
2010-12-24T00:00:00Z,1.2212,1
2010-12-24T02:00:00Z,1.1612,1
2010-12-24T03:00:00Z,0.5412,1
2010-12-24T04:00:00Z,-0.3888,1
2010-12-24T05:00:00Z,-1.3088,1
2010-12-24T06:00:00Z,-1.8588,1
2010-12-24T07:00:00Z,-1.9288,1
2010-12-24T08:00:00Z,-1.5288,1
2010-12-24T09:00:00Z,-0.7688,1
2010-12-24T10:00:00Z,0.0712,1
2010-12-24T11:00:00Z,0.7912,1
2010-12-24T12:00:00Z,1.3412,1
2010-12-24T13:00:00Z,1.6512,1
2010-12-24T14:00:00Z,1.5412,1
2010-12-24T15:00:00Z,1.0012,1
2010-12-24T16:00:00Z,0.0912,1
2010-12-24T17:00:00Z,-0.9588,1
2010-12-24T18:00:00Z,-1.7988,1
2010-12-24T19:00:00Z,-2.1988,1
2010-12-24T20:00:00Z,-2.0488,1
2010-12-24T21:00:00Z,-1.4188,1
2010-12-24T22:00:00Z,-0.6388,1
2010-12-24T23:00:00Z,0.1712,1
2010-12-25T00:00:00Z,0.8212,1
2010-12-25T01:00:00Z,1.2612,1
2010-12-25T02:00:00Z,1.3412,1
2010-12-25T03:00:00Z,1.0112,1
2010-12-25T04:00:00Z,0.3312,1
2010-12-25T05:00:00Z,-0.6188,1
2010-12-25T06:00:00Z,-1.4488,1
2010-12-25T07:00:00Z,-1.8988,1
2010-12-25T08:00:00Z,-1.8188,1
2010-12-25T09:00:00Z,-1.3288,1
2010-12-25T10:00:00Z,-0.5488,1
2010-12-25T11:00:00Z,0.2712,1
2010-12-25T12:00:00Z,0.9612,1
2010-12-25T13:00:00Z,1.4612,1
2010-12-25T14:00:00Z,1.6612,1
2010-12-25T15:00:00Z,1.4812,1
2010-12-25T16:00:00Z,0.8612,1
2010-12-25T17:00:00Z,-0.0788,1
2010-12-25T18:00:00Z,-1.1088,1
2010-12-25T19:00:00Z,-1.8788,1
2010-12-25T20:00:00Z,-2.1488,1
2010-12-25T21:00:00Z,-1.9088,1
2010-12-25T22:00:00Z,-1.2888,1
2010-12-25T23:00:00Z,-0.5088,1
2010-12-26T00:00:00Z,0.2712,1
2010-12-26T01:00:00Z,0.8912,1
2010-12-26T02:00:00Z,1.3012,1
2010-12-26T03:00:00Z,1.3312,1
2010-12-26T04:00:00Z,0.9912,1
2010-12-26T05:00:00Z,0.2512,1
2010-12-26T06:00:00Z,-0.6188,1
2010-12-26T07:00:00Z,-1.3588,1
2010-12-26T08:00:00Z,-1.6588,1
2010-12-26T09:00:00Z,-1.4788,1
2010-12-26T10:00:00Z,-0.9788,1
2010-12-26T11:00:00Z,-0.2088,1
2010-12-26T12:00:00Z,0.5312,1
2010-12-26T13:00:00Z,1.1912,1
2010-12-26T14:00:00Z,1.6612,1
2010-12-26T15:00:00Z,1.8412,1
2010-12-26T16:00:00Z,1.6312,1
2010-12-26T18:00:00Z,0.0912,1
2010-12-26T19:00:00Z,-0.8288,1
2010-12-26T20:00:00Z,-1.4488,1
2010-12-26T21:00:00Z,-1.6388,1
2010-12-26T22:00:00Z,-1.3688,1
2010-12-26T23:00:00Z,-0.7288,1
2010-12-27T00:00:00Z,0.0212,1
2010-12-27T01:00:00Z,0.7312,1
2010-12-27T02:00:00Z,1.3212,1
2010-12-27T03:00:00Z,1.6712,1
2010-12-27T04:00:00Z,1.6712,1
2010-12-27T05:00:00Z,1.2712,1
2010-12-27T06:00:00Z,0.5112,1
2010-12-27T07:00:00Z,-0.2688,1
2010-12-27T08:00:00Z,-0.9288,1
2010-12-27T09:00:00Z,-1.2288,1
2010-12-27T10:00:00Z,-1.0688,1
2010-12-27T11:00:00Z,-0.5388,1
2010-12-27T12:00:00Z,0.1212,1
2010-12-27T13:00:00Z,0.7912,1
2010-12-27T14:00:00Z,1.3812,1
2010-12-27T15:00:00Z,1.8212,1
2010-12-27T16:00:00Z,1.9212,1
2010-12-27T17:00:00Z,1.6112,1
2010-12-27T18:00:00Z,0.9012,1
2010-12-27T19:00:00Z,0.0312,1
2010-12-27T20:00:00Z,-0.8488,1
2010-12-27T21:00:00Z,-1.4188,1
2010-12-27T22:00:00Z,-1.5988,1
2010-12-27T23:00:00Z,-1.3288,1
2010-12-28T00:00:00Z,-0.7988,1
2010-12-28T01:00:00Z,-0.1688,1
2010-12-28T02:00:00Z,0.4812,1
2010-12-28T03:00:00Z,0.9812,1
2010-12-28T04:00:00Z,1.3212,1
2010-12-28T05:00:00Z,1.3112,1
2010-12-28T06:00:00Z,0.9012,1
2010-12-28T07:00:00Z,0.2212,1
2010-12-28T08:00:00Z,-0.4988,1
2010-12-28T09:00:00Z,-1.0888,1
2010-12-28T10:00:00Z,-1.3288,1
2010-12-28T11:00:00Z,-1.1488,1
2010-12-28T12:00:00Z,-0.6688,1
2010-12-28T13:00:00Z,-0.0488,1
2010-12-28T14:00:00Z,0.5712,1
2010-12-28T15:00:00Z,1.0912,1
2010-12-28T16:00:00Z,1.4912,1
2010-12-28T17:00:00Z,1.6112,1
2010-12-28T18:00:00Z,1.3512,1
2010-12-28T19:00:00Z,0.7312,1
2010-12-28T20:00:00Z,-0.0988,1
2010-12-28T21:00:00Z,-0.9288,1
2010-12-28T22:00:00Z,-1.4688,1
2010-12-28T23:00:00Z,-1.6688,1
2010-12-29T00:00:00Z,-1.4388,1
2010-12-29T01:00:00Z,-0.9188,1
2010-12-29T02:00:00Z,-0.3188,1
2010-12-29T03:00:00Z,0.3112,1
2010-12-29T04:00:00Z,0.8112,1
2010-12-29T05:00:00Z,1.1612,1
2010-12-29T06:00:00Z,1.2012,1
2010-12-29T07:00:00Z,0.8912,1
2010-12-29T08:00:00Z,0.2912,1
2010-12-29T09:00:00Z,-0.3988,1
2010-12-29T10:00:00Z,-0.9688,1
2010-12-29T11:00:00Z,-1.2488,1
2010-12-29T12:00:00Z,-1.1788,1
2010-12-29T13:00:00Z,-0.8088,1
2010-12-29T14:00:00Z,-0.2888,1
2010-12-29T15:00:00Z,0.2812,1
2010-12-29T16:00:00Z,0.8012,1
2010-12-29T17:00:00Z,1.2112,1
2010-12-29T18:00:00Z,1.3712,1
2010-12-29T19:00:00Z,1.2212,1
2010-12-29T20:00:00Z,0.6912,1
2010-12-29T21:00:00Z,-0.0388,1
2010-12-29T22:00:00Z,-0.8188,1
2010-12-29T23:00:00Z,-1.3688,1
2010-12-30T00:00:00Z,-1.5688,1
2010-12-30T01:00:00Z,-1.3888,1
2010-12-30T02:00:00Z,-0.9788,1
2010-12-30T03:00:00Z,-0.4288,1
2010-12-30T04:00:00Z,0.1612,1
2010-12-30T05:00:00Z,0.6912,1
2010-12-30T06:00:00Z,1.0612,1
2010-12-30T07:00:00Z,1.1512,1
2010-12-30T08:00:00Z,0.9012,1
2010-12-30T09:00:00Z,0.3212,1
2010-12-30T10:00:00Z,-0.3288,1
2010-12-30T11:00:00Z,-0.9288,1
2010-12-30T12:00:00Z,-1.2588,1
2010-12-30T13:00:00Z,-1.2388,1
2010-12-30T14:00:00Z,-0.9388,1
2010-12-30T15:00:00Z,-0.4488,1
2010-12-30T16:00:00Z,0.0512,1
2010-12-30T17:00:00Z,0.6212,1
2010-12-30T18:00:00Z,1.0812,1
2010-12-30T19:00:00Z,1.3112,1
2010-12-30T20:00:00Z,1.2612,1
2010-12-30T21:00:00Z,0.8112,1
2010-12-30T22:00:00Z,0.1012,1
2010-12-30T23:00:00Z,-0.6488,1
2010-12-31T00:00:00Z,-1.2488,1
2010-12-31T01:00:00Z,-1.5188,1
2010-12-31T02:00:00Z,-1.4388,1
2010-12-31T03:00:00Z,-1.0288,1
2010-12-31T04:00:00Z,-0.4988,1
2010-12-31T05:00:00Z,0.1212,1
2010-12-31T06:00:00Z,0.6712,1
2010-12-31T07:00:00Z,1.0813,1
2010-12-31T08:00:00Z,1.2213,1
2010-12-31T09:00:00Z,1.0213,1
2010-12-31T10:00:00Z,0.5213,1
2010-12-31T11:00:00Z,-0.1387,1
2010-12-31T12:00:00Z,-0.7787,1
2010-12-31T13:00:00Z,-1.2087,1
2010-12-31T14:00:00Z,-1.2787,1
2010-12-31T15:00:00Z,-1.0187,1
2010-12-31T16:00:00Z,-0.5987,1
2010-12-31T17:00:00Z,-0.0387,1
2010-12-31T18:00:00Z,0.5113,1
2010-12-31T19:00:00Z,1.0213,1
2010-12-31T20:00:00Z,1.2913,1
2010-12-31T21:00:00Z,1.2813,1
2010-12-31T22:00:00Z,0.8813,1
2010-12-31T23:00:00Z,0.2113,1
