Date,Value,QC_Flag
2011-01-01T00:00:00Z,-0.5587,1
2011-01-01T01:00:00Z,-1.2387,1
2011-01-01T02:00:00Z,-1.5287,1
2011-01-01T03:00:00Z,-1.4587,1
2011-01-01T04:00:00Z,-1.0887,1
2011-01-01T05:00:00Z,-0.5087,1
2011-01-01T06:00:00Z,0.1513,1
2011-01-01T07:00:00Z,0.7213,1
2011-01-01T08:00:00Z,1.1713,1
2011-01-01T09:00:00Z,1.3013,1
2011-01-01T10:00:00Z,1.1213,1
2011-01-01T11:00:00Z,0.5913,1
2011-01-01T12:00:00Z,-0.1287,1
2011-01-01T13:00:00Z,-0.8487,1
2011-01-01T14:00:00Z,-1.3487,1
2011-01-01T15:00:00Z,-1.4787,1
2011-01-01T16:00:00Z,-1.2487,1
2011-01-01T17:00:00Z,-0.7787,1
2011-01-01T18:00:00Z,-0.1787,1
2011-01-01T19:00:00Z,0.4013,1
2011-01-01T20:00:00Z,0.9213,1
2011-01-01T21:00:00Z,1.2313,1
2011-01-01T22:00:00Z,1.2413,1
2011-01-01T23:00:00Z,0.8413,1
2011-01-02T00:00:00Z,0.1613,1
2011-01-02T01:00:00Z,-0.6587,1
2011-01-02T02:00:00Z,-1.3187,1
2011-01-02T03:00:00Z,-1.6387,1
2011-01-02T04:00:00Z,-1.5487,1
2011-01-02T05:00:00Z,-1.0987,1
2011-01-02T06:00:00Z,-0.4587,1
2011-01-02T07:00:00Z,0.2013,1
2011-01-02T08:00:00Z,0.7813,1
2011-01-02T09:00:00Z,1.2113,1
2011-01-02T10:00:00Z,1.3213,1
2011-01-02T11:00:00Z,1.0913,1
2011-01-02T12:00:00Z,0.4913,1
2011-01-02T13:00:00Z,-0.3287,1
2011-01-02T14:00:00Z,-1.1187,1
2011-01-02T15:00:00Z,-1.6387,1
2011-01-02T16:00:00Z,-1.7287,1
2011-01-02T17:00:00Z,-1.4387,1
2011-01-02T18:00:00Z,-0.8987,1
2011-01-02T19:00:00Z,-0.2387,1
2011-01-02T20:00:00Z,0.4313,1
2011-01-02T21:00:00Z,0.9713,1
2011-01-02T22:00:00Z,1.2713,1
2011-01-02T23:00:00Z,1.2313,1
2011-01-03T00:00:00Z,0.7913,1
2011-01-03T01:00:00Z,0.0113,1
2011-01-03T02:00:00Z,-0.8187,1
2011-01-03T03:00:00Z,-1.4787,1
2011-01-03T04:00:00Z,-1.7287,1
2011-01-03T05:00:00Z,-1.4987,1
2011-01-03T06:00:00Z,-0.9587,1
2011-01-03T07:00:00Z,-0.2187,1
2011-01-03T08:00:00Z,0.4913,1
2011-01-03T09:00:00Z,1.0813,1
2011-01-03T10:00:00Z,1.4713,1
2011-01-03T11:00:00Z,1.4913,1
2011-01-03T12:00:00Z,1.1413,1
2011-01-03T13:00:00Z,0.4513,1
2011-01-03T14:00:00Z,-0.4387,1
2011-01-03T15:00:00Z,-1.2287,1
2011-01-03T16:00:00Z,-1.7187,1
2011-01-03T17:00:00Z,-1.7387,1
2011-01-03T18:00:00Z,-1.3487,1
2011-01-03T19:00:00Z,-0.6887,1
2011-01-03T20:00:00Z,0.0513,1
2011-01-03T21:00:00Z,0.7213,1
2011-01-03T22:00:00Z,1.2313,1
2011-01-03T23:00:00Z,1.4513,1
2011-01-04T00:00:00Z,1.3013,1
2011-01-04T01:00:00Z,0.7413,1
2011-01-04T02:00:00Z,-0.0887,1
2011-01-04T03:00:00Z,-0.9387,1
2011-01-04T04:00:00Z,-1.4787,1
2011-01-04T05:00:00Z,-1.5787,1
2011-01-04T06:00:00Z,-1.2687,1
2011-01-04T07:00:00Z,-0.5987,1
2011-01-04T08:00:00Z,0.2113,1
2011-01-04T09:00:00Z,0.9213,1
2011-01-04T10:00:00Z,1.4513,1
2011-01-04T11:00:00Z,1.7413,1
2011-01-04T12:00:00Z,1.6413,1
2011-01-04T13:00:00Z,1.1713,1
2011-01-04T15:00:00Z,-0.6187,1
2011-01-04T16:00:00Z,-1.3787,1
2011-01-04T17:00:00Z,-1.7287,1
2011-01-04T18:00:00Z,-1.5987,1
2011-01-04T19:00:00Z,-1.0787,1
2011-01-04T20:00:00Z,-0.3387,1
2011-01-04T21:00:00Z,0.4213,1
2011-01-04T22:00:00Z,1.0913,1
2011-01-04T23:00:00Z,1.5513,1
2011-01-05T00:00:00Z,1.6713,1
2011-01-05T01:00:00Z,1.3813,1
2011-01-05T03:00:00Z,-0.1487,1
2011-01-05T04:00:00Z,-0.9487,1
2011-01-05T05:00:00Z,-1.3587,1
2011-01-05T06:00:00Z,-1.3087,1
2011-01-05T07:00:00Z,-0.8387,1
2011-01-05T08:00:00Z,-0.0687,1
2011-01-05T09:00:00Z,0.6913,1
2011-01-05T10:00:00Z,1.3613,1
2011-01-05T11:00:00Z,1.8213,1
2011-01-05T12:00:00Z,1.9713,1
2011-01-05T13:00:00Z,1.6913,1
2011-01-05T14:00:00Z,1.0213,1
2011-01-05T15:00:00Z,0.0713,1
2011-01-05T16:00:00Z,-0.8687,1
2011-01-05T17:00:00Z,-1.5187,1
2011-01-05T18:00:00Z,-1.6787,1
2011-01-05T19:00:00Z,-1.3987,1
2011-01-05T20:00:00Z,-0.7687,1
2011-01-05T21:00:00Z,-0.0387,1
2011-01-05T22:00:00Z,0.6613,1
2011-01-05T23:00:00Z,1.2513,1
2011-01-06T00:00:00Z,1.5813,1
2011-01-06T01:00:00Z,1.5413,1
2011-01-06T02:00:00Z,1.0913,1
2011-01-06T03:00:00Z,0.3013,1
2011-01-06T04:00:00Z,-0.6087,1
2011-01-06T05:00:00Z,-1.3287,1
2011-01-06T06:00:00Z,-1.5587,1
2011-01-06T07:00:00Z,-1.3587,1
2011-01-06T08:00:00Z,-0.6987,1
2011-01-06T09:00:00Z,0.1213,1
2011-01-06T10:00:00Z,0.8913,1
2011-01-06T11:00:00Z,1.5113,1
2011-01-06T12:00:00Z,1.8813,1
2011-01-06T13:00:00Z,1.8913,1
2011-01-06T14:00:00Z,1.4913,1
2011-01-06T15:00:00Z,0.7013,1
2011-01-06T16:00:00Z,-0.2987,1
2011-01-06T17:00:00Z,-1.2087,1
2011-01-06T18:00:00Z,-1.7187,1
2011-01-06T19:00:00Z,-1.7287,1
2011-01-06T20:00:00Z,-1.2887,1
2011-01-06T21:00:00Z,-0.5987,1
2011-01-06T22:00:00Z,0.1313,1
2011-01-06T23:00:00Z,0.7513,1
2011-01-07T00:00:00Z,1.2413,1
2011-01-07T01:00:00Z,1.4513,1
2011-01-07T02:00:00Z,1.2913,1
2011-01-07T03:00:00Z,0.7413,1
2011-01-07T04:00:00Z,-0.0887,1
2011-01-07T05:00:00Z,-0.9287,1
2011-01-07T06:00:00Z,-1.4387,1
2011-01-07T07:00:00Z,-1.4887,1
2011-01-07T08:00:00Z,-1.0687,1
2011-01-07T09:00:00Z,-0.3387,1
2011-01-07T10:00:00Z,0.4713,1
2011-01-07T11:00:00Z,1.1813,1
2011-01-07T12:00:00Z,1.7013,1
2011-01-07T13:00:00Z,1.9813,1
2011-01-07T14:00:00Z,1.8413,1
2011-01-07T15:00:00Z,1.3113,1
2011-01-07T16:00:00Z,0.4713,1
2011-01-07T17:00:00Z,-0.4987,1
2011-01-07T18:00:00Z,-1.2087,1
2011-01-07T19:00:00Z,-1.4987,1
2011-01-07T20:00:00Z,-1.2887,1
2011-01-07T21:00:00Z,-0.7287,1
2011-01-07T22:00:00Z,0.0013,1
2011-01-07T23:00:00Z,0.6813,1
2011-01-08T00:00:00Z,1.2613,1
2011-01-08T01:00:00Z,1.6313,1
2011-01-08T02:00:00Z,1.6613,1
2011-01-08T03:00:00Z,1.3213,1
2011-01-08T04:00:00Z,0.6013,1
2011-01-08T05:00:00Z,-0.2687,1
2011-01-08T06:00:00Z,-1.0287,1
2011-01-08T07:00:00Z,-1.4187,1
2011-01-08T08:00:00Z,-1.3087,1
2011-01-08T09:00:00Z,-0.7987,1
2011-01-08T10:00:00Z,-0.0687,1
2011-01-08T11:00:00Z,0.6613,1
2011-01-08T12:00:00Z,1.2713,1
2011-01-08T13:00:00Z,1.6813,1
2011-01-08T14:00:00Z,1.7813,1
2011-01-08T15:00:00Z,1.4713,1
2011-01-08T16:00:00Z,0.8213,1
2011-01-08T17:00:00Z,-0.0287,1
2011-01-08T18:00:00Z,-0.8787,1
2011-01-08T19:00:00Z,-1.3987,1
2011-01-08T20:00:00Z,-1.5087,1
2011-01-08T21:00:00Z,-1.2187,1
2011-01-08T22:00:00Z,-0.6087,1
2011-01-08T23:00:00Z,0.1113,1
2011-01-09T00:00:00Z,0.7013,1
2011-01-09T01:00:00Z,1.1913,1
2011-01-09T02:00:00Z,1.3813,1
2011-01-09T03:00:00Z,1.2113,1
2011-01-09T04:00:00Z,0.7413,1
2011-01-09T05:00:00Z,-0.0086,1
2011-01-09T06:00:00Z,-0.7486,1
2011-01-09T07:00:00Z,-1.3186,1
2011-01-09T08:00:00Z,-1.4786,1
2011-01-09T09:00:00Z,-1.2286,1
2011-01-09T10:00:00Z,-0.6986,1
2011-01-09T11:00:00Z,0.0114,1
2011-01-09T12:00:00Z,0.6914,1
2011-01-09T13:00:00Z,1.2314,1
2011-01-09T14:00:00Z,1.5414,1
2011-01-09T15:00:00Z,1.4814,1
2011-01-09T16:00:00Z,1.0914,1
2011-01-09T17:00:00Z,0.3514,1
2011-01-09T18:00:00Z,-0.5086,1
2011-01-09T19:00:00Z,-1.2086,1
2011-01-09T20:00:00Z,-1.5486,1
2011-01-09T21:00:00Z,-1.4786,1
2011-01-09T22:00:00Z,-1.0786,1
2011-01-09T23:00:00Z,-0.4886,1
2011-01-10T00:00:00Z,0.1114,1
2011-01-10T01:00:00Z,0.6614,1
2011-01-10T02:00:00Z,1.0714,1
2011-01-10T03:00:00Z,1.2014,1
2011-01-10T04:00:00Z,1.0314,1
2011-01-10T05:00:00Z,0.5314,1
2011-01-10T07:00:00Z,-0.7386,1
2011-01-10T08:00:00Z,-1.0886,1
2011-01-10T09:00:00Z,-1.0986,1
2011-01-10T10:00:00Z,-0.7286,1
2011-01-10T11:00:00Z,-0.1186,1
2011-01-10T12:00:00Z,0.5914,1
2011-01-10T13:00:00Z,1.2014,1
2011-01-10T14:00:00Z,1.6414,1
2011-01-10T15:00:00Z,1.7914,1
2011-01-10T16:00:00Z,1.6914,1
2011-01-10T17:00:00Z,1.1414,1
2011-01-10T18:00:00Z,0.3814,1
2011-01-10T19:00:00Z,-0.3786,1
2011-01-10T20:00:00Z,-0.9486,1
2011-01-10T21:00:00Z,-1.1786,1
2011-01-10T22:00:00Z,-0.9986,1
2011-01-10T23:00:00Z,-0.6086,1
2011-01-11T00:00:00Z,-0.0886,1
2011-01-11T01:00:00Z,0.4214,1
2011-01-11T02:00:00Z,0.8814,1
2011-01-11T03:00:00Z,1.1714,1
2011-01-11T04:00:00Z,1.1414,1
2011-01-11T05:00:00Z,0.8314,1
2011-01-11T06:00:00Z,0.2414,1
2011-01-11T07:00:00Z,-0.4086,1
2011-01-11T08:00:00Z,-0.9486,1
2011-01-11T09:00:00Z,-1.2086,1
2011-01-11T10:00:00Z,-1.1486,1
2011-01-11T11:00:00Z,-0.7586,1
2011-01-11T12:00:00Z,-0.2686,1
2011-01-11T13:00:00Z,0.2714,1
2011-01-11T14:00:00Z,0.7414,1
2011-01-11T15:00:00Z,1.0814,1
2011-01-11T16:00:00Z,1.1914,1
2011-01-11T17:00:00Z,0.9714,1
2011-01-11T18:00:00Z,0.4514,1
2011-01-11T19:00:00Z,-0.2086,1
2011-01-11T20:00:00Z,-0.8386,1
2011-01-11T21:00:00Z,-1.2486,1
2011-01-11T22:00:00Z,-1.2586,1
2011-01-11T23:00:00Z,-1.0286,1
2011-01-12T00:00:00Z,-0.5686,1
2011-01-12T01:00:00Z,-0.0886,1
2011-01-12T02:00:00Z,0.3614,1
2011-01-12T03:00:00Z,0.7414,1
2011-01-12T04:00:00Z,0.9714,1
2011-01-12T05:00:00Z,0.9814,1
2011-01-12T06:00:00Z,0.7014,1
2011-01-12T07:00:00Z,0.2714,1
2011-01-12T08:00:00Z,-0.2886,1
2011-01-12T09:00:00Z,-0.6786,1
2011-01-12T10:00:00Z,-0.8486,1
2011-01-12T11:00:00Z,-0.6786,1
2011-01-12T12:00:00Z,-0.3486,1
2011-01-12T13:00:00Z,0.2214,1
2011-01-12T14:00:00Z,0.6414,1
2011-01-12T15:00:00Z,1.0914,1
2011-01-12T16:00:00Z,1.2914,1
2011-01-12T17:00:00Z,1.2414,1
2011-01-12T18:00:00Z,0.9414,1
2011-01-12T19:00:00Z,0.4014,1
2011-01-12T20:00:00Z,-0.2286,1
2011-01-12T21:00:00Z,-0.7986,1
2011-01-12T22:00:00Z,-1.0686,1
2011-01-12T23:00:00Z,-1.0786,1
2011-01-13T00:00:00Z,-0.8386,1
2011-01-13T01:00:00Z,-0.4686,1
2011-01-13T02:00:00Z,0.0014,1
2011-01-13T03:00:00Z,0.4314,1
2011-01-13T04:00:00Z,0.8114,1
2011-01-13T05:00:00Z,0.9914,1
2011-01-13T06:00:00Z,0.9714,1
2011-01-13T07:00:00Z,0.6614,1
2011-01-13T08:00:00Z,0.2414,1
2011-01-13T09:00:00Z,-0.2686,1
2011-01-13T10:00:00Z,-0.6086,1
2011-01-13T11:00:00Z,-0.7486,1
2011-01-13T12:00:00Z,-0.6386,1
2011-01-13T13:00:00Z,-0.3586,1
2011-01-13T14:00:00Z,0.0214,1
2011-01-13T15:00:00Z,0.4414,1
2011-01-13T16:00:00Z,0.7714,1
2011-01-13T17:00:00Z,1.0414,1
2011-01-13T18:00:00Z,1.0214,1
2011-01-13T19:00:00Z,0.8114,1
2011-01-13T20:00:00Z,0.3214,1
2011-01-13T21:00:00Z,-0.1886,1
2011-01-13T22:00:00Z,-0.6186,1
2011-01-13T23:00:00Z,-0.9086,1
2011-01-14T00:00:00Z,-0.8986,1
2011-01-14T01:00:00Z,-0.6586,1
2011-01-14T02:00:00Z,-0.3386,1
2011-01-14T03:00:00Z,0.0414,1
2011-01-14T04:00:00Z,0.4514,1
2011-01-14T05:00:00Z,0.8114,1
2011-01-14T06:00:00Z,1.0014,1
2011-01-14T07:00:00Z,0.9914,1
2011-01-14T08:00:00Z,0.7814,1
2011-01-14T09:00:00Z,0.3714,1
2011-01-14T10:00:00Z,-0.1186,1
2011-01-14T11:00:00Z,-0.4686,1
2011-01-14T13:00:00Z,-0.6086,1
2011-01-14T14:00:00Z,-0.2886,1
2011-01-14T15:00:00Z,0.0414,1
2011-01-14T16:00:00Z,0.4614,1
2011-01-14T17:00:00Z,0.8314,1
2011-01-14T18:00:00Z,1.0414,1
2011-01-14T19:00:00Z,1.0814,1
2011-01-14T20:00:00Z,0.8614,1
2011-01-14T21:00:00Z,0.4414,1
2011-01-14T22:00:00Z,-0.0886,1
2011-01-14T23:00:00Z,-0.5286,1
2011-01-15T00:00:00Z,-0.8386,1
2011-01-15T01:00:00Z,-0.9186,1
2011-01-15T02:00:00Z,-0.7886,1
2011-01-15T03:00:00Z,-0.5386,1
2011-01-15T04:00:00Z,-0.1286,1
2011-01-15T05:00:00Z,0.3414,1
2011-01-15T06:00:00Z,0.8014,1
2011-01-15T07:00:00Z,1.2014,1
2011-01-15T08:00:00Z,1.3114,1
2011-01-15T09:00:00Z,1.1114,1
2011-01-15T10:00:00Z,0.7214,1
2011-01-15T11:00:00Z,0.2214,1
2011-01-15T12:00:00Z,-0.2286,1
2011-01-15T13:00:00Z,-0.4786,1
2011-01-15T14:00:00Z,-0.4586,1
2011-01-15T15:00:00Z,-0.2886,1
2011-01-15T16:00:00Z,0.0714,1
2011-01-15T17:00:00Z,0.4914,1
2011-01-15T18:00:00Z,0.8114,1
2011-01-15T19:00:00Z,1.0414,1
2011-01-15T21:00:00Z,1.0214,1
2011-01-15T22:00:00Z,0.6614,1
2011-01-15T23:00:00Z,0.1914,1
2011-01-16T00:00:00Z,-0.3086,1
2011-01-16T01:00:00Z,-0.6486,1
2011-01-16T02:00:00Z,-0.7486,1
2011-01-16T03:00:00Z,-0.6786,1
2011-01-16T04:00:00Z,-0.3386,1
2011-01-16T05:00:00Z,0.0914,1
2011-01-16T06:00:00Z,0.6114,1
2011-01-16T07:00:00Z,1.0414,1
2011-01-16T08:00:00Z,1.2614,1
2011-01-16T09:00:00Z,1.2914,1
2011-01-16T10:00:00Z,1.0214,1
2011-01-16T11:00:00Z,0.5614,1
2011-01-16T12:00:00Z,-0.0086,1
2011-01-16T13:00:00Z,-0.4886,1
2011-01-16T14:00:00Z,-0.8186,1
2011-01-16T15:00:00Z,-0.8586,1
2011-01-16T16:00:00Z,-0.6286,1
2011-01-16T17:00:00Z,-0.2186,1
2011-01-16T18:00:00Z,0.2714,1
2011-01-16T19:00:00Z,0.7114,1
2011-01-16T20:00:00Z,1.1014,1
2011-01-16T21:00:00Z,1.2814,1
2011-01-16T22:00:00Z,1.1214,1
2011-01-16T23:00:00Z,0.6814,1
2011-01-17T00:00:00Z,0.1014,1
2011-01-17T01:00:00Z,-0.5186,1
2011-01-17T03:00:00Z,-1.0886,1
2011-01-17T04:00:00Z,-0.9786,1
2011-01-17T05:00:00Z,-0.6086,1
2011-01-17T06:00:00Z,-0.1386,1
2011-01-17T07:00:00Z,0.3914,1
2011-01-17T08:00:00Z,0.8614,1
2011-01-17T09:00:00Z,1.1614,1
2011-01-17T10:00:00Z,1.2214,1
2011-01-17T11:00:00Z,0.9214,1
2011-01-17T12:00:00Z,0.3614,1
2011-01-17T13:00:00Z,-0.3286,1
2011-01-17T14:00:00Z,-0.9586,1
2011-01-17T15:00:00Z,-1.3086,1
2011-01-17T16:00:00Z,-1.2986,1
2011-01-17T17:00:00Z,-0.9286,1
2011-01-17T18:00:00Z,-0.3786,1
2011-01-17T19:00:00Z,0.2214,1
2011-01-17T20:00:00Z,0.7414,1
2011-01-17T21:00:00Z,1.1214,1
2011-01-17T22:00:00Z,1.2114,1
2011-01-17T23:00:00Z,0.9914,1
2011-01-18T00:00:00Z,0.4414,1
2011-01-18T01:00:00Z,-0.2886,1
2011-01-18T02:00:00Z,-0.9986,1
2011-01-18T03:00:00Z,-1.4585,1
2011-01-18T04:00:00Z,-1.5485,1
2011-01-18T05:00:00Z,-1.2685,1
2011-01-18T06:00:00Z,-0.7285,1
2011-01-18T07:00:00Z,-0.0585,1
2011-01-18T08:00:00Z,0.5815,1
2011-01-18T09:00:00Z,1.1015,1
2011-01-18T10:00:00Z,1.3915,1
2011-01-18T11:00:00Z,1.2915,1
2011-01-18T12:00:00Z,0.8215,1
2011-01-18T13:00:00Z,0.0615,1
2011-01-18T14:00:00Z,-0.7685,1
2011-01-18T15:00:00Z,-1.4585,1
2011-01-18T16:00:00Z,-1.7685,1
2011-01-18T17:00:00Z,-1.6385,1
2011-01-18T18:00:00Z,-1.1585,1
2011-01-18T19:00:00Z,-0.4585,1
2011-01-18T20:00:00Z,0.2115,1
2011-01-18T21:00:00Z,0.7715,1
2011-01-18T22:00:00Z,1.1615,1
2011-01-18T23:00:00Z,1.2015,1
2011-01-19T00:00:00Z,0.8615,1
2011-01-19T01:00:00Z,0.1715,1
2011-01-19T02:00:00Z,-0.6785,1
2011-01-19T03:00:00Z,-1.4085,1
2011-01-19T04:00:00Z,-1.7785,1
2011-01-19T05:00:00Z,-1.6985,1
2011-01-19T06:00:00Z,-1.2485,1
2011-01-19T07:00:00Z,-0.5185,1
2011-01-19T08:00:00Z,0.2315,1
2011-01-19T09:00:00Z,0.9015,1
2011-01-19T10:00:00Z,1.3915,1
2011-01-19T11:00:00Z,1.5515,1
2011-01-19T12:00:00Z,1.3015,1
2011-01-19T13:00:00Z,0.6615,1
2011-01-19T14:00:00Z,-0.2685,1
2011-01-19T15:00:00Z,-1.2085,1
2011-01-19T16:00:00Z,-1.8685,1
2011-01-19T17:00:00Z,-2.0485,1
2011-01-19T18:00:00Z,-1.7485,1
2011-01-19T19:00:00Z,-1.0885,1
2011-01-19T20:00:00Z,-0.2785,1
2011-01-19T21:00:00Z,0.4715,1
2011-01-19T22:00:00Z,1.0715,1
2011-01-19T23:00:00Z,1.4115,1
2011-01-20T00:00:00Z,1.3415,1
2011-01-20T01:00:00Z,0.8515,1
2011-01-20T02:00:00Z,0.0015,1
2011-01-20T03:00:00Z,-0.9485,1
2011-01-20T04:00:00Z,-1.6685,1
2011-01-20T05:00:00Z,-1.9385,1
2011-01-20T06:00:00Z,-1.6985,1
2011-01-20T07:00:00Z,-1.0685,1
2011-01-20T08:00:00Z,-0.2485,1
2011-01-20T09:00:00Z,0.5615,1
2011-01-20T10:00:00Z,1.1715,1
2011-01-20T11:00:00Z,1.6015,1
2011-01-20T12:00:00Z,1.6415,1
2011-01-20T13:00:00Z,1.2215,1
2011-01-20T14:00:00Z,0.3915,1
2011-01-20T15:00:00Z,-0.6785,1
2011-01-20T16:00:00Z,-1.6585,1
2011-01-20T17:00:00Z,-2.2185,1
2011-01-20T18:00:00Z,-2.2285,1
2011-01-20T19:00:00Z,-1.7185,1
2011-01-20T20:00:00Z,-0.8885,1
2011-01-20T21:00:00Z,0.0115,1
2011-01-20T22:00:00Z,0.7615,1
2011-01-20T23:00:00Z,1.3115,1
2011-01-21T00:00:00Z,1.5115,1
2011-01-21T01:00:00Z,1.2815,1
2011-01-21T02:00:00Z,0.6315,1
2011-01-21T03:00:00Z,-0.3685,1
2011-01-21T04:00:00Z,-1.3785,1
2011-01-21T05:00:00Z,-2.0485,1
2011-01-21T06:00:00Z,-2.1485,1
2011-01-21T07:00:00Z,-1.7285,1
2011-01-21T08:00:00Z,-0.9185,1
2011-01-21T09:00:00Z,-0.0185,1
2011-01-21T10:00:00Z,0.7815,1
2011-01-21T11:00:00Z,1.3715,1
2011-01-21T12:00:00Z,1.7115,1
2011-01-21T13:00:00Z,1.5815,1
2011-01-21T14:00:00Z,1.0115,1
2011-01-21T15:00:00Z,0.0315,1
2011-01-21T16:00:00Z,-1.1285,1
2011-01-21T17:00:00Z,-2.0585,1
2011-01-21T18:00:00Z,-2.4885,1
2011-01-21T19:00:00Z,-2.3185,1
2011-01-21T20:00:00Z,-1.6385,1
2011-01-21T21:00:00Z,-0.7285,1
2011-01-21T22:00:00Z,0.1715,1
2011-01-21T23:00:00Z,0.8715,1
2011-01-22T00:00:00Z,1.3315,1
2011-01-22T01:00:00Z,1.4315,1
2011-01-22T02:00:00Z,1.0615,1
2011-01-22T03:00:00Z,0.2615,1
2011-01-22T04:00:00Z,-0.8285,1
2011-01-22T05:00:00Z,-1.7985,1
2011-01-22T06:00:00Z,-2.2985,1
2011-01-22T07:00:00Z,-2.1985,1
2011-01-22T08:00:00Z,-1.6085,1
2011-01-22T09:00:00Z,-0.6885,1
2011-01-22T10:00:00Z,0.2215,1
2011-01-22T11:00:00Z,0.9915,1
2011-01-22T12:00:00Z,1.5315,1
2011-01-22T13:00:00Z,1.7315,1
2011-01-22T14:00:00Z,1.4715,1
2011-01-22T15:00:00Z,0.7715,1
2011-01-22T16:00:00Z,-0.3385,1
2011-01-22T17:00:00Z,-1.5185,1
2011-01-22T18:00:00Z,-2.3585,1
2011-01-22T19:00:00Z,-2.6485,1
2011-01-22T20:00:00Z,-2.3185,1
2011-01-22T21:00:00Z,-1.5285,1
2011-01-22T22:00:00Z,-0.5485,1
2011-01-22T23:00:00Z,0.2815,1
2011-01-23T00:00:00Z,0.9315,1
2011-01-23T01:00:00Z,1.3115,1
2011-01-23T02:00:00Z,1.2815,1
2011-01-23T03:00:00Z,0.8215,1
2011-01-23T04:00:00Z,-0.0685,1
2011-01-23T05:00:00Z,-1.1485,1
2011-01-23T06:00:00Z,-2.0085,1
2011-01-23T07:00:00Z,-2.3285,1
2011-01-23T08:00:00Z,-2.0985,1
2011-01-23T09:00:00Z,-1.3985,1
2011-01-23T10:00:00Z,-0.4785,1
2011-01-23T11:00:00Z,0.4115,1
2011-01-23T12:00:00Z,1.1015,1
2011-01-23T13:00:00Z,1.5615,1
2011-01-23T14:00:00Z,1.6515,1
2011-01-23T15:00:00Z,1.3015,1
2011-01-23T16:00:00Z,0.4915,1
2011-01-23T17:00:00Z,-0.6485,1
2011-01-23T18:00:00Z,-1.7285,1
2011-01-23T19:00:00Z,-2.4485,1
2011-01-23T20:00:00Z,-2.5485,1
2011-01-23T21:00:00Z,-2.1285,1
2011-01-23T22:00:00Z,-1.3085,1
2011-01-23T23:00:00Z,-0.3785,1
2011-01-24T00:00:00Z,0.4015,1
2011-01-24T01:00:00Z,0.9715,1
2011-01-24T02:00:00Z,1.2715,1
2011-01-24T03:00:00Z,1.1515,1
2011-01-24T04:00:00Z,0.6315,1
2011-01-24T05:00:00Z,-0.3185,1
2011-01-24T06:00:00Z,-1.3185,1
2011-01-24T07:00:00Z,-2.0185,1
2011-01-24T08:00:00Z,-2.1985,1
2011-01-24T09:00:00Z,-1.8485,1
2011-01-24T10:00:00Z,-1.1485,1
2011-01-24T11:00:00Z,-0.2385,1
2011-01-24T12:00:00Z,0.5715,1
2011-01-24T13:00:00Z,1.2115,1
2011-01-24T14:00:00Z,1.6115,1
2011-01-24T15:00:00Z,1.6015,1
2011-01-24T16:00:00Z,1.1915,1
2011-01-24T17:00:00Z,0.3215,1
2011-01-24T18:00:00Z,-0.7385,1
2011-01-24T19:00:00Z,-1.7485,1
2011-01-24T20:00:00Z,-2.2685,1
2011-01-24T21:00:00Z,-2.2985,1
2011-01-24T22:00:00Z,-1.8085,1
2011-01-24T23:00:00Z,-1.0285,1
2011-01-25T00:00:00Z,-0.1885,1
2011-01-25T01:00:00Z,0.5215,1
2011-01-25T02:00:00Z,1.0615,1
2011-01-25T03:00:00Z,1.3115,1
2011-01-25T04:00:00Z,1.1115,1
2011-01-25T05:00:00Z,0.5315,1
2011-01-25T06:00:00Z,-0.3685,1
2011-01-25T07:00:00Z,-1.2685,1
2011-01-25T08:00:00Z,-1.8385,1
2011-01-25T09:00:00Z,-1.9185,1
2011-01-25T10:00:00Z,-1.5085,1
2011-01-25T11:00:00Z,-0.8185,1
2011-01-25T12:00:00Z,-0.0285,1
2011-01-25T13:00:00Z,0.6815,1
2011-01-25T14:00:00Z,1.2415,1
2011-01-25T15:00:00Z,1.5815,1
2011-01-25T16:00:00Z,1.5815,1
2011-01-25T17:00:00Z,1.1415,1
2011-01-25T18:00:00Z,0.3315,1
2011-01-25T19:00:00Z,-0.6585,1
2011-01-25T20:00:00Z,-1.5085,1
2011-01-25T21:00:00Z,-1.9685,1
2011-01-25T22:00:00Z,-1.9185,1
2011-01-25T23:00:00Z,-1.4185,1
2011-01-26T00:00:00Z,-0.7185,1
2011-01-26T01:00:00Z,-0.0185,1
2011-01-26T02:00:00Z,0.6015,1
2011-01-26T03:00:00Z,1.0515,1
2011-01-26T04:00:00Z,1.2315,1
2011-01-26T05:00:00Z,1.0215,1
2011-01-26T06:00:00Z,0.4515,1
2011-01-26T07:00:00Z,-0.3485,1
2011-01-26T08:00:00Z,-1.1685,1
2011-01-26T09:00:00Z,-1.6685,1
2011-01-26T10:00:00Z,-1.7585,1
2011-01-26T11:00:00Z,-1.4385,1
2011-01-26T12:00:00Z,-0.8785,1
2011-01-26T13:00:00Z,-0.2185,1
2011-01-26T14:00:00Z,0.3915,1
2011-01-26T15:00:00Z,0.9015,1
2011-01-26T16:00:00Z,1.2315,1
2011-01-26T17:00:00Z,1.2315,1
2011-01-26T18:00:00Z,0.8615,1
2011-01-26T19:00:00Z,0.1315,1
2011-01-26T20:00:00Z,-0.6985,1
2011-01-26T21:00:00Z,-1.4385,1
2011-01-26T22:00:00Z,-1.7985,1
2011-01-26T23:00:00Z,-1.7085,1
2011-01-27T00:00:00Z,-1.3185,1
2011-01-27T01:00:00Z,-0.7384,1
2011-01-27T02:00:00Z,-0.1484,1
2011-01-27T03:00:00Z,0.3616,1
2011-01-27T04:00:00Z,0.8216,1
2011-01-27T05:00:00Z,1.0216,1
2011-01-27T06:00:00Z,0.8916,1
2011-01-27T07:00:00Z,0.3916,1
2011-01-27T08:00:00Z,-0.3084,1
2011-01-27T09:00:00Z,-0.9884,1
2011-01-27T10:00:00Z,-1.4384,1
2011-01-27T11:00:00Z,-1.5484,1
2011-01-27T12:00:00Z,-1.2884,1
2011-01-27T13:00:00Z,-0.8284,1
2011-01-27T14:00:00Z,-0.2984,1
2011-01-27T15:00:00Z,0.2516,1
2011-01-27T16:00:00Z,0.7316,1
2011-01-27T17:00:00Z,1.0716,1
2011-01-27T18:00:00Z,1.1116,1
2011-01-27T19:00:00Z,0.8616,1
2011-01-27T20:00:00Z,0.2616,1
2011-01-27T21:00:00Z,-0.4284,1
2011-01-27T22:00:00Z,-1.0784,1
2011-01-27T23:00:00Z,-1.4684,1
2011-01-28T00:00:00Z,-1.4684,1
2011-01-28T01:00:00Z,-1.1884,1
2011-01-28T02:00:00Z,-0.7384,1
2011-01-28T03:00:00Z,-0.2184,1
2011-01-28T04:00:00Z,0.2816,1
2011-01-28T05:00:00Z,0.7016,1
2011-01-28T06:00:00Z,0.9316,1
2011-01-28T07:00:00Z,0.9016,1
2011-01-28T08:00:00Z,0.5516,1
2011-01-28T09:00:00Z,-0.0484,1
2011-01-28T10:00:00Z,-0.6684,1
2011-01-28T11:00:00Z,-1.1284,1
2011-01-28T12:00:00Z,-1.3284,1
2011-01-28T13:00:00Z,-1.1884,1
2011-01-28T14:00:00Z,-0.8384,1
2011-01-28T15:00:00Z,-0.3884,1
2011-01-28T16:00:00Z,0.0916,1
2011-01-28T17:00:00Z,0.5616,1
2011-01-28T18:00:00Z,0.9316,1
2011-01-28T19:00:00Z,1.0916,1
2011-01-28T20:00:00Z,0.9516,1
2011-01-28T21:00:00Z,0.4716,1
2011-01-28T22:00:00Z,-0.1584,1
2011-01-28T23:00:00Z,-0.7884,1
2011-01-29T00:00:00Z,-1.2184,1
2011-01-29T01:00:00Z,-1.3584,1
2011-01-29T02:00:00Z,-1.1884,1
2011-01-29T03:00:00Z,-0.7884,1
2011-01-29T04:00:00Z,-0.3284,1
2011-01-29T05:00:00Z,0.1816,1
2011-01-29T06:00:00Z,0.5916,1
2011-01-29T07:00:00Z,0.9116,1
2011-01-29T08:00:00Z,0.9616,1
2011-01-29T09:00:00Z,0.6916,1
2011-01-29T10:00:00Z,0.1716,1
2011-01-29T11:00:00Z,-0.4484,1
2011-01-29T12:00:00Z,-0.9784,1
2011-01-29T13:00:00Z,-1.3084,1
2011-01-29T14:00:00Z,-1.2784,1
2011-01-29T15:00:00Z,-1.0784,1
2011-01-29T16:00:00Z,-0.6484,1
2011-01-29T17:00:00Z,-0.1884,1
2011-01-29T18:00:00Z,0.3016,1
2011-01-29T19:00:00Z,0.7716,1
2011-01-29T20:00:00Z,1.0316,1
2011-01-29T21:00:00Z,1.0216,1
2011-01-29T22:00:00Z,0.6316,1
2011-01-29T23:00:00Z,0.0216,1
2011-01-30T00:00:00Z,-0.5984,1
2011-01-30T01:00:00Z,-1.1184,1
2011-01-30T02:00:00Z,-1.3384,1
2011-01-30T03:00:00Z,-1.2384,1
2011-01-30T04:00:00Z,-0.8984,1
2011-01-30T05:00:00Z,-0.3884,1
2011-01-30T06:00:00Z,0.1316,1
2011-01-30T07:00:00Z,0.6216,1
2011-01-30T08:00:00Z,1.0016,1
2011-01-30T09:00:00Z,1.1316,1
2011-01-30T10:00:00Z,0.9116,1
2011-01-30T11:00:00Z,0.4116,1
2011-01-30T12:00:00Z,-0.2384,1
2011-01-30T13:00:00Z,-0.8684,1
2011-01-30T14:00:00Z,-1.3084,1
2011-01-30T15:00:00Z,-1.4284,1
2011-01-30T16:00:00Z,-1.1984,1
2011-01-30T17:00:00Z,-0.8184,1
2011-01-30T18:00:00Z,-0.2984,1
2011-01-30T19:00:00Z,0.2616,1
2011-01-30T20:00:00Z,0.7516,1
2011-01-30T21:00:00Z,1.0716,1
2011-01-30T22:00:00Z,1.0416,1
2011-01-30T23:00:00Z,0.7216,1
2011-01-31T00:00:00Z,0.1016,1
2011-01-31T01:00:00Z,-0.6084,1
2011-01-31T02:00:00Z,-1.1584,1
2011-01-31T03:00:00Z,-1.3984,1
2011-01-31T04:00:00Z,-1.2784,1
2011-01-31T05:00:00Z,-0.8384,1
2011-01-31T06:00:00Z,-0.2684,1
2011-01-31T07:00:00Z,0.3216,1
2011-01-31T08:00:00Z,0.8316,1
2011-01-31T09:00:00Z,1.2116,1
2011-01-31T10:00:00Z,1.3016,1
2011-01-31T11:00:00Z,1.0616,1
2011-01-31T12:00:00Z,0.4716,1
2011-01-31T13:00:00Z,-0.2884,1
2011-01-31T14:00:00Z,-0.9884,1
2011-01-31T15:00:00Z,-1.4384,1
2011-01-31T16:00:00Z,-1.5584,1
2011-01-31T17:00:00Z,-1.2884,1
2011-01-31T18:00:00Z,-0.7884,1
2011-01-31T19:00:00Z,-0.1484,1
2011-01-31T20:00:00Z,0.4416,1
2011-01-31T21:00:00Z,0.9516,1
2011-01-31T23:00:00Z,1.2116,1
2011-02-01T00:00:00Z,0.7916,1
2011-02-01T01:00:00Z,0.1316,1
2011-02-01T02:00:00Z,-0.5984,1
2011-02-01T03:00:00Z,-1.1784,1
2011-02-01T04:00:00Z,-1.3284,1
2011-02-01T05:00:00Z,-1.1284,1
2011-02-01T06:00:00Z,-0.6084,1
2011-02-01T07:00:00Z,0.0516,1
2011-02-01T08:00:00Z,0.6916,1
2011-02-01T09:00:00Z,1.2116,1
2011-02-01T10:00:00Z,1.4916,1
2011-02-01T11:00:00Z,1.4616,1
2011-02-01T12:00:00Z,1.0516,1
2011-02-01T13:00:00Z,0.3316,1
2011-02-01T14:00:00Z,-0.5384,1
2011-02-01T15:00:00Z,-1.3384,1
2011-02-01T16:00:00Z,-1.7484,1
2011-02-01T17:00:00Z,-1.6984,1
2011-02-01T18:00:00Z,-1.3384,1
2011-02-01T19:00:00Z,-0.7184,1
2011-02-01T20:00:00Z,-0.0384,1
2011-02-01T21:00:00Z,0.5716,1
2011-02-01T22:00:00Z,1.0416,1
2011-02-01T23:00:00Z,1.2416,1
2011-02-02T00:00:00Z,1.0916,1
2011-02-02T01:00:00Z,0.5316,1
2011-02-02T02:00:00Z,-0.2784,1
2011-02-02T03:00:00Z,-1.0784,1
2011-02-02T04:00:00Z,-1.5184,1
2011-02-02T05:00:00Z,-1.5784,1
2011-02-02T06:00:00Z,-1.1384,1
2011-02-02T07:00:00Z,-0.4184,1
2011-02-02T08:00:00Z,0.3616,1
2011-02-02T09:00:00Z,1.0616,1
2011-02-02T10:00:00Z,1.5516,1
2011-02-02T11:00:00Z,1.7316,1
2011-02-02T12:00:00Z,1.6116,1
2011-02-02T13:00:00Z,1.0716,1
2011-02-02T14:00:00Z,0.2216,1
2011-02-02T15:00:00Z,-0.6784,1
2011-02-02T16:00:00Z,-1.3684,1
2011-02-02T17:00:00Z,-1.6184,1
2011-02-02T18:00:00Z,-1.4784,1
2011-02-02T19:00:00Z,-1.0184,1
2011-02-02T20:00:00Z,-0.3084,1
2011-02-02T21:00:00Z,0.3716,1
2011-02-02T22:00:00Z,0.9616,1
2011-02-02T23:00:00Z,1.4116,1
2011-02-03T00:00:00Z,1.4616,1
2011-02-03T01:00:00Z,1.1016,1
2011-02-03T02:00:00Z,0.3316,1
2011-02-03T03:00:00Z,-0.5284,1
2011-02-03T04:00:00Z,-1.3084,1
2011-02-03T05:00:00Z,-1.6384,1
2011-02-03T06:00:00Z,-1.5084,1
2011-02-03T07:00:00Z,-0.8784,1
2011-02-03T08:00:00Z,-0.1184,1
2011-02-03T09:00:00Z,0.6216,1
2011-02-03T10:00:00Z,1.1816,1
2011-02-03T11:00:00Z,1.5316,1
2011-02-03T12:00:00Z,1.5516,1
2011-02-03T13:00:00Z,1.1816,1
2011-02-03T14:00:00Z,0.4516,1
2011-02-03T15:00:00Z,-0.5284,1
2011-02-03T16:00:00Z,-1.4284,1
2011-02-03T17:00:00Z,-1.9384,1
2011-02-03T18:00:00Z,-1.9484,1
2011-02-03T19:00:00Z,-1.3784,1
2011-02-03T20:00:00Z,-0.4784,1
2011-02-03T21:00:00Z,0.4616,1
2011-02-03T22:00:00Z,1.2616,1
2011-02-03T23:00:00Z,1.8516,1
2011-02-04T00:00:00Z,2.1216,1
2011-02-04T02:00:00Z,1.3516,1
2011-02-04T03:00:00Z,0.4816,1
2011-02-04T04:00:00Z,-0.3884,1
2011-02-04T05:00:00Z,-1.0884,1
2011-02-04T06:00:00Z,-1.3184,1
2011-02-04T07:00:00Z,-1.1084,1
2011-02-04T09:00:00Z,0.1916,1
2011-02-04T10:00:00Z,0.9116,1
2011-02-04T11:00:00Z,1.4116,1
2011-02-04T12:00:00Z,1.7216,1
2011-02-04T13:00:00Z,1.6716,1
2011-02-04T14:00:00Z,1.1816,1
2011-02-04T15:00:00Z,0.3416,1
2011-02-04T16:00:00Z,-0.5284,1
2011-02-04T17:00:00Z,-1.2484,1
2011-02-04T18:00:00Z,-1.5484,1
2011-02-04T19:00:00Z,-1.3684,1
2011-02-04T20:00:00Z,-0.8484,1
2011-02-04T21:00:00Z,-0.1084,1
2011-02-04T22:00:00Z,0.6416,1
2011-02-04T23:00:00Z,1.2117,1
2011-02-05T00:00:00Z,1.6117,1
2011-02-05T01:00:00Z,1.7517,1
2011-02-05T04:00:00Z,-0.2383,1
2011-02-05T05:00:00Z,-1.0283,1
2011-02-05T06:00:00Z,-1.4783,1
2011-02-05T07:00:00Z,-1.3583,1
2011-02-05T08:00:00Z,-0.8583,1
2011-02-05T09:00:00Z,-0.0783,1
2011-02-05T10:00:00Z,0.6717,1
2011-02-05T11:00:00Z,1.2917,1
2011-02-05T12:00:00Z,1.7317,1
2011-02-05T13:00:00Z,1.8417,1
2011-02-05T14:00:00Z,1.5217,1
2011-02-05T15:00:00Z,0.8317,1
2011-02-05T16:00:00Z,-0.1483,1
2011-02-05T17:00:00Z,-1.0583,1
2011-02-05T18:00:00Z,-1.6583,1
2011-02-05T19:00:00Z,-1.7883,1
2011-02-05T20:00:00Z,-1.4283,1
2011-02-05T21:00:00Z,-0.7483,1
2011-02-05T22:00:00Z,0.0217,1
2011-02-05T23:00:00Z,0.7017,1
2011-02-06T00:00:00Z,1.2417,1
2011-02-06T01:00:00Z,1.5617,1
2011-02-06T02:00:00Z,1.4517,1
2011-02-06T03:00:00Z,0.9017,1
2011-02-06T04:00:00Z,0.0717,1
2011-02-06T05:00:00Z,-0.7983,1
2011-02-06T06:00:00Z,-1.4283,1
2011-02-06T07:00:00Z,-1.5883,1
2011-02-06T08:00:00Z,-1.2883,1
2011-02-06T09:00:00Z,-0.6583,1
2011-02-06T10:00:00Z,0.1417,1
2011-02-06T11:00:00Z,0.8617,1
2011-02-06T12:00:00Z,1.4417,1
2011-02-06T13:00:00Z,1.7817,1
2011-02-06T14:00:00Z,1.7517,1
2011-02-06T15:00:00Z,1.2617,1
2011-02-06T16:00:00Z,0.4717,1
2011-02-06T17:00:00Z,-0.4383,1
2011-02-06T18:00:00Z,-1.2183,1
2011-02-06T19:00:00Z,-1.5883,1
2011-02-06T20:00:00Z,-1.4783,1
2011-02-06T21:00:00Z,-0.9683,1
2011-02-06T22:00:00Z,-0.2783,1
2011-02-06T23:00:00Z,0.3817,1
2011-02-07T00:00:00Z,0.9317,1
2011-02-07T01:00:00Z,1.3217,1
2011-02-07T02:00:00Z,1.4217,1
2011-02-07T03:00:00Z,1.1117,1
2011-02-07T04:00:00Z,0.4317,1
2011-02-07T05:00:00Z,-0.3583,1
2011-02-07T06:00:00Z,-1.0683,1
2011-02-07T07:00:00Z,-1.3583,1
2011-02-07T08:00:00Z,-1.2983,1
2011-02-07T09:00:00Z,-0.7783,1
2011-02-07T10:00:00Z,-0.1483,1
2011-02-07T11:00:00Z,0.6717,1
2011-02-07T12:00:00Z,1.3417,1
2011-02-07T13:00:00Z,1.8217,1
2011-02-07T14:00:00Z,1.9317,1
2011-02-07T15:00:00Z,1.6017,1
2011-02-07T16:00:00Z,0.8117,1
2011-02-07T17:00:00Z,-0.1683,1
2011-02-07T18:00:00Z,-1.0883,1
2011-02-07T19:00:00Z,-1.6783,1
2011-02-07T20:00:00Z,-1.7683,1
2011-02-07T21:00:00Z,-1.5083,1
2011-02-07T22:00:00Z,-0.8783,1
2011-02-07T23:00:00Z,-0.2083,1
2011-02-08T00:00:00Z,0.3817,1
2011-02-08T01:00:00Z,0.8517,1
2011-02-08T02:00:00Z,1.1617,1
2011-02-08T03:00:00Z,1.1017,1
2011-02-08T04:00:00Z,0.6917,1
2011-02-08T05:00:00Z,-0.0683,1
2011-02-08T06:00:00Z,-0.8683,1
2011-02-08T07:00:00Z,-1.4883,1
2011-02-08T08:00:00Z,-1.6583,1
2011-02-08T09:00:00Z,-1.4383,1
2011-02-08T10:00:00Z,-0.8883,1
2011-02-08T11:00:00Z,-0.1583,1
2011-02-08T12:00:00Z,0.5417,1
2011-02-08T13:00:00Z,1.0317,1
2011-02-08T14:00:00Z,1.3717,1
2011-02-08T15:00:00Z,1.3617,1
2011-02-08T16:00:00Z,1.0617,1
2011-02-08T17:00:00Z,0.4217,1
2011-02-08T18:00:00Z,-0.3583,1
2011-02-08T19:00:00Z,-1.0083,1
2011-02-08T20:00:00Z,-1.3283,1
2011-02-08T21:00:00Z,-1.3283,1
2011-02-08T22:00:00Z,-0.9283,1
2011-02-08T23:00:00Z,-0.3483,1
2011-02-09T00:00:00Z,0.2617,1
2011-02-09T01:00:00Z,0.7817,1
2011-02-09T02:00:00Z,1.1517,1
2011-02-09T03:00:00Z,1.2517,1
2011-02-09T04:00:00Z,1.0017,1
2011-02-09T05:00:00Z,0.4517,1
2011-02-09T06:00:00Z,-0.2383,1
2011-02-09T07:00:00Z,-0.8783,1
2011-02-09T08:00:00Z,-1.2683,1
2011-02-09T09:00:00Z,-1.2583,1
2011-02-09T10:00:00Z,-0.9383,1
2011-02-09T11:00:00Z,-0.3483,1
2011-02-09T12:00:00Z,0.3117,1
2011-02-09T13:00:00Z,0.9017,1
2011-02-09T14:00:00Z,1.3017,1
2011-02-09T15:00:00Z,1.4917,1
2011-02-09T16:00:00Z,1.3317,1
2011-02-09T17:00:00Z,0.8117,1
2011-02-09T18:00:00Z,0.0917,1
2011-02-09T19:00:00Z,-0.6283,1
2011-02-09T20:00:00Z,-1.1383,1
2011-02-09T21:00:00Z,-1.3383,1
2011-02-09T22:00:00Z,-1.1383,1
2011-02-09T23:00:00Z,-0.6683,1
2011-02-10T00:00:00Z,-0.1183,1
2011-02-10T01:00:00Z,0.3917,1
2011-02-10T02:00:00Z,0.8417,1
2011-02-10T03:00:00Z,1.1117,1
2011-02-10T04:00:00Z,1.1217,1
2011-02-10T05:00:00Z,0.8117,1
2011-02-10T06:00:00Z,0.2317,1
2011-02-10T07:00:00Z,-0.4283,1
2011-02-10T08:00:00Z,-0.9983,1
2011-02-10T09:00:00Z,-1.3083,1
2011-02-10T10:00:00Z,-1.2583,1
2011-02-10T11:00:00Z,-0.8483,1
2011-02-10T12:00:00Z,-0.3183,1
2011-02-10T13:00:00Z,0.2417,1
2011-02-10T14:00:00Z,0.6817,1
2011-02-10T15:00:00Z,1.0117,1
2011-02-10T16:00:00Z,1.0717,1
2011-02-10T17:00:00Z,0.8917,1
2011-02-10T18:00:00Z,0.4317,1
2011-02-10T19:00:00Z,-0.1683,1
2011-02-10T20:00:00Z,-0.7183,1
2011-02-10T21:00:00Z,-1.0483,1
2011-02-10T22:00:00Z,-1.1083,1
2011-02-10T23:00:00Z,-0.8983,1
2011-02-11T00:00:00Z,-0.4783,1
2011-02-11T01:00:00Z,0.0517,1
2011-02-11T02:00:00Z,0.5017,1
2011-02-11T03:00:00Z,0.8917,1
2011-02-11T04:00:00Z,1.0817,1
2011-02-11T05:00:00Z,1.0317,1
2011-02-11T06:00:00Z,0.7117,1
2011-02-11T07:00:00Z,0.1417,1
2011-02-11T08:00:00Z,-0.4083,1
2011-02-11T09:00:00Z,-0.8583,1
2011-02-11T10:00:00Z,-1.0383,1
2011-02-11T11:00:00Z,-0.8983,1
2011-02-11T12:00:00Z,-0.5383,1
2011-02-11T13:00:00Z,-0.0783,1
2011-02-11T14:00:00Z,0.3817,1
2011-02-11T15:00:00Z,0.8017,1
2011-02-11T16:00:00Z,1.0917,1
2011-02-11T17:00:00Z,1.1817,1
2011-02-11T18:00:00Z,0.9317,1
2011-02-11T19:00:00Z,0.4717,1
2011-02-11T20:00:00Z,-0.0983,1
2011-02-11T21:00:00Z,-0.6283,1
2011-02-11T22:00:00Z,-0.9483,1
2011-02-11T23:00:00Z,-0.9883,1
2011-02-12T00:00:00Z,-0.7583,1
2011-02-12T01:00:00Z,-0.4083,1
2011-02-12T02:00:00Z,-0.0383,1
2011-02-12T03:00:00Z,0.3417,1
2011-02-12T04:00:00Z,0.6717,1
2011-02-12T05:00:00Z,0.9017,1
2011-02-12T06:00:00Z,0.8517,1
2011-02-12T07:00:00Z,0.6217,1
2011-02-12T08:00:00Z,0.1717,1
2011-02-12T09:00:00Z,-0.3183,1
2011-02-12T10:00:00Z,-0.7683,1
2011-02-12T11:00:00Z,-0.9183,1
2011-02-12T12:00:00Z,-0.8583,1
2011-02-12T13:00:00Z,-0.5583,1
2011-02-12T14:00:00Z,-0.2083,1
2011-02-12T15:00:00Z,0.2217,1
2011-02-12T16:00:00Z,0.5717,1
2011-02-12T17:00:00Z,0.8017,1
2011-02-12T18:00:00Z,0.9217,1
2011-02-12T19:00:00Z,0.7617,1
2011-02-12T20:00:00Z,0.4317,1
2011-02-12T21:00:00Z,-0.0583,1
2011-02-12T22:00:00Z,-0.4383,1
2011-02-12T23:00:00Z,-0.7983,1
2011-02-13T00:00:00Z,-0.8083,1
2011-02-13T01:00:00Z,-0.6683,1
2011-02-13T02:00:00Z,-0.3483,1
2011-02-13T03:00:00Z,0.0617,1
2011-02-13T04:00:00Z,0.5017,1
2011-02-13T05:00:00Z,0.8817,1
2011-02-13T06:00:00Z,1.1417,1
2011-02-13T07:00:00Z,1.2217,1
2011-02-13T08:00:00Z,0.9417,1
2011-02-13T09:00:00Z,0.5517,1
2011-02-13T10:00:00Z,0.0617,1
2011-02-13T11:00:00Z,-0.3683,1
2011-02-13T12:00:00Z,-0.6183,1
2011-02-13T13:00:00Z,-0.7183,1
2011-02-13T14:00:00Z,-0.5483,1
2011-02-13T15:00:00Z,-0.2683,1
2011-02-13T16:00:00Z,0.1217,1
2011-02-13T17:00:00Z,0.4617,1
2011-02-13T18:00:00Z,0.8117,1
2011-02-13T19:00:00Z,1.0117,1
2011-02-13T20:00:00Z,0.9517,1
2011-02-13T21:00:00Z,0.7017,1
2011-02-13T22:00:00Z,0.2318,1
2011-02-13T23:00:00Z,-0.2282,1
2011-02-14T00:00:00Z,-0.6182,1
2011-02-14T01:00:00Z,-0.8082,1
2011-02-14T02:00:00Z,-0.7682,1
2011-02-14T03:00:00Z,-0.5682,1
2011-02-14T04:00:00Z,-0.2182,1
2011-02-14T05:00:00Z,0.1618,1
2011-02-14T06:00:00Z,0.5518,1
2011-02-14T07:00:00Z,0.8818,1
2011-02-14T08:00:00Z,1.0118,1
2011-02-14T09:00:00Z,0.8918,1
2011-02-14T10:00:00Z,0.5318,1
2011-02-14T11:00:00Z,0.0518,1
2011-02-14T12:00:00Z,-0.4682,1
2011-02-14T13:00:00Z,-0.8582,1
2011-02-14T14:00:00Z,-1.0282,1
2011-02-14T15:00:00Z,-0.9182,1
2011-02-14T16:00:00Z,-0.5782,1
2011-02-14T17:00:00Z,-0.1082,1
2011-02-14T18:00:00Z,0.4118,1
2011-02-14T19:00:00Z,0.8418,1
2011-02-14T20:00:00Z,1.1518,1
2011-02-14T21:00:00Z,1.1318,1
2011-02-14T22:00:00Z,0.8518,1
2011-02-14T23:00:00Z,0.3518,1
2011-02-15T00:00:00Z,-0.1882,1
2011-02-15T01:00:00Z,-0.6282,1
2011-02-15T02:00:00Z,-0.8682,1
2011-02-15T03:00:00Z,-0.8482,1
2011-02-15T04:00:00Z,-0.5882,1
2011-02-15T05:00:00Z,-0.1582,1
2011-02-15T06:00:00Z,0.3418,1
2011-02-15T07:00:00Z,0.8618,1
2011-02-15T08:00:00Z,1.3218,1
2011-02-15T09:00:00Z,1.5118,1
2011-02-15T10:00:00Z,1.3518,1
2011-02-15T11:00:00Z,0.8518,1
2011-02-15T12:00:00Z,0.1918,1
2011-02-15T13:00:00Z,-0.5582,1
2011-02-15T14:00:00Z,-1.0482,1
2011-02-15T15:00:00Z,-1.2982,1
2011-02-15T16:00:00Z,-1.0482,1
2011-02-15T17:00:00Z,-0.6082,1
2011-02-15T18:00:00Z,0.0018,1
2011-02-15T19:00:00Z,0.5718,1
2011-02-15T20:00:00Z,1.0618,1
2011-02-15T21:00:00Z,1.4018,1
2011-02-15T22:00:00Z,1.4418,1
2011-02-15T23:00:00Z,1.0818,1
2011-02-16T00:00:00Z,0.4218,1
2011-02-16T01:00:00Z,-0.2782,1
2011-02-16T02:00:00Z,-0.8482,1
2011-02-16T03:00:00Z,-1.1682,1
2011-02-16T04:00:00Z,-1.1082,1
2011-02-16T05:00:00Z,-0.6682,1
2011-02-16T06:00:00Z,-0.1082,1
2011-02-16T07:00:00Z,0.5318,1
2011-02-16T08:00:00Z,1.1018,1
2011-02-16T09:00:00Z,1.5318,1
2011-02-16T10:00:00Z,1.7018,1
2011-02-16T11:00:00Z,1.4918,1
2011-02-16T12:00:00Z,0.8418,1
2011-02-16T13:00:00Z,0.0018,1
2011-02-16T14:00:00Z,-0.8282,1
2011-02-16T15:00:00Z,-1.3882,1
2011-02-16T16:00:00Z,-1.4982,1
2011-02-16T17:00:00Z,-1.2182,1
2011-02-16T18:00:00Z,-0.6182,1
2011-02-16T19:00:00Z,0.1018,1
2011-02-16T20:00:00Z,0.7818,1
2011-02-16T21:00:00Z,1.3618,1
2011-02-16T22:00:00Z,1.6718,1
2011-02-16T23:00:00Z,1.5918,1
2011-02-17T00:00:00Z,1.1018,1
2011-02-17T01:00:00Z,0.2818,1
2011-02-17T02:00:00Z,-0.5682,1
2011-02-17T03:00:00Z,-1.2282,1
2011-02-17T04:00:00Z,-1.4682,1
2011-02-17T05:00:00Z,-1.2382,1
2011-02-17T06:00:00Z,-0.6482,1
2011-02-17T07:00:00Z,0.0818,1
2011-02-17T08:00:00Z,0.8318,1
2011-02-17T09:00:00Z,1.4718,1
2011-02-17T10:00:00Z,1.9018,1
2011-02-17T11:00:00Z,1.9518,1
2011-02-17T12:00:00Z,1.4818,1
2011-02-17T13:00:00Z,0.6218,1
2011-02-17T14:00:00Z,-0.4082,1
2011-02-17T15:00:00Z,-1.3482,1
2011-02-17T16:00:00Z,-1.8682,1
2011-02-17T17:00:00Z,-1.8482,1
2011-02-17T18:00:00Z,-1.3382,1
2011-02-17T19:00:00Z,-0.5482,1
2011-02-17T20:00:00Z,0.3018,1
2011-02-17T21:00:00Z,1.0318,1
2011-02-17T22:00:00Z,1.5718,1
2011-02-17T23:00:00Z,1.8218,1
2011-02-18T00:00:00Z,1.5618,1
2011-02-18T01:00:00Z,0.8918,1
2011-02-18T02:00:00Z,-0.0982,1
2011-02-18T03:00:00Z,-1.0882,1
2011-02-18T04:00:00Z,-1.7282,1
2011-02-18T05:00:00Z,-1.7982,1
2011-02-18T06:00:00Z,-1.3882,1
2011-02-18T07:00:00Z,-0.5882,1
2011-02-18T08:00:00Z,0.3018,1
2011-02-18T09:00:00Z,1.1118,1
2011-02-18T10:00:00Z,1.7218,1
2011-02-18T11:00:00Z,2.0418,1
2011-02-18T12:00:00Z,1.9218,1
2011-02-18T13:00:00Z,1.3018,1
2011-02-18T14:00:00Z,0.3018,1
2011-02-18T15:00:00Z,-0.8482,1
2011-02-18T16:00:00Z,-1.7482,1
2011-02-18T17:00:00Z,-2.1282,1
2011-02-18T18:00:00Z,-1.9282,1
2011-02-18T19:00:00Z,-1.2082,1
2011-02-18T20:00:00Z,-0.2682,1
2011-02-18T21:00:00Z,0.6618,1
2011-02-18T22:00:00Z,1.3618,1
2011-02-18T23:00:00Z,1.8518,1
2011-02-19T00:00:00Z,1.9018,1
2011-02-19T01:00:00Z,1.4918,1
2011-02-19T02:00:00Z,0.5918,1
2011-02-19T03:00:00Z,-0.5582,1
2011-02-19T04:00:00Z,-1.5282,1
2011-02-19T05:00:00Z,-2.0082,1
2011-02-19T06:00:00Z,-1.8682,1
2011-02-19T07:00:00Z,-1.1982,1
2011-02-19T08:00:00Z,-0.2582,1
2011-02-19T09:00:00Z,0.7018,1
2011-02-19T10:00:00Z,1.4618,1
2011-02-19T11:00:00Z,2.0318,1
2011-02-19T12:00:00Z,2.2118,1
2011-02-19T13:00:00Z,1.8918,1
2011-02-19T14:00:00Z,1.0818,1
2011-02-19T15:00:00Z,-0.1282,1
2011-02-19T16:00:00Z,-1.3382,1
2011-02-19T17:00:00Z,-2.1782,1
2011-02-19T18:00:00Z,-2.3882,1
2011-02-19T19:00:00Z,-1.9982,1
2011-02-19T20:00:00Z,-1.0882,1
2011-02-19T21:00:00Z,-0.0882,1
2011-02-19T22:00:00Z,0.8218,1
2011-02-19T23:00:00Z,1.4718,1
2011-02-20T00:00:00Z,1.8518,1
2011-02-20T01:00:00Z,1.7718,1
2011-02-20T02:00:00Z,1.1818,1
2011-02-20T03:00:00Z,0.1618,1
2011-02-20T04:00:00Z,-1.0282,1
2011-02-20T05:00:00Z,-1.9282,1
2011-02-20T06:00:00Z,-2.1982,1
2011-02-20T07:00:00Z,-1.8882,1
2011-02-20T08:00:00Z,-1.1182,1
2011-02-20T09:00:00Z,-0.0682,1
2011-02-20T10:00:00Z,0.8818,1
2011-02-20T11:00:00Z,1.5818,1
2011-02-20T12:00:00Z,2.0818,1
2011-02-20T13:00:00Z,2.1418,1
2011-02-20T14:00:00Z,1.6918,1
2011-02-20T15:00:00Z,0.7318,1
2011-02-20T16:00:00Z,-0.4982,1
2011-02-20T17:00:00Z,-1.6482,1
2011-02-20T18:00:00Z,-2.3082,1
2011-02-20T19:00:00Z,-2.3282,1
2011-02-20T20:00:00Z,-1.7482,1
2011-02-20T21:00:00Z,-0.7882,1
2011-02-20T22:00:00Z,0.2218,1
2011-02-20T23:00:00Z,1.0418,1
2011-02-21T00:00:00Z,1.6118,1
2011-02-21T01:00:00Z,1.8918,1
2011-02-21T02:00:00Z,1.6718,1
2011-02-21T03:00:00Z,0.9318,1
2011-02-21T04:00:00Z,-0.1682,1
2011-02-21T05:00:00Z,-1.3382,1
2011-02-21T06:00:00Z,-2.0682,1
2011-02-21T07:00:00Z,-2.1682,1
2011-02-21T08:00:00Z,-1.7282,1
2011-02-21T09:00:00Z,-0.8182,1
2011-02-21T10:00:00Z,0.2018,1
2011-02-21T11:00:00Z,1.0818,1
2011-02-21T12:00:00Z,1.7218,1
2011-02-21T13:00:00Z,2.1018,1
2011-02-21T14:00:00Z,2.0518,1
2011-02-21T15:00:00Z,1.5018,1
2011-02-21T16:00:00Z,0.4318,1
2011-02-21T17:00:00Z,-0.8182,1
2011-02-21T18:00:00Z,-1.8482,1
2011-02-21T19:00:00Z,-2.3582,1
2011-02-21T20:00:00Z,-2.2282,1
2011-02-21T21:00:00Z,-1.5682,1
2011-02-21T22:00:00Z,-0.5982,1
2011-02-21T23:00:00Z,0.3218,1
2011-02-22T00:00:00Z,1.0818,1
2011-02-22T01:00:00Z,1.5818,1
2011-02-22T02:00:00Z,1.7318,1
2011-02-22T03:00:00Z,1.4218,1
2011-02-22T04:00:00Z,0.6218,1
2011-02-22T05:00:00Z,-0.4682,1
2011-02-22T06:00:00Z,-1.5182,1
2011-02-22T07:00:00Z,-2.1082,1
2011-02-22T08:00:00Z,-2.0882,1
2011-02-22T09:00:00Z,-1.5682,1
2011-02-22T10:00:00Z,-0.6582,1
2011-02-22T11:00:00Z,0.2618,1
2011-02-22T12:00:00Z,1.0318,1
2011-02-22T13:00:00Z,1.6118,1
2011-02-22T14:00:00Z,1.9318,1
2011-02-22T15:00:00Z,1.8018,1
2011-02-22T16:00:00Z,1.1918,1
2011-02-22T17:00:00Z,0.1618,1
2011-02-22T18:00:00Z,-0.9782,1
2011-02-22T19:00:00Z,-1.7982,1
2011-02-22T20:00:00Z,-2.1381,1
2011-02-22T21:00:00Z,-1.9481,1
2011-02-22T22:00:00Z,-1.2381,1
2011-02-22T23:00:00Z,-0.3581,1
2011-02-23T00:00:00Z,0.4619,1
2011-02-23T01:00:00Z,1.1019,1
2011-02-23T02:00:00Z,1.5419,1
2011-02-23T03:00:00Z,1.5919,1
2011-02-23T04:00:00Z,1.2119,1
2011-02-23T05:00:00Z,0.4119,1
2011-02-23T06:00:00Z,-0.5881,1
2011-02-23T07:00:00Z,-1.4481,1
2011-02-23T08:00:00Z,-1.8581,1
2011-02-23T09:00:00Z,-1.7981,1
2011-02-23T10:00:00Z,-1.2881,1
2011-02-23T11:00:00Z,-0.4681,1
2011-02-23T12:00:00Z,0.3319,1
2011-02-23T13:00:00Z,1.0519,1
2011-02-23T14:00:00Z,1.5919,1
2011-02-23T15:00:00Z,1.8219,1
2011-02-23T16:00:00Z,1.6919,1
2011-02-23T17:00:00Z,1.0919,1
2011-02-23T18:00:00Z,0.1419,1
2011-02-23T19:00:00Z,-0.8081,1
2011-02-23T20:00:00Z,-1.4981,1
2011-02-23T21:00:00Z,-1.7581,1
2011-02-23T22:00:00Z,-1.5281,1
2011-02-23T23:00:00Z,-0.9381,1
2011-02-24T00:00:00Z,-0.1981,1
2011-02-24T01:00:00Z,0.4519,1
2011-02-24T02:00:00Z,1.0319,1
2011-02-24T03:00:00Z,1.3819,1
2011-02-24T04:00:00Z,1.4119,1
2011-02-24T05:00:00Z,1.0419,1
2011-02-24T06:00:00Z,0.2819,1
2011-02-24T07:00:00Z,-0.5481,1
2011-02-24T08:00:00Z,-1.2681,1
2011-02-24T09:00:00Z,-1.5781,1
2011-02-24T10:00:00Z,-1.5181,1
2011-02-24T12:00:00Z,-0.4081,1
2011-02-24T13:00:00Z,0.2519,1
2011-02-24T14:00:00Z,0.8019,1
2011-02-24T15:00:00Z,1.2619,1
2011-02-24T16:00:00Z,1.4819,1
2011-02-24T17:00:00Z,1.3419,1
2011-02-24T18:00:00Z,0.8219,1
2011-02-24T19:00:00Z,0.0519,1
2011-02-24T20:00:00Z,-0.7381,1
2011-02-24T22:00:00Z,-1.4881,1
2011-02-24T23:00:00Z,-1.2581,1
2011-02-25T00:00:00Z,-0.7681,1
2011-02-25T01:00:00Z,-0.1281,1
2011-02-25T02:00:00Z,0.4519,1
2011-02-25T03:00:00Z,0.9419,1
2011-02-25T04:00:00Z,1.2819,1
2011-02-25T05:00:00Z,1.3119,1
2011-02-25T06:00:00Z,1.0219,1
2011-02-25T07:00:00Z,0.4119,1
2011-02-25T08:00:00Z,-0.2981,1
2011-02-25T09:00:00Z,-0.8881,1
2011-02-25T10:00:00Z,-1.1381,1
2011-02-25T11:00:00Z,-1.1681,1
2011-02-25T12:00:00Z,-0.8781,1
2011-02-25T13:00:00Z,-0.4481,1
2011-02-25T14:00:00Z,0.0919,1
2011-02-25T15:00:00Z,0.5819,1
2011-02-25T16:00:00Z,0.9619,1
2011-02-25T17:00:00Z,1.2019,1
2011-02-25T18:00:00Z,1.2019,1
2011-02-25T19:00:00Z,0.7819,1
2011-02-25T20:00:00Z,0.1819,1
2011-02-25T21:00:00Z,-0.4581,1
2011-02-25T22:00:00Z,-1.0181,1
2011-02-25T23:00:00Z,-1.1481,1
2011-02-26T00:00:00Z,-1.0581,1
2011-02-26T01:00:00Z,-0.6681,1
2011-02-26T02:00:00Z,-0.1981,1
2011-02-26T03:00:00Z,0.3119,1
2011-02-26T04:00:00Z,0.7119,1
2011-02-26T05:00:00Z,1.0119,1
2011-02-26T06:00:00Z,1.1419,1
2011-02-26T07:00:00Z,0.9319,1
2011-02-26T08:00:00Z,0.4319,1
2011-02-26T09:00:00Z,-0.1881,1
2011-02-26T10:00:00Z,-0.7881,1
2011-02-26T11:00:00Z,-1.1981,1
2011-02-26T12:00:00Z,-1.2881,1
2011-02-26T13:00:00Z,-1.0581,1
2011-02-26T14:00:00Z,-0.7281,1
2011-02-26T15:00:00Z,-0.3381,1
2011-02-26T16:00:00Z,0.0919,1
2011-02-26T17:00:00Z,0.5219,1
2011-02-26T18:00:00Z,0.8219,1
2011-02-26T19:00:00Z,0.9319,1
2011-02-26T20:00:00Z,0.7119,1
2011-02-26T21:00:00Z,0.2419,1
2011-02-26T22:00:00Z,-0.3481,1
2011-02-26T23:00:00Z,-0.8781,1
2011-02-27T00:00:00Z,-1.1781,1
2011-02-27T01:00:00Z,-1.1881,1
2011-02-27T02:00:00Z,-0.9481,1
2011-02-27T03:00:00Z,-0.5781,1
2011-02-27T04:00:00Z,-0.1481,1
2011-02-27T05:00:00Z,0.2719,1
2011-02-27T06:00:00Z,0.6319,1
2011-02-27T07:00:00Z,0.8519,1
2011-02-27T08:00:00Z,0.8319,1
2011-02-27T09:00:00Z,0.5019,1
2011-02-27T10:00:00Z,0.0219,1
2011-02-27T11:00:00Z,-0.5281,1
2011-02-27T12:00:00Z,-1.0281,1
2011-02-27T13:00:00Z,-1.2681,1
2011-02-27T14:00:00Z,-1.2181,1
2011-02-27T15:00:00Z,-0.9781,1
2011-02-27T16:00:00Z,-0.6581,1
2011-02-27T17:00:00Z,-0.2581,1
2011-02-27T18:00:00Z,0.1819,1
2011-02-27T19:00:00Z,0.5419,1
2011-02-27T20:00:00Z,0.7119,1
2011-02-27T21:00:00Z,0.5919,1
2011-02-27T22:00:00Z,0.2219,1
2011-02-27T23:00:00Z,-0.3381,1
2011-02-28T00:00:00Z,-0.8781,1
2011-02-28T01:00:00Z,-1.2781,1
2011-02-28T02:00:00Z,-1.3881,1
2011-02-28T03:00:00Z,-1.2381,1
2011-02-28T04:00:00Z,-0.8681,1
2011-02-28T05:00:00Z,-0.3881,1
2011-02-28T06:00:00Z,0.0819,1
2011-02-28T07:00:00Z,0.4919,1
2011-02-28T08:00:00Z,0.8019,1
2011-02-28T09:00:00Z,0.8519,1
2011-02-28T10:00:00Z,0.5919,1
2011-02-28T11:00:00Z,0.0819,1
2011-02-28T12:00:00Z,-0.5481,1
2011-02-28T13:00:00Z,-1.1281,1
2011-02-28T14:00:00Z,-1.4981,1
2011-02-28T15:00:00Z,-1.5981,1
2011-02-28T16:00:00Z,-1.3781,1
2011-02-28T17:00:00Z,-0.9681,1
2011-02-28T18:00:00Z,-0.4581,1
2011-02-28T19:00:00Z,0.0519,1
2011-02-28T20:00:00Z,0.4919,1
2011-02-28T21:00:00Z,0.7419,1
2011-02-28T22:00:00Z,0.7019,1
2011-02-28T23:00:00Z,0.3519,1
2011-03-01T00:00:00Z,-0.2181,1
2011-03-01T01:00:00Z,-0.7981,1
2011-03-01T02:00:00Z,-1.2581,1
2011-03-01T03:00:00Z,-1.4281,1
2011-03-01T04:00:00Z,-1.2781,1
2011-03-01T05:00:00Z,-0.8481,1
2011-03-01T06:00:00Z,-0.3281,1
2011-03-01T07:00:00Z,0.1919,1
2011-03-01T08:00:00Z,0.6719,1
2011-03-01T09:00:00Z,0.9719,1
2011-03-01T10:00:00Z,1.0019,1
2011-03-01T11:00:00Z,0.6519,1
2011-03-01T12:00:00Z,0.0119,1
2011-03-01T13:00:00Z,-0.7181,1
2011-03-01T14:00:00Z,-1.3881,1
2011-03-01T15:00:00Z,-1.7581,1
2011-03-01T16:00:00Z,-1.7681,1
2011-03-01T17:00:00Z,-1.4981,1
2011-03-01T18:00:00Z,-0.9681,1
2011-03-01T19:00:00Z,-0.3881,1
2011-03-01T20:00:00Z,0.1819,1
2011-03-01T21:00:00Z,0.6519,1
2011-03-01T22:00:00Z,0.8919,1
2011-03-01T23:00:00Z,0.8219,1
2011-03-02T00:00:00Z,0.3619,1
2011-03-02T01:00:00Z,-0.3281,1
2011-03-02T02:00:00Z,-1.0381,1
2011-03-02T03:00:00Z,-1.5181,1
2011-03-02T04:00:00Z,-1.6181,1
2011-03-02T05:00:00Z,-1.3281,1
2011-03-02T06:00:00Z,-0.7781,1
2011-03-02T07:00:00Z,-0.1281,1
2011-03-02T08:00:00Z,0.4719,1
2011-03-02T09:00:00Z,0.9119,1
2011-03-02T10:00:00Z,1.1719,1
2011-03-02T11:00:00Z,1.0519,1
2011-03-02T12:00:00Z,0.6419,1
2011-03-02T13:00:00Z,-0.0981,1
2011-03-02T14:00:00Z,-0.8781,1
2011-03-02T15:00:00Z,-1.5481,1
2011-03-02T16:00:00Z,-1.8481,1
2011-03-02T17:00:00Z,-1.7681,1
2011-03-02T18:00:00Z,-1.3281,1
2011-03-02T19:00:00Z,-0.7381,1
2011-03-02T20:00:00Z,-0.0481,1
2011-03-02T21:00:00Z,0.5219,1
2011-03-02T22:00:00Z,0.8919,1
2011-03-02T23:00:00Z,1.0119,1
2011-03-03T00:00:00Z,0.6719,1
2011-03-03T01:00:00Z,0.0619,1
2011-03-03T02:00:00Z,-0.7581,1
2011-03-03T03:00:00Z,-1.4181,1
2011-03-03T04:00:00Z,-1.8081,1
2011-03-03T05:00:00Z,-1.7381,1
2011-03-03T06:00:00Z,-1.2881,1
2011-03-03T07:00:00Z,-0.6281,1
2011-03-03T08:00:00Z,0.1019,1
2011-03-03T09:00:00Z,0.6719,1
2011-03-03T10:00:00Z,1.0919,1
2011-03-03T11:00:00Z,1.2319,1
2011-03-03T12:00:00Z,0.9819,1
2011-03-03T13:00:00Z,0.3619,1
2011-03-03T14:00:00Z,-0.4981,1
2011-03-03T15:00:00Z,-1.3681,1
2011-03-03T16:00:00Z,-1.9481,1
2011-03-03T17:00:00Z,-2.0581,1
2011-03-03T18:00:00Z,-1.768,1
2011-03-03T19:00:00Z,-1.148,1
2011-03-03T20:00:00Z,-0.418,1
2011-03-04T00:00:00Z,0.942,1
2011-03-04T01:00:00Z,0.462,1
2011-03-04T02:00:00Z,-0.318,1
2011-03-04T03:00:00Z,-1.148,1
2011-03-04T04:00:00Z,-1.758,1
2011-03-04T05:00:00Z,-1.918,1
2011-03-04T06:00:00Z,-1.608,1
2011-03-04T07:00:00Z,-0.948,1
2011-03-04T08:00:00Z,-0.168,1
2011-03-04T10:00:00Z,1.102,1
2011-03-04T11:00:00Z,1.402,1
2011-03-04T12:00:00Z,1.352,1
2011-03-04T13:00:00Z,0.892,1
2011-03-04T14:00:00Z,0.092,1
2011-03-04T15:00:00Z,-0.858,1
2011-03-04T16:00:00Z,-1.648,1
2011-03-04T17:00:00Z,-2.048,1
2011-03-04T18:00:00Z,-1.948,1
2011-03-04T19:00:00Z,-1.478,1
2011-03-04T20:00:00Z,-0.718,1
2011-03-04T21:00:00Z,0.002,1
2011-03-04T22:00:00Z,0.622,1
2011-03-04T23:00:00Z,1.042,1
2011-03-05T00:00:00Z,1.172,1
2011-03-05T01:00:00Z,0.882,1
2011-03-05T02:00:00Z,0.192,1
2011-03-05T03:00:00Z,-0.688,1
2011-03-05T04:00:00Z,-1.498,1
2011-03-05T05:00:00Z,-1.928,1
2011-03-05T06:00:00Z,-1.858,1
2011-03-05T07:00:00Z,-1.378,1
2011-03-05T08:00:00Z,-0.578,1
2011-03-05T09:00:00Z,0.192,1
2011-03-05T10:00:00Z,0.872,1
2011-03-05T11:00:00Z,1.312,1
2011-03-05T12:00:00Z,1.442,1
2011-03-05T13:00:00Z,1.162,1
2011-03-05T14:00:00Z,0.522,1
2011-03-05T15:00:00Z,-0.428,1
2011-03-05T16:00:00Z,-1.358,1
2011-03-05T17:00:00Z,-1.948,1
2011-03-05T18:00:00Z,-2.058,1
2011-03-05T19:00:00Z,-1.708,1
2011-03-05T20:00:00Z,-0.998,1
2011-03-05T21:00:00Z,-0.218,1
2011-03-05T22:00:00Z,0.472,1
2011-03-05T23:00:00Z,1.002,1
2011-03-06T00:00:00Z,1.242,1
2011-03-06T01:00:00Z,1.112,1
2011-03-06T02:00:00Z,0.582,1
2011-03-06T03:00:00Z,-0.268,1
2011-03-06T04:00:00Z,-1.188,1
2011-03-06T05:00:00Z,-1.848,1
2011-03-06T06:00:00Z,-2.028,1
2011-03-06T07:00:00Z,-1.718,1
2011-03-06T08:00:00Z,-1.048,1
2011-03-06T09:00:00Z,-0.228,1
2011-03-06T10:00:00Z,0.532,1
2011-03-06T11:00:00Z,1.102,1
2011-03-06T12:00:00Z,1.422,1
2011-03-06T13:00:00Z,1.362,1
2011-03-06T14:00:00Z,0.872,1
2011-03-06T15:00:00Z,0.052,1
2011-03-06T16:00:00Z,-0.918,1
2011-03-06T17:00:00Z,-1.698,1
2011-03-06T18:00:00Z,-2.018,1
2011-03-06T19:00:00Z,-1.878,1
2011-03-06T20:00:00Z,-1.328,1
2011-03-06T21:00:00Z,-0.578,1
2011-03-06T22:00:00Z,0.152,1
2011-03-06T23:00:00Z,0.762,1
2011-03-07T00:00:00Z,1.162,1
2011-03-07T01:00:00Z,1.222,1
2011-03-07T02:00:00Z,0.892,1
2011-03-07T03:00:00Z,0.162,1
2011-03-07T04:00:00Z,-0.768,1
2011-03-07T05:00:00Z,-1.598,1
2011-03-07T06:00:00Z,-1.988,1
2011-03-07T07:00:00Z,-1.928,1
2011-03-07T08:00:00Z,-1.388,1
2011-03-07T09:00:00Z,-0.598,1
2011-03-07T10:00:00Z,0.212,1
2011-03-07T11:00:00Z,0.892,1
2011-03-07T12:00:00Z,1.352,1
2011-03-07T13:00:00Z,1.462,1
2011-03-07T14:00:00Z,1.182,1
2011-03-07T15:00:00Z,0.522,1
2011-03-07T17:00:00Z,-1.298,1
2011-03-07T18:00:00Z,-1.848,1
2011-03-07T19:00:00Z,-1.938,1
2011-03-07T20:00:00Z,-1.568,1
2011-03-07T21:00:00Z,-0.898,1
2011-03-07T22:00:00Z,-0.128,1
2011-03-07T23:00:00Z,0.542,1
2011-03-08T00:00:00Z,1.052,1
2011-03-08T01:00:00Z,1.302,1
2011-03-08T02:00:00Z,1.142,1
2011-03-08T03:00:00Z,0.632,1
2011-03-08T04:00:00Z,-0.208,1
2011-03-08T05:00:00Z,-1.088,1
2011-03-08T06:00:00Z,-1.688,1
2011-03-08T07:00:00Z,-1.848,1
2011-03-08T08:00:00Z,-1.548,1
2011-03-08T09:00:00Z,-0.878,1
2011-03-08T10:00:00Z,-0.088,1
2011-03-08T11:00:00Z,0.652,1
2011-03-08T12:00:00Z,1.202,1
2011-03-08T13:00:00Z,1.542,1
2011-03-08T14:00:00Z,1.482,1
2011-03-08T15:00:00Z,1.032,1
2011-03-08T16:00:00Z,0.272,1
2011-03-08T17:00:00Z,-0.648,1
2011-03-08T18:00:00Z,-1.398,1
2011-03-08T19:00:00Z,-1.678,1
2011-03-08T20:00:00Z,-1.528,1
2011-03-08T21:00:00Z,-0.988,1
2011-03-08T22:00:00Z,-0.228,1
2011-03-08T23:00:00Z,0.472,1
2011-03-09T00:00:00Z,1.032,1
2011-03-09T01:00:00Z,1.372,1
2011-03-09T02:00:00Z,1.422,1
2011-03-09T03:00:00Z,1.112,1
2011-03-09T04:00:00Z,0.492,1
2011-03-09T05:00:00Z,-0.338,1
2011-03-09T06:00:00Z,-1.118,1
2011-03-09T07:00:00Z,-1.498,1
2011-03-09T08:00:00Z,-1.518,1
2011-03-09T09:00:00Z,-1.058,1
2011-03-09T10:00:00Z,-0.398,1
2011-03-09T11:00:00Z,0.322,1
2011-03-09T12:00:00Z,0.882,1
2011-03-09T13:00:00Z,1.292,1
2011-03-09T14:00:00Z,1.382,1
2011-03-09T15:00:00Z,1.172,1
2011-03-09T16:00:00Z,0.592,1
2011-03-09T17:00:00Z,-0.218,1
2011-03-09T18:00:00Z,-1.058,1
2011-03-09T19:00:00Z,-1.538,1
2011-03-09T20:00:00Z,-1.638,1
2011-03-09T21:00:00Z,-1.288,1
2011-03-09T22:00:00Z,-0.648,1
2011-03-09T23:00:00Z,0.132,1
2011-03-10T00:00:00Z,0.792,1
2011-03-10T01:00:00Z,1.242,1
2011-03-10T02:00:00Z,1.462,1
2011-03-10T03:00:00Z,1.392,1
2011-03-10T04:00:00Z,0.932,1
2011-03-10T05:00:00Z,0.252,1
2011-03-10T06:00:00Z,-0.448,1
2011-03-10T07:00:00Z,-1.028,1
2011-03-10T08:00:00Z,-1.218,1
2011-03-10T09:00:00Z,-1.048,1
2011-03-10T10:00:00Z,-0.568,1
2011-03-10T11:00:00Z,0.062,1
2011-03-10T12:00:00Z,0.682,1
2011-03-10T13:00:00Z,1.132,1
2011-03-10T14:00:00Z,1.452,1
2011-03-10T15:00:00Z,1.412,1
2011-03-10T16:00:00Z,1.102,1
2011-03-10T17:00:00Z,0.432,1
2011-03-10T18:00:00Z,-0.398,1
2011-03-10T19:00:00Z,-1.058,1
2011-03-10T20:00:00Z,-1.358,1
2011-03-10T21:00:00Z,-1.338,1
2011-03-10T22:00:00Z,-0.948,1
2011-03-10T23:00:00Z,-0.358,1
2011-03-11T00:00:00Z,0.212,1
2011-03-11T01:00:00Z,0.702,1
2011-03-11T02:00:00Z,1.062,1
2011-03-11T03:00:00Z,1.142,1
2011-03-11T04:00:00Z,0.972,1
2011-03-11T05:00:00Z,0.462,1
2011-03-11T06:00:00Z,-0.218,1
2011-03-11T07:00:00Z,-0.848,1
2011-03-11T08:00:00Z,-1.278,1
2011-03-11T09:00:00Z,-1.328,1
2011-03-11T10:00:00Z,-1.068,1
2011-03-11T11:00:00Z,-0.518,1
2011-03-11T12:00:00Z,0.062,1
2011-03-11T13:00:00Z,0.612,1
2011-03-11T14:00:00Z,1.042,1
2011-03-11T15:00:00Z,1.272,1
2011-03-11T16:00:00Z,1.192,1
2011-03-11T18:00:00Z,0.202,1
2011-03-11T19:00:00Z,-0.438,1
2011-03-11T20:00:00Z,-0.928,1
2011-03-11T21:00:00Z,-1.088,1
2011-03-11T22:00:00Z,-0.968,1
2011-03-11T23:00:00Z,-0.558,1
2011-03-12T00:00:00Z,-0.038,1
2011-03-12T01:00:00Z,0.452,1
2011-03-12T02:00:00Z,0.862,1
2011-03-12T03:00:00Z,1.142,1
2011-03-12T04:00:00Z,1.172,1
2011-03-12T05:00:00Z,0.892,1
2011-03-12T06:00:00Z,0.382,1
2011-03-12T07:00:00Z,-0.258,1
2011-03-12T08:00:00Z,-0.808,1
2011-03-12T09:00:00Z,-1.108,1
2011-03-12T10:00:00Z,-1.128,1
2011-03-12T11:00:00Z,-0.848,1
2011-03-12T12:00:00Z,-0.378,1
2011-03-12T13:00:00Z,0.132,1
2011-03-12T14:00:00Z,0.592,1
2011-03-12T15:00:00Z,0.942,1
2011-03-12T16:00:00Z,1.1021,1
2011-03-12T17:00:00Z,1.0021,1
2011-03-12T18:00:00Z,0.6221,1
2011-03-12T19:00:00Z,0.0621,1
2011-03-12T20:00:00Z,-0.4879,1
2011-03-12T21:00:00Z,-0.8879,1
2011-03-12T23:00:00Z,-0.8579,1
2011-03-13T00:00:00Z,-0.5179,1
2011-03-13T01:00:00Z,-0.0879,1
2011-03-13T02:00:00Z,0.3421,1
2011-03-13T03:00:00Z,0.7321,1
2011-03-13T04:00:00Z,0.9821,1
2011-03-13T05:00:00Z,1.0021,1
2011-03-13T06:00:00Z,0.7621,1
2011-03-13T07:00:00Z,0.3021,1
2011-03-13T08:00:00Z,-0.2579,1
2011-03-13T09:00:00Z,-0.7679,1
2011-03-13T10:00:00Z,-1.0579,1
2011-03-13T11:00:00Z,-1.1079,1
2011-03-13T12:00:00Z,-0.8579,1
2011-03-13T13:00:00Z,-0.4979,1
2011-03-13T14:00:00Z,-0.1179,1
2011-03-13T15:00:00Z,0.3021,1
2011-03-13T16:00:00Z,0.6721,1
2011-03-13T17:00:00Z,0.8421,1
2011-03-13T18:00:00Z,0.7721,1
2011-03-13T19:00:00Z,0.4321,1
2011-03-13T20:00:00Z,-0.0279,1
2011-03-13T21:00:00Z,-0.5379,1
2011-03-13T22:00:00Z,-0.9079,1
2011-03-13T23:00:00Z,-1.0779,1
2011-03-14T00:00:00Z,-0.9979,1
2011-03-14T01:00:00Z,-0.7679,1
2011-03-14T02:00:00Z,-0.4479,1
2011-03-14T03:00:00Z,-0.0879,1
2011-03-14T04:00:00Z,0.2721,1
2011-03-14T05:00:00Z,0.5621,1
2011-03-14T06:00:00Z,0.6421,1
2011-03-14T07:00:00Z,0.4921,1
2011-03-14T08:00:00Z,0.0821,1
2011-03-14T09:00:00Z,-0.3979,1
2011-03-14T10:00:00Z,-0.8979,1
2011-03-14T11:00:00Z,-1.2179,1
2011-03-14T12:00:00Z,-1.2979,1
2011-03-14T13:00:00Z,-1.1679,1
2011-03-14T14:00:00Z,-0.8879,1
2011-03-14T15:00:00Z,-0.4679,1
2011-03-14T16:00:00Z,-0.0679,1
2011-03-14T17:00:00Z,0.3721,1
2011-03-14T18:00:00Z,0.6521,1
2011-03-14T19:00:00Z,0.7421,1
2011-03-14T20:00:00Z,0.5421,1
2011-03-14T21:00:00Z,0.1621,1
2011-03-14T22:00:00Z,-0.3079,1
2011-03-14T23:00:00Z,-0.7279,1
2011-03-15T00:00:00Z,-0.9679,1
2011-03-15T01:00:00Z,-0.9679,1
2011-03-15T02:00:00Z,-0.8079,1
2011-03-15T03:00:00Z,-0.4879,1
2011-03-15T04:00:00Z,-0.1079,1
2011-03-15T05:00:00Z,0.3021,1
2011-03-15T06:00:00Z,0.6821,1
2011-03-15T07:00:00Z,0.8721,1
2011-03-15T08:00:00Z,0.8521,1
2011-03-15T09:00:00Z,0.5421,1
2011-03-15T10:00:00Z,0.0421,1
2011-03-15T11:00:00Z,-0.5279,1
2011-03-15T12:00:00Z,-1.0279,1
2011-03-15T13:00:00Z,-1.2779,1
2011-03-15T14:00:00Z,-1.2479,1
2011-03-15T15:00:00Z,-1.0079,1
2011-03-15T16:00:00Z,-0.6179,1
2011-03-15T17:00:00Z,-0.1379,1
2011-03-15T18:00:00Z,0.3321,1
2011-03-15T19:00:00Z,0.7121,1
2011-03-15T20:00:00Z,0.8721,1
2011-03-15T21:00:00Z,0.7721,1
2011-03-15T22:00:00Z,0.3921,1
2011-03-15T23:00:00Z,-0.1479,1
2011-03-16T00:00:00Z,-0.6879,1
2011-03-16T01:00:00Z,-1.1079,1
2011-03-16T02:00:00Z,-1.2479,1
2011-03-16T03:00:00Z,-1.1179,1
2011-03-16T04:00:00Z,-0.7479,1
2011-03-16T05:00:00Z,-0.2779,1
2011-03-16T06:00:00Z,0.2621,1
2011-03-16T07:00:00Z,0.7121,1
2011-03-16T08:00:00Z,1.0421,1
2011-03-16T09:00:00Z,1.0421,1
2011-03-16T10:00:00Z,0.7421,1
2011-03-16T11:00:00Z,0.1721,1
2011-03-16T12:00:00Z,-0.5279,1
2011-03-16T13:00:00Z,-1.1679,1
2011-03-16T14:00:00Z,-1.5079,1
2011-03-16T15:00:00Z,-1.5179,1
2011-03-16T16:00:00Z,-1.1879,1
2011-03-16T17:00:00Z,-0.6479,1
2011-03-16T18:00:00Z,-0.0379,1
2011-03-16T19:00:00Z,0.5421,1
2011-03-16T20:00:00Z,1.0021,1
2011-03-16T21:00:00Z,1.2221,1
2011-03-16T22:00:00Z,1.1021,1
2011-03-16T23:00:00Z,0.6421,1
2011-03-17T00:00:00Z,-0.0579,1
2011-03-17T01:00:00Z,-0.7679,1
2011-03-17T02:00:00Z,-1.2779,1
2011-03-17T03:00:00Z,-1.4579,1
2011-03-17T04:00:00Z,-1.2079,1
2011-03-17T05:00:00Z,-0.7179,1
2011-03-17T06:00:00Z,-0.0879,1
2011-03-17T07:00:00Z,0.5421,1
2011-03-17T08:00:00Z,1.0821,1
2011-03-17T09:00:00Z,1.4121,1
2011-03-17T10:00:00Z,1.3721,1
2011-03-17T11:00:00Z,0.9421,1
2011-03-17T12:00:00Z,0.1821,1
2011-03-17T13:00:00Z,-0.7279,1
2011-03-17T14:00:00Z,-1.4779,1
2011-03-17T15:00:00Z,-1.8879,1
2011-03-17T16:00:00Z,-1.8279,1
2011-03-17T17:00:00Z,-1.3679,1
2011-03-17T18:00:00Z,-0.6779,1
2011-03-17T19:00:00Z,0.0621,1
2011-03-17T20:00:00Z,0.7121,1
2011-03-17T21:00:00Z,1.1921,1
2011-03-17T22:00:00Z,1.3221,1
2011-03-17T23:00:00Z,1.0821,1
2011-03-18T00:00:00Z,0.4321,1
2011-03-18T01:00:00Z,-0.4279,1
2011-03-18T02:00:00Z,-1.2879,1
2011-03-18T03:00:00Z,-1.7579,1
2011-03-18T04:00:00Z,-1.7779,1
2011-03-18T05:00:00Z,-1.3879,1
2011-03-18T06:00:00Z,-0.6579,1
2011-03-18T07:00:00Z,0.1221,1
2011-03-18T08:00:00Z,0.8221,1
2011-03-18T09:00:00Z,1.3821,1
2011-03-18T10:00:00Z,1.6521,1
2011-03-18T11:00:00Z,1.4921,1
2011-03-18T12:00:00Z,0.8721,1
2011-03-18T13:00:00Z,-0.0879,1
2011-03-18T14:00:00Z,-1.1179,1
2011-03-18T15:00:00Z,-1.9179,1
2011-03-18T16:00:00Z,-2.2179,1
2011-03-18T17:00:00Z,-1.9679,1
2011-03-18T18:00:00Z,-1.2879,1
2011-03-18T19:00:00Z,-0.4079,1
2011-03-18T20:00:00Z,0.4421,1
2011-03-18T21:00:00Z,1.0821,1
2011-03-18T22:00:00Z,1.5021,1
2011-03-18T23:00:00Z,1.5121,1
2011-03-19T00:00:00Z,1.0721,1
2011-03-19T01:00:00Z,0.2121,1
2011-03-19T02:00:00Z,-0.8379,1
2011-03-19T03:00:00Z,-1.6979,1
2011-03-19T04:00:00Z,-2.0979,1
2011-03-19T05:00:00Z,-1.9579,1
2011-03-19T06:00:00Z,-1.3479,1
2011-03-19T07:00:00Z,-0.4979,1
2011-03-19T08:00:00Z,0.4121,1
2011-03-19T09:00:00Z,1.1421,1
2011-03-19T10:00:00Z,1.6721,1
2011-03-19T11:00:00Z,1.8021,1
2011-03-19T12:00:00Z,1.4421,1
2011-03-19T13:00:00Z,0.6421,1
2011-03-19T14:00:00Z,-0.5079,1
2011-03-19T15:00:00Z,-1.6379,1
2011-03-19T16:00:00Z,-2.3379,1
2011-03-19T17:00:00Z,-2.4479,1
2011-03-19T18:00:00Z,-1.9879,1
2011-03-19T19:00:00Z,-1.1079,1
2011-03-19T20:00:00Z,-0.0979,1
2011-03-19T21:00:00Z,0.7821,1
2011-03-19T22:00:00Z,1.4221,1
2011-03-19T23:00:00Z,1.7321,1
2011-03-20T00:00:00Z,1.5821,1
2011-03-20T01:00:00Z,0.9421,1
2011-03-20T02:00:00Z,-0.0979,1
2011-03-20T03:00:00Z,-1.2179,1
2011-03-20T04:00:00Z,-2.0179,1
2011-03-20T05:00:00Z,-2.2579,1
2011-03-20T06:00:00Z,-1.9079,1
2011-03-20T07:00:00Z,-1.1179,1
2011-03-20T08:00:00Z,-0.0779,1
2011-03-20T09:00:00Z,0.8521,1
2011-03-20T10:00:00Z,1.5721,1
2011-03-20T11:00:00Z,2.0021,1
2011-03-20T12:00:00Z,2.0021,1
2011-03-20T13:00:00Z,1.4621,1
2011-03-20T14:00:00Z,0.4421,1
2011-03-20T15:00:00Z,-0.8079,1
2011-03-20T16:00:00Z,-1.9279,1
2011-03-20T17:00:00Z,-2.5179,1
2011-03-20T18:00:00Z,-2.4579,1
2011-03-20T19:00:00Z,-1.7779,1
2011-03-20T20:00:00Z,-0.7879,1
2011-03-20T21:00:00Z,0.2221,1
2011-03-20T22:00:00Z,1.0321,1
2011-03-20T23:00:00Z,1.5921,1
2011-03-21T00:00:00Z,1.7921,1
2011-03-21T01:00:00Z,1.4721,1
2011-03-21T02:00:00Z,0.6721,1
2011-03-21T03:00:00Z,-0.4879,1
2011-03-21T04:00:00Z,-1.6479,1
2011-03-21T05:00:00Z,-2.3579,1
2011-03-21T06:00:00Z,-2.4179,1
2011-03-21T07:00:00Z,-1.8979,1
2011-03-21T08:00:00Z,-0.9279,1
2011-03-21T09:00:00Z,0.1221,1
2011-03-21T10:00:00Z,0.9921,1
2011-03-21T12:00:00Z,1.9721,1
2011-03-21T13:00:00Z,1.8221,1
2011-03-21T14:00:00Z,1.2021,1
2011-03-21T15:00:00Z,0.0822,1
2011-03-21T16:00:00Z,-1.1778,1
2011-03-21T17:00:00Z,-2.1778,1
2011-03-21T18:00:00Z,-2.5778,1
2011-03-21T19:00:00Z,-2.3278,1
2011-03-21T20:00:00Z,-1.5478,1
2011-03-21T21:00:00Z,-0.5178,1
2011-03-21T22:00:00Z,0.4622,1
2011-03-21T23:00:00Z,1.1822,1
2011-03-22T00:00:00Z,1.6622,1
2011-03-22T01:00:00Z,1.7122,1
2011-03-22T02:00:00Z,1.2522,1
2011-03-22T03:00:00Z,0.3522,1
2011-03-22T04:00:00Z,-0.8778,1
2011-03-22T05:00:00Z,-1.9278,1
2011-03-22T06:00:00Z,-2.4678,1
2011-03-22T07:00:00Z,-2.3778,1
2011-03-22T08:00:00Z,-1.7178,1
2011-03-22T10:00:00Z,0.2422,1
2011-03-22T11:00:00Z,1.0422,1
2011-03-22T12:00:00Z,1.6022,1
2011-03-22T13:00:00Z,1.8322,1
2011-03-22T14:00:00Z,1.6022,1
2011-03-22T15:00:00Z,0.8722,1
2011-03-22T16:00:00Z,-0.2878,1
2011-03-22T17:00:00Z,-1.4678,1
2011-03-22T18:00:00Z,-2.3178,1
2011-03-22T19:00:00Z,-2.5478,1
2011-03-22T20:00:00Z,-2.1978,1
2011-03-22T21:00:00Z,-1.3678,1
2011-03-22T22:00:00Z,-0.3778,1
2011-03-22T23:00:00Z,0.4822,1
2011-03-23T00:00:00Z,1.1222,1
2011-03-23T01:00:00Z,1.5022,1
2011-03-23T02:00:00Z,1.4622,1
2011-03-23T03:00:00Z,0.9522,1
2011-03-23T04:00:00Z,-0.0178,1
2011-03-23T05:00:00Z,-1.1578,1
2011-03-23T06:00:00Z,-2.0778,1
2011-03-23T07:00:00Z,-2.4478,1
2011-03-23T08:00:00Z,-2.2378,1
2011-03-23T09:00:00Z,-1.5478,1
2011-03-23T10:00:00Z,-0.6178,1
2011-03-23T11:00:00Z,0.2722,1
2011-03-23T12:00:00Z,0.9722,1
2011-03-23T13:00:00Z,1.4822,1
2011-03-23T14:00:00Z,1.6522,1
2011-03-23T15:00:00Z,1.3622,1
2011-03-23T16:00:00Z,0.6222,1
2011-03-23T17:00:00Z,-0.4478,1
2011-03-23T18:00:00Z,-1.4978,1
2011-03-23T19:00:00Z,-2.1378,1
2011-03-23T20:00:00Z,-2.2478,1
2011-03-23T21:00:00Z,-1.8378,1
2011-03-23T22:00:00Z,-1.0478,1
2011-03-23T23:00:00Z,-0.1878,1
2011-03-24T00:00:00Z,0.5622,1
2011-03-24T01:00:00Z,1.1222,1
2011-03-24T02:00:00Z,1.4122,1
2011-03-24T03:00:00Z,1.2622,1
2011-03-24T04:00:00Z,0.7122,1
2011-03-24T05:00:00Z,-0.2178,1
2011-03-24T06:00:00Z,-1.2078,1
2011-03-24T07:00:00Z,-1.9778,1
2011-03-24T08:00:00Z,-2.2378,1
2011-03-24T09:00:00Z,-2.0078,1
2011-03-24T10:00:00Z,-1.3678,1
2011-03-24T11:00:00Z,-0.5778,1
2011-03-24T12:00:00Z,0.2022,1
2011-03-24T13:00:00Z,0.7922,1
2011-03-24T14:00:00Z,1.2522,1
2011-03-24T15:00:00Z,1.3922,1
2011-03-24T16:00:00Z,1.1022,1
2011-03-24T17:00:00Z,0.4422,1
2011-03-24T18:00:00Z,-0.4778,1
2011-03-24T19:00:00Z,-1.3278,1
2011-03-24T20:00:00Z,-1.7978,1
2011-03-24T21:00:00Z,-1.8478,1
2011-03-24T22:00:00Z,-1.4378,1
2011-03-24T23:00:00Z,-0.7478,1
2011-03-25T00:00:00Z,-0.0278,1
2011-03-25T01:00:00Z,0.6022,1
2011-03-25T02:00:00Z,1.0822,1
2011-03-25T03:00:00Z,1.3222,1
2011-03-25T04:00:00Z,1.1622,1
2011-03-25T05:00:00Z,0.6422,1
2011-03-25T06:00:00Z,-0.1778,1
2011-03-25T07:00:00Z,-1.0478,1
2011-03-25T08:00:00Z,-1.6578,1
2011-03-25T09:00:00Z,-1.9078,1
2011-03-25T10:00:00Z,-1.6878,1
2011-03-25T11:00:00Z,-1.1778,1
2011-03-25T12:00:00Z,-0.5178,1
2011-03-25T13:00:00Z,0.1222,1
2011-03-25T14:00:00Z,0.6822,1
2011-03-25T15:00:00Z,1.0822,1
2011-03-25T16:00:00Z,1.1822,1
2011-03-25T17:00:00Z,0.9522,1
2011-03-25T18:00:00Z,0.3822,1
2011-03-25T19:00:00Z,-0.3878,1
2011-03-25T20:00:00Z,-1.0678,1
2011-03-25T21:00:00Z,-1.4578,1
2011-03-25T22:00:00Z,-1.4478,1
2011-03-25T23:00:00Z,-1.0978,1
2011-03-26T00:00:00Z,-0.5278,1
2011-03-26T01:00:00Z,0.0622,1
2011-03-26T02:00:00Z,0.5922,1
2011-03-26T03:00:00Z,1.0122,1
2011-03-26T04:00:00Z,1.2022,1
2011-03-26T05:00:00Z,1.1022,1
2011-03-26T06:00:00Z,0.6622,1
2011-03-26T07:00:00Z,-0.0278,1
2011-03-26T08:00:00Z,-0.7678,1
2011-03-26T09:00:00Z,-1.3078,1
2011-03-26T10:00:00Z,-1.5478,1
2011-03-26T11:00:00Z,-1.4078,1
2011-03-26T12:00:00Z,-1.0278,1
2011-03-26T13:00:00Z,-0.5478,1
2011-03-26T14:00:00Z,-0.0278,1
2011-03-26T15:00:00Z,0.4522,1
2011-03-26T16:00:00Z,0.8422,1
2011-03-26T17:00:00Z,1.0122,1
2011-03-26T18:00:00Z,0.8722,1
2011-03-26T20:00:00Z,-0.1678,1
2011-03-26T21:00:00Z,-0.7478,1
2011-03-26T22:00:00Z,-1.1078,1
2011-03-26T23:00:00Z,-1.1578,1
2011-03-27T00:00:00Z,-0.9078,1
2011-03-27T01:00:00Z,-0.4878,1
2011-03-27T02:00:00Z,-0.0278,1
2011-03-27T03:00:00Z,0.4022,1
2011-03-27T04:00:00Z,0.7922,1
2011-03-27T05:00:00Z,1.0222,1
2011-03-27T06:00:00Z,1.0022,1
2011-03-27T07:00:00Z,0.6822,1
2011-03-27T08:00:00Z,0.1122,1
2011-03-27T09:00:00Z,-0.5178,1
2011-03-27T10:00:00Z,-1.0278,1
2011-03-27T11:00:00Z,-1.3178,1
2011-03-27T12:00:00Z,-1.3278,1
2011-03-27T13:00:00Z,-1.0578,1
2011-03-27T14:00:00Z,-0.7078,1
2011-03-27T15:00:00Z,-0.2978,1
2011-03-27T16:00:00Z,0.1422,1
2011-03-27T17:00:00Z,0.5322,1
2011-03-27T18:00:00Z,0.8022,1
2011-03-27T19:00:00Z,0.7722,1
2011-03-27T20:00:00Z,0.4922,1
2011-03-27T21:00:00Z,0.0122,1
2011-03-27T22:00:00Z,-0.4978,1
2011-03-27T23:00:00Z,-0.8978,1
2011-03-28T00:00:00Z,-1.0378,1
2011-03-28T01:00:00Z,-0.9278,1
2011-03-28T02:00:00Z,-0.6178,1
2011-03-28T03:00:00Z,-0.2278,1
2011-03-28T04:00:00Z,0.2022,1
2011-03-28T05:00:00Z,0.6022,1
2011-03-28T06:00:00Z,0.8922,1
2011-03-28T07:00:00Z,0.9922,1
2011-03-28T08:00:00Z,0.7822,1
2011-03-28T09:00:00Z,0.3422,1
2011-03-28T10:00:00Z,-0.2278,1
2011-03-28T11:00:00Z,-0.7778,1
2011-03-28T12:00:00Z,-1.1578,1
2011-03-28T14:00:00Z,-1.1178,1
2011-03-28T15:00:00Z,-0.8378,1
2011-03-28T16:00:00Z,-0.4478,1
2011-03-28T17:00:00Z,-0.0078,1
2011-03-28T19:00:00Z,0.7822,1
2011-03-28T20:00:00Z,0.9022,1
2011-03-28T21:00:00Z,0.6922,1
2011-03-28T22:00:00Z,0.2722,1
2011-03-28T23:00:00Z,-0.2378,1
2011-03-29T00:00:00Z,-0.6878,1
2011-03-29T01:00:00Z,-0.9578,1
2011-03-29T02:00:00Z,-0.9178,1
2011-03-29T03:00:00Z,-0.6678,1
2011-03-29T04:00:00Z,-0.2678,1
2011-03-29T05:00:00Z,0.1522,1
2011-03-29T06:00:00Z,0.5922,1
2011-03-29T07:00:00Z,0.9222,1
2011-03-29T08:00:00Z,1.0822,1
2011-03-29T09:00:00Z,0.9622,1
2011-03-29T10:00:00Z,0.5522,1
2011-03-29T11:00:00Z,-0.0078,1
2011-03-29T12:00:00Z,-0.6278,1
2011-03-29T13:00:00Z,-1.1078,1
2011-03-29T14:00:00Z,-1.3078,1
2011-03-29T15:00:00Z,-1.2578,1
2011-03-29T16:00:00Z,-0.9378,1
2011-03-29T17:00:00Z,-0.4978,1
2011-03-29T18:00:00Z,0.0022,1
2011-03-29T19:00:00Z,0.5022,1
2011-03-29T20:00:00Z,0.8822,1
2011-03-29T21:00:00Z,1.0222,1
2011-03-29T22:00:00Z,0.8322,1
2011-03-29T23:00:00Z,0.3822,1
2011-03-30T00:00:00Z,-0.2078,1
2011-03-30T01:00:00Z,-0.7278,1
2011-03-30T02:00:00Z,-1.0478,1
2011-03-30T03:00:00Z,-1.0278,1
2011-03-30T04:00:00Z,-0.7578,1
2011-03-30T05:00:00Z,-0.2878,1
2011-03-30T06:00:00Z,0.2322,1
2011-03-30T07:00:00Z,0.6922,1
2011-03-30T08:00:00Z,1.1022,1
2011-03-30T09:00:00Z,1.2922,1
2011-03-30T10:00:00Z,1.1422,1
2011-03-30T11:00:00Z,0.7122,1
2011-03-30T12:00:00Z,0.0422,1
2011-03-30T13:00:00Z,-0.6477,1
2011-03-30T14:00:00Z,-1.1677,1
2011-03-30T15:00:00Z,-1.3477,1
2011-03-30T16:00:00Z,-1.1977,1
2011-03-30T17:00:00Z,-0.8477,1
2011-03-30T18:00:00Z,-0.3077,1
2011-03-30T19:00:00Z,0.2223,1
2011-03-30T20:00:00Z,0.7323,1
2011-03-30T21:00:00Z,1.0923,1
2011-03-30T22:00:00Z,1.1623,1
2011-03-30T23:00:00Z,0.8623,1
2011-03-31T00:00:00Z,0.3123,1
2011-03-31T01:00:00Z,-0.3577,1
2011-03-31T02:00:00Z,-0.8877,1
2011-03-31T03:00:00Z,-1.1677,1
2011-03-31T04:00:00Z,-1.0677,1
2011-03-31T05:00:00Z,-0.6877,1
2011-03-31T06:00:00Z,-0.1077,1
2011-03-31T07:00:00Z,0.3723,1
2011-03-31T08:00:00Z,0.9223,1
2011-03-31T09:00:00Z,1.3523,1
2011-03-31T10:00:00Z,1.4923,1
2011-03-31T11:00:00Z,1.3223,1
2011-03-31T12:00:00Z,0.7823,1
2011-03-31T13:00:00Z,0.0423,1
2011-03-31T14:00:00Z,-0.7177,1
2011-03-31T15:00:00Z,-1.1977,1
2011-03-31T16:00:00Z,-1.3677,1
2011-03-31T17:00:00Z,-1.1577,1
2011-03-31T18:00:00Z,-0.6977,1
2011-03-31T19:00:00Z,-0.0977,1
2011-03-31T20:00:00Z,0.4723,1
2011-03-31T21:00:00Z,0.9423,1
2011-03-31T22:00:00Z,1.1923,1
2011-03-31T23:00:00Z,1.1023,1
2011-04-01T00:00:00Z,0.7023,1
2011-04-01T01:00:00Z,0.0023,1
2011-04-01T02:00:00Z,-0.7377,1
2011-04-01T03:00:00Z,-1.2677,1
2011-04-01T04:00:00Z,-1.4277,1
2011-04-01T05:00:00Z,-1.2077,1
2011-04-01T06:00:00Z,-0.6277,1
2011-04-01T07:00:00Z,0.0623,1
2011-04-01T09:00:00Z,1.2623,1
2011-04-01T10:00:00Z,1.5223,1
2011-04-01T11:00:00Z,1.5023,1
2011-04-01T12:00:00Z,1.1023,1
2011-04-01T13:00:00Z,0.3623,1
2011-04-01T14:00:00Z,-0.4477,1
2011-04-01T15:00:00Z,-1.1377,1
2011-04-01T16:00:00Z,-1.4577,1
2011-04-01T17:00:00Z,-1.3777,1
2011-04-01T18:00:00Z,-0.9177,1
2011-04-01T19:00:00Z,-0.2477,1
2011-04-01T20:00:00Z,0.4023,1
2011-04-01T21:00:00Z,0.9723,1
2011-04-01T22:00:00Z,1.3923,1
2011-04-01T23:00:00Z,1.4923,1
2011-04-02T00:00:00Z,1.2223,1
2011-04-02T01:00:00Z,0.5523,1
2011-04-02T02:00:00Z,-0.2577,1
2011-04-02T03:00:00Z,-0.9877,1
2011-04-02T04:00:00Z,-1.3977,1
2011-04-02T05:00:00Z,-1.4177,1
2011-04-02T06:00:00Z,-0.8877,1
2011-04-02T07:00:00Z,-0.2877,1
2011-04-02T08:00:00Z,0.4823,1
2011-04-02T09:00:00Z,1.1523,1
2011-04-02T10:00:00Z,1.5923,1
2011-04-02T11:00:00Z,1.6523,1
2011-04-02T12:00:00Z,1.3523,1
2011-04-02T13:00:00Z,0.7423,1
2011-04-02T14:00:00Z,-0.1577,1
2011-04-02T15:00:00Z,-1.0177,1
2011-04-02T16:00:00Z,-1.5977,1
2011-04-02T17:00:00Z,-1.7177,1
2011-04-02T18:00:00Z,-1.4077,1
2011-04-02T19:00:00Z,-0.7877,1
2011-04-02T20:00:00Z,-0.0277,1
2011-04-02T21:00:00Z,0.6723,1
2011-04-02T22:00:00Z,1.2123,1
2011-04-02T23:00:00Z,1.5123,1
2011-04-03T00:00:00Z,1.4123,1
2011-04-03T01:00:00Z,0.9023,1
2011-04-03T02:00:00Z,0.0823,1
2011-04-03T03:00:00Z,-0.8177,1
2011-04-03T04:00:00Z,-1.4777,1
2011-04-03T05:00:00Z,-1.6677,1
2011-04-03T06:00:00Z,-1.4177,1
2011-04-03T07:00:00Z,-0.7977,1
2011-04-03T08:00:00Z,-0.0277,1
2011-04-03T09:00:00Z,0.7023,1
2011-04-03T10:00:00Z,1.2223,1
2011-04-03T11:00:00Z,1.5623,1
2011-04-03T12:00:00Z,1.5123,1
2011-04-03T13:00:00Z,1.0923,1
2011-04-03T14:00:00Z,0.2923,1
2011-04-03T15:00:00Z,-0.6177,1
2011-04-03T16:00:00Z,-1.3877,1
2011-04-03T17:00:00Z,-1.7377,1
2011-04-03T18:00:00Z,-1.6177,1
2011-04-03T19:00:00Z,-1.1177,1
2011-04-03T20:00:00Z,-0.3677,1
2011-04-03T21:00:00Z,0.3523,1
2011-04-03T22:00:00Z,0.9323,1
2011-04-03T23:00:00Z,1.3523,1
2011-04-04T00:00:00Z,1.4323,1
2011-04-04T01:00:00Z,1.1323,1
2011-04-04T02:00:00Z,0.4223,1
2011-04-04T03:00:00Z,-0.4877,1
2011-04-04T04:00:00Z,-1.2977,1
2011-04-04T05:00:00Z,-1.7177,1
2011-04-04T06:00:00Z,-1.6877,1
2011-04-04T07:00:00Z,-1.2277,1
2011-04-04T08:00:00Z,-0.4677,1
2011-04-04T09:00:00Z,0.3423,1
2011-04-04T10:00:00Z,0.9923,1
2011-04-04T11:00:00Z,1.4623,1
2011-04-04T12:00:00Z,1.5723,1
2011-04-04T13:00:00Z,1.4123,1
2011-04-04T14:00:00Z,0.8123,1
2011-04-04T15:00:00Z,0.0223,1
2011-04-04T16:00:00Z,-0.8177,1
2011-04-04T17:00:00Z,-1.3677,1
2011-04-04T18:00:00Z,-1.5277,1
2011-04-04T19:00:00Z,-1.2177,1
2011-04-04T20:00:00Z,-0.5977,1
2011-04-04T21:00:00Z,0.1723,1
2011-04-04T22:00:00Z,0.8023,1
2011-04-04T23:00:00Z,1.3223,1
2011-04-05T00:00:00Z,1.6123,1
2011-04-05T01:00:00Z,1.4323,1
2011-04-05T02:00:00Z,0.9523,1
2011-04-05T03:00:00Z,0.0923,1
2011-04-05T04:00:00Z,-0.7277,1
2011-04-05T05:00:00Z,-1.4077,1
2011-04-05T06:00:00Z,-1.5077,1
2011-04-05T07:00:00Z,-1.2677,1
2011-04-05T08:00:00Z,-0.6177,1
2011-04-05T09:00:00Z,0.1623,1
2011-04-05T10:00:00Z,0.8723,1
2011-04-05T11:00:00Z,1.3923,1
2011-04-05T12:00:00Z,1.6523,1
2011-04-05T13:00:00Z,1.5623,1
2011-04-05T14:00:00Z,1.0923,1
2011-04-05T15:00:00Z,0.2123,1
2011-04-05T16:00:00Z,-0.7377,1
2011-04-05T17:00:00Z,-1.4577,1
2011-04-05T18:00:00Z,-1.7477,1
2011-04-05T19:00:00Z,-1.5777,1
2011-04-05T20:00:00Z,-1.0277,1
2011-04-05T21:00:00Z,-0.2077,1
2011-04-05T22:00:00Z,0.5323,1
2011-04-05T23:00:00Z,1.1223,1
2011-04-06T00:00:00Z,1.5123,1
2011-04-06T01:00:00Z,1.5523,1
2011-04-06T02:00:00Z,1.2323,1
2011-04-06T03:00:00Z,0.5223,1
2011-04-06T04:00:00Z,-0.4077,1
2011-04-06T05:00:00Z,-1.2477,1
2011-04-06T06:00:00Z,-1.7277,1
2011-04-06T07:00:00Z,-1.6877,1
2011-04-06T08:00:00Z,-1.2377,1
2011-04-06T09:00:00Z,-0.4877,1
2011-04-06T10:00:00Z,0.2923,1
2011-04-06T11:00:00Z,0.9123,1
2011-04-06T12:00:00Z,1.3923,1
2011-04-06T13:00:00Z,1.5523,1
2011-04-06T14:00:00Z,1.2923,1
2011-04-06T15:00:00Z,0.7123,1
2011-04-06T16:00:00Z,-0.1877,1
2011-04-06T17:00:00Z,-1.0077,1
2011-04-06T18:00:00Z,-1.5577,1
2011-04-06T19:00:00Z,-1.5977,1
2011-04-06T20:00:00Z,-1.2877,1
2011-04-06T21:00:00Z,-0.6377,1
2011-04-06T22:00:00Z,0.0723,1
2011-04-06T23:00:00Z,0.6923,1
2011-04-07T00:00:00Z,1.1623,1
2011-04-07T01:00:00Z,1.3923,1
2011-04-07T02:00:00Z,1.2523,1
2011-04-07T03:00:00Z,0.7823,1
2011-04-07T04:00:00Z,-0.0377,1
2011-04-07T05:00:00Z,-0.8977,1
2011-04-07T06:00:00Z,-1.5777,1
2011-04-07T07:00:00Z,-1.8377,1
2011-04-07T08:00:00Z,-1.5977,1
2011-04-07T09:00:00Z,-1.0377,1
2011-04-07T10:00:00Z,-0.2877,1
2011-04-07T11:00:00Z,0.3923,1
2011-04-07T12:00:00Z,0.8923,1
2011-04-07T13:00:00Z,1.2323,1
2011-04-07T14:00:00Z,1.2223,1
2011-04-07T15:00:00Z,0.8523,1
2011-04-07T16:00:00Z,0.1423,1
2011-04-07T17:00:00Z,-0.6977,1
2011-04-07T18:00:00Z,-1.3977,1
2011-04-07T19:00:00Z,-1.7077,1
2011-04-07T20:00:00Z,-1.6177,1
2011-04-07T21:00:00Z,-1.1477,1
2011-04-07T22:00:00Z,-0.4777,1
2011-04-07T23:00:00Z,0.1823,1
2011-04-08T00:00:00Z,0.7523,1
2011-04-08T01:00:00Z,1.1323,1
2011-04-08T02:00:00Z,1.2323,1
2011-04-08T03:00:00Z,0.9923,1
2011-04-08T04:00:00Z,0.4023,1
2011-04-08T05:00:00Z,-0.4177,1
2011-04-08T06:00:00Z,-1.1777,1
2011-04-08T07:00:00Z,-1.6477,1
2011-04-08T08:00:00Z,-1.7177,1
2011-04-08T09:00:00Z,-1.3677,1
2011-04-08T10:00:00Z,-0.7677,1
2011-04-08T11:00:00Z,-0.1076,1
2011-04-08T12:00:00Z,0.5024,1
2011-04-08T13:00:00Z,0.9624,1
2011-04-08T14:00:00Z,1.1624,1
2011-04-08T15:00:00Z,1.0224,1
2011-04-08T16:00:00Z,0.5424,1
2011-04-08T17:00:00Z,-0.1976,1
2011-04-08T18:00:00Z,-0.9476,1
2011-04-08T19:00:00Z,-1.4676,1
2011-04-08T20:00:00Z,-1.5876,1
2011-04-08T21:00:00Z,-1.3676,1
2011-04-08T22:00:00Z,-0.8376,1
2011-04-08T23:00:00Z,-0.2176,1
2011-04-09T00:00:00Z,0.3424,1
2011-04-09T01:00:00Z,0.8524,1
2011-04-09T02:00:00Z,1.1524,1
2011-04-09T03:00:00Z,1.1524,1
2011-04-09T04:00:00Z,0.8024,1
2011-04-09T05:00:00Z,0.1424,1
2011-04-09T06:00:00Z,-0.6176,1
2011-04-09T07:00:00Z,-1.2276,1
2011-04-09T08:00:00Z,-1.5876,1
2011-04-09T09:00:00Z,-1.5276,1
2011-04-09T10:00:00Z,-1.1276,1
2011-04-09T11:00:00Z,-0.5476,1
2011-04-09T12:00:00Z,0.0424,1
2011-04-09T13:00:00Z,0.5724,1
2011-04-09T14:00:00Z,0.9424,1
2011-04-09T15:00:00Z,1.0424,1
2011-04-09T16:00:00Z,0.8524,1
2011-04-09T17:00:00Z,0.3524,1
2011-04-09T18:00:00Z,-0.3176,1
2011-04-09T19:00:00Z,-0.9476,1
2011-04-09T20:00:00Z,-1.3276,1
2011-04-09T21:00:00Z,-1.3576,1
2011-04-09T22:00:00Z,-1.0876,1
2011-04-09T23:00:00Z,-0.5776,1
2011-04-10T00:00:00Z,0.0024,1
2011-04-10T01:00:00Z,0.5124,1
2011-04-10T02:00:00Z,0.9224,1
2011-04-10T03:00:00Z,1.1224,1
2011-04-10T04:00:00Z,1.0624,1
2011-04-10T05:00:00Z,0.6524,1
2011-04-10T06:00:00Z,0.0324,1
2011-04-10T07:00:00Z,-0.6576,1
2011-04-10T08:00:00Z,-1.2076,1
2011-04-10T09:00:00Z,-1.4776,1
2011-04-10T10:00:00Z,-1.3876,1
2011-04-10T11:00:00Z,-1.0076,1
2011-04-10T12:00:00Z,-0.4976,1
2011-04-10T13:00:00Z,0.0124,1
2011-04-10T14:00:00Z,0.4624,1
2011-04-10T15:00:00Z,0.8124,1
2011-04-10T16:00:00Z,0.9024,1
2011-04-10T17:00:00Z,0.7024,1
2011-04-10T18:00:00Z,0.2224,1
2011-04-10T19:00:00Z,-0.3676,1
2011-04-10T20:00:00Z,-0.9076,1
2011-04-10T21:00:00Z,-1.2076,1
2011-04-10T22:00:00Z,-1.2176,1
2011-04-10T23:00:00Z,-0.9376,1
2011-04-11T00:00:00Z,-0.4976,1
2011-04-11T01:00:00Z,-0.0176,1
2011-04-11T02:00:00Z,0.4324,1
2011-04-11T03:00:00Z,0.8024,1
2011-04-11T04:00:00Z,0.9824,1
2011-04-11T05:00:00Z,0.9424,1
2011-04-11T06:00:00Z,0.5924,1
2011-04-11T07:00:00Z,0.0324,1
2011-04-11T08:00:00Z,-0.5876,1
2011-04-11T09:00:00Z,-1.0676,1
2011-04-11T10:00:00Z,-1.3176,1
2011-04-11T11:00:00Z,-1.2776,1
2011-04-11T12:00:00Z,-0.9276,1
2011-04-11T13:00:00Z,-0.5076,1
2011-04-11T14:00:00Z,-0.0076,1
2011-04-11T15:00:00Z,0.3524,1
2011-04-11T16:00:00Z,0.7024,1
2011-04-11T17:00:00Z,0.8224,1
2011-04-11T18:00:00Z,0.6024,1
2011-04-11T19:00:00Z,0.2224,1
2011-04-11T20:00:00Z,-0.3176,1
2011-04-11T21:00:00Z,-0.8076,1
2011-04-11T22:00:00Z,-1.1476,1
2011-04-11T23:00:00Z,-1.2176,1
2011-04-12T00:00:00Z,-1.0576,1
2011-04-12T01:00:00Z,-0.7076,1
2011-04-12T02:00:00Z,-0.2976,1
2011-04-12T03:00:00Z,0.1324,1
2011-04-12T04:00:00Z,0.4924,1
2011-04-12T05:00:00Z,0.7324,1
2011-04-12T06:00:00Z,0.7424,1
2011-04-12T07:00:00Z,0.4724,1
2011-04-12T08:00:00Z,-0.0376,1
2011-04-12T09:00:00Z,-0.5976,1
2011-04-12T10:00:00Z,-1.1076,1
2011-04-12T11:00:00Z,-1.4076,1
2011-04-12T12:00:00Z,-1.4076,1
2011-04-12T13:00:00Z,-1.1976,1
2011-04-12T14:00:00Z,-0.7876,1
2011-04-12T15:00:00Z,-0.3276,1
2011-04-12T16:00:00Z,0.1224,1
2011-04-12T17:00:00Z,0.5424,1
2011-04-12T18:00:00Z,0.7424,1
2011-04-12T19:00:00Z,0.7124,1
2011-04-12T20:00:00Z,0.4024,1
2011-04-12T21:00:00Z,-0.0776,1
2011-04-12T22:00:00Z,-0.5776,1
2011-04-12T23:00:00Z,-0.9476,1
2011-04-13T00:00:00Z,-1.0876,1
2011-04-13T01:00:00Z,-0.9876,1
2011-04-13T02:00:00Z,-0.6776,1
2011-04-13T03:00:00Z,-0.2776,1
2011-04-13T04:00:00Z,0.1724,1
2011-04-13T05:00:00Z,0.6024,1
2011-04-13T06:00:00Z,0.9324,1
2011-04-13T07:00:00Z,1.0424,1
2011-04-13T08:00:00Z,0.8624,1
2011-04-13T09:00:00Z,0.3824,1
2011-04-13T10:00:00Z,-0.2176,1
2011-04-13T11:00:00Z,-0.8076,1
2011-04-13T12:00:00Z,-1.2076,1
2011-04-13T13:00:00Z,-1.2876,1
2011-04-13T14:00:00Z,-1.1176,1
2011-04-13T15:00:00Z,-0.6876,1
2011-04-13T16:00:00Z,-0.1776,1
2011-04-13T17:00:00Z,0.3924,1
2011-04-13T18:00:00Z,0.8124,1
2011-04-13T19:00:00Z,1.1124,1
2011-04-13T20:00:00Z,1.1124,1
2011-04-13T21:00:00Z,0.8124,1
2011-04-13T22:00:00Z,0.2524,1
2011-04-13T23:00:00Z,-0.3676,1
2011-04-14T00:00:00Z,-0.9176,1
2011-04-14T01:00:00Z,-1.1976,1
2011-04-14T02:00:00Z,-1.2076,1
2011-04-14T03:00:00Z,-0.8876,1
2011-04-14T04:00:00Z,-0.4376,1
2011-04-14T05:00:00Z,0.1024,1
2011-04-14T06:00:00Z,0.6224,1
2011-04-14T07:00:00Z,1.0324,1
2011-04-14T08:00:00Z,1.2024,1
2011-04-14T09:00:00Z,1.0124,1
2011-04-14T10:00:00Z,0.4924,1
2011-04-14T11:00:00Z,-0.2376,1
2011-04-14T12:00:00Z,-0.9876,1
2011-04-14T13:00:00Z,-1.5176,1
2011-04-14T14:00:00Z,-1.6976,1
2011-04-14T15:00:00Z,-1.5076,1
2011-04-14T16:00:00Z,-1.0376,1
2011-04-14T17:00:00Z,-0.4176,1
2011-04-14T18:00:00Z,0.2024,1
2011-04-14T19:00:00Z,0.7524,1
2011-04-14T20:00:00Z,1.1224,1
2011-04-14T21:00:00Z,1.1524,1
2011-04-14T22:00:00Z,0.8424,1
2011-04-14T23:00:00Z,0.1924,1
2011-04-15T00:00:00Z,-0.5476,1
2011-04-15T01:00:00Z,-1.2076,1
2011-04-15T02:00:00Z,-1.5276,1
2011-04-15T03:00:00Z,-1.4676,1
2011-04-15T04:00:00Z,-1.0776,1
2011-04-15T05:00:00Z,-0.4576,1
2011-04-15T06:00:00Z,0.1824,1
2011-04-15T07:00:00Z,0.7524,1
2011-04-15T08:00:00Z,1.2024,1
2011-04-15T09:00:00Z,1.3424,1
2011-04-15T10:00:00Z,1.1124,1
2011-04-15T11:00:00Z,0.4924,1
2011-04-15T12:00:00Z,-0.3776,1
2011-04-15T13:00:00Z,-1.2576,1
2011-04-15T14:00:00Z,-1.8676,1
2011-04-15T15:00:00Z,-1.9876,1
2011-04-15T16:00:00Z,-1.6976,1
2011-04-15T17:00:00Z,-1.0476,1
2011-04-15T18:00:00Z,-0.2676,1
2011-04-15T19:00:00Z,0.4624,1
2011-04-15T20:00:00Z,1.0524,1
2011-04-15T21:00:00Z,1.3924,1
2011-04-15T22:00:00Z,1.3424,1
2011-04-15T23:00:00Z,0.8824,1
2011-04-16T00:00:00Z,0.0724,1
2011-04-16T01:00:00Z,-0.8076,1
2011-04-16T02:00:00Z,-1.5376,1
2011-04-16T03:00:00Z,-1.7976,1
2011-04-16T04:00:00Z,-1.6176,1
2011-04-16T05:00:00Z,-1.0676,1
2011-04-16T06:00:00Z,-0.3076,1
2011-04-16T07:00:00Z,0.4624,1
2011-04-16T08:00:00Z,1.0824,1
2011-04-16T09:00:00Z,1.5124,1
2011-04-16T10:00:00Z,1.5624,1
2011-04-16T11:00:00Z,1.1824,1
2011-04-16T12:00:00Z,0.3724,1
2011-04-16T13:00:00Z,-0.6876,1
2011-04-16T14:00:00Z,-1.6576,1
2011-04-16T15:00:00Z,-2.2276,1
2011-04-16T16:00:00Z,-2.2576,1
2011-04-16T17:00:00Z,-1.7776,1
2011-04-16T18:00:00Z,-0.9576,1
2011-04-16T19:00:00Z,-0.0776,1
2011-04-16T20:00:00Z,0.7024,1
2011-04-16T21:00:00Z,1.2824,1
2011-04-16T22:00:00Z,1.5724,1
2011-04-16T23:00:00Z,1.4024,1
2011-04-17T00:00:00Z,0.7824,1
2011-04-17T01:00:00Z,-0.1876,1
2011-04-17T02:00:00Z,-1.2076,1
2011-04-17T03:00:00Z,-1.9076,1
2011-04-17T05:00:00Z,-1.7476,1
2011-04-17T06:00:00Z,-0.9976,1
2011-04-17T07:00:00Z,-0.1176,1
2011-04-17T08:00:00Z,0.6924,1
2011-04-17T09:00:00Z,1.3225,1
2011-04-17T10:00:00Z,1.7025,1
2011-04-17T11:00:00Z,1.6525,1
2011-04-17T12:00:00Z,1.1425,1
2011-04-17T13:00:00Z,0.1525,1
2011-04-17T14:00:00Z,-0.9875,1
2011-04-17T15:00:00Z,-1.9775,1
2011-04-17T16:00:00Z,-2.4475,1
2011-04-17T17:00:00Z,-2.3275,1
2011-04-17T18:00:00Z,-1.6575,1
2011-04-17T19:00:00Z,-0.7275,1
2011-04-17T20:00:00Z,0.2225,1
2011-04-17T21:00:00Z,0.9925,1
2011-04-17T22:00:00Z,1.5225,1
2011-04-17T23:00:00Z,1.6925,1
2011-04-18T00:00:00Z,1.3525,1
2011-04-18T01:00:00Z,0.5825,1
2011-04-18T02:00:00Z,-0.5375,1
2011-04-18T03:00:00Z,-1.5675,1
2011-04-18T04:00:00Z,-2.1575,1
2011-04-18T05:00:00Z,-2.1775,1
2011-04-18T06:00:00Z,-1.6675,1
2011-04-18T07:00:00Z,-0.7775,1
2011-04-18T08:00:00Z,0.2125,1
2011-04-18T09:00:00Z,1.0325,1
2011-04-18T10:00:00Z,1.6325,1
2011-04-18T11:00:00Z,1.9325,1
2011-04-18T12:00:00Z,1.7525,1
2011-04-18T13:00:00Z,1.0825,1
2011-04-18T14:00:00Z,-0.0175,1
2011-04-18T15:00:00Z,-1.2275,1
2011-04-18T16:00:00Z,-2.1375,1
2011-04-18T17:00:00Z,-2.4375,1
2011-04-18T18:00:00Z,-2.1475,1
2011-04-18T19:00:00Z,-1.3375,1
2011-04-18T20:00:00Z,-0.3175,1
2011-04-18T21:00:00Z,0.6325,1
2011-04-18T22:00:00Z,1.3625,1
2011-04-18T23:00:00Z,1.8025,1
2011-04-19T00:00:00Z,1.8325,1
2011-04-19T01:00:00Z,1.3525,1
2011-04-19T02:00:00Z,0.4125,1
2011-04-19T03:00:00Z,-0.7675,1
2011-04-19T04:00:00Z,-1.7775,1
2011-04-19T05:00:00Z,-2.2375,1
2011-04-19T06:00:00Z,-2.1175,1
2011-04-19T07:00:00Z,-1.4775,1
2011-04-19T08:00:00Z,-0.5375,1
2011-04-19T09:00:00Z,0.4325,1
2011-04-19T10:00:00Z,1.2025,1
2011-04-19T11:00:00Z,1.7725,1
2011-04-19T12:00:00Z,1.9725,1
2011-04-19T13:00:00Z,1.6925,1
2011-04-19T14:00:00Z,0.9325,1
2011-04-19T15:00:00Z,-0.2475,1
2011-04-19T16:00:00Z,-1.4075,1
2011-04-19T17:00:00Z,-2.2075,1
2011-04-19T18:00:00Z,-2.3575,1
2011-04-19T19:00:00Z,-1.9275,1
2011-04-19T20:00:00Z,-1.0475,1
2011-04-19T21:00:00Z,-0.0375,1
2011-04-19T22:00:00Z,0.8025,1
2011-04-19T23:00:00Z,1.4425,1
2011-04-20T00:00:00Z,1.8025,1
2011-04-20T01:00:00Z,1.6825,1
2011-04-20T02:00:00Z,1.1025,1
2011-04-20T03:00:00Z,0.0725,1
2011-04-20T04:00:00Z,-1.0975,1
2011-04-20T05:00:00Z,-1.9875,1
2011-04-20T06:00:00Z,-2.3175,1
2011-04-20T07:00:00Z,-2.0775,1
2011-04-20T08:00:00Z,-1.3775,1
2011-04-20T09:00:00Z,-0.4275,1
2011-04-20T10:00:00Z,0.4825,1
2011-04-20T11:00:00Z,1.2125,1
2011-04-20T12:00:00Z,1.7125,1
2011-04-20T13:00:00Z,1.8525,1
2011-04-20T14:00:00Z,1.4825,1
2011-04-20T15:00:00Z,0.6625,1
2011-04-20T16:00:00Z,-0.4775,1
2011-04-20T17:00:00Z,-1.5275,1
2011-04-20T18:00:00Z,-2.1275,1
2011-04-20T19:00:00Z,-2.1275,1
2011-04-20T20:00:00Z,-1.5675,1
2011-04-20T21:00:00Z,-0.6975,1
2011-04-20T22:00:00Z,0.2325,1
2011-04-20T23:00:00Z,0.9725,1
2011-04-21T00:00:00Z,1.5525,1
2011-04-21T01:00:00Z,1.8025,1
2011-04-21T02:00:00Z,1.6025,1
2011-04-21T03:00:00Z,0.9525,1
2011-04-21T05:00:00Z,-1.1875,1
2011-04-21T06:00:00Z,-1.9475,1
2011-04-21T07:00:00Z,-2.1775,1
2011-04-21T08:00:00Z,-1.8775,1
2011-04-21T09:00:00Z,-1.1475,1
2011-04-21T10:00:00Z,-0.2775,1
2011-04-21T11:00:00Z,0.5525,1
2011-04-21T12:00:00Z,1.2025,1
2011-04-21T13:00:00Z,1.6325,1
2011-04-21T15:00:00Z,1.2925,1
2011-04-21T16:00:00Z,0.4525,1
2011-04-21T17:00:00Z,-0.5675,1
2011-04-21T18:00:00Z,-1.4475,1
2011-04-21T19:00:00Z,-1.8875,1
2011-04-21T20:00:00Z,-1.7975,1
2011-04-21T21:00:00Z,-1.2375,1
2011-04-21T22:00:00Z,-0.4175,1
2011-04-21T23:00:00Z,0.4025,1
2011-04-22T00:00:00Z,1.0925,1
2011-04-22T01:00:00Z,1.5825,1
2011-04-22T02:00:00Z,1.7525,1
2011-04-22T03:00:00Z,1.4925,1
2011-04-22T04:00:00Z,0.8325,1
2011-04-22T05:00:00Z,-0.1475,1
2011-04-22T06:00:00Z,-1.1075,1
2011-04-22T07:00:00Z,-1.7475,1
2011-04-22T08:00:00Z,-1.8975,1
2011-04-22T09:00:00Z,-1.5775,1
2011-04-22T10:00:00Z,-0.9275,1
2011-04-22T11:00:00Z,-0.1675,1
2011-04-22T12:00:00Z,0.5325,1
2011-04-22T13:00:00Z,1.1325,1
2011-04-22T14:00:00Z,1.4925,1
2011-04-22T15:00:00Z,1.5025,1
2011-04-22T16:00:00Z,1.1025,1
2011-04-22T17:00:00Z,0.3425,1
2011-04-22T18:00:00Z,-0.5475,1
2011-04-22T19:00:00Z,-1.2675,1
2011-04-22T20:00:00Z,-1.5775,1
2011-04-22T21:00:00Z,-1.4575,1
2011-04-22T22:00:00Z,-0.8875,1
2011-04-22T23:00:00Z,-0.1975,1
2011-04-23T00:00:00Z,0.5125,1
2011-04-23T01:00:00Z,1.1125,1
2011-04-23T02:00:00Z,1.5225,1
2011-04-23T03:00:00Z,1.6025,1
2011-04-23T04:00:00Z,1.3025,1
2011-04-23T05:00:00Z,0.6625,1
2011-04-23T06:00:00Z,-0.2075,1
2011-04-23T07:00:00Z,-1.0575,1
2011-04-23T08:00:00Z,-1.6075,1
2011-04-23T09:00:00Z,-1.6975,1
2011-04-23T10:00:00Z,-1.4375,1
2011-04-23T11:00:00Z,-0.8775,1
2011-04-23T12:00:00Z,-0.2575,1
2011-04-23T13:00:00Z,0.3225,1
2011-04-23T14:00:00Z,0.8025,1
2011-04-23T15:00:00Z,1.0925,1
2011-04-23T16:00:00Z,1.1025,1
2011-04-23T17:00:00Z,0.7525,1
2011-04-23T18:00:00Z,0.1125,1
2011-04-23T19:00:00Z,-0.6075,1
2011-04-23T20:00:00Z,-1.2075,1
2011-04-23T21:00:00Z,-1.4375,1
2011-04-23T22:00:00Z,-1.2875,1
2011-04-23T23:00:00Z,-0.8275,1
2011-04-24T00:00:00Z,-0.2175,1
2011-04-24T01:00:00Z,0.3925,1
2011-04-24T02:00:00Z,0.9125,1
2011-04-24T03:00:00Z,1.2625,1
2011-04-24T04:00:00Z,1.3525,1
2011-04-24T05:00:00Z,1.0925,1
2011-04-24T06:00:00Z,0.5325,1
2011-04-24T07:00:00Z,-0.2575,1
2011-04-24T08:00:00Z,-0.9875,1
2011-04-24T09:00:00Z,-1.4775,1
2011-04-24T10:00:00Z,-1.5875,1
2011-04-24T11:00:00Z,-1.3575,1
2011-04-24T12:00:00Z,-0.9375,1
2011-04-24T13:00:00Z,-0.4175,1
2011-04-24T14:00:00Z,0.0825,1
2011-04-24T15:00:00Z,0.5525,1
2011-04-24T16:00:00Z,0.8625,1
2011-04-24T17:00:00Z,0.9225,1
2011-04-24T18:00:00Z,0.6425,1
2011-04-24T19:00:00Z,0.1225,1
2011-04-24T20:00:00Z,-0.4775,1
2011-04-24T21:00:00Z,-0.9775,1
2011-04-24T22:00:00Z,-1.2275,1
2011-04-24T23:00:00Z,-1.1275,1
2011-04-25T00:00:00Z,-0.7675,1
2011-04-25T01:00:00Z,-0.2875,1
2011-04-25T02:00:00Z,0.1825,1
2011-04-25T03:00:00Z,0.6325,1
2011-04-25T04:00:00Z,0.9425,1
2011-04-25T05:00:00Z,1.0525,1
2011-04-25T06:00:00Z,0.8825,1
2011-04-25T07:00:00Z,0.3825,1
2011-04-25T08:00:00Z,-0.2675,1
2011-04-25T09:00:00Z,-0.9275,1
2011-04-25T10:00:00Z,-1.3675,1
2011-04-25T11:00:00Z,-1.5275,1
2011-04-25T12:00:00Z,-1.3775,1
2011-04-25T13:00:00Z,-1.0275,1
2011-04-25T14:00:00Z,-0.6175,1
2011-04-25T15:00:00Z,-0.1775,1
2011-04-25T16:00:00Z,0.2525,1
2011-04-25T17:00:00Z,0.5625,1
2011-04-25T18:00:00Z,0.6825,1
2011-04-25T19:00:00Z,0.5425,1
2011-04-25T20:00:00Z,0.1425,1
2011-04-25T21:00:00Z,-0.3775,1
2011-04-25T22:00:00Z,-0.8375,1
2011-04-25T23:00:00Z,-1.0775,1
2011-04-26T00:00:00Z,-1.0475,1
2011-04-26T01:00:00Z,-0.7775,1
2011-04-26T02:00:00Z,-0.3775,1
2011-04-26T03:00:00Z,0.0725,1
2011-04-26T04:00:00Z,0.4825,1
2011-04-26T05:00:00Z,0.8225,1
2011-04-26T06:00:00Z,0.9525,1
2011-04-26T07:00:00Z,0.8325,1
2011-04-26T08:00:00Z,0.4426,1
2011-04-26T09:00:00Z,-0.1274,1
2011-04-26T10:00:00Z,-0.7274,1
2011-04-26T11:00:00Z,-1.1974,1
2011-04-26T12:00:00Z,-1.4074,1
2011-04-26T13:00:00Z,-1.3374,1
2011-04-26T14:00:00Z,-1.0874,1
2011-04-26T15:00:00Z,-0.6974,1
2011-04-26T16:00:00Z,-0.2674,1
2011-04-26T17:00:00Z,0.1826,1
2011-04-26T18:00:00Z,0.5626,1
2011-04-26T19:00:00Z,0.7526,1
2011-04-26T20:00:00Z,0.6826,1
2011-04-26T21:00:00Z,0.3226,1
2011-04-26T22:00:00Z,-0.1474,1
2011-04-26T23:00:00Z,-0.6374,1
2011-04-27T00:00:00Z,-0.9574,1
2011-04-27T01:00:00Z,-1.0074,1
2011-04-27T02:00:00Z,-0.7974,1
2011-04-27T03:00:00Z,-0.4374,1
2011-04-27T04:00:00Z,0.0026,1
2011-04-27T05:00:00Z,0.4226,1
2011-04-27T06:00:00Z,0.7726,1
2011-04-27T07:00:00Z,0.9626,1
2011-04-27T08:00:00Z,0.9126,1
2011-04-27T09:00:00Z,0.5926,1
2011-04-27T10:00:00Z,0.0326,1
2011-04-27T11:00:00Z,-0.5574,1
2011-04-27T12:00:00Z,-1.0774,1
2011-04-27T13:00:00Z,-1.3374,1
2011-04-27T14:00:00Z,-1.3374,1
2011-04-27T15:00:00Z,-1.0974,1
2011-04-27T16:00:00Z,-0.6874,1
2011-04-27T17:00:00Z,-0.2174,1
2011-04-27T18:00:00Z,0.2426,1
2011-04-27T19:00:00Z,0.6426,1
2011-04-27T20:00:00Z,0.8526,1
2011-04-27T21:00:00Z,0.7726,1
2011-04-27T22:00:00Z,0.4026,1
2011-04-27T23:00:00Z,-0.1074,1
2011-04-28T00:00:00Z,-0.6474,1
2011-04-28T01:00:00Z,-0.9974,1
2011-04-28T02:00:00Z,-1.0974,1
2011-04-28T03:00:00Z,-0.8974,1
2011-04-28T04:00:00Z,-0.4674,1
2011-04-28T05:00:00Z,0.0226,1
2011-04-28T06:00:00Z,0.4826,1
2011-04-28T07:00:00Z,0.8626,1
2011-04-28T08:00:00Z,1.0626,1
2011-04-28T09:00:00Z,1.0226,1
2011-04-28T10:00:00Z,0.6926,1
2011-04-28T11:00:00Z,0.1126,1
2011-04-28T12:00:00Z,-0.5274,1
2011-04-28T13:00:00Z,-1.0774,1
2011-04-28T14:00:00Z,-1.3674,1
2011-04-28T15:00:00Z,-1.3674,1
2011-04-28T16:00:00Z,-1.0774,1
2011-04-28T17:00:00Z,-0.6174,1
2011-04-28T18:00:00Z,-0.0974,1
2011-04-28T19:00:00Z,0.4026,1
2011-04-28T20:00:00Z,0.8026,1
2011-04-28T21:00:00Z,0.9726,1
2011-04-28T22:00:00Z,0.8226,1
2011-04-28T23:00:00Z,0.4026,1
2011-04-29T00:00:00Z,-0.2074,1
2011-04-29T01:00:00Z,-0.7774,1
2011-04-29T02:00:00Z,-1.1174,1
2011-04-29T03:00:00Z,-1.1874,1
2011-04-29T04:00:00Z,-0.9174,1
2011-04-29T05:00:00Z,-0.4374,1
2011-04-29T06:00:00Z,0.1126,1
2011-04-29T07:00:00Z,0.6326,1
2011-04-29T08:00:00Z,1.0426,1
2011-04-29T09:00:00Z,1.2226,1
2011-04-29T10:00:00Z,1.1026,1
2011-04-29T11:00:00Z,0.6826,1
2011-04-29T12:00:00Z,0.0126,1
2011-04-29T13:00:00Z,-0.6874,1
2011-04-29T14:00:00Z,-1.2574,1
2011-04-29T15:00:00Z,-1.4374,1
2011-04-29T16:00:00Z,-1.3274,1
2011-04-29T17:00:00Z,-0.8974,1
2011-04-29T18:00:00Z,-0.3374,1
2011-04-29T19:00:00Z,0.2226,1
2011-04-29T20:00:00Z,0.7226,1
2011-04-29T21:00:00Z,1.0926,1
2011-04-29T22:00:00Z,1.1526,1
2011-04-29T23:00:00Z,0.8926,1
2011-04-30T00:00:00Z,0.3126,1
2011-04-30T01:00:00Z,-0.4074,1
2011-04-30T02:00:00Z,-1.0074,1
2011-04-30T03:00:00Z,-1.3274,1
2011-04-30T04:00:00Z,-1.2774,1
2011-04-30T05:00:00Z,-0.8774,1
2011-04-30T06:00:00Z,-0.3074,1
2011-04-30T07:00:00Z,0.3026,1
2011-04-30T08:00:00Z,0.8526,1
2011-04-30T09:00:00Z,1.2126,1
2011-04-30T10:00:00Z,1.2626,1
2011-04-30T11:00:00Z,1.0126,1
2011-04-30T12:00:00Z,0.4426,1
2011-04-30T13:00:00Z,-0.3274,1
2011-04-30T14:00:00Z,-1.0274,1
2011-04-30T15:00:00Z,-1.4974,1
2011-04-30T16:00:00Z,-1.5374,1
2011-04-30T17:00:00Z,-1.2274,1
2011-04-30T18:00:00Z,-0.6574,1
2011-04-30T19:00:00Z,-0.0174,1
2011-04-30T20:00:00Z,0.5826,1
2011-04-30T21:00:00Z,1.0826,1
2011-04-30T22:00:00Z,1.3326,1
2011-04-30T23:00:00Z,1.2526,1
2011-05-01T00:00:00Z,0.7726,1
2011-05-01T01:00:00Z,0.0426,1
2011-05-01T02:00:00Z,-0.7074,1
2011-05-01T03:00:00Z,-1.3274,1
2011-05-01T04:00:00Z,-1.4174,1
2011-05-01T05:00:00Z,-1.2374,1
2011-05-01T06:00:00Z,-0.6874,1
2011-05-01T07:00:00Z,-0.0374,1
2011-05-01T08:00:00Z,0.5826,1
2011-05-01T09:00:00Z,1.0626,1
2011-05-01T10:00:00Z,1.3426,1
2011-05-01T11:00:00Z,1.3026,1
2011-05-01T12:00:00Z,0.9226,1
2011-05-01T13:00:00Z,0.2026,1
2011-05-01T14:00:00Z,-0.6074,1
2011-05-01T15:00:00Z,-1.2774,1
2011-05-01T16:00:00Z,-1.5774,1
2011-05-01T17:00:00Z,-1.4474,1
2011-05-01T18:00:00Z,-0.9574,1
2011-05-01T19:00:00Z,-0.3174,1
2011-05-01T20:00:00Z,0.3626,1
2011-05-01T21:00:00Z,0.9326,1
2011-05-01T22:00:00Z,1.3226,1
2011-05-01T23:00:00Z,1.4326,1
2011-05-02T00:00:00Z,1.1426,1
2011-05-02T01:00:00Z,0.4826,1
2011-05-02T02:00:00Z,-0.3374,1
2011-05-02T03:00:00Z,-1.0674,1
2011-05-02T04:00:00Z,-1.4874,1
2011-05-02T05:00:00Z,-1.4874,1
2011-05-02T06:00:00Z,-1.0574,1
2011-05-02T07:00:00Z,-0.3974,1
2011-05-02T08:00:00Z,0.3126,1
2011-05-02T09:00:00Z,0.8826,1
2011-05-02T10:00:00Z,1.3026,1
2011-05-02T11:00:00Z,1.4826,1
2011-05-02T12:00:00Z,1.2326,1
2011-05-02T13:00:00Z,0.6526,1
2011-05-02T14:00:00Z,-0.1374,1
2011-05-02T15:00:00Z,-0.9674,1
2011-05-02T16:00:00Z,-1.4874,1
2011-05-02T17:00:00Z,-1.5774,1
2011-05-02T18:00:00Z,-1.2574,1
2011-05-02T19:00:00Z,-0.6274,1
2011-05-02T20:00:00Z,0.1026,1
2011-05-02T21:00:00Z,0.7526,1
2011-05-02T22:00:00Z,1.2726,1
2011-05-02T23:00:00Z,1.5326,1
2011-05-03T00:00:00Z,1.4026,1
2011-05-03T01:00:00Z,0.9226,1
2011-05-03T02:00:00Z,0.0626,1
2011-05-03T03:00:00Z,-0.8174,1
2011-05-03T04:00:00Z,-1.4874,1
2011-05-03T05:00:00Z,-1.7174,1
2011-05-03T06:00:00Z,-1.5374,1
2011-05-03T07:00:00Z,-0.9374,1
2011-05-03T08:00:00Z,-0.2074,1
2011-05-03T09:00:00Z,0.4926,1
2011-05-03T10:00:00Z,1.0426,1
2011-05-03T11:00:00Z,1.3626,1
2011-05-03T12:00:00Z,1.3626,1
2011-05-03T13:00:00Z,0.9626,1
2011-05-03T14:00:00Z,0.2126,1
2011-05-03T15:00:00Z,-0.6374,1
2011-05-03T16:00:00Z,-1.3674,1
2011-05-03T17:00:00Z,-1.6774,1
2011-05-03T18:00:00Z,-1.5474,1
2011-05-03T19:00:00Z,-1.0474,1
2011-05-03T20:00:00Z,-0.3274,1
2011-05-03T21:00:00Z,0.4026,1
2011-05-03T22:00:00Z,1.0126,1
2011-05-03T23:00:00Z,1.4426,1
2011-05-04T00:00:00Z,1.5426,1
2011-05-04T01:00:00Z,1.2326,1
2011-05-04T02:00:00Z,0.5426,1
2011-05-04T03:00:00Z,-0.3574,1
2011-05-04T04:00:00Z,-1.1974,1
2011-05-04T05:00:00Z,-1.6674,1
2011-05-04T06:00:00Z,-1.6874,1
2011-05-04T07:00:00Z,-1.2674,1
2011-05-04T08:00:00Z,-0.5874,1
2011-05-04T09:00:00Z,0.1626,1
2011-05-04T10:00:00Z,0.7826,1
2011-05-04T11:00:00Z,1.2526,1
2011-05-04T12:00:00Z,1.4226,1
2011-05-04T13:00:00Z,1.2126,1
2011-05-04T14:00:00Z,0.6126,1
2011-05-04T15:00:00Z,-0.2174,1
2011-05-04T16:00:00Z,-1.0774,1
2011-05-04T17:00:00Z,-1.6074,1
2011-05-04T18:00:00Z,-1.7074,1
2011-05-04T19:00:00Z,-1.3874,1
2011-05-04T20:00:00Z,-0.7374,1
2011-05-04T21:00:00Z,0.0426,1
2011-05-04T22:00:00Z,0.7426,1
2011-05-04T23:00:00Z,1.2826,1
2011-05-05T00:00:00Z,1.5626,1
2011-05-05T01:00:00Z,1.4826,1
2011-05-05T02:00:00Z,0.9926,1
2011-05-05T03:00:00Z,0.1626,1
2011-05-05T04:00:00Z,-0.7374,1
2011-05-05T05:00:00Z,-1.4374,1
2011-05-05T06:00:00Z,-1.7373,1
2011-05-05T07:00:00Z,-1.5773,1
2011-05-05T08:00:00Z,-1.0073,1
2011-05-05T09:00:00Z,-0.2773,1
2011-05-05T10:00:00Z,0.4327,1
2011-05-05T11:00:00Z,1.0027,1
2011-05-05T12:00:00Z,1.3827,1
2011-05-05T13:00:00Z,1.4427,1
2011-05-05T14:00:00Z,1.0927,1
2011-05-05T15:00:00Z,0.3527,1
2011-05-05T16:00:00Z,-0.5373,1
2011-05-05T17:00:00Z,-1.2873,1
2011-05-05T18:00:00Z,-1.5973,1
2011-05-05T19:00:00Z,-1.5473,1
2011-05-05T20:00:00Z,-1.0373,1
2011-05-05T21:00:00Z,-0.3173,1
2011-05-05T22:00:00Z,0.4327,1
2011-05-05T23:00:00Z,1.0727,1
2011-05-06T00:00:00Z,1.4827,1
2011-05-06T01:00:00Z,1.6227,1
2011-05-06T02:00:00Z,1.3627,1
2011-05-06T03:00:00Z,0.7227,1
2011-05-06T04:00:00Z,-0.1373,1
2011-05-06T05:00:00Z,-1.0273,1
2011-05-06T06:00:00Z,-1.5573,1
2011-05-06T07:00:00Z,-1.6873,1
2011-05-06T08:00:00Z,-1.3573,1
2011-05-06T09:00:00Z,-0.7173,1
2011-05-06T10:00:00Z,0.0027,1
2011-05-06T11:00:00Z,0.6627,1
2011-05-06T12:00:00Z,1.1627,1
2011-05-06T13:00:00Z,1.4427,1
2011-05-06T14:00:00Z,1.2927,1
2011-05-06T15:00:00Z,0.8027,1
2011-05-06T16:00:00Z,0.0027,1
2011-05-06T17:00:00Z,-0.7873,1
2011-05-06T18:00:00Z,-1.3773,1
2011-05-06T19:00:00Z,-1.5673,1
2011-05-06T20:00:00Z,-1.2573,1
2011-05-06T21:00:00Z,-0.6873,1
2011-05-06T22:00:00Z,0.0827,1
2011-05-06T23:00:00Z,0.7327,1
2011-05-07T00:00:00Z,1.2727,1
2011-05-07T01:00:00Z,1.6227,1
2011-05-07T02:00:00Z,1.5627,1
2011-05-07T03:00:00Z,1.1527,1
2011-05-07T04:00:00Z,0.4227,1
2011-05-07T05:00:00Z,-0.4273,1
2011-05-07T06:00:00Z,-1.1773,1
2011-05-07T07:00:00Z,-1.5373,1
2011-05-07T08:00:00Z,-1.5073,1
2011-05-07T09:00:00Z,-1.0373,1
2011-05-07T10:00:00Z,-0.4173,1
2011-05-07T11:00:00Z,0.2727,1
2011-05-07T12:00:00Z,0.8727,1
2011-05-07T13:00:00Z,1.3027,1
2011-05-07T14:00:00Z,1.4527,1
2011-05-07T15:00:00Z,1.2027,1
2011-05-07T16:00:00Z,0.6227,1
2011-05-07T17:00:00Z,-0.1673,1
2011-05-07T18:00:00Z,-0.8973,1
2011-05-07T19:00:00Z,-1.3273,1
2011-05-07T20:00:00Z,-1.3273,1
2011-05-07T21:00:00Z,-0.9573,1
2011-05-07T22:00:00Z,-0.3873,1
2011-05-07T23:00:00Z,0.3027,1
2011-05-08T00:00:00Z,0.8927,1
2011-05-08T01:00:00Z,1.4027,1
2011-05-08T02:00:00Z,1.6127,1
2011-05-08T03:00:00Z,1.5727,1
2011-05-08T04:00:00Z,1.0427,1
2011-05-08T05:00:00Z,0.3027,1
2011-05-08T06:00:00Z,-0.5573,1
2011-05-08T07:00:00Z,-1.1273,1
2011-05-08T08:00:00Z,-1.4373,1
2011-05-08T09:00:00Z,-1.2773,1
2011-05-08T10:00:00Z,-0.7973,1
2011-05-08T11:00:00Z,-0.1673,1
2011-05-08T12:00:00Z,0.4627,1
2011-05-08T13:00:00Z,1.0127,1
2011-05-08T14:00:00Z,1.3627,1
2011-05-08T15:00:00Z,1.4027,1
2011-05-08T16:00:00Z,1.0827,1
2011-05-08T17:00:00Z,0.4627,1
2011-05-08T18:00:00Z,-0.2573,1
2011-05-08T19:00:00Z,-0.8973,1
2011-05-08T20:00:00Z,-1.1973,1
2011-05-08T21:00:00Z,-1.1373,1
2011-05-08T22:00:00Z,-0.7273,1
2011-05-08T23:00:00Z,-0.1773,1
2011-05-09T00:00:00Z,0.4127,1
2011-05-09T01:00:00Z,0.9527,1
2011-05-09T02:00:00Z,1.3527,1
2011-05-09T03:00:00Z,1.5227,1
2011-05-09T04:00:00Z,1.3427,1
2011-05-09T05:00:00Z,0.8027,1
2011-05-09T07:00:00Z,-0.6673,1
2011-05-09T08:00:00Z,-1.1773,1
2011-05-09T09:00:00Z,-1.4173,1
2011-05-09T10:00:00Z,-1.2073,1
2011-05-09T11:00:00Z,-0.7473,1
2011-05-09T12:00:00Z,-0.1773,1
2011-05-09T13:00:00Z,0.4027,1
2011-05-09T14:00:00Z,0.9027,1
2011-05-09T15:00:00Z,1.1827,1
2011-05-09T16:00:00Z,1.2227,1
2011-05-09T17:00:00Z,0.8927,1
2011-05-09T18:00:00Z,0.3127,1
2011-05-09T19:00:00Z,-0.3473,1
2011-05-09T20:00:00Z,-0.8773,1
2011-05-09T21:00:00Z,-1.1373,1
2011-05-09T22:00:00Z,-1.0273,1
2011-05-09T23:00:00Z,-0.6673,1
2011-05-10T00:00:00Z,-0.1473,1
2011-05-10T01:00:00Z,0.3827,1
2011-05-10T02:00:00Z,0.8627,1
2011-05-10T03:00:00Z,1.2327,1
2011-05-10T04:00:00Z,1.3527,1
2011-05-10T05:00:00Z,1.1727,1
2011-05-10T06:00:00Z,0.6227,1
2011-05-10T07:00:00Z,-0.0873,1
2011-05-10T08:00:00Z,-0.7873,1
2011-05-10T09:00:00Z,-1.3173,1
2011-05-10T10:00:00Z,-1.4573,1
2011-05-10T11:00:00Z,-1.2673,1
2011-05-10T12:00:00Z,-0.8173,1
2011-05-10T13:00:00Z,-0.2573,1
2011-05-10T14:00:00Z,0.2827,1
2011-05-10T15:00:00Z,0.7727,1
2011-05-10T16:00:00Z,1.0727,1
2011-05-10T17:00:00Z,1.1127,1
2011-05-10T18:00:00Z,0.8427,1
2011-05-10T19:00:00Z,0.3227,1
2011-05-10T20:00:00Z,-0.2773,1
2011-05-10T21:00:00Z,-0.8273,1
2011-05-10T22:00:00Z,-1.1073,1
2011-05-10T23:00:00Z,-1.0573,1
2011-05-11T00:00:00Z,-0.7573,1
2011-05-11T01:00:00Z,-0.2973,1
2011-05-11T02:00:00Z,0.2127,1
2011-05-11T03:00:00Z,0.6827,1
2011-05-11T04:00:00Z,1.0627,1
2011-05-11T05:00:00Z,1.2127,1
2011-05-11T06:00:00Z,1.0927,1
2011-05-11T07:00:00Z,0.6227,1
2011-05-11T08:00:00Z,-0.0573,1
2011-05-11T09:00:00Z,-0.7473,1
2011-05-11T10:00:00Z,-1.3073,1
2011-05-11T11:00:00Z,-1.5273,1
2011-05-11T12:00:00Z,-1.3973,1
2011-05-11T13:00:00Z,-1.0173,1
2011-05-11T14:00:00Z,-0.5073,1
2011-05-11T15:00:00Z,0.0527,1
2011-05-11T16:00:00Z,0.5927,1
2011-05-11T17:00:00Z,0.9627,1
2011-05-11T18:00:00Z,1.0727,1
2011-05-11T19:00:00Z,0.9227,1
2011-05-11T20:00:00Z,0.4327,1
2011-05-11T21:00:00Z,-0.1873,1
2011-05-11T22:00:00Z,-0.7273,1
2011-05-11T23:00:00Z,-1.0473,1
2011-05-12T00:00:00Z,-1.0873,1
2011-05-12T01:00:00Z,-0.8073,1
2011-05-12T02:00:00Z,-0.3773,1
2011-05-12T03:00:00Z,0.1227,1
2011-05-12T04:00:00Z,0.6227,1
2011-05-12T05:00:00Z,1.0427,1
2011-05-12T06:00:00Z,1.2627,1
2011-05-12T07:00:00Z,1.1627,1
2011-05-12T08:00:00Z,0.7527,1
2011-05-12T09:00:00Z,0.0927,1
2011-05-12T10:00:00Z,-0.6673,1
2011-05-12T11:00:00Z,-1.2573,1
2011-05-12T12:00:00Z,-1.5773,1
2011-05-12T13:00:00Z,-1.4973,1
2011-05-12T14:00:00Z,-1.1373,1
2011-05-12T15:00:00Z,-0.6373,1
2011-05-12T16:00:00Z,-0.0373,1
2011-05-12T17:00:00Z,0.5127,1
2011-05-12T18:00:00Z,0.9627,1
2011-05-12T19:00:00Z,1.1127,1
2011-05-12T20:00:00Z,0.9627,1
2011-05-12T21:00:00Z,0.4827,1
2011-05-12T22:00:00Z,-0.1773,1
2011-05-12T23:00:00Z,-0.8073,1
2011-05-13T00:00:00Z,-1.2173,1
2011-05-13T01:00:00Z,-1.3273,1
2011-05-13T02:00:00Z,-1.0773,1
2011-05-13T03:00:00Z,-0.6473,1
2011-05-13T04:00:00Z,-0.0973,1
2011-05-13T05:00:00Z,0.4627,1
2011-05-13T06:00:00Z,0.9327,1
2011-05-13T07:00:00Z,1.2327,1
2011-05-13T08:00:00Z,1.2027,1
2011-05-13T09:00:00Z,0.8027,1
2011-05-13T10:00:00Z,0.1427,1
2011-05-13T11:00:00Z,-0.6473,1
2011-05-13T12:00:00Z,-1.3373,1
2011-05-13T13:00:00Z,-1.6773,1
2011-05-13T14:00:00Z,-1.6173,1
2011-05-13T15:00:00Z,-1.2173,1
2011-05-13T16:00:00Z,-0.6273,1
2011-05-13T17:00:00Z,0.0227,1
2011-05-13T18:00:00Z,0.6227,1
2011-05-13T19:00:00Z,1.0827,1
2011-05-13T20:00:00Z,1.2727,1
2011-05-13T21:00:00Z,1.0827,1
2011-05-13T22:00:00Z,0.5627,1
2011-05-13T23:00:00Z,-0.2073,1
2011-05-14T00:00:00Z,-0.9273,1
2011-05-14T01:00:00Z,-1.4073,1
2011-05-14T02:00:00Z,-1.5173,1
2011-05-14T03:00:00Z,-1.2473,1
2011-05-14T04:00:00Z,-0.7172,1
2011-05-14T05:00:00Z,-0.0672,1
2011-05-14T06:00:00Z,0.5628,1
2011-05-14T07:00:00Z,1.0828,1
2011-05-14T08:00:00Z,1.3628,1
2011-05-14T09:00:00Z,1.3128,1
2011-05-14T10:00:00Z,0.8628,1
2011-05-14T11:00:00Z,0.0828,1
2011-05-14T12:00:00Z,-0.7972,1
2011-05-14T13:00:00Z,-1.5772,1
2011-05-14T14:00:00Z,-1.9872,1
2011-05-14T15:00:00Z,-1.8872,1
2011-05-14T16:00:00Z,-1.4072,1
2011-05-14T17:00:00Z,-0.7072,1
2011-05-14T18:00:00Z,0.0128,1
2011-05-14T19:00:00Z,0.6728,1
2011-05-14T20:00:00Z,1.1328,1
2011-05-14T21:00:00Z,1.3028,1
2011-05-14T22:00:00Z,1.0728,1
2011-05-14T23:00:00Z,0.4628,1
2011-05-15T00:00:00Z,-0.3972,1
2011-05-15T01:00:00Z,-1.2272,1
2011-05-15T02:00:00Z,-1.7372,1
2011-05-15T03:00:00Z,-1.8172,1
2011-05-15T04:00:00Z,-1.4972,1
2011-05-15T05:00:00Z,-0.8472,1
2011-05-15T06:00:00Z,-0.1072,1
2011-05-15T07:00:00Z,0.5828,1
2011-05-15T08:00:00Z,1.1328,1
2011-05-15T09:00:00Z,1.4328,1
2011-05-15T10:00:00Z,1.3428,1
2011-05-15T11:00:00Z,0.8428,1
2011-05-15T12:00:00Z,-0.0172,1
2011-05-15T13:00:00Z,-0.9672,1
2011-05-15T14:00:00Z,-1.7672,1
2011-05-15T15:00:00Z,-2.1172,1
2011-05-15T16:00:00Z,-1.9172,1
2011-05-15T17:00:00Z,-1.3372,1
2011-05-15T18:00:00Z,-0.5172,1
2011-05-15T19:00:00Z,0.2828,1
2011-05-15T20:00:00Z,0.9628,1
2011-05-15T21:00:00Z,1.3928,1
2011-05-15T22:00:00Z,1.4528,1
2011-05-15T23:00:00Z,1.1228,1
2011-05-16T00:00:00Z,0.3728,1
2011-05-16T01:00:00Z,-0.5772,1
2011-05-16T02:00:00Z,-1.4372,1
2011-05-16T03:00:00Z,-1.9272,1
2011-05-16T04:00:00Z,-1.9072,1
2011-05-16T05:00:00Z,-1.4672,1
2011-05-16T06:00:00Z,-0.6672,1
2011-05-16T07:00:00Z,0.1628,1
2011-05-16T08:00:00Z,0.9028,1
2011-05-16T09:00:00Z,1.4528,1
2011-05-16T10:00:00Z,1.6828,1
2011-05-16T11:00:00Z,1.4928,1
2011-05-16T12:00:00Z,0.9028,1
2011-05-16T13:00:00Z,-0.0772,1
2011-05-16T14:00:00Z,-1.1272,1
2011-05-16T15:00:00Z,-1.8972,1
2011-05-16T16:00:00Z,-2.1572,1
2011-05-16T17:00:00Z,-1.8772,1
2011-05-16T18:00:00Z,-1.1072,1
2011-05-16T19:00:00Z,-0.2172,1
2011-05-16T20:00:00Z,0.6028,1
2011-05-16T21:00:00Z,1.2728,1
2011-05-16T22:00:00Z,1.6428,1
2011-05-16T23:00:00Z,1.6228,1
2011-05-17T00:00:00Z,1.1528,1
2011-05-17T01:00:00Z,0.3028,1
2011-05-17T02:00:00Z,-0.7272,1
2011-05-17T03:00:00Z,-1.6572,1
2011-05-17T04:00:00Z,-2.0572,1
2011-05-17T05:00:00Z,-1.9672,1
2011-05-17T06:00:00Z,-1.3872,1
2011-05-17T07:00:00Z,-0.5672,1
2011-05-17T08:00:00Z,0.2728,1
2011-05-17T09:00:00Z,1.0028,1
2011-05-17T10:00:00Z,1.5428,1
2011-05-17T11:00:00Z,1.7528,1
2011-05-17T12:00:00Z,1.4828,1
2011-05-17T13:00:00Z,0.7828,1
2011-05-17T14:00:00Z,-0.2672,1
2011-05-17T15:00:00Z,-1.3072,1
2011-05-17T16:00:00Z,-2.0072,1
2011-05-17T17:00:00Z,-2.1272,1
2011-05-17T18:00:00Z,-1.6972,1
2011-05-17T19:00:00Z,-0.8872,1
2011-05-17T20:00:00Z,0.0528,1
2011-05-17T21:00:00Z,0.8728,1
2011-05-17T22:00:00Z,1.4828,1
2011-05-17T23:00:00Z,1.8228,1
2011-05-18T00:00:00Z,1.6928,1
2011-05-18T01:00:00Z,1.1228,1
2011-05-18T02:00:00Z,0.1528,1
2011-05-18T03:00:00Z,-0.9172,1
2011-05-18T04:00:00Z,-1.7672,1
2011-05-18T05:00:00Z,-2.0872,1
2011-05-18T06:00:00Z,-1.8772,1
2011-05-18T07:00:00Z,-1.1872,1
2011-05-18T08:00:00Z,-0.3072,1
2011-05-18T09:00:00Z,0.5428,1
2011-05-18T10:00:00Z,1.2428,1
2011-05-18T11:00:00Z,1.7128,1
2011-05-18T12:00:00Z,1.8028,1
2011-05-18T13:00:00Z,1.4628,1
2011-05-18T14:00:00Z,0.6728,1
2011-05-18T15:00:00Z,-0.4072,1
2011-05-18T16:00:00Z,-1.3872,1
2011-05-18T17:00:00Z,-1.9772,1
2011-05-18T18:00:00Z,-1.9472,1
2011-05-18T19:00:00Z,-1.4172,1
2011-05-18T20:00:00Z,-0.5372,1
2011-05-18T21:00:00Z,0.3628,1
2011-05-18T22:00:00Z,1.1028,1
2011-05-18T23:00:00Z,1.5928,1
2011-05-19T00:00:00Z,1.7828,1
2011-05-19T01:00:00Z,1.5228,1
2011-05-19T02:00:00Z,0.8728,1
2011-05-19T03:00:00Z,-0.1672,1
2011-05-19T04:00:00Z,-1.2272,1
2011-05-19T05:00:00Z,-1.9972,1
2011-05-19T06:00:00Z,-2.2272,1
2011-05-19T07:00:00Z,-1.9072,1
2011-05-19T08:00:00Z,-1.2072,1
2011-05-19T09:00:00Z,-0.3372,1
2011-05-19T10:00:00Z,0.4628,1
2011-05-19T12:00:00Z,1.5328,1
2011-05-19T13:00:00Z,1.5828,1
2011-05-19T14:00:00Z,1.1828,1
2011-05-19T15:00:00Z,0.3228,1
2011-05-19T16:00:00Z,-0.6972,1
2011-05-19T17:00:00Z,-1.5772,1
2011-05-19T18:00:00Z,-1.9972,1
2011-05-19T19:00:00Z,-1.8572,1
2011-05-19T20:00:00Z,-1.2372,1
2011-05-19T21:00:00Z,-0.3772,1
2011-05-19T22:00:00Z,0.4928,1
2011-05-19T23:00:00Z,1.1928,1
2011-05-20T00:00:00Z,1.6728,1
2011-05-20T01:00:00Z,1.8128,1
2011-05-20T02:00:00Z,1.5128,1
2011-05-20T03:00:00Z,0.7928,1
2011-05-20T04:00:00Z,-0.2572,1
2011-05-20T05:00:00Z,-1.2672,1
2011-05-20T06:00:00Z,-1.9172,1
2011-05-20T07:00:00Z,-2.0272,1
2011-05-20T08:00:00Z,-1.6572,1
2011-05-20T09:00:00Z,-0.8972,1
2011-05-20T10:00:00Z,-0.0872,1
2011-05-20T11:00:00Z,0.6628,1
2011-05-20T12:00:00Z,1.2328,1
2011-05-20T13:00:00Z,1.5828,1
2011-05-20T14:00:00Z,1.5328,1
2011-05-20T15:00:00Z,1.0428,1
2011-05-20T16:00:00Z,0.1928,1
2011-05-20T17:00:00Z,-0.7572,1
2011-05-20T18:00:00Z,-1.5272,1
2011-05-20T19:00:00Z,-1.8072,1
2011-05-20T20:00:00Z,-1.6172,1
2011-05-20T21:00:00Z,-0.9872,1
2011-05-20T22:00:00Z,-0.1672,1
2011-05-20T23:00:00Z,0.6028,1
2011-05-21T00:00:00Z,1.2328,1
2011-05-21T01:00:00Z,1.6228,1
2011-05-21T02:00:00Z,1.6728,1
2011-05-21T03:00:00Z,1.3028,1
2011-05-21T04:00:00Z,0.5428,1
2011-05-21T05:00:00Z,-0.4472,1
2011-05-21T06:00:00Z,-1.3372,1
2011-05-21T07:00:00Z,-1.8372,1
2011-05-21T08:00:00Z,-1.8972,1
2011-05-21T09:00:00Z,-1.4772,1
2011-05-21T10:00:00Z,-0.8172,1
2011-05-21T11:00:00Z,-0.0672,1
2011-05-21T12:00:00Z,0.5928,1
2011-05-21T13:00:00Z,1.1528,1
2011-05-21T14:00:00Z,1.4628,1
2011-05-21T15:00:00Z,1.4028,1
2011-05-21T16:00:00Z,0.9428,1
2011-05-21T17:00:00Z,0.1628,1
2011-05-21T18:00:00Z,-0.6472,1
2011-05-21T19:00:00Z,-1.2372,1
2011-05-21T20:00:00Z,-1.3772,1
2011-05-21T21:00:00Z,-1.0872,1
2011-05-21T22:00:00Z,-0.4672,1
2011-05-21T23:00:00Z,0.2828,1
2011-05-22T00:00:00Z,0.9828,1
2011-05-22T01:00:00Z,1.4928,1
2011-05-22T02:00:00Z,1.7528,1
2011-05-22T03:00:00Z,1.6528,1
2011-05-22T04:00:00Z,1.2428,1
2011-05-22T05:00:00Z,0.3928,1
2011-05-22T06:00:00Z,-0.4872,1
2011-05-22T07:00:00Z,-1.3072,1
2011-05-22T08:00:00Z,-1.7072,1
2011-05-22T09:00:00Z,-1.6972,1
2011-05-22T10:00:00Z,-1.2372,1
2011-05-22T11:00:00Z,-0.5672,1
2011-05-22T12:00:00Z,0.0328,1
2011-05-22T13:00:00Z,0.6528,1
2011-05-22T14:00:00Z,1.1228,1
2011-05-22T15:00:00Z,1.3128,1
2011-05-22T16:00:00Z,1.1328,1
2011-05-22T17:00:00Z,0.6328,1
2011-05-22T18:00:00Z,-0.1272,1
2011-05-22T19:00:00Z,-0.8572,1
2011-05-22T20:00:00Z,-1.3572,1
2011-05-22T21:00:00Z,-1.4572,1
2011-05-22T22:00:00Z,-1.2072,1
2011-05-22T23:00:00Z,-0.6872,1
2011-05-23T00:00:00Z,-0.0472,1
2011-05-23T01:00:00Z,0.5528,1
2011-05-23T02:00:00Z,1.0229,1
2011-05-23T03:00:00Z,1.3129,1
2011-05-23T04:00:00Z,1.2629,1
2011-05-23T05:00:00Z,0.8729,1
2011-05-23T06:00:00Z,0.1829,1
2011-05-23T07:00:00Z,-0.5471,1
2011-05-23T08:00:00Z,-1.1571,1
2011-05-23T09:00:00Z,-1.4471,1
2011-05-23T11:00:00Z,-0.8071,1
2011-05-23T12:00:00Z,-0.1971,1
2011-05-23T13:00:00Z,0.3629,1
2011-05-23T14:00:00Z,0.8629,1
2011-05-23T15:00:00Z,1.2829,1
2011-05-23T16:00:00Z,1.5329,1
2011-05-23T17:00:00Z,1.4129,1
2011-05-23T18:00:00Z,0.9829,1
2011-05-23T19:00:00Z,0.3829,1
2011-05-23T20:00:00Z,-0.3971,1
2011-05-23T21:00:00Z,-0.7871,1
2011-05-23T22:00:00Z,-0.9871,1
2011-05-23T23:00:00Z,-0.7771,1
2011-05-24T00:00:00Z,-0.3671,1
2011-05-24T01:00:00Z,0.1329,1
2011-05-24T02:00:00Z,0.5529,1
2011-05-24T03:00:00Z,0.8629,1
2011-05-24T04:00:00Z,0.9829,1
2011-05-24T05:00:00Z,0.9229,1
2011-05-24T06:00:00Z,0.5429,1
2011-05-24T07:00:00Z,-0.0871,1
2011-05-24T08:00:00Z,-0.7871,1
2011-05-24T09:00:00Z,-1.3371,1
2011-05-24T10:00:00Z,-1.5571,1
2011-05-24T11:00:00Z,-1.4771,1
2011-05-24T12:00:00Z,-1.1371,1
2011-05-24T13:00:00Z,-0.6771,1
2011-05-24T14:00:00Z,-0.1771,1
2011-05-24T15:00:00Z,0.3429,1
2011-05-24T16:00:00Z,0.7129,1
2011-05-24T17:00:00Z,0.8129,1
2011-05-24T18:00:00Z,0.7129,1
2011-05-24T19:00:00Z,0.3729,1
2011-05-24T20:00:00Z,-0.1871,1
2011-05-24T21:00:00Z,-0.7171,1
2011-05-24T22:00:00Z,-1.0871,1
2011-05-24T23:00:00Z,-1.1271,1
2011-05-25T00:00:00Z,-0.8871,1
2011-05-25T01:00:00Z,-0.4271,1
2011-05-25T02:00:00Z,0.0429,1
2011-05-25T03:00:00Z,0.5029,1
2011-05-25T04:00:00Z,0.8929,1
2011-05-25T05:00:00Z,1.1129,1
2011-05-25T06:00:00Z,1.0229,1
2011-05-25T07:00:00Z,0.6829,1
2011-05-25T08:00:00Z,0.1229,1
2011-05-25T09:00:00Z,-0.5071,1
2011-05-25T10:00:00Z,-1.0171,1
2011-05-25T11:00:00Z,-1.2571,1
2011-05-25T12:00:00Z,-1.2271,1
2011-05-25T13:00:00Z,-0.9271,1
2011-05-25T14:00:00Z,-0.5071,1
2011-05-25T15:00:00Z,-0.0471,1
2011-05-25T16:00:00Z,0.4229,1
2011-05-25T17:00:00Z,0.8029,1
2011-05-25T18:00:00Z,0.9829,1
2011-05-25T19:00:00Z,0.9029,1
2011-05-25T20:00:00Z,0.5629,1
2011-05-25T21:00:00Z,0.0829,1
2011-05-25T22:00:00Z,-0.4071,1
2011-05-25T23:00:00Z,-0.7571,1
2011-05-26T00:00:00Z,-0.7971,1
2011-05-26T01:00:00Z,-0.5971,1
2011-05-26T02:00:00Z,-0.1871,1
2011-05-26T03:00:00Z,0.2629,1
2011-05-26T04:00:00Z,0.6829,1
2011-05-26T05:00:00Z,1.0129,1
2011-05-26T06:00:00Z,1.1529,1
2011-05-26T07:00:00Z,1.0629,1
2011-05-26T08:00:00Z,0.7129,1
2011-05-26T09:00:00Z,0.1629,1
2011-05-26T10:00:00Z,-0.4871,1
2011-05-26T11:00:00Z,-1.0371,1
2011-05-26T12:00:00Z,-1.3471,1
2011-05-26T13:00:00Z,-1.3971,1
2011-05-26T14:00:00Z,-1.1171,1
2011-05-26T15:00:00Z,-0.8371,1
2011-05-26T16:00:00Z,-0.3771,1
2011-05-26T17:00:00Z,0.0129,1
2011-05-26T18:00:00Z,0.4029,1
2011-05-26T19:00:00Z,0.6029,1
2011-05-26T20:00:00Z,0.5329,1
2011-05-26T21:00:00Z,0.2229,1
2011-05-26T22:00:00Z,-0.2371,1
2011-05-26T23:00:00Z,-0.7471,1
2011-05-27T00:00:00Z,-1.0871,1
2011-05-27T01:00:00Z,-1.1871,1
2011-05-27T02:00:00Z,-1.0071,1
2011-05-27T03:00:00Z,-0.6571,1
2011-05-27T04:00:00Z,-0.2371,1
2011-05-27T05:00:00Z,0.1529,1
2011-05-27T06:00:00Z,0.5129,1
2011-05-27T07:00:00Z,0.7029,1
2011-05-27T08:00:00Z,0.6929,1
2011-05-27T09:00:00Z,0.4029,1
2011-05-27T10:00:00Z,-0.1071,1
2011-05-27T11:00:00Z,-0.6771,1
2011-05-27T12:00:00Z,-1.1471,1
2011-05-27T13:00:00Z,-1.3671,1
2011-05-27T14:00:00Z,-1.3071,1
2011-05-27T15:00:00Z,-1.0671,1
2011-05-27T16:00:00Z,-0.6271,1
2011-05-27T17:00:00Z,-0.1471,1
2011-05-27T18:00:00Z,0.3329,1
2011-05-27T19:00:00Z,0.7829,1
2011-05-27T20:00:00Z,0.9929,1
2011-05-27T21:00:00Z,0.9329,1
2011-05-27T22:00:00Z,0.5529,1
2011-05-27T23:00:00Z,-0.0071,1
2011-05-28T00:00:00Z,-0.5471,1
2011-05-28T01:00:00Z,-0.9271,1
2011-05-28T02:00:00Z,-1.0071,1
2011-05-28T03:00:00Z,-0.8371,1
2011-05-28T04:00:00Z,-0.4271,1
2011-05-28T05:00:00Z,0.0629,1
2011-05-28T06:00:00Z,0.5129,1
2011-05-28T07:00:00Z,0.8829,1
2011-05-28T08:00:00Z,1.0829,1
2011-05-28T09:00:00Z,1.0329,1
2011-05-28T10:00:00Z,0.6829,1
2011-05-28T11:00:00Z,0.1329,1
2011-05-28T12:00:00Z,-0.4771,1
2011-05-28T13:00:00Z,-0.9871,1
2011-05-28T14:00:00Z,-1.2471,1
2011-05-28T15:00:00Z,-1.2071,1
2011-05-28T16:00:00Z,-0.8771,1
2011-05-28T17:00:00Z,-0.4471,1
2011-05-28T18:00:00Z,0.1029,1
2011-05-28T19:00:00Z,0.5929,1
2011-05-28T20:00:00Z,0.9429,1
2011-05-28T21:00:00Z,1.1029,1
2011-05-28T22:00:00Z,0.9229,1
2011-05-28T23:00:00Z,0.4829,1
2011-05-29T00:00:00Z,-0.1371,1
2011-05-29T01:00:00Z,-0.6971,1
2011-05-29T02:00:00Z,-1.0571,1
2011-05-29T03:00:00Z,-1.0771,1
2011-05-29T04:00:00Z,-0.8371,1
2011-05-29T05:00:00Z,-0.3771,1
2011-05-29T06:00:00Z,0.1429,1
2011-05-29T07:00:00Z,0.6429,1
2011-05-29T08:00:00Z,1.0329,1
2011-05-29T09:00:00Z,1.2429,1
2011-05-29T10:00:00Z,1.1829,1
2011-05-29T11:00:00Z,0.7629,1
2011-05-29T12:00:00Z,0.1729,1
2011-05-29T13:00:00Z,-0.4471,1
2011-05-29T14:00:00Z,-0.9671,1
2011-05-29T15:00:00Z,-1.1671,1
2011-05-29T16:00:00Z,-1.0571,1
2011-05-29T17:00:00Z,-0.6371,1
2011-05-29T18:00:00Z,-0.1471,1
2011-05-29T19:00:00Z,0.3629,1
2011-05-29T20:00:00Z,0.7929,1
2011-05-29T21:00:00Z,1.1029,1
2011-05-29T22:00:00Z,1.1229,1
2011-05-29T23:00:00Z,0.8229,1
2011-05-30T00:00:00Z,0.2429,1
2011-05-30T01:00:00Z,-0.4271,1
2011-05-30T02:00:00Z,-1.0571,1
2011-05-30T03:00:00Z,-1.3471,1
2011-05-30T04:00:00Z,-1.3171,1
2011-05-30T05:00:00Z,-0.9071,1
2011-05-30T06:00:00Z,-0.3671,1
2011-05-30T07:00:00Z,0.2629,1
2011-05-30T08:00:00Z,0.7529,1
2011-05-30T09:00:00Z,1.1029,1
2011-05-30T10:00:00Z,1.2329,1
2011-05-30T11:00:00Z,1.0129,1
2011-05-30T12:00:00Z,0.4929,1
2011-05-30T13:00:00Z,-0.2271,1
2011-05-30T14:00:00Z,-0.9171,1
2011-05-30T15:00:00Z,-1.3271,1
2011-05-30T16:00:00Z,-1.4071,1
2011-05-30T17:00:00Z,-1.0971,1
2011-05-30T18:00:00Z,-0.5671,1
2011-05-30T19:00:00Z,0.0329,1
2011-05-30T20:00:00Z,0.6129,1
2011-05-30T21:00:00Z,1.0929,1
2011-05-30T22:00:00Z,1.3229,1
2011-05-30T23:00:00Z,1.2129,1
2011-05-31T00:00:00Z,0.7529,1
2011-05-31T01:00:00Z,0.0329,1
2011-05-31T02:00:00Z,-0.7471,1
2011-05-31T03:00:00Z,-1.3371,1
2011-05-31T04:00:00Z,-1.5671,1
2011-05-31T05:00:00Z,-1.3971,1
2011-05-31T06:00:00Z,-0.8871,1
2011-05-31T07:00:00Z,-0.2671,1
2011-05-31T08:00:00Z,0.3329,1
2011-05-31T09:00:00Z,0.8229,1
2011-05-31T10:00:00Z,1.1229,1
2011-05-31T11:00:00Z,1.1129,1
2011-05-31T12:00:00Z,0.7529,1
2011-05-31T13:00:00Z,0.0829,1
2011-05-31T14:00:00Z,-0.6671,1
2011-05-31T15:00:00Z,-1.3171,1
2011-05-31T16:00:00Z,-1.5971,1
2011-05-31T17:00:00Z,-1.5271,1
2011-05-31T18:00:00Z,-1.0971,1
2011-05-31T19:00:00Z,-0.4771,1
2011-05-31T20:00:00Z,0.1729,1
2011-05-31T21:00:00Z,0.7429,1
2011-05-31T22:00:00Z,1.1829,1
2011-05-31T23:00:00Z,1.2729,1
2011-06-01T00:00:00Z,1.0229,1
2011-06-01T01:00:00Z,0.413,1
2011-06-01T02:00:00Z,-0.407,1
2011-06-01T03:00:00Z,-1.177,1
2011-06-01T04:00:00Z,-1.607,1
2011-06-01T05:00:00Z,-1.647,1
2011-06-01T06:00:00Z,-1.287,1
2011-06-01T07:00:00Z,-0.647,1
2011-06-01T08:00:00Z,0.043,1
2011-06-01T09:00:00Z,0.653,1
2011-06-01T10:00:00Z,1.113,1
2011-06-01T11:00:00Z,1.283,1
2011-06-01T12:00:00Z,1.123,1
2011-06-01T13:00:00Z,0.613,1
2011-06-01T14:00:00Z,-0.167,1
2011-06-01T15:00:00Z,-0.977,1
2011-06-01T16:00:00Z,-1.527,1
2011-06-01T17:00:00Z,-1.667,1
2011-06-01T18:00:00Z,-1.417,1
2011-06-01T19:00:00Z,-0.837,1
2011-06-01T20:00:00Z,-0.137,1
2011-06-01T21:00:00Z,0.513,1
2011-06-01T22:00:00Z,1.033,1
2011-06-01T23:00:00Z,1.333,1
2011-06-02T00:00:00Z,1.263,1
2011-06-02T01:00:00Z,0.813,1
2011-06-02T02:00:00Z,0.043,1
2011-06-02T03:00:00Z,-0.827,1
2011-06-02T04:00:00Z,-1.547,1
2011-06-02T05:00:00Z,-1.867,1
2011-06-02T06:00:00Z,-1.737,1
2011-06-02T07:00:00Z,-1.257,1
2011-06-02T08:00:00Z,-0.537,1
2011-06-02T09:00:00Z,0.123,1
2011-06-02T10:00:00Z,0.693,1
2011-06-02T11:00:00Z,1.073,1
2011-06-02T12:00:00Z,1.123,1
2011-06-02T13:00:00Z,0.813,1
2011-06-02T14:00:00Z,0.173,1
2011-06-02T15:00:00Z,-0.687,1
2011-06-02T16:00:00Z,-1.447,1
2011-06-02T17:00:00Z,-1.857,1
2011-06-02T18:00:00Z,-1.817,1
2011-06-02T19:00:00Z,-1.357,1
2011-06-02T20:00:00Z,-0.667,1
2011-06-02T21:00:00Z,0.083,1
2011-06-02T22:00:00Z,0.713,1
2011-06-02T23:00:00Z,1.183,1
2011-06-03T00:00:00Z,1.343,1
2011-06-03T01:00:00Z,1.123,1
2011-06-03T02:00:00Z,0.523,1
2011-06-03T03:00:00Z,-0.347,1
2011-06-03T04:00:00Z,-1.227,1
2011-06-03T05:00:00Z,-1.837,1
2011-06-03T06:00:00Z,-2.007,1
2011-06-03T07:00:00Z,-1.717,1
2011-06-03T08:00:00Z,-1.097,1
2011-06-03T09:00:00Z,-0.347,1
2011-06-03T10:00:00Z,0.323,1
2011-06-03T11:00:00Z,0.843,1
2011-06-03T12:00:00Z,1.133,1
2011-06-03T13:00:00Z,1.063,1
2011-06-03T14:00:00Z,0.593,1
2011-06-03T15:00:00Z,-0.187,1
2011-06-03T16:00:00Z,-1.027,1
2011-06-03T17:00:00Z,-1.657,1
2011-06-03T18:00:00Z,-1.877,1
2011-06-03T19:00:00Z,-1.637,1
2011-06-03T20:00:00Z,-1.047,1
2011-06-03T21:00:00Z,-0.297,1
2011-06-03T22:00:00Z,0.423,1
2011-06-03T23:00:00Z,1.003,1
2011-06-04T00:00:00Z,1.393,1
2011-06-04T01:00:00Z,1.413,1
2011-06-04T02:00:00Z,1.013,1
2011-06-04T03:00:00Z,0.273,1
2011-06-04T04:00:00Z,-0.657,1
2011-06-04T05:00:00Z,-1.517,1
2011-06-04T06:00:00Z,-1.947,1
2011-06-04T07:00:00Z,-1.957,1
2011-06-04T08:00:00Z,-1.517,1
2011-06-04T09:00:00Z,-0.797,1
2011-06-04T10:00:00Z,-0.067,1
2011-06-04T11:00:00Z,0.553,1
2011-06-04T12:00:00Z,1.013,1
2011-06-04T13:00:00Z,1.183,1
2011-06-04T14:00:00Z,0.973,1
2011-06-04T15:00:00Z,0.393,1
2011-06-04T16:00:00Z,-0.447,1
2011-06-04T17:00:00Z,-1.257,1
2011-06-04T18:00:00Z,-1.777,1
2011-06-04T19:00:00Z,-1.827,1
2011-06-04T20:00:00Z,-1.447,1
2011-06-04T21:00:00Z,-0.757,1
2011-06-04T22:00:00Z,0.003,1
2011-06-04T23:00:00Z,0.653,1
2011-06-05T00:00:00Z,1.183,1
2011-06-05T01:00:00Z,1.453,1
2011-06-05T02:00:00Z,1.363,1
2011-06-05T03:00:00Z,0.853,1
2011-06-05T04:00:00Z,0.023,1
2011-06-05T05:00:00Z,-0.897,1
2011-06-05T06:00:00Z,-1.607,1
2011-06-05T07:00:00Z,-1.937,1
2011-06-05T08:00:00Z,-1.767,1
2011-06-05T09:00:00Z,-1.187,1
2011-06-05T10:00:00Z,-0.467,1
2011-06-05T11:00:00Z,0.233,1
2011-06-05T12:00:00Z,0.843,1
2011-06-05T13:00:00Z,1.253,1
2011-06-05T14:00:00Z,1.323,1
2011-06-05T15:00:00Z,0.973,1
2011-06-05T16:00:00Z,0.323,1
2011-06-05T17:00:00Z,-0.557,1
2011-06-05T18:00:00Z,-1.307,1
2011-06-05T19:00:00Z,-1.647,1
2011-06-05T20:00:00Z,-1.587,1
2011-06-05T21:00:00Z,-1.127,1
2011-06-05T22:00:00Z,-0.447,1
2011-06-05T23:00:00Z,0.253,1
2011-06-06T00:00:00Z,0.893,1
2011-06-06T01:00:00Z,1.343,1
2011-06-06T02:00:00Z,1.533,1
2011-06-06T03:00:00Z,1.333,1
2011-06-06T04:00:00Z,0.753,1
2011-06-06T05:00:00Z,-0.127,1
2011-06-06T06:00:00Z,-1.007,1
2011-06-06T07:00:00Z,-1.637,1
2011-06-06T08:00:00Z,-1.847,1
2011-06-06T09:00:00Z,-1.587,1
2011-06-06T10:00:00Z,-0.967,1
2011-06-06T11:00:00Z,-0.247,1
2011-06-06T12:00:00Z,0.433,1
2011-06-06T13:00:00Z,0.973,1
2011-06-06T14:00:00Z,1.313,1
2011-06-06T15:00:00Z,1.293,1
2011-06-06T16:00:00Z,0.903,1
2011-06-06T17:00:00Z,0.193,1
2011-06-06T18:00:00Z,-0.597,1
2011-06-06T19:00:00Z,-1.217,1
2011-06-06T20:00:00Z,-1.457,1
2011-06-06T21:00:00Z,-1.277,1
2011-06-06T22:00:00Z,-0.757,1
2011-06-06T23:00:00Z,-0.087,1
2011-06-07T00:00:00Z,0.593,1
2011-06-07T01:00:00Z,1.173,1
2011-06-07T02:00:00Z,1.563,1
2011-06-07T03:00:00Z,1.673,1
2011-06-07T04:00:00Z,1.363,1
2011-06-07T05:00:00Z,0.683,1
2011-06-07T06:00:00Z,-0.167,1
2011-06-07T07:00:00Z,-1.027,1
2011-06-07T08:00:00Z,-1.577,1
2011-06-07T09:00:00Z,-1.697,1
2011-06-07T10:00:00Z,-1.367,1
2011-06-07T11:00:00Z,-0.797,1
2011-06-07T12:00:00Z,-0.097,1
2011-06-07T13:00:00Z,0.553,1
2011-06-07T14:00:00Z,1.083,1
2011-06-07T15:00:00Z,1.383,1
2011-06-07T16:00:00Z,1.313,1
2011-06-07T17:00:00Z,0.873,1
2011-06-07T18:00:00Z,0.153,1
2011-06-07T19:00:00Z,-0.577,1
2011-06-07T20:00:00Z,-1.147,1
2011-06-07T21:00:00Z,-1.327,1
2011-06-07T22:00:00Z,-1.117,1
2011-06-07T23:00:00Z,-0.627,1
2011-06-08T00:00:00Z,-0.017,1
2011-06-08T01:00:00Z,0.603,1
2011-06-08T02:00:00Z,1.133,1
2011-06-08T03:00:00Z,1.483,1
2011-06-08T04:00:00Z,1.503,1
2011-06-08T05:00:00Z,1.163,1
2011-06-08T06:00:00Z,0.463,1
2011-06-08T07:00:00Z,-0.397,1
2011-06-08T08:00:00Z,-1.207,1
2011-06-08T09:00:00Z,-1.687,1
2011-06-08T10:00:00Z,-1.747,1
2011-06-08T11:00:00Z,-1.417,1
2011-06-08T12:00:00Z,-0.857,1
2011-06-08T13:00:00Z,-0.207,1
2011-06-08T14:00:00Z,0.403,1
2011-06-08T15:00:00Z,0.943,1
2011-06-08T16:00:00Z,1.193,1
2011-06-08T17:00:00Z,1.143,1
2011-06-08T18:00:00Z,0.713,1
2011-06-08T19:00:00Z,0.023,1
2011-06-08T20:00:00Z,-0.687,1
2011-06-08T21:00:00Z,-1.197,1
2011-06-08T22:00:00Z,-1.347,1
2011-06-08T23:00:00Z,-1.147,1
2011-06-09T00:00:00Z,-0.717,1
2011-06-09T01:00:00Z,-0.147,1
2011-06-09T02:00:00Z,0.433,1
2011-06-09T03:00:00Z,0.953,1
2011-06-09T04:00:00Z,1.283,1
2011-06-09T05:00:00Z,1.343,1
2011-06-09T06:00:00Z,1.033,1
2011-06-09T07:00:00Z,0.383,1
2011-06-09T08:00:00Z,-0.427,1
2011-06-09T09:00:00Z,-1.177,1
2011-06-09T10:00:00Z,-1.617,1
2011-06-09T11:00:00Z,-1.667,1
2011-06-09T12:00:00Z,-1.347,1
2011-06-09T13:00:00Z,-0.807,1
2011-06-09T14:00:00Z,-0.197,1
2011-06-09T15:00:00Z,0.393,1
2011-06-09T16:00:00Z,0.873,1
2011-06-09T17:00:00Z,1.163,1
2011-06-09T18:00:00Z,1.113,1
2011-06-09T19:00:00Z,0.713,1
2011-06-09T20:00:00Z,0.053,1
2011-06-09T21:00:00Z,-0.607,1
2011-06-09T22:00:00Z,-1.137,1
2011-06-09T23:00:00Z,-1.3269,1
2011-06-10T00:00:00Z,-1.1469,1
2011-06-10T01:00:00Z,-0.7269,1
2011-06-10T02:00:00Z,-0.1669,1
2011-06-10T03:00:00Z,0.4031,1
2011-06-10T04:00:00Z,0.9231,1
2011-06-10T05:00:00Z,1.2731,1
2011-06-10T06:00:00Z,1.3631,1
2011-06-10T07:00:00Z,1.0831,1
2011-06-10T08:00:00Z,0.4531,1
2011-06-10T09:00:00Z,-0.3369,1
2011-06-10T10:00:00Z,-1.0969,1
2011-06-10T11:00:00Z,-1.5869,1
2011-06-10T12:00:00Z,-1.6969,1
2011-06-10T13:00:00Z,-1.4169,1
2011-06-10T14:00:00Z,-0.9069,1
2011-06-10T15:00:00Z,-0.2969,1
2011-06-10T16:00:00Z,0.3031,1
2011-06-10T17:00:00Z,0.8331,1
2011-06-10T18:00:00Z,1.1531,1
2011-06-10T19:00:00Z,1.1531,1
2011-06-10T20:00:00Z,0.7831,1
2011-06-10T21:00:00Z,0.1531,1
2011-06-10T22:00:00Z,-0.5469,1
2011-06-10T23:00:00Z,-1.1069,1
2011-06-11T00:00:00Z,-1.3669,1
2011-06-11T01:00:00Z,-1.2569,1
2011-06-11T02:00:00Z,-0.8569,1
2011-06-11T03:00:00Z,-0.3169,1
2011-06-11T04:00:00Z,0.2531,1
2011-06-11T05:00:00Z,0.7831,1
2011-06-11T06:00:00Z,1.1731,1
2011-06-11T07:00:00Z,1.3131,1
2011-06-11T08:00:00Z,1.0831,1
2011-06-11T09:00:00Z,0.5031,1
2011-06-11T10:00:00Z,-0.2769,1
2011-06-11T11:00:00Z,-1.0569,1
2011-06-11T12:00:00Z,-1.5869,1
2011-06-11T13:00:00Z,-1.7269,1
2011-06-11T14:00:00Z,-1.4869,1
2011-06-11T15:00:00Z,-0.9769,1
2011-06-11T16:00:00Z,-0.3469,1
2011-06-11T17:00:00Z,0.2831,1
2011-06-11T18:00:00Z,0.8331,1
2011-06-11T19:00:00Z,1.1831,1
2011-06-11T20:00:00Z,1.2131,1
2011-06-11T21:00:00Z,0.8731,1
2011-06-11T22:00:00Z,0.2331,1
2011-06-11T23:00:00Z,-0.5069,1
2011-06-12T00:00:00Z,-1.1169,1
2011-06-12T01:00:00Z,-1.4169,1
2011-06-12T02:00:00Z,-1.3269,1
2011-06-12T03:00:00Z,-0.9369,1
2011-06-12T04:00:00Z,-0.3569,1
2011-06-12T05:00:00Z,0.2831,1
2011-06-12T06:00:00Z,0.8731,1
2011-06-12T07:00:00Z,1.3231,1
2011-06-12T08:00:00Z,1.5331,1
2011-06-12T09:00:00Z,1.3131,1
2011-06-12T10:00:00Z,0.7531,1
2011-06-12T11:00:00Z,-0.0469,1
2011-06-12T12:00:00Z,-0.8269,1
2011-06-12T13:00:00Z,-1.3969,1
2011-06-12T14:00:00Z,-1.5569,1
2011-06-12T15:00:00Z,-1.3069,1
2011-06-12T16:00:00Z,-0.7869,1
2011-06-12T17:00:00Z,-0.1069,1
2011-06-12T18:00:00Z,0.5831,1
2011-06-12T19:00:00Z,1.1631,1
2011-06-12T20:00:00Z,1.5331,1
2011-06-12T21:00:00Z,1.5431,1
2011-06-12T22:00:00Z,1.1831,1
2011-06-12T23:00:00Z,0.5031,1
2011-06-13T01:00:00Z,-0.9969,1
2011-06-13T02:00:00Z,-1.3369,1
2011-06-13T03:00:00Z,-1.2869,1
2011-06-13T04:00:00Z,-0.8869,1
2011-06-13T05:00:00Z,-0.2869,1
2011-06-13T06:00:00Z,0.3631,1
2011-06-13T07:00:00Z,0.9731,1
2011-06-13T08:00:00Z,1.4531,1
2011-06-13T09:00:00Z,1.6231,1
2011-06-13T10:00:00Z,1.3931,1
2011-06-13T11:00:00Z,0.7731,1
2011-06-13T12:00:00Z,-0.0869,1
2011-06-13T13:00:00Z,-0.9669,1
2011-06-13T14:00:00Z,-1.5469,1
2011-06-13T15:00:00Z,-1.7469,1
2011-06-13T16:00:00Z,-1.4569,1
2011-06-13T17:00:00Z,-0.8669,1
2011-06-13T18:00:00Z,-0.1469,1
2011-06-13T19:00:00Z,0.5631,1
2011-06-13T20:00:00Z,1.1531,1
2011-06-13T21:00:00Z,1.5031,1
2011-06-13T22:00:00Z,1.4931,1
2011-06-13T23:00:00Z,1.0231,1
2011-06-14T00:00:00Z,0.2431,1
2011-06-14T01:00:00Z,-0.6869,1
2011-06-14T02:00:00Z,-1.4369,1
2011-06-14T03:00:00Z,-1.7869,1
2011-06-14T04:00:00Z,-1.7069,1
2011-06-14T05:00:00Z,-1.2169,1
2011-06-14T06:00:00Z,-0.5369,1
2011-06-14T07:00:00Z,0.1931,1
2011-06-14T08:00:00Z,0.8431,1
2011-06-14T09:00:00Z,1.3331,1
2011-06-14T10:00:00Z,1.5131,1
2011-06-14T11:00:00Z,1.3131,1
2011-06-14T12:00:00Z,0.7031,1
2011-06-14T13:00:00Z,-0.2069,1
2011-06-14T14:00:00Z,-1.1069,1
2011-06-14T15:00:00Z,-1.6869,1
2011-06-14T16:00:00Z,-1.8069,1
2011-06-14T17:00:00Z,-1.4669,1
2011-06-14T18:00:00Z,-0.7869,1
2011-06-14T19:00:00Z,0.0431,1
2011-06-14T20:00:00Z,0.7731,1
2011-06-14T21:00:00Z,1.3531,1
2011-06-14T22:00:00Z,1.6631,1
2011-06-14T23:00:00Z,1.6031,1
2011-06-15T00:00:00Z,1.0631,1
2011-06-15T01:00:00Z,0.2131,1
2011-06-15T02:00:00Z,-0.7369,1
2011-06-15T03:00:00Z,-1.4569,1
2011-06-15T04:00:00Z,-1.7769,1
2011-06-15T05:00:00Z,-1.6069,1
2011-06-15T06:00:00Z,-1.0669,1
2011-06-15T07:00:00Z,-0.2969,1
2011-06-15T08:00:00Z,0.4731,1
2011-06-15T09:00:00Z,1.1431,1
2011-06-15T10:00:00Z,1.6331,1
2011-06-15T11:00:00Z,1.7631,1
2011-06-15T12:00:00Z,1.4231,1
2011-06-15T13:00:00Z,0.7231,1
2011-06-15T14:00:00Z,-0.2569,1
2011-06-15T15:00:00Z,-1.1769,1
2011-06-15T16:00:00Z,-1.7169,1
2011-06-15T17:00:00Z,-1.7169,1
2011-06-15T18:00:00Z,-1.2469,1
2011-06-15T19:00:00Z,-0.4969,1
2011-06-15T20:00:00Z,0.3431,1
2011-06-15T21:00:00Z,1.0631,1
2011-06-15T22:00:00Z,1.6131,1
2011-06-15T23:00:00Z,1.8531,1
2011-06-16T00:00:00Z,1.6431,1
2011-06-16T01:00:00Z,1.0231,1
2011-06-16T02:00:00Z,0.0831,1
2011-06-16T03:00:00Z,-0.9269,1
2011-06-16T04:00:00Z,-1.6369,1
2011-06-16T05:00:00Z,-1.8969,1
2011-06-16T06:00:00Z,-1.6369,1
2011-06-16T07:00:00Z,-1.0169,1
2011-06-16T08:00:00Z,-0.2169,1
2011-06-16T09:00:00Z,0.5331,1
2011-06-16T10:00:00Z,1.1931,1
2011-06-16T11:00:00Z,1.6131,1
2011-06-16T12:00:00Z,1.6831,1
2011-06-16T13:00:00Z,1.2731,1
2011-06-16T14:00:00Z,0.4931,1
2011-06-16T15:00:00Z,-0.5069,1
2011-06-16T16:00:00Z,-1.3369,1
2011-06-16T17:00:00Z,-1.7569,1
2011-06-16T18:00:00Z,-1.6369,1
2011-06-16T19:00:00Z,-1.0769,1
2011-06-16T20:00:00Z,-0.2469,1
2011-06-16T21:00:00Z,0.5731,1
2011-06-16T22:00:00Z,1.2831,1
2011-06-16T23:00:00Z,1.7731,1
2011-06-17T00:00:00Z,1.9231,1
2011-06-17T01:00:00Z,1.6331,1
2011-06-17T02:00:00Z,0.9031,1
2011-06-17T03:00:00Z,-0.1269,1
2011-06-17T04:00:00Z,-1.0869,1
2011-06-17T05:00:00Z,-1.7369,1
2011-06-17T06:00:00Z,-1.8669,1
2011-06-17T07:00:00Z,-1.4769,1
2011-06-17T08:00:00Z,-0.7769,1
2011-06-17T09:00:00Z,0.0031,1
2011-06-17T10:00:00Z,0.7531,1
2011-06-17T11:00:00Z,1.3431,1
2011-06-17T12:00:00Z,1.7231,1
2011-06-17T13:00:00Z,1.6731,1
2011-06-17T14:00:00Z,1.2131,1
2011-06-17T15:00:00Z,0.3431,1
2011-06-17T16:00:00Z,-0.5869,1
2011-06-17T17:00:00Z,-1.3369,1
2011-06-17T18:00:00Z,-1.6069,1
2011-06-17T19:00:00Z,-1.3769,1
2011-06-17T20:00:00Z,-0.7569,1
2011-06-17T21:00:00Z,0.0731,1
2011-06-17T22:00:00Z,0.8631,1
2011-06-17T23:00:00Z,1.4931,1
2011-06-18T00:00:00Z,1.9031,1
2011-06-18T01:00:00Z,1.9231,1
2011-06-18T02:00:00Z,1.5031,1
2011-06-18T03:00:00Z,0.6731,1
2011-06-18T04:00:00Z,-0.3369,1
2011-06-18T05:00:00Z,-1.2669,1
2011-06-18T06:00:00Z,-1.7869,1
2011-06-18T07:00:00Z,-1.8069,1
2011-06-18T08:00:00Z,-1.3569,1
2011-06-18T09:00:00Z,-0.6569,1
2011-06-18T10:00:00Z,0.1331,1
2011-06-18T11:00:00Z,0.8131,1
2011-06-18T12:00:00Z,1.3731,1
2011-06-18T13:00:00Z,1.6131,1
2011-06-18T14:00:00Z,1.4531,1
2011-06-18T15:00:00Z,0.8731,1
2011-06-18T16:00:00Z,-0.0169,1
2011-06-18T17:00:00Z,-0.9269,1
2011-06-18T18:00:00Z,-1.5569,1
2011-06-18T19:00:00Z,-1.6769,1
2011-06-18T20:00:00Z,-1.3469,1
2011-06-18T21:00:00Z,-0.6368,1
2011-06-18T22:00:00Z,0.1532,1
2011-06-18T23:00:00Z,0.8532,1
2011-06-19T00:00:00Z,1.4232,1
2011-06-19T01:00:00Z,1.7232,1
2011-06-19T02:00:00Z,1.6632,1
2011-06-19T03:00:00Z,1.1432,1
2011-06-19T04:00:00Z,0.2732,1
2011-06-19T05:00:00Z,-0.7268,1
2011-06-19T06:00:00Z,-1.5468,1
2011-06-19T07:00:00Z,-1.9168,1
2011-06-19T08:00:00Z,-1.8468,1
2011-06-19T09:00:00Z,-1.3168,1
2011-06-19T10:00:00Z,-0.6068,1
2011-06-19T11:00:00Z,0.1332,1
2011-06-19T12:00:00Z,0.7432,1
2011-06-19T13:00:00Z,1.2232,1
2011-06-19T14:00:00Z,1.3732,1
2011-06-19T15:00:00Z,1.1532,1
2011-06-19T17:00:00Z,-0.3068,1
2011-06-19T18:00:00Z,-1.0968,1
2011-06-19T19:00:00Z,-1.5068,1
2011-06-19T20:00:00Z,-1.5168,1
2011-06-19T21:00:00Z,-1.0668,1
2011-06-19T22:00:00Z,-0.3668,1
2011-06-19T23:00:00Z,0.3832,1
2011-06-20T00:00:00Z,1.0332,1
2011-06-20T01:00:00Z,1.5332,1
2011-06-20T02:00:00Z,1.7332,1
2011-06-20T03:00:00Z,1.5432,1
2011-06-20T04:00:00Z,0.9732,1
2011-06-20T05:00:00Z,0.0832,1
2011-06-20T06:00:00Z,-0.8468,1
2011-06-20T07:00:00Z,-1.5168,1
2011-06-20T08:00:00Z,-1.7768,1
2011-06-20T09:00:00Z,-1.5868,1
2011-06-20T10:00:00Z,-1.0668,1
2011-06-20T11:00:00Z,-0.4068,1
2011-06-20T12:00:00Z,0.2532,1
2011-06-20T13:00:00Z,0.7732,1
2011-06-20T14:00:00Z,1.1932,1
2011-06-20T15:00:00Z,1.2632,1
2011-06-20T16:00:00Z,0.9832,1
2011-06-20T17:00:00Z,0.3132,1
2011-06-20T18:00:00Z,-0.4468,1
2011-06-20T19:00:00Z,-1.0668,1
2011-06-20T20:00:00Z,-1.3468,1
2011-06-20T21:00:00Z,-1.2268,1
2011-06-20T22:00:00Z,-0.7268,1
2011-06-20T23:00:00Z,-0.0468,1
2011-06-21T00:00:00Z,0.6232,1
2011-06-21T01:00:00Z,1.1932,1
2011-06-21T02:00:00Z,1.6132,1
2011-06-21T03:00:00Z,1.7032,1
2011-06-21T04:00:00Z,1.4332,1
2011-06-21T05:00:00Z,0.8232,1
2011-06-21T06:00:00Z,-0.0068,1
2011-06-21T07:00:00Z,-0.8368,1
2011-06-21T08:00:00Z,-1.3668,1
2011-06-21T09:00:00Z,-1.4868,1
2011-06-21T10:00:00Z,-1.2268,1
2011-06-21T11:00:00Z,-0.6968,1
2011-06-21T12:00:00Z,-0.0968,1
2011-06-21T13:00:00Z,0.4832,1
2011-06-21T14:00:00Z,0.9632,1
2011-06-21T15:00:00Z,1.2132,1
2011-06-21T16:00:00Z,1.1832,1
2011-06-21T17:00:00Z,0.8332,1
2011-06-21T18:00:00Z,0.1832,1
2011-06-21T19:00:00Z,-0.4768,1
2011-06-21T20:00:00Z,-0.9868,1
2011-06-21T22:00:00Z,-1.0068,1
2011-06-21T23:00:00Z,-0.5268,1
2011-06-22T00:00:00Z,0.1032,1
2011-06-22T01:00:00Z,0.7132,1
2011-06-22T02:00:00Z,1.2132,1
2011-06-22T03:00:00Z,1.5232,1
2011-06-22T04:00:00Z,1.5332,1
2011-06-22T05:00:00Z,1.2132,1
2011-06-22T06:00:00Z,0.5632,1
2011-06-22T07:00:00Z,-0.2168,1
2011-06-22T08:00:00Z,-0.9368,1
2011-06-22T09:00:00Z,-1.3468,1
2011-06-22T10:00:00Z,-1.3768,1
2011-06-22T11:00:00Z,-1.0668,1
2011-06-22T12:00:00Z,-0.5868,1
2011-06-22T13:00:00Z,-0.0568,1
2011-06-22T14:00:00Z,0.4232,1
2011-06-22T15:00:00Z,0.8232,1
2011-06-22T16:00:00Z,1.0532,1
2011-06-22T17:00:00Z,0.9732,1
2011-06-22T18:00:00Z,0.5832,1
2011-06-22T19:00:00Z,-0.0268,1
2011-06-22T20:00:00Z,-0.6368,1
2011-06-22T21:00:00Z,-1.0668,1
2011-06-22T22:00:00Z,-1.1868,1
2011-06-22T23:00:00Z,-0.9868,1
2011-06-23T00:00:00Z,-0.5368,1
2011-06-23T01:00:00Z,0.0032,1
2011-06-23T02:00:00Z,0.4932,1
2011-06-23T03:00:00Z,0.9132,1
2011-06-23T04:00:00Z,1.1632,1
2011-06-23T05:00:00Z,1.1432,1
2011-06-23T06:00:00Z,0.8032,1
2011-06-23T07:00:00Z,0.1932,1
2011-06-23T08:00:00Z,-0.4968,1
2011-06-23T09:00:00Z,-1.0768,1
2011-06-23T10:00:00Z,-1.3768,1
2011-06-23T11:00:00Z,-1.3368,1
2011-06-23T12:00:00Z,-1.0268,1
2011-06-23T13:00:00Z,-0.5868,1
2011-06-23T14:00:00Z,-0.1068,1
2011-06-23T15:00:00Z,0.3332,1
2011-06-23T16:00:00Z,0.6832,1
2011-06-23T17:00:00Z,0.8532,1
2011-06-23T18:00:00Z,0.7532,1
2011-06-23T19:00:00Z,0.3832,1
2011-06-23T20:00:00Z,-0.1368,1
2011-06-23T21:00:00Z,-0.6568,1
2011-06-23T22:00:00Z,-1.0268,1
2011-06-23T23:00:00Z,-1.1068,1
2011-06-24T00:00:00Z,-0.9168,1
2011-06-24T01:00:00Z,-0.4968,1
2011-06-24T02:00:00Z,-0.0268,1
2011-06-24T03:00:00Z,0.4332,1
2011-06-24T04:00:00Z,0.8032,1
2011-06-24T05:00:00Z,1.0232,1
2011-06-24T06:00:00Z,0.9532,1
2011-06-24T07:00:00Z,0.6332,1
2011-06-24T08:00:00Z,0.0832,1
2011-06-24T09:00:00Z,-0.5368,1
2011-06-24T10:00:00Z,-1.0368,1
2011-06-24T11:00:00Z,-1.2868,1
2011-06-24T12:00:00Z,-1.2268,1
2011-06-24T13:00:00Z,-0.9568,1
2011-06-24T14:00:00Z,-0.5668,1
2011-06-24T15:00:00Z,-0.1368,1
2011-06-24T16:00:00Z,0.3232,1
2011-06-24T17:00:00Z,0.6732,1
2011-06-24T18:00:00Z,0.8432,1
2011-06-24T19:00:00Z,0.8032,1
2011-06-24T20:00:00Z,0.4532,1
2011-06-24T21:00:00Z,-0.0168,1
2011-06-24T22:00:00Z,-0.5568,1
2011-06-24T23:00:00Z,-0.8468,1
2011-06-25T00:00:00Z,-0.9368,1
2011-06-25T01:00:00Z,-0.7768,1
2011-06-25T02:00:00Z,-0.3968,1
2011-06-25T03:00:00Z,0.0532,1
2011-06-25T04:00:00Z,0.4732,1
2011-06-25T05:00:00Z,0.8832,1
2011-06-25T06:00:00Z,1.0632,1
2011-06-25T07:00:00Z,1.0732,1
2011-06-25T08:00:00Z,0.7332,1
2011-06-25T09:00:00Z,0.2332,1
2011-06-25T10:00:00Z,-0.2768,1
2011-06-25T11:00:00Z,-0.7368,1
2011-06-25T12:00:00Z,-1.0068,1
2011-06-25T13:00:00Z,-0.9768,1
2011-06-25T14:00:00Z,-0.7368,1
2011-06-25T15:00:00Z,-0.3768,1
2011-06-25T16:00:00Z,0.0232,1
2011-06-25T17:00:00Z,0.4332,1
2011-06-25T18:00:00Z,0.7532,1
2011-06-25T19:00:00Z,0.9032,1
2011-06-25T20:00:00Z,0.7932,1
2011-06-25T21:00:00Z,0.4632,1
2011-06-25T22:00:00Z,-0.0368,1
2011-06-25T23:00:00Z,-0.5368,1
2011-06-26T00:00:00Z,-0.8868,1
2011-06-26T01:00:00Z,-0.9868,1
2011-06-26T02:00:00Z,-0.8368,1
2011-06-26T03:00:00Z,-0.4768,1
2011-06-26T04:00:00Z,-0.0768,1
2011-06-26T05:00:00Z,0.3432,1
2011-06-26T06:00:00Z,0.6932,1
2011-06-26T07:00:00Z,0.9032,1
2011-06-26T08:00:00Z,0.8832,1
2011-06-26T09:00:00Z,0.5932,1
2011-06-26T10:00:00Z,0.1132,1
2011-06-26T11:00:00Z,-0.4068,1
2011-06-26T12:00:00Z,-0.8568,1
2011-06-26T13:00:00Z,-1.0768,1
2011-06-26T14:00:00Z,-1.0468,1
2011-06-26T15:00:00Z,-0.7868,1
2011-06-26T16:00:00Z,-0.4068,1
2011-06-26T17:00:00Z,0.0632,1
2011-06-26T18:00:00Z,0.4932,1
2011-06-26T19:00:00Z,0.8732,1
2011-06-26T20:00:00Z,1.0432,1
2011-06-26T21:00:00Z,0.9632,1
2011-06-26T22:00:00Z,0.5932,1
2011-06-26T23:00:00Z,0.0532,1
2011-06-27T00:00:00Z,-0.4868,1
2011-06-27T01:00:00Z,-0.8868,1
2011-06-27T02:00:00Z,-1.0068,1
2011-06-27T03:00:00Z,-0.8768,1
2011-06-27T04:00:00Z,-0.5068,1
2011-06-27T05:00:00Z,-0.0768,1
2011-06-27T06:00:00Z,0.3632,1
2011-06-27T07:00:00Z,0.7232,1
2011-06-27T08:00:00Z,0.8932,1
2011-06-27T09:00:00Z,0.8832,1
2011-06-27T10:00:00Z,0.5932,1
2011-06-27T11:00:00Z,0.0832,1
2011-06-27T12:00:00Z,-0.4968,1
2011-06-27T13:00:00Z,-0.9368,1
2011-06-27T14:00:00Z,-1.2068,1
2011-06-27T15:00:00Z,-1.1668,1
2011-06-27T16:00:00Z,-0.8568,1
2011-06-27T17:00:00Z,-0.4068,1
2011-06-27T18:00:00Z,0.0932,1
2011-06-27T19:00:00Z,0.6033,1
2011-06-27T20:00:00Z,0.9633,1
2011-06-27T21:00:00Z,1.1133,1
2011-06-27T22:00:00Z,0.9433,1
2011-06-27T23:00:00Z,0.5333,1
2011-06-28T00:00:00Z,-0.0967,1
2011-06-28T01:00:00Z,-0.6567,1
2011-06-28T02:00:00Z,-1.0867,1
2011-06-28T03:00:00Z,-1.2067,1
2011-06-28T04:00:00Z,-1.0267,1
2011-06-28T05:00:00Z,-0.6267,1
2011-06-28T06:00:00Z,-0.1067,1
2011-06-28T07:00:00Z,0.3433,1
2011-06-28T08:00:00Z,0.7033,1
2011-06-28T09:00:00Z,0.9333,1
2011-06-28T10:00:00Z,0.8533,1
2011-06-28T11:00:00Z,0.5433,1
2011-06-28T12:00:00Z,-0.0567,1
2011-06-28T13:00:00Z,-0.6667,1
2011-06-28T14:00:00Z,-1.1967,1
2011-06-28T15:00:00Z,-1.3867,1
2011-06-28T16:00:00Z,-1.2967,1
2011-06-28T17:00:00Z,-0.8967,1
2011-06-28T18:00:00Z,-0.3667,1
2011-06-28T19:00:00Z,0.2233,1
2011-06-28T20:00:00Z,0.7233,1
2011-06-28T21:00:00Z,1.0933,1
2011-06-28T22:00:00Z,1.1533,1
2011-06-28T23:00:00Z,0.9033,1
2011-06-29T00:00:00Z,0.3233,1
2011-06-29T01:00:00Z,-0.3567,1
2011-06-29T02:00:00Z,-1.0067,1
2011-06-29T03:00:00Z,-1.4167,1
2011-06-29T04:00:00Z,-1.4467,1
2011-06-29T05:00:00Z,-1.1467,1
2011-06-29T06:00:00Z,-0.6467,1
2011-06-29T07:00:00Z,-0.0567,1
2011-06-29T08:00:00Z,0.4433,1
2011-06-29T09:00:00Z,0.8533,1
2011-06-29T10:00:00Z,1.0333,1
2011-06-29T11:00:00Z,0.8933,1
2011-06-29T12:00:00Z,0.4133,1
2011-06-29T13:00:00Z,-0.2567,1
2011-06-29T14:00:00Z,-0.9367,1
2011-06-29T15:00:00Z,-1.4067,1
2011-06-29T16:00:00Z,-1.5367,1
2011-06-29T17:00:00Z,-1.2867,1
2011-06-29T18:00:00Z,-0.7867,1
2011-06-29T19:00:00Z,-0.1767,1
2011-06-29T20:00:00Z,0.4533,1
2011-06-29T21:00:00Z,0.9533,1
2011-06-29T22:00:00Z,1.2333,1
2011-06-29T23:00:00Z,1.1833,1
2011-06-30T00:00:00Z,0.7833,1
2011-06-30T01:00:00Z,0.0833,1
2011-06-30T02:00:00Z,-0.7167,1
2011-06-30T03:00:00Z,-1.3867,1
2011-06-30T04:00:00Z,-1.7067,1
2011-06-30T05:00:00Z,-1.6167,1
2011-06-30T06:00:00Z,-1.1767,1
2011-06-30T07:00:00Z,-0.5567,1
2011-06-30T08:00:00Z,0.0733,1
2011-06-30T09:00:00Z,0.6233,1
2011-06-30T10:00:00Z,0.9933,1
2011-06-30T11:00:00Z,1.0833,1
2011-06-30T12:00:00Z,0.8033,1
2011-06-30T13:00:00Z,0.2133,1
2011-06-30T14:00:00Z,-0.5667,1
2011-06-30T15:00:00Z,-1.2567,1
2011-06-30T16:00:00Z,-1.6467,1
2011-06-30T17:00:00Z,-1.6267,1
2011-06-30T18:00:00Z,-1.2367,1
2011-06-30T19:00:00Z,-0.5867,1
2011-06-30T20:00:00Z,0.1233,1
2011-06-30T21:00:00Z,0.7533,1
2011-06-30T22:00:00Z,1.2133,1
2011-06-30T23:00:00Z,1.3933,1
2011-07-01T00:00:00Z,1.1933,1
2011-07-01T01:00:00Z,0.6033,1
2011-07-01T02:00:00Z,-0.2367,1
2011-07-01T03:00:00Z,-1.0867,1
2011-07-01T04:00:00Z,-1.6867,1
2011-07-01T05:00:00Z,-1.8867,1
2011-07-01T06:00:00Z,-1.6167,1
2011-07-01T07:00:00Z,-1.0267,1
2011-07-01T08:00:00Z,-0.3067,1
2011-07-01T09:00:00Z,0.3633,1
2011-07-01T10:00:00Z,0.8933,1
2011-07-01T11:00:00Z,1.1933,1
2011-07-01T12:00:00Z,1.1733,1
2011-07-01T13:00:00Z,0.7333,1
2011-07-01T14:00:00Z,-0.0267,1
2011-07-01T15:00:00Z,-0.8767,1
2011-07-01T16:00:00Z,-1.5367,1
2011-07-01T17:00:00Z,-1.7767,1
2011-07-01T18:00:00Z,-1.5867,1
2011-07-01T19:00:00Z,-1.0467,1
2011-07-01T20:00:00Z,-0.3067,1
2011-07-01T21:00:00Z,0.4233,1
2011-07-01T22:00:00Z,1.0233,1
2011-07-01T23:00:00Z,1.4233,1
2011-07-02T00:00:00Z,1.4933,1
2011-07-02T01:00:00Z,1.1133,1
2011-07-02T02:00:00Z,0.3933,1
2011-07-02T03:00:00Z,-0.5367,1
2011-07-02T04:00:00Z,-1.3867,1
2011-07-02T05:00:00Z,-1.8867,1
2011-07-02T06:00:00Z,-1.8867,1
2011-07-02T07:00:00Z,-1.4567,1
2011-07-02T08:00:00Z,-0.7567,1
2011-07-02T09:00:00Z,0.0033,1
2011-07-02T10:00:00Z,0.6833,1
2011-07-02T11:00:00Z,1.1733,1
2011-07-02T12:00:00Z,1.3933,1
2011-07-02T13:00:00Z,1.1833,1
2011-07-02T14:00:00Z,0.5933,1
2011-07-02T15:00:00Z,-0.2767,1
2011-07-02T16:00:00Z,-1.1367,1
2011-07-02T17:00:00Z,-1.6867,1
2011-07-02T18:00:00Z,-1.7867,1
2011-07-02T19:00:00Z,-1.4067,1
2011-07-02T20:00:00Z,-0.7267,1
2011-07-02T21:00:00Z,0.0833,1
2011-07-02T22:00:00Z,0.7933,1
2011-07-02T23:00:00Z,1.3733,1
2011-07-03T00:00:00Z,1.6633,1
2011-07-03T01:00:00Z,1.5533,1
2011-07-03T02:00:00Z,1.0333,1
2011-07-03T03:00:00Z,0.1433,1
2011-07-03T04:00:00Z,-0.8367,1
2011-07-03T05:00:00Z,-1.6267,1
2011-07-03T06:00:00Z,-1.9867,1
2011-07-03T07:00:00Z,-1.8567,1
2011-07-03T08:00:00Z,-1.2567,1
2011-07-03T09:00:00Z,-0.4767,1
2011-07-03T10:00:00Z,0.3033,1
2011-07-03T11:00:00Z,0.9333,1
2011-07-03T12:00:00Z,1.3433,1
2011-07-03T13:00:00Z,1.4233,1
2011-07-03T14:00:00Z,1.0933,1
2011-07-03T15:00:00Z,0.3633,1
2011-07-03T16:00:00Z,-0.5567,1
2011-07-03T17:00:00Z,-1.3867,1
2011-07-03T18:00:00Z,-1.7967,1
2011-07-03T19:00:00Z,-1.7067,1
2011-07-03T20:00:00Z,-1.2067,1
2011-07-03T21:00:00Z,-0.4367,1
2011-07-03T22:00:00Z,0.3733,1
2011-07-03T23:00:00Z,1.0533,1
2011-07-04T00:00:00Z,1.5333,1
2011-07-04T01:00:00Z,1.7233,1
2011-07-04T02:00:00Z,1.4633,1
2011-07-04T03:00:00Z,0.7933,1
2011-07-04T04:00:00Z,-0.1867,1
2011-07-04T05:00:00Z,-1.1967,1
2011-07-04T06:00:00Z,-1.8767,1
2011-07-04T07:00:00Z,-2.0867,1
2011-07-04T08:00:00Z,-1.7967,1
2011-07-04T09:00:00Z,-1.1267,1
2011-07-04T10:00:00Z,-0.2967,1
2011-07-04T11:00:00Z,0.4333,1
2011-07-04T12:00:00Z,1.0233,1
2011-07-04T13:00:00Z,1.3733,1
2011-07-04T15:00:00Z,0.8633,1
2011-07-04T16:00:00Z,0.0533,1
2011-07-04T17:00:00Z,-0.8667,1
2011-07-04T18:00:00Z,-1.5767,1
2011-07-04T19:00:00Z,-1.8267,1
2011-07-04T20:00:00Z,-1.5867,1
2011-07-04T21:00:00Z,-0.9467,1
2011-07-04T22:00:00Z,-0.1267,1
2011-07-04T23:00:00Z,0.6533,1
2011-07-05T00:00:00Z,1.2933,1
2011-07-05T01:00:00Z,1.7233,1
2011-07-05T02:00:00Z,1.7933,1
2011-07-05T03:00:00Z,1.4233,1
2011-07-05T04:00:00Z,0.6533,1
2011-07-05T05:00:00Z,-0.3767,1
2011-07-05T06:00:00Z,-1.2967,1
2011-07-05T07:00:00Z,-1.8667,1
2011-07-05T08:00:00Z,-1.9167,1
2011-07-05T09:00:00Z,-1.5067,1
2011-07-05T10:00:00Z,-0.7567,1
2011-07-05T11:00:00Z,0.0533,1
2011-07-05T12:00:00Z,0.7833,1
2011-07-05T13:00:00Z,1.3333,1
2011-07-05T14:00:00Z,1.6033,1
2011-07-05T15:00:00Z,1.4133,1
2011-07-05T16:00:00Z,0.8233,1
2011-07-05T17:00:00Z,-0.0567,1
2011-07-05T18:00:00Z,-0.9367,1
2011-07-05T19:00:00Z,-1.5167,1
2011-07-05T20:00:00Z,-1.6667,1
2011-07-05T21:00:00Z,-1.3167,1
2011-07-05T22:00:00Z,-0.6467,1
2011-07-05T23:00:00Z,0.1633,1
2011-07-06T00:00:00Z,0.8933,1
2011-07-06T01:00:00Z,1.4833,1
2011-07-06T02:00:00Z,1.8233,1
2011-07-06T03:00:00Z,1.7833,1
2011-07-06T04:00:00Z,1.3033,1
2011-07-06T05:00:00Z,0.4633,1
2011-07-06T06:00:00Z,-0.5267,1
2011-07-06T07:00:00Z,-1.4067,1
2011-07-06T08:00:00Z,-1.8567,1
2011-07-06T09:00:00Z,-1.8167,1
2011-07-06T10:00:00Z,-1.3267,1
2011-07-06T11:00:00Z,-0.6067,1
2011-07-06T12:00:00Z,0.1733,1
2011-07-06T13:00:00Z,0.8533,1
2011-07-06T14:00:00Z,1.3733,1
2011-07-06T15:00:00Z,1.5733,1
2011-07-06T16:00:00Z,1.3833,1
2011-07-06T17:00:00Z,0.7933,1
2011-07-06T18:00:00Z,-0.0466,1
2011-07-06T19:00:00Z,-0.8666,1
2011-07-06T20:00:00Z,-1.3366,1
2011-07-06T21:00:00Z,-1.3966,1
2011-07-06T22:00:00Z,-0.9866,1
2011-07-06T23:00:00Z,-0.3766,1
2011-07-07T00:00:00Z,0.3334,1
2011-07-07T01:00:00Z,1.0034,1
2011-07-07T02:00:00Z,1.5434,1
2011-07-07T03:00:00Z,1.8134,1
2011-07-07T04:00:00Z,1.6934,1
2011-07-07T05:00:00Z,1.1334,1
2011-07-07T06:00:00Z,0.2634,1
2011-07-07T07:00:00Z,-0.6966,1
2011-07-07T08:00:00Z,-1.4466,1
2011-07-07T09:00:00Z,-1.8066,1
2011-07-07T10:00:00Z,-1.6866,1
2011-07-07T11:00:00Z,-1.1766,1
2011-07-07T12:00:00Z,-0.4766,1
2011-07-07T13:00:00Z,0.2334,1
2011-07-07T14:00:00Z,0.8834,1
2011-07-07T15:00:00Z,1.3434,1
2011-07-07T16:00:00Z,1.4734,1
2011-07-07T17:00:00Z,1.2034,1
2011-07-07T18:00:00Z,0.5634,1
2011-07-07T19:00:00Z,-0.2466,1
2011-07-07T20:00:00Z,-0.9966,1
2011-07-07T21:00:00Z,-1.4066,1
2011-07-07T22:00:00Z,-1.4066,1
2011-07-07T23:00:00Z,-1.0366,1
2011-07-08T00:00:00Z,-0.4366,1
2011-07-08T01:00:00Z,0.2434,1
2011-07-08T02:00:00Z,0.8734,1
2011-07-08T03:00:00Z,1.3834,1
2011-07-08T04:00:00Z,1.6434,1
2011-07-08T05:00:00Z,1.5234,1
2011-07-08T06:00:00Z,1.0234,1
2011-07-08T07:00:00Z,0.2134,1
2011-07-08T08:00:00Z,-0.6766,1
2011-07-08T09:00:00Z,-1.3966,1
2011-07-08T10:00:00Z,-1.6866,1
2011-07-08T11:00:00Z,-1.5466,1
2011-07-08T12:00:00Z,-1.0766,1
2011-07-08T13:00:00Z,-0.4466,1
2011-07-08T14:00:00Z,0.2134,1
2011-07-08T15:00:00Z,0.8134,1
2011-07-08T16:00:00Z,1.2534,1
2011-07-08T17:00:00Z,1.3934,1
2011-07-08T18:00:00Z,1.1534,1
2011-07-08T19:00:00Z,0.5434,1
2011-07-08T20:00:00Z,-0.1966,1
2011-07-08T21:00:00Z,-0.8766,1
2011-07-08T22:00:00Z,-1.2866,1
2011-07-08T23:00:00Z,-1.3066,1
2011-07-09T00:00:00Z,-0.9866,1
2011-07-09T01:00:00Z,-0.4666,1
2011-07-09T02:00:00Z,0.1134,1
2011-07-09T03:00:00Z,0.6934,1
2011-07-09T04:00:00Z,1.1734,1
2011-07-09T05:00:00Z,1.4334,1
2011-07-09T06:00:00Z,1.3634,1
2011-07-09T07:00:00Z,0.9034,1
2011-07-09T08:00:00Z,0.1634,1
2011-07-09T09:00:00Z,-0.6366,1
2011-07-09T10:00:00Z,-1.2966,1
2011-07-09T11:00:00Z,-1.6166,1
2011-07-09T12:00:00Z,-1.5366,1
2011-07-09T13:00:00Z,-1.1166,1
2011-07-09T14:00:00Z,-0.5366,1
2011-07-09T15:00:00Z,0.0634,1
2011-07-09T16:00:00Z,0.6134,1
2011-07-09T17:00:00Z,1.0534,1
2011-07-09T18:00:00Z,1.2134,1
2011-07-09T19:00:00Z,1.0234,1
2011-07-09T20:00:00Z,0.5234,1
2011-07-09T21:00:00Z,-0.1666,1
2011-07-09T22:00:00Z,-0.8266,1
2011-07-09T23:00:00Z,-1.2466,1
2011-07-10T00:00:00Z,-1.3266,1
2011-07-10T01:00:00Z,-1.0966,1
2011-07-10T02:00:00Z,-0.6166,1
2011-07-10T03:00:00Z,-0.0666,1
2011-07-10T04:00:00Z,0.4934,1
2011-07-10T05:00:00Z,0.9734,1
2011-07-10T06:00:00Z,1.2734,1
2011-07-10T07:00:00Z,1.2634,1
2011-07-10T08:00:00Z,0.8834,1
2011-07-10T09:00:00Z,0.2134,1
2011-07-10T10:00:00Z,-0.5466,1
2011-07-10T11:00:00Z,-1.2266,1
2011-07-10T12:00:00Z,-1.5766,1
2011-07-10T13:00:00Z,-1.5566,1
2011-07-10T14:00:00Z,-1.2166,1
2011-07-10T15:00:00Z,-0.6966,1
2011-07-10T16:00:00Z,-0.0966,1
2011-07-10T17:00:00Z,0.4634,1
2011-07-10T18:00:00Z,0.9334,1
2011-07-10T19:00:00Z,1.1634,1
2011-07-10T20:00:00Z,1.0734,1
2011-07-10T21:00:00Z,0.6334,1
2011-07-10T23:00:00Z,-0.7366,1
2011-07-11T00:00:00Z,-1.2466,1
2011-07-11T02:00:00Z,-1.2566,1
2011-07-11T03:00:00Z,-0.8466,1
2011-07-11T04:00:00Z,-0.3166,1
2011-07-11T05:00:00Z,0.2534,1
2011-07-11T06:00:00Z,0.7534,1
2011-07-11T07:00:00Z,1.1234,1
2011-07-11T08:00:00Z,1.2034,1
2011-07-11T09:00:00Z,0.9234,1
2011-07-11T10:00:00Z,0.3434,1
2011-07-11T11:00:00Z,-0.3966,1
2011-07-11T12:00:00Z,-1.0966,1
2011-07-11T13:00:00Z,-1.5066,1
2011-07-11T14:00:00Z,-1.5566,1
2011-07-11T15:00:00Z,-1.2666,1
2011-07-11T16:00:00Z,-0.7766,1
2011-07-11T17:00:00Z,-0.1666,1
2011-07-11T18:00:00Z,0.4234,1
2011-07-11T19:00:00Z,0.9234,1
2011-07-11T20:00:00Z,1.2134,1
2011-07-11T21:00:00Z,1.1334,1
2011-07-11T22:00:00Z,0.7334,1
2011-07-11T23:00:00Z,0.0434,1
2011-07-12T00:00:00Z,-0.6866,1
2011-07-12T01:00:00Z,-1.2966,1
2011-07-12T02:00:00Z,-1.5266,1
2011-07-12T03:00:00Z,-1.4366,1
2011-07-12T04:00:00Z,-1.0466,1
2011-07-12T05:00:00Z,-0.5066,1
2011-07-12T06:00:00Z,0.0934,1
2011-07-12T07:00:00Z,0.6534,1
2011-07-12T08:00:00Z,1.0634,1
2011-07-12T09:00:00Z,1.2134,1
2011-07-12T10:00:00Z,0.9834,1
2011-07-12T11:00:00Z,0.4334,1
2011-07-12T12:00:00Z,-0.3266,1
2011-07-12T13:00:00Z,-1.0566,1
2011-07-12T14:00:00Z,-1.5266,1
2011-07-12T15:00:00Z,-1.6066,1
2011-07-12T16:00:00Z,-1.3066,1
2011-07-12T17:00:00Z,-0.7466,1
2011-07-12T18:00:00Z,-0.0966,1
2011-07-12T19:00:00Z,0.5434,1
2011-07-12T20:00:00Z,1.0634,1
2011-07-12T21:00:00Z,1.3334,1
2011-07-12T22:00:00Z,1.2634,1
2011-07-12T23:00:00Z,0.8034,1
2011-07-13T00:00:00Z,0.0634,1
2011-07-13T01:00:00Z,-0.7366,1
2011-07-13T02:00:00Z,-1.4066,1
2011-07-13T03:00:00Z,-1.6966,1
2011-07-13T04:00:00Z,-1.5966,1
2011-07-13T05:00:00Z,-1.1666,1
2011-07-13T06:00:00Z,-0.5666,1
2011-07-13T07:00:00Z,0.1034,1
2011-07-13T08:00:00Z,0.6834,1
2011-07-13T09:00:00Z,1.1534,1
2011-07-13T10:00:00Z,1.3034,1
2011-07-13T11:00:00Z,1.0634,1
2011-07-13T12:00:00Z,0.4634,1
2011-07-13T13:00:00Z,-0.3466,1
2011-07-13T14:00:00Z,-1.1266,1
2011-07-13T15:00:00Z,-1.6166,1
2011-07-13T16:00:00Z,-1.6566,1
2011-07-13T17:00:00Z,-1.3266,1
2011-07-13T18:00:00Z,-0.6966,1
2011-07-13T19:00:00Z,0.0334,1
2011-07-13T20:00:00Z,0.6834,1
2011-07-13T21:00:00Z,1.2034,1
2011-07-13T22:00:00Z,1.4534,1
2011-07-13T23:00:00Z,1.3234,1
2011-07-14T00:00:00Z,0.8134,1
2011-07-14T01:00:00Z,0.0034,1
2011-07-14T02:00:00Z,-0.8866,1
2011-07-14T03:00:00Z,-1.5766,1
2011-07-14T04:00:00Z,-1.8766,1
2011-07-14T05:00:00Z,-1.7066,1
2011-07-14T06:00:00Z,-1.2066,1
2011-07-14T07:00:00Z,-0.5066,1
2011-07-14T08:00:00Z,0.1934,1
2011-07-14T09:00:00Z,0.7934,1
2011-07-14T10:00:00Z,1.2434,1
2011-07-14T11:00:00Z,1.3434,1
2011-07-14T12:00:00Z,1.0434,1
2011-07-14T13:00:00Z,0.3634,1
2011-07-14T14:00:00Z,-0.4866,1
2011-07-14T15:00:00Z,-1.2866,1
2011-07-14T16:00:00Z,-1.7066,1
2011-07-14T17:00:00Z,-1.6466,1
2011-07-14T18:00:00Z,-1.1866,1
2011-07-14T19:00:00Z,-0.4466,1
2011-07-14T20:00:00Z,0.3334,1
2011-07-14T21:00:00Z,1.0134,1
2011-07-14T22:00:00Z,1.5034,1
2011-07-14T23:00:00Z,1.6734,1
2011-07-15T00:00:00Z,1.4134,1
2011-07-15T01:00:00Z,0.7934,1
2011-07-15T02:00:00Z,-0.1366,1
2011-07-15T03:00:00Z,-1.0766,1
2011-07-15T04:00:00Z,-1.7266,1
2011-07-15T05:00:00Z,-1.8866,1
2011-07-15T06:00:00Z,-1.6366,1
2011-07-15T07:00:00Z,-1.0266,1
2011-07-15T08:00:00Z,-0.2866,1
2011-07-15T09:00:00Z,0.4334,1
2011-07-15T10:00:00Z,1.0334,1
2011-07-15T11:00:00Z,1.4234,1
2011-07-15T12:00:00Z,1.4434,1
2011-07-15T13:00:00Z,1.0134,1
2011-07-15T14:00:00Z,0.2034,1
2011-07-15T15:00:00Z,-0.6966,1
2011-07-15T16:00:00Z,-1.4165,1
2011-07-15T17:00:00Z,-1.7265,1
2011-07-15T18:00:00Z,-1.5165,1
2011-07-15T19:00:00Z,-0.9065,1
2011-07-15T20:00:00Z,-0.0865,1
2011-07-15T21:00:00Z,0.7235,1
2011-07-15T22:00:00Z,1.3835,1
2011-07-15T23:00:00Z,1.8135,1
2011-07-16T00:00:00Z,1.8835,1
2011-07-16T01:00:00Z,1.5135,1
2011-07-16T02:00:00Z,0.7435,1
2011-07-16T03:00:00Z,-0.2365,1
2011-07-16T04:00:00Z,-1.1265,1
2011-07-16T05:00:00Z,-1.6865,1
2011-07-16T06:00:00Z,-1.7365,1
2011-07-16T07:00:00Z,-1.3565,1
2011-07-16T08:00:00Z,-0.6165,1
2011-07-16T09:00:00Z,0.1135,1
2011-07-16T10:00:00Z,0.8235,1
2011-07-16T11:00:00Z,1.3535,1
2011-07-16T12:00:00Z,1.6135,1
2011-07-16T13:00:00Z,1.4935,1
2011-07-16T14:00:00Z,0.9435,1
2011-07-16T15:00:00Z,0.0735,1
2011-07-16T16:00:00Z,-0.8365,1
2011-07-16T17:00:00Z,-1.4665,1
2011-07-16T18:00:00Z,-1.6165,1
2011-07-16T19:00:00Z,-1.2865,1
2011-07-16T20:00:00Z,-0.5865,1
2011-07-16T21:00:00Z,0.2735,1
2011-07-16T22:00:00Z,1.0235,1
2011-07-16T23:00:00Z,1.6035,1
2011-07-17T00:00:00Z,1.9135,1
2011-07-17T01:00:00Z,1.8235,1
2011-07-17T02:00:00Z,1.3135,1
2011-07-17T03:00:00Z,0.4135,1
2011-07-17T04:00:00Z,-0.6165,1
2011-07-17T05:00:00Z,-1.4565,1
2011-07-17T06:00:00Z,-1.8765,1
2011-07-17T07:00:00Z,-1.7665,1
2011-07-17T08:00:00Z,-1.2465,1
2011-07-17T09:00:00Z,-0.5165,1
2011-07-17T10:00:00Z,0.2235,1
2011-07-17T11:00:00Z,0.8335,1
2011-07-17T12:00:00Z,1.2735,1
2011-07-17T13:00:00Z,1.4135,1
2011-07-17T14:00:00Z,1.1335,1
2011-07-17T15:00:00Z,0.4835,1
2011-07-17T16:00:00Z,-0.4165,1
2011-07-17T17:00:00Z,-1.2565,1
2011-07-17T18:00:00Z,-1.7165,1
2011-07-17T19:00:00Z,-1.6665,1
2011-07-17T20:00:00Z,-1.1465,1
2011-07-17T21:00:00Z,-0.3765,1
2011-07-17T22:00:00Z,0.4435,1
2011-07-17T23:00:00Z,1.1135,1
2011-07-18T00:00:00Z,1.5835,1
2011-07-18T01:00:00Z,1.7435,1
2011-07-18T02:00:00Z,1.4835,1
2011-07-18T03:00:00Z,0.8435,1
2011-07-18T04:00:00Z,-0.1165,1
2011-07-18T05:00:00Z,-1.0665,1
2011-07-18T06:00:00Z,-1.7465,1
2011-07-18T07:00:00Z,-1.9165,1
2011-07-18T08:00:00Z,-1.6465,1
2011-07-18T09:00:00Z,-0.9965,1
2011-07-18T10:00:00Z,-0.2365,1
2011-07-18T11:00:00Z,0.4735,1
2011-07-18T12:00:00Z,1.0635,1
2011-07-18T13:00:00Z,1.4235,1
2011-07-18T14:00:00Z,1.4135,1
2011-07-18T15:00:00Z,0.9635,1
2011-07-18T16:00:00Z,0.1835,1
2011-07-18T17:00:00Z,-0.6865,1
2011-07-18T18:00:00Z,-1.3765,1
2011-07-18T19:00:00Z,-1.6165,1
2011-07-18T20:00:00Z,-1.4165,1
2011-07-18T21:00:00Z,-0.8465,1
2011-07-18T22:00:00Z,-0.0765,1
2011-07-18T23:00:00Z,0.6435,1
2011-07-19T00:00:00Z,1.2435,1
2011-07-19T01:00:00Z,1.6135,1
2011-07-19T02:00:00Z,1.6335,1
2011-07-19T03:00:00Z,1.2635,1
2011-07-19T04:00:00Z,0.4935,1
2011-07-19T05:00:00Z,-0.4565,1
2011-07-19T06:00:00Z,-1.3265,1
2011-07-19T07:00:00Z,-1.7865,1
2011-07-19T08:00:00Z,-1.8065,1
2011-07-19T09:00:00Z,-1.3865,1
2011-07-19T10:00:00Z,-0.7365,1
2011-07-19T11:00:00Z,-0.0265,1
2011-07-19T12:00:00Z,0.5735,1
2011-07-19T13:00:00Z,1.0635,1
2011-07-19T14:00:00Z,1.2635,1
2011-07-19T15:00:00Z,1.1135,1
2011-07-19T16:00:00Z,0.5635,1
2011-07-19T17:00:00Z,-0.2265,1
2011-07-19T18:00:00Z,-1.0065,1
2011-07-19T19:00:00Z,-1.5165,1
2011-07-19T20:00:00Z,-1.5965,1
2011-07-19T21:00:00Z,-1.2465,1
2011-07-19T22:00:00Z,-0.5765,1
2011-07-19T23:00:00Z,0.1535,1
2011-07-20T00:00:00Z,0.8135,1
2011-07-20T01:00:00Z,1.2935,1
2011-07-20T02:00:00Z,1.5635,1
2011-07-20T03:00:00Z,1.4435,1
2011-07-20T04:00:00Z,0.9835,1
2011-07-20T05:00:00Z,0.1635,1
2011-07-20T06:00:00Z,-0.6965,1
2011-07-20T07:00:00Z,-1.3965,1
2011-07-20T08:00:00Z,-1.7065,1
2011-07-20T09:00:00Z,-1.5765,1
2011-07-20T10:00:00Z,-1.0865,1
2011-07-20T11:00:00Z,-0.4265,1
2011-07-20T12:00:00Z,0.1935,1
2011-07-20T13:00:00Z,0.7135,1
2011-07-20T14:00:00Z,1.0835,1
2011-07-20T15:00:00Z,1.1635,1
2011-07-20T16:00:00Z,0.8635,1
2011-07-20T17:00:00Z,0.2435,1
2011-07-20T18:00:00Z,-0.5065,1
2011-07-20T19:00:00Z,-1.1865,1
2011-07-20T20:00:00Z,-1.4965,1
2011-07-20T21:00:00Z,-1.4265,1
2011-07-20T22:00:00Z,-0.9965,1
2011-07-20T23:00:00Z,-0.3465,1
2011-07-21T00:00:00Z,0.3335,1
2011-07-21T01:00:00Z,0.9135,1
2011-07-21T02:00:00Z,1.3235,1
2011-07-21T04:00:00Z,1.2235,1
2011-07-21T05:00:00Z,0.6535,1
2011-07-21T06:00:00Z,-0.1065,1
2011-07-21T07:00:00Z,-0.9065,1
2011-07-21T08:00:00Z,-1.4365,1
2011-07-21T09:00:00Z,-1.5665,1
2011-07-21T10:00:00Z,-1.3365,1
2011-07-21T11:00:00Z,-0.8365,1
2011-07-21T12:00:00Z,-0.2765,1
2011-07-21T13:00:00Z,0.2535,1
2011-07-21T14:00:00Z,0.7135,1
2011-07-21T15:00:00Z,0.9735,1
2011-07-21T16:00:00Z,0.9435,1
2011-07-21T17:00:00Z,0.5735,1
2011-07-21T18:00:00Z,-0.0265,1
2011-07-21T19:00:00Z,-0.6965,1
2011-07-21T20:00:00Z,-1.1965,1
2011-07-21T21:00:00Z,-1.4065,1
2011-07-21T22:00:00Z,-1.2565,1
2011-07-21T23:00:00Z,-0.7965,1
2011-07-22T00:00:00Z,-0.2065,1
2011-07-22T01:00:00Z,0.3535,1
2011-07-22T02:00:00Z,0.8235,1
2011-07-22T03:00:00Z,1.1335,1
2011-07-22T04:00:00Z,1.1535,1
2011-07-22T05:00:00Z,0.8635,1
2011-07-22T06:00:00Z,0.2935,1
2011-07-22T07:00:00Z,-0.4265,1
2011-07-22T08:00:00Z,-1.0765,1
2011-07-22T09:00:00Z,-1.4365,1
2011-07-22T10:00:00Z,-1.4465,1
2011-07-22T11:00:00Z,-1.1165,1
2011-07-22T12:00:00Z,-0.6365,1
2011-07-22T13:00:00Z,-0.1165,1
2011-07-22T14:00:00Z,0.3535,1
2011-07-22T15:00:00Z,0.7135,1
2011-07-22T16:00:00Z,0.8935,1
2011-07-22T17:00:00Z,0.7935,1
2011-07-22T18:00:00Z,0.4135,1
2011-07-22T19:00:00Z,-0.1465,1
2011-07-22T20:00:00Z,-0.7165,1
2011-07-22T21:00:00Z,-1.1065,1
2011-07-22T22:00:00Z,-1.2265,1
2011-07-22T23:00:00Z,-1.0265,1
2011-07-23T00:00:00Z,-0.5865,1
2011-07-23T01:00:00Z,-0.0665,1
2011-07-23T02:00:00Z,0.4435,1
2011-07-23T03:00:00Z,0.8335,1
2011-07-23T04:00:00Z,1.0635,1
2011-07-23T05:00:00Z,1.0435,1
2011-07-23T06:00:00Z,0.6935,1
2011-07-23T07:00:00Z,0.1435,1
2011-07-23T08:00:00Z,-0.4765,1
2011-07-23T09:00:00Z,-1.0065,1
2011-07-23T10:00:00Z,-1.2365,1
2011-07-23T11:00:00Z,-1.1865,1
2011-07-23T12:00:00Z,-0.8665,1
2011-07-23T13:00:00Z,-0.4265,1
2011-07-23T14:00:00Z,0.0135,1
2011-07-23T15:00:00Z,0.4335,1
2011-07-23T16:00:00Z,0.7835,1
2011-07-23T17:00:00Z,0.9135,1
2011-07-23T18:00:00Z,0.8135,1
2011-07-23T19:00:00Z,0.4535,1
2011-07-23T20:00:00Z,-0.0365,1
2011-07-23T21:00:00Z,-0.5465,1
2011-07-23T22:00:00Z,-0.8865,1
2011-07-23T23:00:00Z,-0.9965,1
2011-07-24T00:00:00Z,-0.8065,1
2011-07-24T01:00:00Z,-0.4165,1
2011-07-24T02:00:00Z,0.0235,1
2011-07-24T03:00:00Z,0.4235,1
2011-07-24T04:00:00Z,0.7835,1
2011-07-24T05:00:00Z,0.9635,1
2011-07-24T06:00:00Z,0.9335,1
2011-07-24T07:00:00Z,0.6435,1
2011-07-24T08:00:00Z,0.1435,1
2011-07-24T09:00:00Z,-0.4065,1
2011-07-24T10:00:00Z,-0.8165,1
2011-07-24T11:00:00Z,-1.0665,1
2011-07-24T12:00:00Z,-0.9865,1
2011-07-24T13:00:00Z,-0.7365,1
2011-07-24T14:00:00Z,-0.3664,1
2011-07-24T15:00:00Z,0.0236,1
2011-07-24T16:00:00Z,0.4136,1
2011-07-24T17:00:00Z,0.7336,1
2011-07-24T18:00:00Z,0.8836,1
2011-07-24T19:00:00Z,0.7936,1
2011-07-24T20:00:00Z,0.4836,1
2011-07-24T21:00:00Z,0.0136,1
2011-07-24T22:00:00Z,-0.4364,1
2011-07-24T23:00:00Z,-0.8064,1
2011-07-25T00:00:00Z,-0.8864,1
2011-07-25T01:00:00Z,-0.7564,1
2011-07-25T02:00:00Z,-0.4164,1
2011-07-25T03:00:00Z,-0.0264,1
2011-07-25T04:00:00Z,0.3436,1
2011-07-25T05:00:00Z,0.6636,1
2011-07-25T06:00:00Z,0.8836,1
2011-07-25T07:00:00Z,0.8836,1
2011-07-25T08:00:00Z,0.6036,1
2011-07-25T09:00:00Z,0.1336,1
2011-07-25T10:00:00Z,-0.3464,1
2011-07-25T11:00:00Z,-0.7664,1
2011-07-25T12:00:00Z,-1.0164,1
2011-07-25T13:00:00Z,-1.0064,1
2011-07-25T14:00:00Z,-0.7664,1
2011-07-25T15:00:00Z,-0.4364,1
2011-07-25T16:00:00Z,-0.0464,1
2011-07-25T17:00:00Z,0.3436,1
2011-07-25T18:00:00Z,0.7036,1
2011-07-25T19:00:00Z,0.8836,1
2011-07-25T20:00:00Z,0.8336,1
2011-07-25T21:00:00Z,0.5436,1
2011-07-25T22:00:00Z,0.0836,1
2011-07-25T23:00:00Z,-0.4064,1
2011-07-26T00:00:00Z,-0.8064,1
2011-07-26T01:00:00Z,-0.9864,1
2011-07-26T02:00:00Z,-0.8964,1
2011-07-26T03:00:00Z,-0.6364,1
2011-07-26T04:00:00Z,-0.2664,1
2011-07-26T05:00:00Z,0.1236,1
2011-07-26T06:00:00Z,0.4636,1
2011-07-26T07:00:00Z,0.6936,1
2011-07-26T08:00:00Z,0.7336,1
2011-07-26T09:00:00Z,0.5436,1
2011-07-26T10:00:00Z,0.1236,1
2011-07-26T11:00:00Z,-0.3564,1
2011-07-26T12:00:00Z,-0.8164,1
2011-07-26T13:00:00Z,-1.0664,1
2011-07-26T14:00:00Z,-1.1064,1
2011-07-26T15:00:00Z,-0.8764,1
2011-07-26T16:00:00Z,-0.5364,1
2011-07-26T17:00:00Z,-0.1064,1
2011-07-26T18:00:00Z,0.3136,1
2011-07-26T19:00:00Z,0.7236,1
2011-07-26T20:00:00Z,0.9536,1
2011-07-26T21:00:00Z,0.9036,1
2011-07-26T22:00:00Z,0.5736,1
2011-07-26T23:00:00Z,0.0636,1
2011-07-27T00:00:00Z,-0.4964,1
2011-07-27T01:00:00Z,-0.9664,1
2011-07-27T02:00:00Z,-1.2064,1
2011-07-27T03:00:00Z,-1.1264,1
2011-07-27T04:00:00Z,-0.8464,1
2011-07-27T05:00:00Z,-0.4164,1
2011-07-27T06:00:00Z,0.0336,1
2011-07-27T07:00:00Z,0.4436,1
2011-07-27T08:00:00Z,0.7336,1
2011-07-27T09:00:00Z,0.8436,1
2011-07-27T10:00:00Z,0.6336,1
2011-07-27T11:00:00Z,0.1936,1
2011-07-27T12:00:00Z,-0.3564,1
2011-07-27T13:00:00Z,-0.8564,1
2011-07-27T14:00:00Z,-1.1864,1
2011-07-27T15:00:00Z,-1.2264,1
2011-07-27T16:00:00Z,-1.0064,1
2011-07-27T17:00:00Z,-0.5764,1
2011-07-27T18:00:00Z,-0.0564,1
2011-07-27T19:00:00Z,0.4636,1
2011-07-27T20:00:00Z,0.8936,1
2011-07-27T21:00:00Z,1.1236,1
2011-07-27T22:00:00Z,1.0636,1
2011-07-27T23:00:00Z,0.6636,1
2011-07-28T00:00:00Z,0.0436,1
2011-07-28T01:00:00Z,-0.6164,1
2011-07-28T02:00:00Z,-1.1464,1
2011-07-28T03:00:00Z,-1.3964,1
2011-07-28T04:00:00Z,-1.2864,1
2011-07-28T05:00:00Z,-0.9164,1
2011-07-28T06:00:00Z,-0.3964,1
2011-07-28T07:00:00Z,0.1236,1
2011-07-28T08:00:00Z,0.5836,1
2011-07-28T09:00:00Z,0.9036,1
2011-07-28T10:00:00Z,0.9636,1
2011-07-28T11:00:00Z,0.6836,1
2011-07-28T12:00:00Z,0.1436,1
2011-07-28T13:00:00Z,-0.5164,1
2011-07-28T14:00:00Z,-1.1064,1
2011-07-28T15:00:00Z,-1.4464,1
2011-07-28T16:00:00Z,-1.4164,1
2011-07-28T17:00:00Z,-1.0664,1
2011-07-28T18:00:00Z,-0.5364,1
2011-07-28T19:00:00Z,0.0936,1
2011-07-28T20:00:00Z,0.6536,1
2011-07-28T21:00:00Z,1.0836,1
2011-07-28T22:00:00Z,1.2436,1
2011-07-28T23:00:00Z,1.0636,1
2011-07-29T00:00:00Z,0.5236,1
2011-07-29T01:00:00Z,-0.2264,1
2011-07-29T02:00:00Z,-1.0064,1
2011-07-29T03:00:00Z,-1.5464,1
2011-07-29T04:00:00Z,-1.7264,1
2011-07-29T05:00:00Z,-1.4764,1
2011-07-29T06:00:00Z,-0.9664,1
2011-07-29T07:00:00Z,-0.3064,1
2011-07-29T08:00:00Z,0.3136,1
2011-07-29T09:00:00Z,0.8036,1
2011-07-29T10:00:00Z,1.1036,1
2011-07-29T11:00:00Z,1.0636,1
2011-07-29T12:00:00Z,0.6536,1
2011-07-29T13:00:00Z,-0.0364,1
2011-07-29T14:00:00Z,-0.8064,1
2011-07-29T15:00:00Z,-1.4264,1
2011-07-29T16:00:00Z,-1.6664,1
2011-07-29T17:00:00Z,-1.4964,1
2011-07-29T18:00:00Z,-0.9964,1
2011-07-29T19:00:00Z,-0.2964,1
2011-07-29T20:00:00Z,0.4036,1
2011-07-29T21:00:00Z,1.0136,1
2011-07-29T22:00:00Z,1.4236,1
2011-07-29T23:00:00Z,1.4636,1
2011-07-30T00:00:00Z,1.1136,1
2011-07-30T01:00:00Z,0.3936,1
2011-07-30T02:00:00Z,-0.4964,1
2011-07-30T03:00:00Z,-1.3464,1
2011-07-30T04:00:00Z,-1.8164,1
2011-07-30T05:00:00Z,-1.8564,1
2011-07-30T06:00:00Z,-1.4264,1
2011-07-30T07:00:00Z,-0.7664,1
2011-07-30T08:00:00Z,-0.0064,1
2011-07-30T09:00:00Z,0.6336,1
2011-07-30T10:00:00Z,1.1336,1
2011-07-30T11:00:00Z,1.3536,1
2011-07-30T12:00:00Z,1.1836,1
2011-07-30T13:00:00Z,0.5936,1
2011-07-30T14:00:00Z,-0.2364,1
2011-07-30T15:00:00Z,-1.0964,1
2011-07-30T16:00:00Z,-1.6364,1
2011-07-30T17:00:00Z,-1.7564,1
2011-07-30T18:00:00Z,-1.4064,1
2011-07-30T19:00:00Z,-0.7364,1
2011-07-30T20:00:00Z,0.0736,1
2011-07-30T21:00:00Z,0.8036,1
2011-07-30T22:00:00Z,1.3636,1
2011-07-30T23:00:00Z,1.6836,1
2011-07-31T00:00:00Z,1.5636,1
2011-07-31T01:00:00Z,1.0236,1
2011-07-31T02:00:00Z,0.1536,1
2011-07-31T03:00:00Z,-0.8364,1
2011-07-31T04:00:00Z,-1.6664,1
2011-07-31T05:00:00Z,-2.0264,1
2011-07-31T06:00:00Z,-1.8664,1
2011-07-31T07:00:00Z,-1.2664,1
2011-07-31T08:00:00Z,-0.4564,1
2011-07-31T09:00:00Z,0.3736,1
2011-07-31T10:00:00Z,1.0336,1
2011-07-31T11:00:00Z,1.5036,1
2011-07-31T12:00:00Z,1.5836,1
2011-07-31T13:00:00Z,1.2236,1
2011-07-31T14:00:00Z,0.4736,1
2011-07-31T15:00:00Z,-0.4864,1
2011-07-31T16:00:00Z,-1.3364,1
2011-07-31T17:00:00Z,-1.7664,1
2011-07-31T18:00:00Z,-1.7164,1
2011-07-31T19:00:00Z,-1.1764,1
2011-07-31T20:00:00Z,-0.3464,1
2011-07-31T21:00:00Z,0.5136,1
2011-07-31T22:00:00Z,1.2236,1
2011-07-31T23:00:00Z,1.7536,1
2011-08-01T00:00:00Z,1.9136,1
2011-08-01T01:00:00Z,1.6136,1
2011-08-01T02:00:00Z,0.8836,1
2011-08-01T03:00:00Z,-0.1564,1
2011-08-01T04:00:00Z,-1.2264,1
2011-08-01T05:00:00Z,-1.9564,1
2011-08-01T06:00:00Z,-2.1564,1
2011-08-01T07:00:00Z,-1.8164,1
2011-08-01T08:00:00Z,-1.0664,1
2011-08-01T09:00:00Z,-0.1764,1
2011-08-01T10:00:00Z,0.6136,1
2011-08-01T11:00:00Z,1.2536,1
2011-08-01T12:00:00Z,1.5936,1
2011-08-01T13:00:00Z,1.5336,1
2011-08-01T14:00:00Z,1.0236,1
2011-08-01T15:00:00Z,0.0836,1
2011-08-01T16:00:00Z,-0.9164,1
2011-08-01T17:00:00Z,-1.7064,1
2011-08-01T18:00:00Z,-1.9664,1
2011-08-01T19:00:00Z,-1.6864,1
2011-08-01T20:00:00Z,-0.9864,1
2011-08-01T21:00:00Z,-0.0564,1
2011-08-01T22:00:00Z,0.8036,1
2011-08-01T23:00:00Z,1.4636,1
2011-08-02T00:00:00Z,1.9036,1
2011-08-02T01:00:00Z,1.9536,1
2011-08-02T02:00:00Z,1.5036,1
2011-08-02T03:00:00Z,0.6036,1
2011-08-02T04:00:00Z,-0.5264,1
2011-08-02T05:00:00Z,-1.5664,1
2011-08-02T06:00:00Z,-2.1664,1
2011-08-02T07:00:00Z,-2.1864,1
2011-08-02T08:00:00Z,-1.6564,1
2011-08-02T09:00:00Z,-0.8164,1
2011-08-02T10:00:00Z,0.0936,1
2011-08-02T11:00:00Z,0.8536,1
2011-08-02T12:00:00Z,1.4537,1
2011-08-02T13:00:00Z,1.6937,1
2011-08-02T14:00:00Z,1.4537,1
2011-08-02T15:00:00Z,0.7637,1
2011-08-02T16:00:00Z,-0.2363,1
2011-08-02T17:00:00Z,-1.2463,1
2011-08-02T18:00:00Z,-1.9363,1
2011-08-02T19:00:00Z,-1.9763,1
2011-08-02T20:00:00Z,-1.5563,1
2011-08-02T21:00:00Z,-0.7363,1
2011-08-02T22:00:00Z,0.2037,1
2011-08-02T23:00:00Z,1.0037,1
2011-08-03T00:00:00Z,1.6037,1
2011-08-03T01:00:00Z,1.9637,1
2011-08-03T02:00:00Z,1.8437,1
2011-08-03T03:00:00Z,1.2737,1
2011-08-03T04:00:00Z,0.2937,1
2011-08-03T05:00:00Z,-0.8463,1
2011-08-03T06:00:00Z,-1.7863,1
2011-08-03T07:00:00Z,-2.2363,1
2011-08-03T08:00:00Z,-2.0963,1
2011-08-03T09:00:00Z,-1.4263,1
2011-08-03T10:00:00Z,-0.5363,1
2011-08-03T11:00:00Z,0.3337,1
2011-08-03T12:00:00Z,1.0637,1
2011-08-03T13:00:00Z,1.5637,1
2011-08-03T14:00:00Z,1.6737,1
2011-08-03T15:00:00Z,1.3437,1
2011-08-03T16:00:00Z,0.5637,1
2011-08-03T17:00:00Z,-0.4563,1
2011-08-03T18:00:00Z,-1.3863,1
2011-08-03T19:00:00Z,-1.8563,1
2011-08-03T20:00:00Z,-1.7763,1
2011-08-03T21:00:00Z,-1.2263,1
2011-08-03T22:00:00Z,-0.3863,1
2011-08-03T23:00:00Z,0.4837,1
2011-08-04T00:00:00Z,1.2137,1
2011-08-04T01:00:00Z,1.7637,1
2011-08-04T02:00:00Z,2.0037,1
2011-08-04T04:00:00Z,1.1337,1
2011-08-04T05:00:00Z,0.1037,1
2011-08-04T06:00:00Z,-0.9763,1
2011-08-04T07:00:00Z,-1.7763,1
2011-08-04T08:00:00Z,-2.0363,1
2011-08-04T09:00:00Z,-1.7863,1
2011-08-04T10:00:00Z,-1.0863,1
2011-08-04T11:00:00Z,-0.2363,1
2011-08-04T12:00:00Z,0.5637,1
2011-08-04T13:00:00Z,1.2137,1
2011-08-04T14:00:00Z,1.6437,1
2011-08-04T15:00:00Z,1.6737,1
2011-08-04T16:00:00Z,1.2437,1
2011-08-04T17:00:00Z,0.3937,1
2011-08-04T18:00:00Z,-0.5663,1
2011-08-04T19:00:00Z,-1.3963,1
2011-08-04T20:00:00Z,-1.7563,1
2011-08-04T21:00:00Z,-1.6563,1
2011-08-04T22:00:00Z,-1.0863,1
2011-08-04T23:00:00Z,-0.3063,1
2011-08-05T00:00:00Z,0.4837,1
2011-08-05T01:00:00Z,1.1437,1
2011-08-05T02:00:00Z,1.6437,1
2011-08-05T03:00:00Z,1.8037,1
2011-08-05T04:00:00Z,1.5437,1
2011-08-05T05:00:00Z,0.8537,1
2011-08-05T06:00:00Z,-0.1163,1
2011-08-05T07:00:00Z,-1.1163,1
2011-08-05T08:00:00Z,-1.7863,1
2011-08-05T09:00:00Z,-1.9563,1
2011-08-05T10:00:00Z,-1.6463,1
2011-08-05T11:00:00Z,-0.9863,1
2011-08-05T12:00:00Z,-0.2263,1
2011-08-05T13:00:00Z,0.5037,1
2011-08-05T14:00:00Z,1.0937,1
2011-08-05T15:00:00Z,1.4137,1
2011-08-05T16:00:00Z,1.3937,1
2011-08-05T18:00:00Z,0.1837,1
2011-08-05T19:00:00Z,-0.6763,1
2011-08-05T20:00:00Z,-1.3563,1
2011-08-05T21:00:00Z,-1.6363,1
2011-08-05T22:00:00Z,-1.4563,1
2011-08-05T23:00:00Z,-0.9263,1
2011-08-06T00:00:00Z,-0.2263,1
2011-08-06T01:00:00Z,0.4837,1
2011-08-06T02:00:00Z,1.0737,1
2011-08-06T03:00:00Z,1.5237,1
2011-08-06T04:00:00Z,1.6737,1
2011-08-06T05:00:00Z,1.4237,1
2011-08-06T06:00:00Z,0.8037,1
2011-08-06T07:00:00Z,-0.0663,1
2011-08-06T08:00:00Z,-0.9263,1
2011-08-06T09:00:00Z,-1.5063,1
2011-08-06T10:00:00Z,-1.6263,1
2011-08-06T11:00:00Z,-1.3263,1
2011-08-06T12:00:00Z,-0.7563,1
2011-08-06T13:00:00Z,-0.0763,1
2011-08-06T14:00:00Z,0.5637,1
2011-08-06T15:00:00Z,1.0837,1
2011-08-06T16:00:00Z,1.4037,1
2011-08-06T17:00:00Z,1.3737,1
2011-08-06T18:00:00Z,0.9937,1
2011-08-06T19:00:00Z,0.3037,1
2011-08-06T20:00:00Z,-0.4363,1
2011-08-06T21:00:00Z,-1.0563,1
2011-08-06T22:00:00Z,-1.3263,1
2011-08-06T23:00:00Z,-1.2163,1
2011-08-07T00:00:00Z,-0.7963,1
2011-08-07T01:00:00Z,-0.2163,1
2011-08-07T02:00:00Z,0.3637,1
2011-08-07T03:00:00Z,0.8937,1
2011-08-07T04:00:00Z,1.3237,1
2011-08-07T05:00:00Z,1.4837,1
2011-08-07T06:00:00Z,1.3237,1
2011-08-07T07:00:00Z,0.7837,1
2011-08-07T08:00:00Z,0.0437,1
2011-08-07T09:00:00Z,-0.6863,1
2011-08-07T10:00:00Z,-1.2063,1
2011-08-07T11:00:00Z,-1.3663,1
2011-08-07T12:00:00Z,-1.1063,1
2011-08-07T13:00:00Z,-0.6363,1
2011-08-07T14:00:00Z,-0.0663,1
2011-08-07T15:00:00Z,0.4837,1
2011-08-07T16:00:00Z,0.9837,1
2011-08-07T17:00:00Z,1.3137,1
2011-08-07T18:00:00Z,1.3337,1
2011-08-07T19:00:00Z,1.0137,1
2011-08-07T20:00:00Z,0.4237,1
2011-08-07T21:00:00Z,-0.2663,1
2011-08-07T22:00:00Z,-0.8663,1
2011-08-07T23:00:00Z,-1.1863,1
2011-08-08T00:00:00Z,-1.1563,1
2011-08-08T01:00:00Z,-0.8663,1
2011-08-08T02:00:00Z,-0.4363,1
2011-08-08T03:00:00Z,0.0637,1
2011-08-08T04:00:00Z,0.5337,1
2011-08-08T05:00:00Z,0.9837,1
2011-08-08T06:00:00Z,1.2037,1
2011-08-08T07:00:00Z,1.1337,1
2011-08-08T08:00:00Z,0.7437,1
2011-08-08T09:00:00Z,0.0837,1
2011-08-08T10:00:00Z,-0.5863,1
2011-08-08T11:00:00Z,-1.0863,1
2011-08-08T12:00:00Z,-1.2763,1
2011-08-08T13:00:00Z,-1.1563,1
2011-08-08T14:00:00Z,-0.7463,1
2011-08-08T15:00:00Z,-0.2663,1
2011-08-08T16:00:00Z,0.2437,1
2011-08-08T17:00:00Z,0.6937,1
2011-08-08T18:00:00Z,1.0637,1
2011-08-08T19:00:00Z,1.1737,1
2011-08-08T20:00:00Z,0.9537,1
2011-08-08T21:00:00Z,0.4337,1
2011-08-08T22:00:00Z,-0.2263,1
2011-08-08T23:00:00Z,-0.8563,1
2011-08-09T00:00:00Z,-1.2763,1
2011-08-09T01:00:00Z,-1.3863,1
2011-08-09T02:00:00Z,-1.2463,1
2011-08-09T03:00:00Z,-0.8663,1
2011-08-09T04:00:00Z,-0.3963,1
2011-08-09T05:00:00Z,0.1037,1
2011-08-09T06:00:00Z,0.5837,1
2011-08-09T07:00:00Z,0.9337,1
2011-08-09T08:00:00Z,1.0137,1
2011-08-09T09:00:00Z,0.7337,1
2011-08-09T10:00:00Z,0.2137,1
2011-08-09T11:00:00Z,-0.4463,1
2011-08-09T12:00:00Z,-1.0063,1
2011-08-09T13:00:00Z,-1.2963,1
2011-08-09T14:00:00Z,-1.2663,1
2011-08-09T15:00:00Z,-0.9863,1
2011-08-09T16:00:00Z,-0.5263,1
2011-08-09T17:00:00Z,-0.0063,1
2011-08-09T18:00:00Z,0.4937,1
2011-08-09T19:00:00Z,0.9537,1
2011-08-09T20:00:00Z,1.1537,1
2011-08-09T21:00:00Z,1.0637,1
2011-08-09T22:00:00Z,0.6137,1
2011-08-09T23:00:00Z,-0.0163,1
2011-08-10T00:00:00Z,-0.7063,1
2011-08-10T01:00:00Z,-1.2263,1
2011-08-10T02:00:00Z,-1.4563,1
2011-08-10T03:00:00Z,-1.3763,1
2011-08-10T04:00:00Z,-1.0063,1
2011-08-10T05:00:00Z,-0.4963,1
2011-08-10T06:00:00Z,0.0637,1
2011-08-10T07:00:00Z,0.6037,1
2011-08-10T08:00:00Z,1.0637,1
2011-08-10T09:00:00Z,1.2337,1
2011-08-10T10:00:00Z,1.0537,1
2011-08-10T11:00:00Z,0.5537,1
2011-08-10T12:00:00Z,-0.0663,1
2011-08-10T13:00:00Z,-0.6663,1
2011-08-10T14:00:00Z,-1.0563,1
2011-08-10T15:00:00Z,-1.0663,1
2011-08-10T16:00:00Z,-0.7763,1
2011-08-10T17:00:00Z,-0.3063,1
2011-08-10T18:00:00Z,0.2637,1
2011-08-10T19:00:00Z,0.8337,1
2011-08-10T20:00:00Z,1.2937,1
2011-08-10T21:00:00Z,1.5037,1
2011-08-10T22:00:00Z,1.3937,1
2011-08-10T23:00:00Z,0.9037,1
2011-08-11T00:00:00Z,0.2037,1
2011-08-11T01:00:00Z,-0.5863,1
2011-08-11T02:00:00Z,-1.1763,1
2011-08-11T03:00:00Z,-1.4763,1
2011-08-11T04:00:00Z,-1.3463,1
2011-08-11T05:00:00Z,-0.9463,1
2011-08-11T06:00:00Z,-0.3663,1
2011-08-11T07:00:00Z,0.2237,1
2011-08-11T08:00:00Z,0.7937,1
2011-08-11T09:00:00Z,1.2237,1
2011-08-11T10:00:00Z,1.3637,1
2011-08-11T11:00:00Z,1.1038,1
2011-08-11T12:00:00Z,0.4938,1
2011-08-11T13:00:00Z,-0.2462,1
2011-08-11T14:00:00Z,-0.9562,1
2011-08-11T15:00:00Z,-1.3762,1
2011-08-11T16:00:00Z,-1.3762,1
2011-08-11T17:00:00Z,-1.0062,1
2011-08-11T18:00:00Z,-0.3962,1
2011-08-11T19:00:00Z,0.2838,1
2011-08-11T20:00:00Z,0.8738,1
2011-08-11T21:00:00Z,1.3438,1
2011-08-11T22:00:00Z,1.5538,1
2011-08-11T23:00:00Z,1.3638,1
2011-08-12T00:00:00Z,0.8038,1
2011-08-12T01:00:00Z,-0.0062,1
2011-08-12T02:00:00Z,-0.8662,1
2011-08-12T03:00:00Z,-1.4962,1
2011-08-12T04:00:00Z,-1.7262,1
2011-08-12T05:00:00Z,-1.5462,1
2011-08-12T06:00:00Z,-1.0362,1
2011-08-12T07:00:00Z,-0.4062,1
2011-08-12T08:00:00Z,0.2938,1
2011-08-12T09:00:00Z,0.8538,1
2011-08-12T10:00:00Z,1.2738,1
2011-08-12T11:00:00Z,1.3438,1
2011-08-12T12:00:00Z,1.0138,1
2011-08-12T13:00:00Z,0.3138,1
2011-08-12T14:00:00Z,-0.4962,1
2011-08-12T15:00:00Z,-1.1862,1
2011-08-12T16:00:00Z,-1.5462,1
2011-08-12T17:00:00Z,-1.3862,1
2011-08-12T18:00:00Z,-0.8962,1
2011-08-12T19:00:00Z,-0.1462,1
2011-08-12T20:00:00Z,0.5738,1
2011-08-12T21:00:00Z,1.2038,1
2011-08-12T22:00:00Z,1.6238,1
2011-08-12T23:00:00Z,1.7638,1
2011-08-13T00:00:00Z,1.4038,1
2011-08-13T01:00:00Z,0.7338,1
2011-08-13T02:00:00Z,-0.1962,1
2011-08-13T03:00:00Z,-1.0762,1
2011-08-13T04:00:00Z,-1.6462,1
2011-08-13T05:00:00Z,-1.7362,1
2011-08-13T06:00:00Z,-1.4162,1
2011-08-13T07:00:00Z,-0.8162,1
2011-08-13T08:00:00Z,-0.0962,1
2011-08-13T09:00:00Z,0.5938,1
2011-08-13T10:00:00Z,1.1338,1
2011-08-13T11:00:00Z,1.4538,1
2011-08-13T12:00:00Z,1.3638,1
2011-08-13T13:00:00Z,0.8538,1
2011-08-13T14:00:00Z,0.0438,1
2011-08-13T15:00:00Z,-0.8162,1
2011-08-13T16:00:00Z,-1.4562,1
2011-08-13T17:00:00Z,-1.6162,1
2011-08-13T18:00:00Z,-1.3062,1
2011-08-13T19:00:00Z,-0.6562,1
2011-08-13T20:00:00Z,0.1838,1
2011-08-13T21:00:00Z,0.9338,1
2011-08-13T22:00:00Z,1.4838,1
2011-08-13T23:00:00Z,1.8038,1
2011-08-14T00:00:00Z,1.7138,1
2011-08-14T02:00:00Z,0.3638,1
2011-08-14T03:00:00Z,-0.6162,1
2011-08-14T04:00:00Z,-1.4662,1
2011-08-14T05:00:00Z,-1.8762,1
2011-08-14T06:00:00Z,-1.7962,1
2011-08-14T07:00:00Z,-1.3062,1
2011-08-14T08:00:00Z,-0.5862,1
2011-08-14T09:00:00Z,0.1938,1
2011-08-14T10:00:00Z,0.8338,1
2011-08-14T11:00:00Z,1.3138,1
2011-08-14T12:00:00Z,1.4838,1
2011-08-14T13:00:00Z,1.1938,1
2011-08-14T14:00:00Z,0.5338,1
2011-08-14T15:00:00Z,-0.3762,1
2011-08-14T16:00:00Z,-1.2062,1
2011-08-14T17:00:00Z,-1.6662,1
2011-08-14T18:00:00Z,-1.6362,1
2011-08-14T19:00:00Z,-1.1362,1
2011-08-14T20:00:00Z,-0.3662,1
2011-08-14T21:00:00Z,0.4838,1
2011-08-14T22:00:00Z,1.1438,1
2011-08-14T23:00:00Z,1.6238,1
2011-08-15T00:00:00Z,1.7938,1
2011-08-15T01:00:00Z,1.5138,1
2011-08-15T02:00:00Z,0.8838,1
2011-08-15T03:00:00Z,-0.0862,1
2011-08-15T04:00:00Z,-1.0762,1
2011-08-15T05:00:00Z,-1.7562,1
2011-08-15T06:00:00Z,-1.9762,1
2011-08-15T07:00:00Z,-1.6562,1
2011-08-15T08:00:00Z,-1.0262,1
2011-08-15T09:00:00Z,-0.2362,1
2011-08-15T10:00:00Z,0.4738,1
2011-08-15T11:00:00Z,1.0438,1
2011-08-15T12:00:00Z,1.3938,1
2011-08-15T13:00:00Z,1.3538,1
2011-08-15T14:00:00Z,0.8938,1
2011-08-15T15:00:00Z,0.0738,1
2011-08-15T16:00:00Z,-0.8362,1
2011-08-15T17:00:00Z,-1.5562,1
2011-08-15T18:00:00Z,-1.8062,1
2011-08-15T19:00:00Z,-1.5562,1
2011-08-15T20:00:00Z,-0.8962,1
2011-08-15T21:00:00Z,-0.0562,1
2011-08-15T22:00:00Z,0.7238,1
2011-08-15T23:00:00Z,1.3638,1
2011-08-16T00:00:00Z,1.7738,1
2011-08-16T01:00:00Z,1.7838,1
2011-08-16T02:00:00Z,1.3738,1
2011-08-16T03:00:00Z,0.5738,1
2011-08-16T04:00:00Z,-0.3962,1
2011-08-16T05:00:00Z,-1.2862,1
2011-08-16T06:00:00Z,-1.7462,1
2011-08-16T07:00:00Z,-1.7462,1
2011-08-16T08:00:00Z,-1.2862,1
2011-08-16T09:00:00Z,-0.5662,1
2011-08-16T10:00:00Z,0.1838,1
2011-08-16T11:00:00Z,0.8238,1
2011-08-16T12:00:00Z,1.2938,1
2011-08-16T13:00:00Z,1.4638,1
2011-08-16T14:00:00Z,1.2038,1
2011-08-16T15:00:00Z,0.6038,1
2011-08-16T16:00:00Z,-0.2862,1
2011-08-16T17:00:00Z,-1.1362,1
2011-08-16T18:00:00Z,-1.6562,1
2011-08-16T19:00:00Z,-1.6962,1
2011-08-16T20:00:00Z,-1.2962,1
2011-08-16T21:00:00Z,-0.5562,1
2011-08-16T22:00:00Z,0.2638,1
2011-08-16T23:00:00Z,0.9438,1
2011-08-17T00:00:00Z,1.4538,1
2011-08-17T01:00:00Z,1.6538,1
2011-08-17T02:00:00Z,1.4738,1
2011-08-17T03:00:00Z,0.9038,1
2011-08-17T04:00:00Z,-0.0062,1
2011-08-17T05:00:00Z,-0.9362,1
2011-08-17T06:00:00Z,-1.6062,1
2011-08-17T07:00:00Z,-1.8562,1
2011-08-17T08:00:00Z,-1.6262,1
2011-08-17T09:00:00Z,-1.0362,1
2011-08-17T10:00:00Z,-0.3062,1
2011-08-17T11:00:00Z,0.3638,1
2011-08-17T12:00:00Z,0.9138,1
2011-08-17T13:00:00Z,1.2438,1
2011-08-17T14:00:00Z,1.2338,1
2011-08-17T15:00:00Z,0.8538,1
2011-08-17T16:00:00Z,0.0938,1
2011-08-17T17:00:00Z,-0.7562,1
2011-08-17T18:00:00Z,-1.4562,1
2011-08-17T19:00:00Z,-1.7262,1
2011-08-17T20:00:00Z,-1.5662,1
2011-08-17T21:00:00Z,-1.0062,1
2011-08-17T22:00:00Z,-0.2262,1
2011-08-17T23:00:00Z,0.5038,1
2011-08-18T00:00:00Z,1.1238,1
2011-08-18T01:00:00Z,1.4838,1
2011-08-18T02:00:00Z,1.5538,1
2011-08-18T03:00:00Z,1.2238,1
2011-08-18T04:00:00Z,0.5038,1
2011-08-18T05:00:00Z,-0.3862,1
2011-08-18T06:00:00Z,-1.1862,1
2011-08-18T07:00:00Z,-1.6562,1
2011-08-18T08:00:00Z,-1.6962,1
2011-08-18T09:00:00Z,-1.3062,1
2011-08-18T10:00:00Z,-0.6562,1
2011-08-18T11:00:00Z,0.0138,1
2011-08-18T12:00:00Z,0.6138,1
2011-08-18T13:00:00Z,1.0838,1
2011-08-18T14:00:00Z,1.2738,1
2011-08-18T15:00:00Z,1.0838,1
2011-08-18T16:00:00Z,0.5638,1
2011-08-18T17:00:00Z,-0.2262,1
2011-08-18T18:00:00Z,-0.9762,1
2011-08-18T19:00:00Z,-1.4862,1
2011-08-18T20:00:00Z,-1.5862,1
2011-08-18T21:00:00Z,-1.2762,1
2011-08-18T22:00:00Z,-0.6462,1
2011-08-18T23:00:00Z,0.0838,1
2011-08-19T00:00:00Z,0.7238,1
2011-08-19T01:00:00Z,1.2138,1
2011-08-19T02:00:00Z,1.4538,1
2011-08-19T03:00:00Z,1.3438,1
2011-08-19T04:00:00Z,0.9038,1
2011-08-19T05:00:00Z,0.1638,1
2011-08-19T06:00:00Z,-0.6562,1
2011-08-19T07:00:00Z,-1.2862,1
2011-08-19T08:00:00Z,-1.5462,1
2011-08-19T09:00:00Z,-1.3862,1
2011-08-19T10:00:00Z,-0.9062,1
2011-08-19T11:00:00Z,-0.2662,1
2011-08-19T12:00:00Z,0.3138,1
2011-08-19T13:00:00Z,0.8238,1
2011-08-19T14:00:00Z,1.1438,1
2011-08-19T15:00:00Z,1.1938,1
2011-08-19T16:00:00Z,0.9138,1
2011-08-19T17:00:00Z,0.2838,1
2011-08-19T18:00:00Z,-0.4062,1
2011-08-19T19:00:00Z,-1.0162,1
2011-08-19T20:00:00Z,-1.2862,1
2011-08-19T21:00:00Z,-1.2062,1
2011-08-19T22:00:00Z,-0.7662,1
2011-08-19T23:00:00Z,-0.1262,1
2011-08-20T00:00:00Z,0.4838,1
2011-08-20T01:00:00Z,1.0338,1
2011-08-20T02:00:00Z,1.3538,1
2011-08-20T03:00:00Z,1.4338,1
2011-08-20T04:00:00Z,1.1838,1
2011-08-20T05:00:00Z,0.6538,1
2011-08-20T06:00:00Z,-0.0762,1
2011-08-20T07:00:00Z,-0.8062,1
2011-08-20T08:00:00Z,-1.3162,1
2011-08-20T09:00:00Z,-1.3961,1
2011-08-20T10:00:00Z,-1.1461,1
2011-08-20T11:00:00Z,-0.6461,1
2011-08-20T12:00:00Z,-0.0561,1
2011-08-20T13:00:00Z,0.4539,1
2011-08-20T14:00:00Z,0.9039,1
2011-08-20T15:00:00Z,1.1439,1
2011-08-20T16:00:00Z,1.0939,1
2011-08-20T17:00:00Z,0.7739,1
2011-08-20T18:00:00Z,0.1839,1
2011-08-20T19:00:00Z,-0.4061,1
2011-08-20T20:00:00Z,-0.8861,1
2011-08-20T21:00:00Z,-1.0761,1
2011-08-20T22:00:00Z,-0.9561,1
2011-08-20T23:00:00Z,-0.5261,1
2011-08-21T00:00:00Z,-0.0361,1
2011-08-21T01:00:00Z,0.4639,1
2011-08-21T02:00:00Z,0.9139,1
2011-08-21T03:00:00Z,1.1539,1
2011-08-21T04:00:00Z,1.1739,1
2011-08-21T05:00:00Z,0.9039,1
2011-08-21T06:00:00Z,0.3539,1
2011-08-21T07:00:00Z,-0.2761,1
2011-08-21T08:00:00Z,-0.8261,1
2011-08-21T09:00:00Z,-1.1661,1
2011-08-21T10:00:00Z,-1.1461,1
2011-08-21T11:00:00Z,-0.8361,1
2011-08-21T12:00:00Z,-0.3761,1
2011-08-21T13:00:00Z,0.1139,1
2011-08-21T14:00:00Z,0.5639,1
2011-08-21T15:00:00Z,0.9039,1
2011-08-21T16:00:00Z,1.0739,1
2011-08-21T17:00:00Z,0.9739,1
2011-08-21T18:00:00Z,0.5939,1
2011-08-21T19:00:00Z,0.0339,1
2011-08-21T20:00:00Z,-0.5061,1
2011-08-21T21:00:00Z,-0.9261,1
2011-08-21T22:00:00Z,-1.0661,1
2011-08-21T23:00:00Z,-0.9361,1
2011-08-22T00:00:00Z,-0.6061,1
2011-08-22T01:00:00Z,-0.1461,1
2011-08-22T02:00:00Z,0.2439,1
2011-08-22T03:00:00Z,0.6139,1
2011-08-22T04:00:00Z,0.8439,1
2011-08-22T05:00:00Z,0.8239,1
2011-08-22T06:00:00Z,0.5539,1
2011-08-22T07:00:00Z,0.0939,1
2011-08-22T08:00:00Z,-0.4561,1
2011-08-22T09:00:00Z,-0.9161,1
2011-08-22T10:00:00Z,-1.1461,1
2011-08-22T11:00:00Z,-1.1261,1
2011-08-22T12:00:00Z,-0.8461,1
2011-08-22T13:00:00Z,-0.4561,1
2011-08-22T14:00:00Z,-0.0461,1
2011-08-22T15:00:00Z,0.3539,1
2011-08-22T16:00:00Z,0.6739,1
2011-08-22T17:00:00Z,0.8239,1
2011-08-22T18:00:00Z,0.7239,1
2011-08-22T19:00:00Z,0.4239,1
2011-08-22T20:00:00Z,-0.0461,1
2011-08-22T21:00:00Z,-0.5161,1
2011-08-22T22:00:00Z,-0.8661,1
2011-08-22T23:00:00Z,-0.9861,1
2011-08-23T00:00:00Z,-0.8661,1
2011-08-23T01:00:00Z,-0.5961,1
2011-08-23T02:00:00Z,-0.2161,1
2011-08-23T03:00:00Z,0.1539,1
2011-08-23T04:00:00Z,0.5239,1
2011-08-23T05:00:00Z,0.7239,1
2011-08-23T06:00:00Z,0.7639,1
2011-08-23T07:00:00Z,0.5539,1
2011-08-23T08:00:00Z,0.1939,1
2011-08-23T09:00:00Z,-0.2661,1
2011-08-23T10:00:00Z,-0.6561,1
2011-08-23T11:00:00Z,-0.8861,1
2011-08-23T12:00:00Z,-0.8761,1
2011-08-23T13:00:00Z,-0.6961,1
2011-08-23T14:00:00Z,-0.3661,1
2011-08-23T15:00:00Z,0.0039,1
2011-08-23T16:00:00Z,0.3739,1
2011-08-23T17:00:00Z,0.7039,1
2011-08-23T18:00:00Z,0.8939,1
2011-08-23T19:00:00Z,0.8639,1
2011-08-23T20:00:00Z,0.6139,1
2011-08-23T21:00:00Z,0.1939,1
2011-08-23T22:00:00Z,-0.2761,1
2011-08-23T23:00:00Z,-0.6661,1
2011-08-24T00:00:00Z,-0.8761,1
2011-08-24T01:00:00Z,-0.8261,1
2011-08-24T02:00:00Z,-0.6161,1
2011-08-24T03:00:00Z,-0.2861,1
2011-08-24T04:00:00Z,0.0839,1
2011-08-24T05:00:00Z,0.4439,1
2011-08-24T06:00:00Z,0.7339,1
2011-08-24T07:00:00Z,0.8739,1
2011-08-24T08:00:00Z,0.7539,1
2011-08-24T09:00:00Z,0.4339,1
2011-08-24T10:00:00Z,-0.0161,1
2011-08-24T11:00:00Z,-0.4361,1
2011-08-24T12:00:00Z,-0.7461,1
2011-08-24T13:00:00Z,-0.8361,1
2011-08-24T14:00:00Z,-0.7161,1
2011-08-24T15:00:00Z,-0.4661,1
2011-08-24T16:00:00Z,-0.1261,1
2011-08-24T17:00:00Z,0.2839,1
2011-08-24T18:00:00Z,0.6539,1
2011-08-24T19:00:00Z,0.9739,1
2011-08-24T20:00:00Z,1.0139,1
2011-08-24T21:00:00Z,0.8139,1
2011-08-24T22:00:00Z,0.3639,1
2011-08-24T23:00:00Z,-0.1361,1
2011-08-25T00:00:00Z,-0.6161,1
2011-08-25T01:00:00Z,-0.9461,1
2011-08-25T02:00:00Z,-1.0061,1
2011-08-25T03:00:00Z,-0.8261,1
2011-08-25T04:00:00Z,-0.4861,1
2011-08-25T05:00:00Z,-0.0461,1
2011-08-25T06:00:00Z,0.4039,1
2011-08-25T07:00:00Z,0.7839,1
2011-08-25T08:00:00Z,0.9839,1
2011-08-25T09:00:00Z,0.9439,1
2011-08-25T10:00:00Z,0.6239,1
2011-08-25T11:00:00Z,0.1639,1
2011-08-25T12:00:00Z,-0.3461,1
2011-08-25T13:00:00Z,-0.7461,1
2011-08-25T14:00:00Z,-0.9161,1
2011-08-25T15:00:00Z,-0.8161,1
2011-08-25T16:00:00Z,-0.5361,1
2011-08-25T17:00:00Z,-0.0861,1
2011-08-25T18:00:00Z,0.3939,1
2011-08-25T19:00:00Z,0.8539,1
2011-08-25T20:00:00Z,1.1839,1
2011-08-25T21:00:00Z,1.2639,1
2011-08-25T22:00:00Z,1.0039,1
2011-08-25T23:00:00Z,0.4839,1
2011-08-26T00:00:00Z,-0.1761,1
2011-08-26T01:00:00Z,-0.8061,1
2011-08-26T02:00:00Z,-1.2061,1
2011-08-26T03:00:00Z,-1.3061,1
2011-08-26T04:00:00Z,-1.0461,1
2011-08-26T05:00:00Z,-0.6061,1
2011-08-26T06:00:00Z,-0.0661,1
2011-08-26T07:00:00Z,0.4739,1
2011-08-26T08:00:00Z,0.8839,1
2011-08-26T09:00:00Z,1.1339,1
2011-08-26T10:00:00Z,1.0539,1
2011-08-26T11:00:00Z,0.6639,1
2011-08-26T12:00:00Z,0.0539,1
2011-08-26T13:00:00Z,-0.5761,1
2011-08-26T14:00:00Z,-1.0661,1
2011-08-26T15:00:00Z,-1.2361,1
2011-08-26T16:00:00Z,-1.0761,1
2011-08-26T17:00:00Z,-0.6161,1
2011-08-26T18:00:00Z,-0.0361,1
2011-08-26T19:00:00Z,0.5739,1
2011-08-26T20:00:00Z,1.1039,1
2011-08-26T21:00:00Z,1.4139,1
2011-08-26T22:00:00Z,1.4139,1
2011-08-26T23:00:00Z,1.0239,1
2011-08-27T00:00:00Z,0.3439,1
2011-08-27T01:00:00Z,-0.4761,1
2011-08-27T02:00:00Z,-1.2361,1
2011-08-27T03:00:00Z,-1.6361,1
2011-08-27T04:00:00Z,-1.6261,1
2011-08-27T05:00:00Z,-1.2861,1
2011-08-27T06:00:00Z,-0.6561,1
2011-08-27T07:00:00Z,0.0339,1
2011-08-27T08:00:00Z,0.6239,1
2011-08-27T09:00:00Z,1.1039,1
2011-08-27T10:00:00Z,1.2939,1
2011-08-27T11:00:00Z,1.1139,1
2011-08-27T12:00:00Z,0.5739,1
2011-08-27T13:00:00Z,-0.2061,1
2011-08-27T14:00:00Z,-0.9561,1
2011-08-27T15:00:00Z,-1.4761,1
2011-08-27T16:00:00Z,-1.5461,1
2011-08-27T17:00:00Z,-1.2261,1
2011-08-27T18:00:00Z,-0.6061,1
2011-08-27T19:00:00Z,0.1039,1
2011-08-27T20:00:00Z,0.7739,1
2011-08-27T21:00:00Z,1.3139,1
2011-08-27T22:00:00Z,1.5839,1
2011-08-27T23:00:00Z,1.4639,1
2011-08-28T00:00:00Z,0.9039,1
2011-08-28T01:00:00Z,0.0439,1
2011-08-28T02:00:00Z,-0.9061,1
2011-08-28T03:00:00Z,-1.6561,1
2011-08-28T04:00:00Z,-1.9861,1
2011-08-28T05:00:00Z,-1.7961,1
2011-08-28T06:00:00Z,-1.1861,1
2011-08-28T07:00:00Z,-0.3961,1
2011-08-28T08:00:00Z,0.3839,1
2011-08-28T09:00:00Z,1.0139,1
2011-08-28T10:00:00Z,1.4239,1
2011-08-28T11:00:00Z,1.4939,1
2011-08-28T12:00:00Z,1.1339,1
2011-08-28T13:00:00Z,0.3639,1
2011-08-28T14:00:00Z,-0.5361,1
2011-08-28T15:00:00Z,-1.3861,1
2011-08-28T16:00:00Z,-1.7761,1
2011-08-28T17:00:00Z,-1.6961,1
2011-08-28T18:00:00Z,-1.1561,1
2011-08-28T19:00:00Z,-0.3661,1
2011-08-28T20:00:00Z,0.4539,1
2011-08-28T21:00:00Z,1.1639,1
2011-08-28T22:00:00Z,1.6439,1
2011-08-28T23:00:00Z,1.7739,1
2011-08-29T00:00:00Z,1.4539,1
2011-08-29T01:00:00Z,0.6939,1
2011-08-29T02:00:00Z,-0.3661,1
2011-08-29T03:00:00Z,-1.3961,1
2011-08-29T04:00:00Z,-2.1061,1
2011-08-29T05:00:00Z,-2.2661,1
2011-08-29T06:00:00Z,-1.8461,1
2011-08-29T07:00:00Z,-1.076,1
2011-08-29T08:00:00Z,-0.156,1
2011-08-29T09:00:00Z,0.634,1
2011-08-29T10:00:00Z,1.254,1
2011-08-29T11:00:00Z,1.614,1
2011-08-29T12:00:00Z,1.484,1
2011-08-29T13:00:00Z,0.944,1
2011-08-29T14:00:00Z,0.004,1
2011-08-29T15:00:00Z,-1.036,1
2011-08-29T16:00:00Z,-1.806,1
2011-08-29T17:00:00Z,-2.026,1
2011-08-29T18:00:00Z,-1.716,1
2011-08-29T19:00:00Z,-0.976,1
2011-08-29T20:00:00Z,-0.036,1
2011-08-29T21:00:00Z,0.864,1
2011-08-29T22:00:00Z,1.504,1
2011-08-29T23:00:00Z,1.934,1
2011-08-30T00:00:00Z,1.914,1
2011-08-30T01:00:00Z,1.414,1
2011-08-30T02:00:00Z,0.454,1
2011-08-30T03:00:00Z,-0.726,1
2011-08-30T04:00:00Z,-1.766,1
2011-08-30T05:00:00Z,-2.326,1
2011-08-30T06:00:00Z,-2.286,1
2011-08-30T07:00:00Z,-1.666,1
2011-08-30T08:00:00Z,-0.746,1
2011-08-30T09:00:00Z,0.214,1
2011-08-30T10:00:00Z,1.004,1
2011-08-30T11:00:00Z,1.554,1
2011-08-30T12:00:00Z,1.764,1
2011-08-30T13:00:00Z,1.474,1
2011-08-30T14:00:00Z,0.744,1
2011-08-30T15:00:00Z,-0.356,1
2011-08-30T16:00:00Z,-1.426,1
2011-08-30T17:00:00Z,-2.056,1
2011-08-30T18:00:00Z,-2.096,1
2011-08-30T19:00:00Z,-1.606,1
2011-08-30T20:00:00Z,-0.706,1
2011-08-30T21:00:00Z,0.294,1
2011-08-30T22:00:00Z,1.134,1
2011-08-30T23:00:00Z,1.734,1
2011-08-31T00:00:00Z,2.064,1
2011-08-31T01:00:00Z,1.864,1
2011-08-31T02:00:00Z,1.244,1
2011-08-31T03:00:00Z,0.134,1
2011-08-31T04:00:00Z,-1.086,1
2011-08-31T05:00:00Z,-2.056,1
2011-08-31T06:00:00Z,-2.416,1
2011-08-31T07:00:00Z,-2.206,1
2011-08-31T08:00:00Z,-1.426,1
2011-08-31T09:00:00Z,-0.416,1
2011-08-31T10:00:00Z,0.514,1
2011-08-31T11:00:00Z,1.244,1
2011-08-31T12:00:00Z,1.714,1
2011-08-31T13:00:00Z,1.774,1
2011-08-31T14:00:00Z,1.334,1
2011-08-31T15:00:00Z,0.434,1
2011-08-31T16:00:00Z,-0.706,1
2011-08-31T17:00:00Z,-1.706,1
2011-08-31T18:00:00Z,-2.176,1
2011-08-31T19:00:00Z,-2.026,1
2011-08-31T20:00:00Z,-1.376,1
2011-08-31T21:00:00Z,-0.396,1
2011-08-31T22:00:00Z,0.564,1
2011-08-31T23:00:00Z,1.334,1
2011-09-01T00:00:00Z,1.894,1
2011-09-01T01:00:00Z,2.094,1
2011-09-01T02:00:00Z,1.804,1
2011-09-01T03:00:00Z,1.034,1
2011-09-01T04:00:00Z,-0.136,1
2011-09-01T05:00:00Z,-1.286,1
2011-09-01T06:00:00Z,-2.096,1
2011-09-01T07:00:00Z,-2.296,1
2011-09-01T08:00:00Z,-1.896,1
2011-09-01T09:00:00Z,-1.036,1
2011-09-01T10:00:00Z,-0.066,1
2011-09-01T11:00:00Z,0.784,1
2011-09-01T12:00:00Z,1.444,1
2011-09-01T13:00:00Z,1.814,1
2011-09-01T14:00:00Z,1.724,1
2011-09-01T15:00:00Z,1.174,1
2011-09-01T16:00:00Z,0.204,1
2011-09-01T17:00:00Z,-0.906,1
2011-09-01T18:00:00Z,-1.766,1
2011-09-01T19:00:00Z,-2.046,1
2011-09-01T20:00:00Z,-1.806,1
2011-09-01T21:00:00Z,-1.066,1
2011-09-01T22:00:00Z,-0.106,1
2011-09-01T23:00:00Z,0.774,1
2011-09-02T00:00:00Z,1.474,1
2011-09-02T01:00:00Z,1.964,1
2011-09-02T02:00:00Z,2.054,1
2011-09-02T03:00:00Z,1.714,1
2011-09-02T04:00:00Z,0.884,1
2011-09-02T05:00:00Z,-0.226,1
2011-09-02T06:00:00Z,-1.246,1
2011-09-02T07:00:00Z,-1.896,1
2011-09-02T08:00:00Z,-1.956,1
2011-09-02T09:00:00Z,-1.466,1
2011-09-02T10:00:00Z,-0.646,1
2011-09-02T11:00:00Z,0.244,1
2011-09-02T12:00:00Z,0.984,1
2011-09-02T13:00:00Z,1.584,1
2011-09-02T14:00:00Z,1.844,1
2011-09-02T15:00:00Z,1.644,1
2011-09-02T16:00:00Z,1.064,1
2011-09-02T17:00:00Z,0.104,1
2011-09-02T18:00:00Z,-0.906,1
2011-09-02T19:00:00Z,-1.616,1
2011-09-02T20:00:00Z,-1.826,1
2011-09-02T21:00:00Z,-1.506,1
2011-09-02T22:00:00Z,-0.806,1
2011-09-02T23:00:00Z,0.044,1
2011-09-03T00:00:00Z,0.784,1
2011-09-03T01:00:00Z,1.414,1
2011-09-03T02:00:00Z,1.834,1
2011-09-03T03:00:00Z,1.854,1
2011-09-03T04:00:00Z,1.434,1
2011-09-03T05:00:00Z,0.644,1
2011-09-03T06:00:00Z,-0.346,1
2011-09-03T07:00:00Z,-1.206,1
2011-09-03T08:00:00Z,-1.686,1
2011-09-03T09:00:00Z,-1.686,1
2011-09-03T10:00:00Z,-1.156,1
2011-09-03T11:00:00Z,-0.416,1
2011-09-03T12:00:00Z,0.354,1
2011-09-03T13:00:00Z,1.044,1
2011-09-03T14:00:00Z,1.514,1
2011-09-03T15:00:00Z,1.734,1
2011-09-03T16:00:00Z,1.514,1
2011-09-03T17:00:00Z,0.874,1
2011-09-03T18:00:00Z,0.014,1
2011-09-03T19:00:00Z,-0.906,1
2011-09-03T20:00:00Z,-1.476,1
2011-09-03T21:00:00Z,-1.666,1
2011-09-03T22:00:00Z,-1.316,1
2011-09-03T23:00:00Z,-0.756,1
2011-09-04T00:00:00Z,-0.046,1
2011-09-04T01:00:00Z,0.594,1
2011-09-04T02:00:00Z,1.174,1
2011-09-04T03:00:00Z,1.554,1
2011-09-04T04:00:00Z,1.614,1
2011-09-04T05:00:00Z,1.244,1
2011-09-04T06:00:00Z,0.524,1
2011-09-04T07:00:00Z,-0.316,1
2011-09-04T08:00:00Z,-1.086,1
2011-09-04T09:00:00Z,-1.446,1
2011-09-04T10:00:00Z,-1.426,1
2011-09-04T11:00:00Z,-1.016,1
2011-09-04T12:00:00Z,-0.386,1
2011-09-04T13:00:00Z,0.284,1
2011-09-04T14:00:00Z,0.824,1
2011-09-04T15:00:00Z,1.274,1
2011-09-04T16:00:00Z,1.514,1
2011-09-04T17:00:00Z,1.324,1
2011-09-04T18:00:00Z,0.814,1
2011-09-04T19:00:00Z,0.054,1
2011-09-04T20:00:00Z,-0.656,1
2011-09-04T21:00:00Z,-1.226,1
2011-09-04T22:00:00Z,-1.356,1
2011-09-04T23:00:00Z,-1.126,1
2011-09-05T00:00:00Z,-0.676,1
2011-09-05T01:00:00Z,-0.076,1
2011-09-05T02:00:00Z,0.494,1
2011-09-05T03:00:00Z,0.974,1
2011-09-05T04:00:00Z,1.324,1
2011-09-05T05:00:00Z,1.394,1
2011-09-05T06:00:00Z,1.104,1
2011-09-05T07:00:00Z,0.514,1
2011-09-05T08:00:00Z,-0.236,1
2011-09-05T09:00:00Z,-0.896,1
2011-09-05T10:00:00Z,-1.266,1
2011-09-05T11:00:00Z,-1.266,1
2011-09-05T12:00:00Z,-0.936,1
2011-09-05T13:00:00Z,-0.506,1
2011-09-05T14:00:00Z,0.014,1
2011-09-05T15:00:00Z,0.514,1
2011-09-05T16:00:00Z,0.944,1
2011-09-05T17:00:00Z,1.164,1
2011-09-05T18:00:00Z,1.144,1
2011-09-05T19:00:00Z,0.724,1
2011-09-05T20:00:00Z,0.124,1
2011-09-05T21:00:00Z,-0.506,1
2011-09-05T22:00:00Z,-1.026,1
2011-09-05T23:00:00Z,-1.246,1
2011-09-06T00:00:00Z,-1.166,1
2011-09-06T01:00:00Z,-0.836,1
2011-09-06T02:00:00Z,-0.326,1
2011-09-06T03:00:00Z,0.244,1
2011-09-06T04:00:00Z,0.834,1
2011-09-06T05:00:00Z,1.294,1
2011-09-06T06:00:00Z,1.504,1
2011-09-06T07:00:00Z,1.364,1
2011-09-06T08:00:00Z,0.944,1
2011-09-06T09:00:00Z,0.354,1
2011-09-06T10:00:00Z,-0.206,1
2011-09-06T11:00:00Z,-0.646,1
2011-09-06T12:00:00Z,-0.776,1
2011-09-06T13:00:00Z,-0.656,1
2011-09-06T14:00:00Z,-0.326,1
2011-09-06T15:00:00Z,0.054,1
2011-09-06T16:00:00Z,0.504,1
2011-09-06T17:00:00Z,0.974,1
2011-09-06T18:00:00Z,1.204,1
2011-09-06T19:00:00Z,1.264,1
2011-09-06T20:00:00Z,0.964,1
2011-09-06T21:00:00Z,0.464,1
2011-09-06T22:00:00Z,-0.086,1
2011-09-06T23:00:00Z,-0.656,1
2011-09-07T00:00:00Z,-0.986,1
2011-09-07T01:00:00Z,-1.096,1
2011-09-07T02:00:00Z,-0.986,1
2011-09-07T03:00:00Z,-0.696,1
2011-09-07T04:00:00Z,-0.286,1
2011-09-07T05:00:00Z,0.1541,1
2011-09-07T06:00:00Z,0.6041,1
2011-09-07T07:00:00Z,0.8341,1
2011-09-07T08:00:00Z,0.8741,1
2011-09-07T09:00:00Z,0.5941,1
2011-09-07T10:00:00Z,0.1641,1
2011-09-07T11:00:00Z,-0.3759,1
2011-09-07T12:00:00Z,-0.7659,1
2011-09-07T13:00:00Z,-0.9659,1
2011-09-07T14:00:00Z,-0.8659,1
2011-09-07T15:00:00Z,-0.5659,1
2011-09-07T16:00:00Z,-0.1259,1
2011-09-07T17:00:00Z,0.3841,1
2011-09-07T18:00:00Z,0.8441,1
2011-09-07T19:00:00Z,1.2341,1
2011-09-07T20:00:00Z,1.3041,1
2011-09-07T21:00:00Z,1.1441,1
2011-09-07T22:00:00Z,0.6541,1
2011-09-07T23:00:00Z,0.0141,1
2011-09-08T00:00:00Z,-0.6159,1
2011-09-08T01:00:00Z,-1.0759,1
2011-09-08T02:00:00Z,-1.2659,1
2011-09-08T03:00:00Z,-1.1659,1
2011-09-08T04:00:00Z,-0.8059,1
2011-09-08T05:00:00Z,-0.3559,1
2011-09-08T06:00:00Z,0.1741,1
2011-09-08T07:00:00Z,0.7241,1
2011-09-08T08:00:00Z,1.0641,1
2011-09-08T09:00:00Z,1.1941,1
2011-09-08T10:00:00Z,0.9341,1
2011-09-08T11:00:00Z,0.4341,1
2011-09-08T12:00:00Z,-0.1659,1
2011-09-08T13:00:00Z,-0.7459,1
2011-09-08T14:00:00Z,-1.0559,1
2011-09-08T15:00:00Z,-1.0459,1
2011-09-08T16:00:00Z,-0.7659,1
2011-09-08T17:00:00Z,-0.2559,1
2011-09-08T18:00:00Z,0.2941,1
2011-09-08T19:00:00Z,0.8241,1
2011-09-08T20:00:00Z,1.2141,1
2011-09-08T21:00:00Z,1.3841,1
2011-09-08T22:00:00Z,1.2341,1
2011-09-08T23:00:00Z,0.7741,1
2011-09-09T00:00:00Z,0.0341,1
2011-09-09T01:00:00Z,-0.6759,1
2011-09-09T02:00:00Z,-1.2459,1
2011-09-09T03:00:00Z,-1.4659,1
2011-09-09T04:00:00Z,-1.3159,1
2011-09-09T05:00:00Z,-0.8459,1
2011-09-09T06:00:00Z,-0.3359,1
2011-09-09T07:00:00Z,0.2441,1
2011-09-09T08:00:00Z,0.7841,1
2011-09-09T09:00:00Z,1.1741,1
2011-09-09T10:00:00Z,1.2641,1
2011-09-09T11:00:00Z,0.9541,1
2011-09-09T12:00:00Z,0.3641,1
2011-09-09T13:00:00Z,-0.3159,1
2011-09-09T14:00:00Z,-0.9159,1
2011-09-09T15:00:00Z,-1.2159,1
2011-09-09T16:00:00Z,-1.1159,1
2011-09-09T17:00:00Z,-0.6859,1
2011-09-09T18:00:00Z,-0.0659,1
2011-09-09T19:00:00Z,0.6041,1
2011-09-09T20:00:00Z,1.1941,1
2011-09-09T21:00:00Z,1.5641,1
2011-09-09T22:00:00Z,1.6641,1
2011-09-09T23:00:00Z,1.3741,1
2011-09-10T00:00:00Z,0.8241,1
2011-09-10T01:00:00Z,-0.0759,1
2011-09-10T02:00:00Z,-0.8759,1
2011-09-10T03:00:00Z,-1.3959,1
2011-09-10T04:00:00Z,-1.4859,1
2011-09-10T05:00:00Z,-1.2159,1
2011-09-10T06:00:00Z,-0.7059,1
2011-09-10T07:00:00Z,-0.0559,1
2011-09-10T08:00:00Z,0.5841,1
2011-09-10T09:00:00Z,1.1241,1
2011-09-10T10:00:00Z,1.5041,1
2011-09-10T11:00:00Z,1.4041,1
2011-09-10T12:00:00Z,1.0341,1
2011-09-10T13:00:00Z,0.2941,1
2011-09-10T14:00:00Z,-0.4759,1
2011-09-10T15:00:00Z,-1.0659,1
2011-09-10T16:00:00Z,-1.2159,1
2011-09-10T17:00:00Z,-0.9559,1
2011-09-10T18:00:00Z,-0.3759,1
2011-09-10T19:00:00Z,0.3541,1
2011-09-10T20:00:00Z,1.1141,1
2011-09-10T21:00:00Z,1.6541,1
2011-09-10T22:00:00Z,1.9741,1
2011-09-10T23:00:00Z,1.9041,1
2011-09-11T00:00:00Z,1.4641,1
2011-09-11T01:00:00Z,0.6941,1
2011-09-11T02:00:00Z,-0.2059,1
2011-09-11T03:00:00Z,-0.9859,1
2011-09-11T04:00:00Z,-1.4259,1
2011-09-11T05:00:00Z,-1.3659,1
2011-09-11T06:00:00Z,-0.9359,1
2011-09-11T07:00:00Z,-0.2859,1
2011-09-11T08:00:00Z,0.4441,1
2011-09-11T09:00:00Z,1.0641,1
2011-09-11T10:00:00Z,1.5141,1
2011-09-11T11:00:00Z,1.6441,1
2011-09-11T12:00:00Z,1.4241,1
2011-09-11T13:00:00Z,0.7841,1
2011-09-11T14:00:00Z,-0.0559,1
2011-09-11T15:00:00Z,-0.8459,1
2011-09-11T16:00:00Z,-1.2959,1
2011-09-11T17:00:00Z,-1.3059,1
2011-09-11T18:00:00Z,-0.8659,1
2011-09-11T19:00:00Z,-0.1459,1
2011-09-11T20:00:00Z,0.6641,1
2011-09-11T21:00:00Z,1.3341,1
2011-09-11T22:00:00Z,1.8041,1
2011-09-11T23:00:00Z,1.9541,1
2011-09-12T00:00:00Z,1.7341,1
2011-09-12T01:00:00Z,1.1841,1
2011-09-12T02:00:00Z,0.2441,1
2011-09-12T03:00:00Z,-0.7159,1
2011-09-12T04:00:00Z,-1.3059,1
2011-09-12T06:00:00Z,-1.3159,1
2011-09-12T07:00:00Z,-0.6859,1
2011-09-12T08:00:00Z,0.1041,1
2011-09-12T09:00:00Z,0.8541,1
2011-09-12T10:00:00Z,1.5041,1
2011-09-12T11:00:00Z,1.7841,1
2011-09-12T12:00:00Z,1.7241,1
2011-09-12T13:00:00Z,1.2841,1
2011-09-12T14:00:00Z,0.5741,1
2011-09-12T15:00:00Z,-0.3259,1
2011-09-12T16:00:00Z,-0.9759,1
2011-09-12T17:00:00Z,-1.1859,1
2011-09-12T18:00:00Z,-0.9459,1
2011-09-12T19:00:00Z,-0.3259,1
2011-09-12T20:00:00Z,0.4541,1
2011-09-12T21:00:00Z,1.1541,1
2011-09-12T22:00:00Z,1.6841,1
2011-09-12T23:00:00Z,1.9341,1
2011-09-13T00:00:00Z,1.8441,1
2011-09-13T01:00:00Z,1.4141,1
2011-09-13T02:00:00Z,0.5941,1
2011-09-13T03:00:00Z,-0.4259,1
2011-09-13T04:00:00Z,-1.3259,1
2011-09-13T05:00:00Z,-1.8159,1
2011-09-13T06:00:00Z,-1.7859,1
2011-09-13T07:00:00Z,-1.2759,1
2011-09-13T08:00:00Z,-0.5259,1
2011-09-13T09:00:00Z,0.2341,1
2011-09-13T10:00:00Z,0.9141,1
2011-09-13T11:00:00Z,1.3741,1
2011-09-13T12:00:00Z,1.5541,1
2011-09-13T13:00:00Z,1.3541,1
2011-09-13T14:00:00Z,0.7641,1
2011-09-13T15:00:00Z,-0.0859,1
2011-09-13T16:00:00Z,-0.9559,1
2011-09-13T17:00:00Z,-1.4959,1
2011-09-13T18:00:00Z,-1.5459,1
2011-09-13T19:00:00Z,-1.0759,1
2011-09-13T20:00:00Z,-0.2959,1
2011-09-13T21:00:00Z,0.4941,1
2011-09-13T22:00:00Z,1.1741,1
2011-09-13T23:00:00Z,1.6041,1
2011-09-14T00:00:00Z,1.7641,1
2011-09-14T01:00:00Z,1.5541,1
2011-09-14T02:00:00Z,0.9841,1
2011-09-14T03:00:00Z,0.0541,1
2011-09-14T04:00:00Z,-0.9059,1
2011-09-14T05:00:00Z,-1.6259,1
2011-09-14T06:00:00Z,-1.8759,1
2011-09-14T07:00:00Z,-1.6359,1
2011-09-14T08:00:00Z,-1.0059,1
2011-09-14T09:00:00Z,-0.1959,1
2011-09-14T10:00:00Z,0.4941,1
2011-09-14T11:00:00Z,1.0541,1
2011-09-14T12:00:00Z,1.3841,1
2011-09-14T13:00:00Z,1.3741,1
2011-09-14T14:00:00Z,0.9141,1
2011-09-14T15:00:00Z,0.1241,1
2011-09-14T16:00:00Z,-0.7859,1
2011-09-14T17:00:00Z,-1.5159,1
2011-09-14T18:00:00Z,-1.8159,1
2011-09-14T19:00:00Z,-1.5959,1
2011-09-14T20:00:00Z,-0.9859,1
2011-09-14T21:00:00Z,-0.1459,1
2011-09-14T22:00:00Z,0.6241,1
2011-09-14T23:00:00Z,1.2241,1
2011-09-15T00:00:00Z,1.6041,1
2011-09-15T01:00:00Z,1.6141,1
2011-09-15T02:00:00Z,1.2141,1
2011-09-15T03:00:00Z,0.4441,1
2011-09-15T04:00:00Z,-0.5159,1
2011-09-15T05:00:00Z,-1.3559,1
2011-09-15T06:00:00Z,-1.7959,1
2011-09-15T07:00:00Z,-1.7859,1
2011-09-15T08:00:00Z,-1.3059,1
2011-09-15T09:00:00Z,-0.5859,1
2011-09-15T10:00:00Z,0.1841,1
2011-09-15T11:00:00Z,0.8441,1
2011-09-15T12:00:00Z,1.3041,1
2011-09-15T13:00:00Z,1.4841,1
2011-09-15T14:00:00Z,1.2641,1
2011-09-15T15:00:00Z,0.6541,1
2011-09-15T16:00:00Z,-0.2159,1
2011-09-15T17:00:00Z,-1.0459,1
2011-09-15T18:00:00Z,-1.5859,1
2011-09-15T19:00:00Z,-1.6459,1
2011-09-15T20:00:00Z,-1.2759,1
2011-09-15T21:00:00Z,-0.5959,1
2011-09-15T22:00:00Z,0.1941,1
2011-09-15T23:00:00Z,0.8641,1
2011-09-16T00:00:00Z,1.3741,1
2011-09-16T01:00:00Z,1.6041,1
2011-09-16T02:00:00Z,1.4541,1
2011-09-16T03:00:00Z,0.9242,1
2011-09-16T04:00:00Z,0.0842,1
2011-09-16T05:00:00Z,-0.7858,1
2011-09-16T06:00:00Z,-1.4058,1
2011-09-16T07:00:00Z,-1.5858,1
2011-09-16T08:00:00Z,-1.3458,1
2011-09-16T09:00:00Z,-0.7758,1
2011-09-16T10:00:00Z,-0.0358,1
2011-09-16T11:00:00Z,0.6142,1
2011-09-16T12:00:00Z,1.1742,1
2011-09-16T13:00:00Z,1.4842,1
2011-09-16T14:00:00Z,1.4642,1
2011-09-16T15:00:00Z,1.0442,1
2011-09-16T16:00:00Z,0.3242,1
2011-09-16T17:00:00Z,-0.5058,1
2011-09-16T18:00:00Z,-1.1858,1
2011-09-16T19:00:00Z,-1.4858,1
2011-09-16T20:00:00Z,-1.3558,1
2011-09-16T21:00:00Z,-0.8258,1
2011-09-16T22:00:00Z,-0.1258,1
2011-09-16T23:00:00Z,0.6142,1
2011-09-17T00:00:00Z,1.1942,1
2011-09-17T01:00:00Z,1.5842,1
2011-09-17T02:00:00Z,1.6442,1
2011-09-17T03:00:00Z,1.3042,1
2011-09-17T04:00:00Z,0.6342,1
2011-09-17T05:00:00Z,-0.1758,1
2011-09-17T06:00:00Z,-0.9358,1
2011-09-17T07:00:00Z,-1.3558,1
2011-09-17T08:00:00Z,-1.3858,1
2011-09-17T09:00:00Z,-1.0158,1
2011-09-17T10:00:00Z,-0.4058,1
2011-09-17T11:00:00Z,0.2342,1
2011-09-17T12:00:00Z,0.8342,1
2011-09-17T13:00:00Z,1.2342,1
2011-09-17T14:00:00Z,1.3942,1
2011-09-17T15:00:00Z,1.1942,1
2011-09-17T16:00:00Z,0.6542,1
2011-09-17T17:00:00Z,-0.1058,1
2011-09-17T18:00:00Z,-0.8058,1
2011-09-17T19:00:00Z,-1.3058,1
2011-09-17T20:00:00Z,-1.4158,1
2011-09-17T21:00:00Z,-1.1458,1
2011-09-17T22:00:00Z,-0.5858,1
2011-09-17T23:00:00Z,0.0342,1
2011-09-18T00:00:00Z,0.6042,1
2011-09-18T01:00:00Z,1.0442,1
2011-09-18T02:00:00Z,1.2942,1
2011-09-18T03:00:00Z,1.2342,1
2011-09-18T04:00:00Z,0.8342,1
2011-09-18T05:00:00Z,0.1442,1
2011-09-18T06:00:00Z,-0.6258,1
2011-09-18T07:00:00Z,-1.2458,1
2011-09-18T08:00:00Z,-1.4758,1
2011-09-18T09:00:00Z,-1.3358,1
2011-09-18T10:00:00Z,-0.8858,1
2011-09-18T11:00:00Z,-0.2658,1
2011-09-18T12:00:00Z,0.2642,1
2011-09-18T13:00:00Z,0.7342,1
2011-09-18T14:00:00Z,0.9942,1
2011-09-18T15:00:00Z,1.0242,1
2011-09-18T16:00:00Z,0.7542,1
2011-09-18T17:00:00Z,0.2242,1
2011-09-18T18:00:00Z,-0.4358,1
2011-09-18T19:00:00Z,-1.0458,1
2011-09-18T20:00:00Z,-1.3758,1
2011-09-18T21:00:00Z,-1.3858,1
2011-09-18T22:00:00Z,-1.0858,1
2011-09-18T23:00:00Z,-0.5458,1
2011-09-19T00:00:00Z,0.0342,1
2011-09-19T01:00:00Z,0.5342,1
2011-09-19T02:00:00Z,0.9142,1
2011-09-19T03:00:00Z,1.0342,1
2011-09-19T04:00:00Z,0.8742,1
2011-09-19T05:00:00Z,0.4442,1
2011-09-19T06:00:00Z,-0.1758,1
2011-09-19T07:00:00Z,-0.7958,1
2011-09-19T08:00:00Z,-1.1258,1
2011-09-19T09:00:00Z,-1.2758,1
2011-09-19T10:00:00Z,-1.0358,1
2011-09-19T11:00:00Z,-0.5958,1
2011-09-19T12:00:00Z,-0.0558,1
2011-09-19T13:00:00Z,0.4542,1
2011-09-19T14:00:00Z,0.8942,1
2011-09-19T15:00:00Z,1.1442,1
2011-09-19T16:00:00Z,1.1042,1
2011-09-19T17:00:00Z,0.7942,1
2011-09-19T18:00:00Z,0.2442,1
2011-09-19T19:00:00Z,-0.3558,1
2011-09-19T20:00:00Z,-0.8758,1
2011-09-19T21:00:00Z,-1.1158,1
2011-09-19T22:00:00Z,-1.0558,1
2011-09-19T23:00:00Z,-0.7458,1
2011-09-20T00:00:00Z,-0.2758,1
2011-09-20T01:00:00Z,0.2142,1
2011-09-20T02:00:00Z,0.6642,1
2011-09-20T03:00:00Z,0.9442,1
2011-09-20T04:00:00Z,1.0042,1
2011-09-20T05:00:00Z,0.8642,1
2011-09-20T06:00:00Z,0.4042,1
2011-09-20T07:00:00Z,-0.1558,1
2011-09-20T08:00:00Z,-0.6658,1
2011-09-20T09:00:00Z,-0.9958,1
2011-09-20T10:00:00Z,-1.0458,1
2011-09-20T11:00:00Z,-0.8058,1
2011-09-20T12:00:00Z,-0.4558,1
2011-09-20T13:00:00Z,-0.0358,1
2011-09-20T14:00:00Z,0.4042,1
2011-09-20T15:00:00Z,0.8042,1
2011-09-20T16:00:00Z,0.9742,1
2011-09-20T17:00:00Z,0.9742,1
2011-09-20T18:00:00Z,0.7042,1
2011-09-20T19:00:00Z,0.2242,1
2011-09-20T20:00:00Z,-0.3358,1
2011-09-20T21:00:00Z,-0.7658,1
2011-09-20T22:00:00Z,-0.9958,1
2011-09-20T23:00:00Z,-0.9058,1
2011-09-21T00:00:00Z,-0.6558,1
2011-09-21T01:00:00Z,-0.2958,1
2011-09-21T02:00:00Z,0.1042,1
2011-09-21T03:00:00Z,0.4842,1
2011-09-21T04:00:00Z,0.7542,1
2011-09-21T05:00:00Z,0.8742,1
2011-09-21T06:00:00Z,0.7542,1
2011-09-21T07:00:00Z,0.3942,1
2011-09-21T08:00:00Z,-0.0758,1
2011-09-21T09:00:00Z,-0.5258,1
2011-09-21T10:00:00Z,-0.7758,1
2011-09-21T11:00:00Z,-0.7958,1
2011-09-21T12:00:00Z,-0.5858,1
2011-09-21T13:00:00Z,-0.1658,1
2011-09-21T14:00:00Z,0.2742,1
2011-09-21T15:00:00Z,0.6442,1
2011-09-21T16:00:00Z,0.9742,1
2011-09-21T17:00:00Z,1.1342,1
2011-09-21T18:00:00Z,1.1342,1
2011-09-21T19:00:00Z,0.8942,1
2011-09-21T20:00:00Z,0.4842,1
2011-09-21T21:00:00Z,-0.0558,1
2011-09-21T22:00:00Z,-0.5358,1
2011-09-21T23:00:00Z,-0.8858,1
2011-09-22T00:00:00Z,-0.9558,1
2011-09-22T01:00:00Z,-0.7958,1
2011-09-22T02:00:00Z,-0.5058,1
2011-09-22T03:00:00Z,-0.1458,1
2011-09-22T04:00:00Z,0.2342,1
2011-09-22T05:00:00Z,0.5442,1
2011-09-22T06:00:00Z,0.7242,1
2011-09-22T07:00:00Z,0.6842,1
2011-09-22T08:00:00Z,0.4642,1
2011-09-22T09:00:00Z,0.0842,1
2011-09-22T10:00:00Z,-0.3358,1
2011-09-22T11:00:00Z,-0.6758,1
2011-09-22T12:00:00Z,-0.8358,1
2011-09-22T13:00:00Z,-0.7858,1
2011-09-22T14:00:00Z,-0.5658,1
2011-09-22T15:00:00Z,-0.2458,1
2011-09-22T16:00:00Z,0.1242,1
2011-09-22T17:00:00Z,0.5342,1
2011-09-22T18:00:00Z,0.8542,1
2011-09-22T19:00:00Z,0.9842,1
2011-09-22T20:00:00Z,0.8742,1
2011-09-22T21:00:00Z,0.5142,1
2011-09-22T22:00:00Z,-0.0058,1
2011-09-22T23:00:00Z,-0.5358,1
2011-09-23T00:00:00Z,-0.9258,1
2011-09-23T01:00:00Z,-1.0958,1
2011-09-23T02:00:00Z,-0.9858,1
2011-09-23T03:00:00Z,-0.6958,1
2011-09-23T04:00:00Z,-0.2758,1
2011-09-23T05:00:00Z,0.1842,1
2011-09-23T06:00:00Z,0.6042,1
2011-09-23T07:00:00Z,0.8942,1
2011-09-23T08:00:00Z,0.9642,1
2011-09-23T09:00:00Z,0.7742,1
2011-09-23T10:00:00Z,0.3542,1
2011-09-23T11:00:00Z,-0.1558,1
2011-09-23T12:00:00Z,-0.6058,1
2011-09-23T13:00:00Z,-0.8858,1
2011-09-23T14:00:00Z,-0.9158,1
2011-09-23T15:00:00Z,-0.7058,1
2011-09-23T16:00:00Z,-0.3158,1
2011-09-23T17:00:00Z,0.1942,1
2011-09-23T18:00:00Z,0.6742,1
2011-09-23T19:00:00Z,1.0842,1
2011-09-23T20:00:00Z,1.2942,1
2011-09-23T21:00:00Z,1.1942,1
2011-09-23T22:00:00Z,0.7742,1
2011-09-23T23:00:00Z,0.1442,1
2011-09-24T00:00:00Z,-0.5158,1
2011-09-24T01:00:00Z,-1.0558,1
2011-09-24T02:00:00Z,-1.3058,1
2011-09-24T03:00:00Z,-1.2158,1
2011-09-24T04:00:00Z,-0.8258,1
2011-09-24T05:00:00Z,-0.2558,1
2011-09-24T06:00:00Z,0.3242,1
2011-09-24T07:00:00Z,0.8342,1
2011-09-24T08:00:00Z,1.1942,1
2011-09-24T09:00:00Z,1.2642,1
2011-09-24T10:00:00Z,1.0442,1
2011-09-24T11:00:00Z,0.5142,1
2011-09-24T12:00:00Z,-0.1658,1
2011-09-24T13:00:00Z,-0.7858,1
2011-09-24T14:00:00Z,-1.1558,1
2011-09-24T15:00:00Z,-1.1858,1
2011-09-24T16:00:00Z,-0.8358,1
2011-09-24T17:00:00Z,-0.3358,1
2011-09-24T18:00:00Z,0.2642,1
2011-09-24T19:00:00Z,0.8342,1
2011-09-24T20:00:00Z,1.2742,1
2011-09-24T21:00:00Z,1.4342,1
2011-09-24T22:00:00Z,1.2742,1
2011-09-24T23:00:00Z,0.7242,1
2011-09-25T00:00:00Z,-0.0758,1
2011-09-25T01:00:00Z,-0.9058,1
2011-09-25T02:00:00Z,-1.4957,1
2011-09-25T03:00:00Z,-1.6857,1
2011-09-25T04:00:00Z,-1.4657,1
2011-09-25T05:00:00Z,-0.9357,1
2011-09-25T06:00:00Z,-0.2157,1
2011-09-25T07:00:00Z,0.5043,1
2011-09-25T08:00:00Z,1.0943,1
2011-09-25T09:00:00Z,1.4243,1
2011-09-25T10:00:00Z,1.4143,1
2011-09-25T11:00:00Z,1.0543,1
2011-09-25T13:00:00Z,-0.4557,1
2011-09-25T14:00:00Z,-1.1057,1
2011-09-25T15:00:00Z,-1.4057,1
2011-09-25T16:00:00Z,-1.2857,1
2011-09-25T17:00:00Z,-0.7857,1
2011-09-25T18:00:00Z,-0.0557,1
2011-09-25T19:00:00Z,0.7043,1
2011-09-25T20:00:00Z,1.3543,1
2011-09-25T21:00:00Z,1.7843,1
2011-09-25T22:00:00Z,1.8643,1
2011-09-25T23:00:00Z,1.5043,1
2011-09-26T00:00:00Z,0.7843,1
2011-09-26T01:00:00Z,-0.2357,1
2011-09-26T02:00:00Z,-1.1757,1
2011-09-26T03:00:00Z,-1.8057,1
2011-09-26T04:00:00Z,-1.9057,1
2011-09-26T05:00:00Z,-1.5057,1
2011-09-26T06:00:00Z,-0.7757,1
2011-09-26T07:00:00Z,0.0543,1
2011-09-26T08:00:00Z,0.7943,1
2011-09-26T09:00:00Z,1.3443,1
2011-09-26T10:00:00Z,1.6043,1
2011-09-26T12:00:00Z,0.8543,1
2011-09-26T13:00:00Z,-0.0957,1
2011-09-26T14:00:00Z,-1.0657,1
2011-09-26T15:00:00Z,-1.7257,1
2011-09-26T16:00:00Z,-1.8757,1
2011-09-26T17:00:00Z,-1.5657,1
2011-09-26T18:00:00Z,-0.8657,1
2011-09-26T19:00:00Z,0.0143,1
2011-09-26T20:00:00Z,0.8143,1
2011-09-26T21:00:00Z,1.4943,1
2011-09-26T22:00:00Z,1.8443,1
2011-09-26T23:00:00Z,1.7843,1
2011-09-27T00:00:00Z,1.2643,1
2011-09-27T01:00:00Z,0.2943,1
2011-09-27T02:00:00Z,-0.8857,1
2011-09-27T03:00:00Z,-1.8457,1
2011-09-27T04:00:00Z,-2.3157,1
2011-09-27T05:00:00Z,-2.1657,1
2011-09-27T06:00:00Z,-1.5257,1
2011-09-27T07:00:00Z,-0.5957,1
2011-09-27T08:00:00Z,0.3443,1
2011-09-27T09:00:00Z,1.0843,1
2011-09-27T10:00:00Z,1.6043,1
2011-09-27T11:00:00Z,1.7643,1
2011-09-27T12:00:00Z,1.4343,1
2011-09-27T13:00:00Z,0.6743,1
2011-09-27T14:00:00Z,-0.4257,1
2011-09-27T15:00:00Z,-1.4457,1
2011-09-27T16:00:00Z,-2.0157,1
2011-09-27T17:00:00Z,-2.0257,1
2011-09-27T18:00:00Z,-1.4857,1
2011-09-27T19:00:00Z,-0.5957,1
2011-09-27T20:00:00Z,0.3643,1
2011-09-27T21:00:00Z,1.2043,1
2011-09-27T22:00:00Z,1.7743,1
2011-09-27T23:00:00Z,2.0243,1
2011-09-28T00:00:00Z,1.7843,1
2011-09-28T01:00:00Z,1.1043,1
2011-09-28T02:00:00Z,-0.0557,1
2011-09-28T03:00:00Z,-1.2457,1
2011-09-28T04:00:00Z,-2.1357,1
2011-09-28T05:00:00Z,-2.4457,1
2011-09-28T06:00:00Z,-2.1357,1
2011-09-28T07:00:00Z,-1.3257,1
2011-09-28T08:00:00Z,-0.2857,1
2011-09-28T09:00:00Z,0.6743,1
2011-09-28T10:00:00Z,1.3843,1
2011-09-28T11:00:00Z,1.8243,1
2011-09-28T12:00:00Z,1.8043,1
2011-09-28T13:00:00Z,1.3343,1
2011-09-28T14:00:00Z,0.3643,1
2011-09-28T15:00:00Z,-0.8057,1
2011-09-28T16:00:00Z,-1.7757,1
2011-09-28T17:00:00Z,-2.1657,1
2011-09-28T18:00:00Z,-1.9657,1
2011-09-28T19:00:00Z,-1.2457,1
2011-09-28T20:00:00Z,-0.2357,1
2011-09-28T21:00:00Z,0.7343,1
2011-09-28T22:00:00Z,1.5043,1
2011-09-28T23:00:00Z,2.0243,1
2011-09-29T00:00:00Z,2.1643,1
2011-09-29T01:00:00Z,1.8043,1
2011-09-29T02:00:00Z,0.9543,1
2011-09-29T03:00:00Z,-0.3057,1
2011-09-29T04:00:00Z,-1.5057,1
2011-09-29T05:00:00Z,-2.2757,1
2011-09-29T06:00:00Z,-2.4257,1
2011-09-29T07:00:00Z,-1.9457,1
2011-09-29T08:00:00Z,-1.0157,1
2011-09-29T09:00:00Z,0.0543,1
2011-09-29T10:00:00Z,0.9143,1
2011-09-29T11:00:00Z,1.5743,1
2011-09-29T12:00:00Z,1.8943,1
2011-09-29T13:00:00Z,1.7243,1
2011-09-29T14:00:00Z,1.0843,1
2011-09-29T15:00:00Z,-0.0157,1
2011-09-29T16:00:00Z,-1.1857,1
2011-09-29T17:00:00Z,-2.0357,1
2011-09-29T18:00:00Z,-2.2657,1
2011-09-29T19:00:00Z,-1.9457,1
2011-09-29T20:00:00Z,-1.1257,1
2011-09-29T21:00:00Z,-0.0857,1
2011-09-29T22:00:00Z,0.8143,1
2011-09-29T23:00:00Z,1.5343,1
2011-09-30T00:00:00Z,1.9743,1
2011-09-30T01:00:00Z,2.0143,1
2011-09-30T02:00:00Z,1.5643,1
2011-09-30T03:00:00Z,0.6043,1
2011-09-30T04:00:00Z,-0.6057,1
2011-09-30T05:00:00Z,-1.6857,1
2011-09-30T06:00:00Z,-2.2357,1
2011-09-30T07:00:00Z,-2.1857,1
2011-09-30T08:00:00Z,-1.5857,1
2011-09-30T09:00:00Z,-0.6257,1
2011-09-30T10:00:00Z,0.3543,1
2011-09-30T11:00:00Z,1.1543,1
2011-09-30T12:00:00Z,1.7143,1
2011-09-30T13:00:00Z,1.9643,1
2011-09-30T14:00:00Z,1.6743,1
2011-09-30T15:00:00Z,0.9643,1
2011-09-30T16:00:00Z,-0.1457,1
2011-09-30T17:00:00Z,-1.2357,1
2011-09-30T18:00:00Z,-2.0057,1
2011-09-30T19:00:00Z,-2.0757,1
2011-09-30T20:00:00Z,-1.7257,1
2011-09-30T21:00:00Z,-0.8557,1
2011-09-30T22:00:00Z,0.0643,1
2011-09-30T23:00:00Z,0.8543,1
2011-10-01T00:00:00Z,1.4643,1
2011-10-01T01:00:00Z,1.8743,1
2011-10-01T02:00:00Z,1.8343,1
2011-10-01T03:00:00Z,1.3243,1
2011-10-01T04:00:00Z,0.3443,1
2011-10-01T05:00:00Z,-0.7857,1
2011-10-01T06:00:00Z,-1.6957,1
2011-10-01T07:00:00Z,-2.1457,1
2011-10-01T08:00:00Z,-2.0157,1
2011-10-01T09:00:00Z,-1.3657,1
2011-10-01T10:00:00Z,-0.4957,1
2011-10-01T11:00:00Z,0.4043,1
2011-10-01T12:00:00Z,1.1143,1
2011-10-01T13:00:00Z,1.5443,1
2011-10-01T14:00:00Z,1.7243,1
2011-10-01T15:00:00Z,1.3843,1
2011-10-01T16:00:00Z,0.6343,1
2011-10-01T17:00:00Z,-0.4057,1
2011-10-01T18:00:00Z,-1.3857,1
2011-10-01T19:00:00Z,-1.9657,1
2011-10-01T20:00:00Z,-2.0157,1
2011-10-01T21:00:00Z,-1.5657,1
2011-10-01T22:00:00Z,-0.8057,1
2011-10-01T23:00:00Z,0.0143,1
2011-10-02T00:00:00Z,0.7443,1
2011-10-02T01:00:00Z,1.3243,1
2011-10-02T02:00:00Z,1.6743,1
2011-10-02T03:00:00Z,1.5843,1
2011-10-02T04:00:00Z,1.1043,1
2011-10-02T05:00:00Z,0.2243,1
2011-10-02T06:00:00Z,-0.7457,1
2011-10-02T07:00:00Z,-1.5057,1
2011-10-02T08:00:00Z,-1.7957,1
2011-10-02T09:00:00Z,-1.6157,1
2011-10-02T10:00:00Z,-1.0557,1
2011-10-02T11:00:00Z,-0.2757,1
2011-10-02T12:00:00Z,0.4543,1
2011-10-02T13:00:00Z,1.0743,1
2011-10-02T14:00:00Z,1.4943,1
2011-10-02T15:00:00Z,1.5943,1
2011-10-02T16:00:00Z,1.2443,1
2011-10-02T17:00:00Z,0.5543,1
2011-10-02T18:00:00Z,-0.3957,1
2011-10-02T19:00:00Z,-1.2257,1
2011-10-02T20:00:00Z,-1.6757,1
2011-10-02T21:00:00Z,-1.7257,1
2011-10-02T22:00:00Z,-1.3157,1
2011-10-02T23:00:00Z,-0.6957,1
2011-10-03T00:00:00Z,0.0043,1
2011-10-03T01:00:00Z,0.6143,1
2011-10-03T02:00:00Z,1.1343,1
2011-10-03T03:00:00Z,1.4543,1
2011-10-03T04:00:00Z,1.4043,1
2011-10-03T05:00:00Z,0.9843,1
2011-10-03T06:00:00Z,0.2543,1
2011-10-03T07:00:00Z,-0.5657,1
2011-10-03T08:00:00Z,-1.1557,1
2011-10-03T09:00:00Z,-1.3757,1
2011-10-03T10:00:00Z,-1.1757,1
2011-10-03T11:00:00Z,-0.6557,1
2011-10-03T12:00:00Z,-0.0157,1
2011-10-03T13:00:00Z,0.6443,1
2011-10-03T14:00:00Z,1.1943,1
2011-10-03T15:00:00Z,1.5743,1
2011-10-03T16:00:00Z,1.6843,1
2011-10-03T17:00:00Z,1.4343,1
2011-10-03T18:00:00Z,0.7843,1
2011-10-03T19:00:00Z,-0.0157,1
2011-10-03T20:00:00Z,-0.8057,1
2011-10-03T21:00:00Z,-1.2757,1
2011-10-03T22:00:00Z,-1.3957,1
2011-10-03T23:00:00Z,-1.1357,1
2011-10-04T00:00:00Z,-0.7156,1
2011-10-04T01:00:00Z,-0.2056,1
2011-10-04T02:00:00Z,0.2844,1
2011-10-04T03:00:00Z,0.7344,1
2011-10-04T04:00:00Z,1.0144,1
2011-10-04T05:00:00Z,1.0744,1
2011-10-04T06:00:00Z,0.7744,1
2011-10-04T07:00:00Z,0.2544,1
2011-10-04T08:00:00Z,-0.3656,1
2011-10-04T09:00:00Z,-0.8656,1
2011-10-04T10:00:00Z,-1.0956,1
2011-10-04T11:00:00Z,-0.9656,1
2011-10-04T12:00:00Z,-0.5956,1
2011-10-04T13:00:00Z,-0.0756,1
2011-10-04T14:00:00Z,0.4344,1
2011-10-04T15:00:00Z,0.8744,1
2011-10-04T16:00:00Z,1.2244,1
2011-10-04T18:00:00Z,1.1344,1
2011-10-04T19:00:00Z,0.6544,1
2011-10-04T20:00:00Z,-0.0056,1
2011-10-04T21:00:00Z,-0.6656,1
2011-10-04T22:00:00Z,-1.0956,1
2011-10-04T23:00:00Z,-1.2356,1
2011-10-05T00:00:00Z,-1.1056,1
2011-10-05T01:00:00Z,-0.7456,1
2011-10-05T02:00:00Z,-0.3256,1
2011-10-05T03:00:00Z,0.1644,1
2011-10-05T04:00:00Z,0.6444,1
2011-10-05T05:00:00Z,0.9844,1
2011-10-05T06:00:00Z,1.1044,1
2011-10-05T07:00:00Z,0.9544,1
2011-10-05T08:00:00Z,0.5344,1
2011-10-05T09:00:00Z,0.0144,1
2011-10-05T10:00:00Z,-0.4756,1
2011-10-05T11:00:00Z,-0.7456,1
2011-10-05T12:00:00Z,-0.7456,1
2011-10-05T13:00:00Z,-0.4656,1
2011-10-05T14:00:00Z,-0.0456,1
2011-10-05T15:00:00Z,0.4244,1
2011-10-05T16:00:00Z,0.9144,1
2011-10-05T17:00:00Z,1.2644,1
2011-10-05T18:00:00Z,1.4744,1
2011-10-05T19:00:00Z,1.3644,1
2011-10-05T20:00:00Z,0.9844,1
2011-10-05T21:00:00Z,0.4044,1
2011-10-05T22:00:00Z,-0.2656,1
2011-10-05T23:00:00Z,-0.8356,1
2011-10-06T00:00:00Z,-1.1256,1
2011-10-06T01:00:00Z,-1.1556,1
2011-10-06T02:00:00Z,-0.9256,1
2011-10-06T03:00:00Z,-0.5756,1
2011-10-06T04:00:00Z,-0.1456,1
2011-10-06T05:00:00Z,0.3444,1
2011-10-06T06:00:00Z,0.7544,1
2011-10-06T07:00:00Z,1.0044,1
2011-10-06T08:00:00Z,1.0044,1
2011-10-06T09:00:00Z,0.6444,1
2011-10-06T10:00:00Z,0.1444,1
2011-10-06T11:00:00Z,-0.3556,1
2011-10-06T12:00:00Z,-0.7056,1
2011-10-06T13:00:00Z,-0.7856,1
2011-10-06T14:00:00Z,-0.6356,1
2011-10-06T15:00:00Z,-0.2556,1
2011-10-06T16:00:00Z,0.2744,1
2011-10-06T17:00:00Z,0.7144,1
2011-10-06T18:00:00Z,1.0744,1
2011-10-06T19:00:00Z,1.2944,1
2011-10-06T20:00:00Z,1.2544,1
2011-10-06T21:00:00Z,0.9144,1
2011-10-06T22:00:00Z,0.3744,1
2011-10-06T23:00:00Z,-0.3056,1
2011-10-07T00:00:00Z,-0.9056,1
2011-10-07T01:00:00Z,-1.2856,1
2011-10-07T02:00:00Z,-1.3856,1
2011-10-07T03:00:00Z,-1.1956,1
2011-10-07T04:00:00Z,-0.8556,1
2011-10-07T05:00:00Z,-0.3756,1
2011-10-07T06:00:00Z,0.0844,1
2011-10-07T07:00:00Z,0.5044,1
2011-10-07T08:00:00Z,0.7744,1
2011-10-07T09:00:00Z,0.7744,1
2011-10-07T10:00:00Z,0.4544,1
2011-10-07T11:00:00Z,-0.0656,1
2011-10-07T12:00:00Z,-0.6156,1
2011-10-07T13:00:00Z,-1.1056,1
2011-10-07T14:00:00Z,-1.2356,1
2011-10-07T15:00:00Z,-1.1256,1
2011-10-07T16:00:00Z,-0.7056,1
2011-10-07T17:00:00Z,-0.1856,1
2011-10-07T18:00:00Z,0.3244,1
2011-10-07T19:00:00Z,0.7544,1
2011-10-07T20:00:00Z,1.0344,1
2011-10-07T21:00:00Z,1.0944,1
2011-10-07T22:00:00Z,0.8544,1
2011-10-07T23:00:00Z,0.2644,1
2011-10-08T00:00:00Z,-0.4456,1
2011-10-08T01:00:00Z,-1.1056,1
2011-10-08T02:00:00Z,-1.4956,1
2011-10-08T03:00:00Z,-1.5756,1
2011-10-08T04:00:00Z,-1.3056,1
2011-10-08T05:00:00Z,-0.8556,1
2011-10-08T06:00:00Z,-0.2856,1
2011-10-08T07:00:00Z,0.2844,1
2011-10-08T08:00:00Z,0.7544,1
2011-10-08T09:00:00Z,1.0244,1
2011-10-08T10:00:00Z,0.9544,1
2011-10-08T11:00:00Z,0.5744,1
2011-10-08T12:00:00Z,-0.0256,1
2011-10-08T13:00:00Z,-0.6856,1
2011-10-08T14:00:00Z,-1.1656,1
2011-10-08T15:00:00Z,-1.3256,1
2011-10-08T16:00:00Z,-1.1056,1
2011-10-08T17:00:00Z,-0.5856,1
2011-10-08T18:00:00Z,0.0144,1
2011-10-08T19:00:00Z,0.6144,1
2011-10-08T20:00:00Z,1.0844,1
2011-10-08T21:00:00Z,1.3644,1
2011-10-08T22:00:00Z,1.2844,1
2011-10-08T23:00:00Z,0.9344,1
2011-10-09T00:00:00Z,0.2344,1
2011-10-09T01:00:00Z,-0.5556,1
2011-10-09T02:00:00Z,-1.2056,1
2011-10-09T03:00:00Z,-1.5656,1
2011-10-09T04:00:00Z,-1.5456,1
2011-10-09T05:00:00Z,-1.1556,1
2011-10-09T06:00:00Z,-0.5656,1
2011-10-09T07:00:00Z,0.0844,1
2011-10-09T08:00:00Z,0.6644,1
2011-10-09T09:00:00Z,1.1444,1
2011-10-09T11:00:00Z,1.0844,1
2011-10-09T12:00:00Z,0.5544,1
2011-10-09T13:00:00Z,-0.2056,1
2011-10-09T14:00:00Z,-0.8956,1
2011-10-09T15:00:00Z,-1.3056,1
2011-10-09T16:00:00Z,-1.3356,1
2011-10-09T17:00:00Z,-0.9756,1
2011-10-09T18:00:00Z,-0.3356,1
2011-10-09T19:00:00Z,0.3344,1
2011-10-09T20:00:00Z,0.9244,1
2011-10-09T21:00:00Z,1.3344,1
2011-10-09T22:00:00Z,1.5144,1
2011-10-09T23:00:00Z,1.3044,1
2011-10-10T00:00:00Z,0.7244,1
2011-10-10T01:00:00Z,-0.0956,1
2011-10-10T02:00:00Z,-0.9456,1
2011-10-10T03:00:00Z,-1.5356,1
2011-10-10T04:00:00Z,-1.7156,1
2011-10-10T05:00:00Z,-1.4756,1
2011-10-10T06:00:00Z,-0.8856,1
2011-10-10T07:00:00Z,-0.2156,1
2011-10-10T08:00:00Z,0.4844,1
2011-10-10T09:00:00Z,1.0444,1
2011-10-10T10:00:00Z,1.4044,1
2011-10-10T11:00:00Z,1.3944,1
2011-10-10T12:00:00Z,0.9944,1
2011-10-10T13:00:00Z,0.2544,1
2011-10-10T14:00:00Z,-0.5556,1
2011-10-10T15:00:00Z,-1.2056,1
2011-10-10T16:00:00Z,-1.5156,1
2011-10-10T17:00:00Z,-1.3556,1
2011-10-10T18:00:00Z,-0.8056,1
2011-10-10T19:00:00Z,-0.0956,1
2011-10-10T20:00:00Z,0.6044,1
2011-10-10T21:00:00Z,1.1844,1
2011-10-10T22:00:00Z,1.5144,1
2011-10-10T23:00:00Z,1.5544,1
2011-10-11T00:00:00Z,1.1744,1
2011-10-11T01:00:00Z,0.4444,1
2011-10-11T02:00:00Z,-0.4156,1
2011-10-11T03:00:00Z,-1.2356,1
2011-10-11T04:00:00Z,-1.6356,1
2011-10-11T05:00:00Z,-1.6456,1
2011-10-11T06:00:00Z,-1.2156,1
2011-10-11T07:00:00Z,-0.5356,1
2011-10-11T08:00:00Z,0.1844,1
2011-10-11T09:00:00Z,0.8244,1
2011-10-11T10:00:00Z,1.3044,1
2011-10-11T11:00:00Z,1.4944,1
2011-10-11T12:00:00Z,1.2344,1
2011-10-11T13:00:00Z,0.6144,1
2011-10-11T14:00:00Z,-0.2456,1
2011-10-11T15:00:00Z,-1.0656,1
2011-10-11T16:00:00Z,-1.6256,1
2011-10-11T17:00:00Z,-1.6956,1
2011-10-11T18:00:00Z,-1.2956,1
2011-10-11T19:00:00Z,-0.5956,1
2011-10-11T20:00:00Z,0.1744,1
2011-10-11T21:00:00Z,0.8544,1
2011-10-11T22:00:00Z,1.3544,1
2011-10-11T23:00:00Z,1.5844,1
2011-10-12T00:00:00Z,1.4044,1
2011-10-12T01:00:00Z,0.8444,1
2011-10-12T02:00:00Z,-0.0256,1
2011-10-12T03:00:00Z,-0.9856,1
2011-10-12T04:00:00Z,-1.6356,1
2011-10-12T05:00:00Z,-1.8656,1
2011-10-12T06:00:00Z,-1.6056,1
2011-10-12T07:00:00Z,-0.9556,1
2011-10-12T08:00:00Z,-0.1856,1
2011-10-12T09:00:00Z,0.5444,1
2011-10-12T10:00:00Z,1.1244,1
2011-10-12T11:00:00Z,1.4844,1
2011-10-12T12:00:00Z,1.5044,1
2011-10-12T13:00:00Z,1.0544,1
2011-10-12T14:00:00Z,0.2644,1
2011-10-12T15:00:00Z,-0.6556,1
2011-10-12T16:00:00Z,-1.4156,1
2011-10-12T17:00:00Z,-1.7456,1
2011-10-12T18:00:00Z,-1.6356,1
2011-10-12T19:00:00Z,-1.0756,1
2011-10-12T20:00:00Z,-0.2856,1
2011-10-12T21:00:00Z,0.4444,1
2011-10-12T22:00:00Z,1.0645,1
2011-10-12T23:00:00Z,1.4445,1
2011-10-13T00:00:00Z,1.4745,1
2011-10-13T01:00:00Z,1.1145,1
2011-10-13T02:00:00Z,0.3645,1
2011-10-13T03:00:00Z,-0.5655,1
2011-10-13T04:00:00Z,-1.3955,1
2011-10-13T05:00:00Z,-1.8655,1
2011-10-13T06:00:00Z,-1.8055,1
2011-10-13T07:00:00Z,-1.3555,1
2011-10-13T08:00:00Z,-0.6455,1
2011-10-13T09:00:00Z,0.1245,1
2011-10-13T10:00:00Z,0.7645,1
2011-10-13T11:00:00Z,1.2345,1
2011-10-13T12:00:00Z,1.4245,1
2011-10-13T13:00:00Z,1.1645,1
2011-10-13T14:00:00Z,0.5745,1
2011-10-13T15:00:00Z,-0.3255,1
2011-10-13T16:00:00Z,-1.1955,1
2011-10-13T17:00:00Z,-1.7555,1
2011-10-13T18:00:00Z,-1.8355,1
2011-10-13T19:00:00Z,-1.4655,1
2011-10-13T20:00:00Z,-0.7555,1
2011-10-13T21:00:00Z,0.0545,1
2011-10-13T22:00:00Z,0.7445,1
2011-10-13T23:00:00Z,1.2745,1
2011-10-14T00:00:00Z,1.5045,1
2011-10-14T01:00:00Z,1.3445,1
2011-10-14T02:00:00Z,0.8045,1
2011-10-14T03:00:00Z,-0.0555,1
2011-10-14T04:00:00Z,-0.9555,1
2011-10-14T05:00:00Z,-1.6055,1
2011-10-14T06:00:00Z,-1.8055,1
2011-10-14T07:00:00Z,-1.5555,1
2011-10-14T08:00:00Z,-0.9655,1
2011-10-14T09:00:00Z,-0.1855,1
2011-10-14T10:00:00Z,0.5145,1
2011-10-14T11:00:00Z,1.0645,1
2011-10-14T12:00:00Z,1.4045,1
2011-10-14T13:00:00Z,1.3645,1
2011-10-14T14:00:00Z,0.9445,1
2011-10-14T15:00:00Z,0.1645,1
2011-10-14T16:00:00Z,-0.7255,1
2011-10-14T17:00:00Z,-1.4455,1
2011-10-14T18:00:00Z,-1.7755,1
2011-10-14T19:00:00Z,-1.6555,1
2011-10-14T20:00:00Z,-1.1255,1
2011-10-14T21:00:00Z,-0.3555,1
2011-10-14T22:00:00Z,0.4045,1
2011-10-14T23:00:00Z,1.0045,1
2011-10-15T00:00:00Z,1.3945,1
2011-10-15T01:00:00Z,1.4445,1
2011-10-15T02:00:00Z,1.1145,1
2011-10-15T03:00:00Z,0.4345,1
2011-10-15T04:00:00Z,-0.4255,1
2011-10-15T05:00:00Z,-1.2055,1
2011-10-15T06:00:00Z,-1.6155,1
2011-10-15T07:00:00Z,-1.5855,1
2011-10-15T08:00:00Z,-1.1455,1
2011-10-15T09:00:00Z,-0.4555,1
2011-10-15T10:00:00Z,0.2845,1
2011-10-15T11:00:00Z,0.8945,1
2011-10-15T12:00:00Z,1.3345,1
2011-10-15T13:00:00Z,1.4945,1
2011-10-15T14:00:00Z,1.2645,1
2011-10-15T15:00:00Z,0.6945,1
2011-10-15T16:00:00Z,-0.1355,1
2011-10-15T17:00:00Z,-0.9755,1
2011-10-15T18:00:00Z,-1.5155,1
2011-10-15T19:00:00Z,-1.6355,1
2011-10-15T20:00:00Z,-1.3455,1
2011-10-15T21:00:00Z,-0.7255,1
2011-10-15T22:00:00Z,0.0145,1
2011-10-15T23:00:00Z,0.6645,1
2011-10-16T00:00:00Z,1.1845,1
2011-10-16T01:00:00Z,1.4345,1
2011-10-16T02:00:00Z,1.3245,1
2011-10-16T03:00:00Z,0.8445,1
2011-10-16T04:00:00Z,0.0845,1
2011-10-16T05:00:00Z,-0.7255,1
2011-10-16T06:00:00Z,-1.3355,1
2011-10-16T07:00:00Z,-1.5255,1
2011-10-16T08:00:00Z,-1.3355,1
2011-10-16T09:00:00Z,-0.8055,1
2011-10-16T10:00:00Z,-0.1255,1
2011-10-16T11:00:00Z,0.5145,1
2011-10-16T12:00:00Z,1.0345,1
2011-10-16T13:00:00Z,1.3745,1
2011-10-16T14:00:00Z,1.3745,1
2011-10-16T16:00:00Z,0.3545,1
2011-10-16T17:00:00Z,-0.4155,1
2011-10-16T18:00:00Z,-1.1355,1
2011-10-16T19:00:00Z,-1.4855,1
2011-10-16T20:00:00Z,-1.4455,1
2011-10-16T21:00:00Z,-1.0155,1
2011-10-16T22:00:00Z,-0.3755,1
2011-10-16T23:00:00Z,0.2845,1
2011-10-17T00:00:00Z,0.8545,1
2011-10-17T01:00:00Z,1.2345,1
2011-10-17T02:00:00Z,1.3445,1
2011-10-17T03:00:00Z,1.1145,1
2011-10-17T04:00:00Z,0.5845,1
2011-10-17T05:00:00Z,-0.1255,1
2011-10-17T06:00:00Z,-0.8155,1
2011-10-17T07:00:00Z,-1.2055,1
2011-10-17T08:00:00Z,-1.1955,1
2011-10-17T09:00:00Z,-0.8455,1
2011-10-17T10:00:00Z,-0.2155,1
2011-10-17T11:00:00Z,0.4145,1
2011-10-17T12:00:00Z,0.9545,1
2011-10-17T13:00:00Z,1.3245,1
2011-10-17T14:00:00Z,1.4645,1
2011-10-17T15:00:00Z,1.5945,1
2011-10-17T16:00:00Z,1.0445,1
2011-10-17T17:00:00Z,0.3845,1
2011-10-17T18:00:00Z,-0.2855,1
2011-10-17T19:00:00Z,-0.7655,1
2011-10-17T20:00:00Z,-0.9655,1
2011-10-17T21:00:00Z,-1.0755,1
2011-10-17T22:00:00Z,-0.5755,1
2011-10-17T23:00:00Z,-0.0455,1
2011-10-18T00:00:00Z,0.5545,1
2011-10-18T01:00:00Z,0.8845,1
2011-10-18T02:00:00Z,1.1445,1
2011-10-18T03:00:00Z,1.0845,1
2011-10-18T04:00:00Z,0.7645,1
2011-10-18T05:00:00Z,0.1845,1
2011-10-18T06:00:00Z,-0.4355,1
2011-10-18T07:00:00Z,-0.9755,1
2011-10-18T08:00:00Z,-1.1655,1
2011-10-18T09:00:00Z,-1.1255,1
2011-10-18T10:00:00Z,-0.6755,1
2011-10-18T11:00:00Z,-0.0855,1
2011-10-18T12:00:00Z,0.4845,1
2011-10-18T13:00:00Z,0.9645,1
2011-10-19T13:00:00Z,0.1945,1
2011-10-19T14:00:00Z,0.6045,1
2011-10-19T15:00:00Z,0.9345,1
2011-10-19T16:00:00Z,1.0245,1
2011-10-19T17:00:00Z,0.8845,1
2011-10-19T18:00:00Z,0.4545,1
2011-10-19T19:00:00Z,-0.1355,1
2011-10-19T20:00:00Z,-0.7155,1
2011-10-19T21:00:00Z,-1.1355,1
2011-10-19T22:00:00Z,-1.2655,1
2011-10-19T23:00:00Z,-1.0955,1
2011-10-20T00:00:00Z,-0.7355,1
2011-10-20T01:00:00Z,-0.2855,1
2011-10-20T02:00:00Z,0.1245,1
2011-10-20T03:00:00Z,0.5145,1
2011-10-20T04:00:00Z,0.7545,1
2011-10-20T05:00:00Z,0.7745,1
2011-10-20T06:00:00Z,0.5445,1
2011-10-20T07:00:00Z,0.0845,1
2011-10-20T08:00:00Z,-0.4055,1
2011-10-20T09:00:00Z,-0.8355,1
2011-10-20T10:00:00Z,-1.0255,1
2011-10-20T11:00:00Z,-0.9455,1
2011-10-20T12:00:00Z,-0.6555,1
2011-10-20T13:00:00Z,-0.2055,1
2011-10-20T14:00:00Z,0.2245,1
2011-10-20T15:00:00Z,0.6245,1
2011-10-20T16:00:00Z,0.9245,1
2011-10-20T17:00:00Z,1.0645,1
2011-10-20T18:00:00Z,0.9545,1
2011-10-20T19:00:00Z,0.5645,1
2011-10-20T20:00:00Z,0.0445,1
2011-10-20T21:00:00Z,-0.5055,1
2011-10-20T22:00:00Z,-0.9155,1
2011-10-20T23:00:00Z,-1.0855,1
2011-10-21T00:00:00Z,-1.0055,1
2011-10-21T01:00:00Z,-0.7055,1
2011-10-21T02:00:00Z,-0.2955,1
2011-10-21T03:00:00Z,0.1645,1
2011-10-21T04:00:00Z,0.6145,1
2011-10-21T05:00:00Z,0.9245,1
2011-10-21T06:00:00Z,0.9945,1
2011-10-21T07:00:00Z,0.8345,1
2011-10-21T08:00:00Z,0.4145,1
2011-10-21T09:00:00Z,-0.0655,1
2011-10-21T10:00:00Z,-0.5055,1
2011-10-21T11:00:00Z,-0.7455,1
2011-10-21T12:00:00Z,-0.7655,1
2011-10-21T13:00:00Z,-0.5355,1
2011-10-21T14:00:00Z,-0.1855,1
2011-10-21T15:00:00Z,0.2245,1
2011-10-21T16:00:00Z,0.6145,1
2011-10-21T17:00:00Z,0.9745,1
2011-10-21T18:00:00Z,1.1945,1
2011-10-21T19:00:00Z,1.1045,1
2011-10-21T20:00:00Z,0.7546,1
2011-10-21T21:00:00Z,0.1946,1
2011-10-21T22:00:00Z,-0.4054,1
2011-10-21T23:00:00Z,-0.9354,1
2011-10-22T00:00:00Z,-1.2154,1
2011-10-22T01:00:00Z,-1.1954,1
2011-10-22T02:00:00Z,-0.9154,1
2011-10-22T03:00:00Z,-0.4554,1
2011-10-22T05:00:00Z,0.5846,1
2011-10-22T06:00:00Z,1.0046,1
2011-10-22T08:00:00Z,1.1046,1
2011-10-22T09:00:00Z,0.7746,1
2011-10-22T10:00:00Z,0.2646,1
2011-10-22T11:00:00Z,-0.2354,1
2011-10-22T12:00:00Z,-0.6154,1
2011-10-22T13:00:00Z,-0.7354,1
2011-10-22T14:00:00Z,-0.6254,1
2011-10-22T15:00:00Z,-0.2554,1
2011-10-22T16:00:00Z,0.1946,1
2011-10-22T17:00:00Z,0.6746,1
2011-10-22T18:00:00Z,1.1346,1
2011-10-22T19:00:00Z,1.3746,1
2011-10-22T20:00:00Z,1.3546,1
2011-10-22T21:00:00Z,1.0046,1
2011-10-22T22:00:00Z,0.3946,1
2011-10-22T23:00:00Z,-0.3154,1
2011-10-23T00:00:00Z,-0.9454,1
2011-10-23T01:00:00Z,-1.2854,1
2011-10-23T02:00:00Z,-1.3154,1
2011-10-23T03:00:00Z,-1.0354,1
2011-10-23T04:00:00Z,-0.5154,1
2011-10-23T05:00:00Z,0.1046,1
2011-10-23T06:00:00Z,0.7146,1
2011-10-23T07:00:00Z,1.1746,1
2011-10-23T08:00:00Z,1.4346,1
2011-10-23T09:00:00Z,1.2946,1
2011-10-23T10:00:00Z,0.8446,1
2011-10-23T11:00:00Z,0.2346,1
2011-10-23T12:00:00Z,-0.4054,1
2011-10-23T13:00:00Z,-0.8254,1
2011-10-23T14:00:00Z,-0.9554,1
2011-10-23T15:00:00Z,-0.7454,1
2011-10-23T16:00:00Z,-0.2554,1
2011-10-23T17:00:00Z,0.3446,1
2011-10-23T18:00:00Z,1.0346,1
2011-10-23T19:00:00Z,1.5846,1
2011-10-23T20:00:00Z,1.8846,1
2011-10-23T21:00:00Z,1.8146,1
2011-10-23T22:00:00Z,1.4546,1
2011-10-23T23:00:00Z,0.7046,1
2011-10-24T00:00:00Z,-0.1954,1
2011-10-24T01:00:00Z,-0.9354,1
2011-10-24T02:00:00Z,-1.3854,1
2011-10-24T03:00:00Z,-1.3454,1
2011-10-24T04:00:00Z,-0.9954,1
2011-10-24T05:00:00Z,-0.4154,1
2011-10-24T06:00:00Z,0.3046,1
2011-10-24T07:00:00Z,0.9546,1
2011-10-24T08:00:00Z,1.4046,1
2011-10-24T09:00:00Z,1.6146,1
2011-10-24T10:00:00Z,1.3746,1
2011-10-24T11:00:00Z,0.7146,1
2011-10-24T12:00:00Z,-0.0754,1
2011-10-24T13:00:00Z,-0.8154,1
2011-10-24T14:00:00Z,-1.2454,1
2011-10-24T15:00:00Z,-1.2354,1
2011-10-24T16:00:00Z,-0.8454,1
2011-10-24T17:00:00Z,-0.2254,1
2011-10-24T18:00:00Z,0.5646,1
2011-10-24T19:00:00Z,1.2746,1
2011-10-24T20:00:00Z,1.8446,1
2011-10-24T21:00:00Z,2.0846,1
2011-10-24T22:00:00Z,1.9346,1
2011-10-24T23:00:00Z,1.2646,1
2011-10-25T00:00:00Z,0.3146,1
2011-10-25T01:00:00Z,-0.7354,1
2011-10-25T02:00:00Z,-1.5354,1
2011-10-25T03:00:00Z,-1.8654,1
2011-10-25T04:00:00Z,-1.7054,1
2011-10-25T05:00:00Z,-1.0654,1
2011-10-25T06:00:00Z,-0.2354,1
2011-10-25T07:00:00Z,0.6346,1
2011-10-25T08:00:00Z,1.3846,1
2011-10-25T09:00:00Z,1.8746,1
2011-10-25T10:00:00Z,1.9846,1
2011-10-25T11:00:00Z,1.5846,1
2011-10-25T12:00:00Z,0.7546,1
2011-10-25T13:00:00Z,-0.2554,1
2011-10-25T14:00:00Z,-1.1054,1
2011-10-25T15:00:00Z,-1.5754,1
2011-10-25T16:00:00Z,-1.5154,1
2011-10-25T17:00:00Z,-1.0454,1
2011-10-25T18:00:00Z,-0.2754,1
2011-10-25T19:00:00Z,0.5546,1
2011-10-25T20:00:00Z,1.2946,1
2011-10-25T21:00:00Z,1.8546,1
2011-10-25T22:00:00Z,2.0446,1
2011-10-25T23:00:00Z,1.8046,1
2011-10-26T00:00:00Z,1.1046,1
2011-10-26T01:00:00Z,0.0546,1
2011-10-26T02:00:00Z,-1.0254,1
2011-10-26T03:00:00Z,-1.7854,1
2011-10-26T05:00:00Z,-1.6454,1
2011-10-26T06:00:00Z,-0.8554,1
2011-10-26T07:00:00Z,0.0746,1
2011-10-26T08:00:00Z,0.9446,1
2011-10-26T09:00:00Z,1.6046,1
2011-10-26T10:00:00Z,2.0046,1
2011-10-26T11:00:00Z,1.9246,1
2011-10-26T12:00:00Z,1.3846,1
2011-10-26T13:00:00Z,0.4246,1
2011-10-26T14:00:00Z,-0.6654,1
2011-10-26T15:00:00Z,-1.5354,1
2011-10-26T16:00:00Z,-1.8454,1
2011-10-26T17:00:00Z,-1.6354,1
2011-10-26T18:00:00Z,-0.9654,1
2011-10-26T19:00:00Z,-0.0354,1
2011-10-26T20:00:00Z,0.8846,1
2011-10-26T21:00:00Z,1.5946,1
2011-10-26T22:00:00Z,2.1146,1
2011-10-26T23:00:00Z,2.2046,1
2011-10-27T00:00:00Z,1.8046,1
2011-10-27T01:00:00Z,0.8846,1
2011-10-27T02:00:00Z,-0.3054,1
2011-10-27T03:00:00Z,-1.3954,1
2011-10-27T04:00:00Z,-2.0154,1
2011-10-27T05:00:00Z,-2.0354,1
2011-10-27T06:00:00Z,-1.4554,1
2011-10-27T07:00:00Z,-0.5054,1
2011-10-27T08:00:00Z,0.4946,1
2011-10-27T09:00:00Z,1.3246,1
2011-10-27T10:00:00Z,1.9146,1
2011-10-27T11:00:00Z,2.1746,1
2011-10-27T12:00:00Z,1.9346,1
2011-10-27T13:00:00Z,1.2346,1
2011-10-27T14:00:00Z,0.1246,1
2011-10-27T15:00:00Z,-1.0454,1
2011-10-27T16:00:00Z,-1.8454,1
2011-10-27T17:00:00Z,-2.0854,1
2011-10-27T18:00:00Z,-1.7554,1
2011-10-27T19:00:00Z,-0.9554,1
2011-10-27T20:00:00Z,0.0346,1
2011-10-27T21:00:00Z,0.9346,1
2011-10-27T22:00:00Z,1.6246,1
2011-10-27T23:00:00Z,2.0646,1
2011-10-28T00:00:00Z,2.0446,1
2011-10-28T01:00:00Z,1.5446,1
2011-10-28T02:00:00Z,0.5546,1
2011-10-28T03:00:00Z,-0.6654,1
2011-10-28T04:00:00Z,-1.6854,1
2011-10-28T05:00:00Z,-2.2054,1
2011-10-28T06:00:00Z,-2.1254,1
2011-10-28T07:00:00Z,-1.4454,1
2011-10-28T08:00:00Z,-0.4854,1
2011-10-28T09:00:00Z,0.4946,1
2011-10-28T10:00:00Z,1.2746,1
2011-10-28T11:00:00Z,1.8146,1
2011-10-28T12:00:00Z,1.9746,1
2011-10-28T13:00:00Z,1.6346,1
2011-10-28T14:00:00Z,0.8546,1
2011-10-28T15:00:00Z,-0.2854,1
2011-10-28T16:00:00Z,-1.3954,1
2011-10-28T17:00:00Z,-2.0554,1
2011-10-28T18:00:00Z,-2.1454,1
2011-10-28T19:00:00Z,-1.6554,1
2011-10-28T20:00:00Z,-0.7554,1
2011-10-28T21:00:00Z,0.2446,1
2011-10-28T22:00:00Z,1.0946,1
2011-10-28T23:00:00Z,1.7346,1
2011-10-29T00:00:00Z,2.0946,1
2011-10-29T01:00:00Z,2.0146,1
2011-10-29T02:00:00Z,1.4546,1
2011-10-29T03:00:00Z,0.4346,1
2011-10-29T04:00:00Z,-0.7154,1
2011-10-29T05:00:00Z,-1.6354,1
2011-10-29T06:00:00Z,-2.0054,1
2011-10-29T07:00:00Z,-1.7754,1
2011-10-29T08:00:00Z,-1.0354,1
2011-10-29T09:00:00Z,-0.0554,1
2011-10-29T10:00:00Z,0.8746,1
2011-10-29T11:00:00Z,1.5746,1
2011-10-29T12:00:00Z,2.0446,1
2011-10-29T13:00:00Z,2.1246,1
2011-10-29T14:00:00Z,1.7046,1
2011-10-29T15:00:00Z,0.8346,1
2011-10-29T16:00:00Z,-0.2654,1
2011-10-29T17:00:00Z,-1.2754,1
2011-10-29T18:00:00Z,-1.7654,1
2011-10-29T19:00:00Z,-1.8154,1
2011-10-29T20:00:00Z,-1.3054,1
2011-10-29T21:00:00Z,-0.5054,1
2011-10-29T22:00:00Z,0.3646,1
2011-10-29T23:00:00Z,1.1346,1
2011-10-30T00:00:00Z,1.7146,1
2011-10-30T01:00:00Z,2.0246,1
2011-10-30T02:00:00Z,1.8546,1
2011-10-30T03:00:00Z,1.2446,1
2011-10-30T04:00:00Z,0.2246,1
2011-10-30T05:00:00Z,-0.8254,1
2011-10-30T06:00:00Z,-1.5754,1
2011-10-30T07:00:00Z,-1.8554,1
2011-10-30T08:00:00Z,-1.5254,1
2011-10-30T09:00:00Z,-0.7954,1
2011-10-30T10:00:00Z,0.0946,1
2011-10-30T11:00:00Z,0.8746,1
2011-10-30T12:00:00Z,1.4946,1
2011-10-30T13:00:00Z,1.8846,1
2011-10-30T14:00:00Z,1.9046,1
2011-10-30T15:00:00Z,1.4246,1
2011-10-30T16:00:00Z,0.5646,1
2011-10-30T17:00:00Z,-0.4854,1
2011-10-30T18:00:00Z,-1.3954,1
2011-10-30T19:00:00Z,-1.8453,1
2011-10-30T20:00:00Z,-1.7853,1
2011-10-30T21:00:00Z,-1.2953,1
2011-10-30T22:00:00Z,-0.5053,1
2011-10-30T23:00:00Z,0.2747,1
2011-10-31T00:00:00Z,0.9647,1
2011-10-31T01:00:00Z,1.5047,1
2011-10-31T02:00:00Z,1.7547,1
2011-10-31T03:00:00Z,1.6147,1
2011-10-31T04:00:00Z,1.0447,1
2011-10-31T05:00:00Z,0.1547,1
2011-10-31T06:00:00Z,-0.7553,1
2011-10-31T07:00:00Z,-1.3553,1
2011-10-31T08:00:00Z,-1.5153,1
2011-10-31T09:00:00Z,-1.1653,1
2011-10-31T10:00:00Z,-0.4753,1
2011-10-31T11:00:00Z,0.3147,1
2011-10-31T12:00:00Z,1.0147,1
2011-10-31T13:00:00Z,1.6047,1
2011-10-31T14:00:00Z,1.9647,1
2011-10-31T15:00:00Z,1.8947,1
2011-10-31T16:00:00Z,1.4347,1
2011-10-31T17:00:00Z,0.6347,1
2011-10-31T18:00:00Z,-0.2653,1
2011-10-31T19:00:00Z,-1.0953,1
2011-10-31T20:00:00Z,-1.5053,1
2011-10-31T21:00:00Z,-1.4353,1
2011-10-31T22:00:00Z,-1.0153,1
2011-10-31T23:00:00Z,-0.3953,1
2011-11-01T00:00:00Z,0.2047,1
2011-11-01T01:00:00Z,0.8247,1
2011-11-01T02:00:00Z,1.3047,1
2011-11-01T03:00:00Z,1.5347,1
2011-11-01T04:00:00Z,1.3747,1
2011-11-01T05:00:00Z,0.8547,1
2011-11-01T06:00:00Z,0.1047,1
2011-11-01T07:00:00Z,-0.6653,1
2011-11-01T08:00:00Z,-1.1653,1
2011-11-01T10:00:00Z,-0.9353,1
2011-11-01T11:00:00Z,-0.3553,1
2011-11-01T12:00:00Z,0.2947,1
2011-11-01T13:00:00Z,0.8947,1
2011-11-01T14:00:00Z,1.3547,1
2011-11-01T15:00:00Z,1.6447,1
2011-11-01T16:00:00Z,1.5847,1
2011-11-01T17:00:00Z,1.1947,1
2011-11-01T18:00:00Z,0.4647,1
2011-11-01T19:00:00Z,-0.3553,1
2011-11-01T20:00:00Z,-1.0253,1
2011-11-01T21:00:00Z,-1.4053,1
2011-11-01T22:00:00Z,-1.3553,1
2011-11-01T23:00:00Z,-1.0053,1
2011-11-02T00:00:00Z,-0.4653,1
2011-11-02T01:00:00Z,0.1047,1
2011-11-02T02:00:00Z,0.6447,1
2011-11-02T03:00:00Z,1.1047,1
2011-11-02T04:00:00Z,1.3447,1
2011-11-02T05:00:00Z,1.2347,1
2011-11-02T06:00:00Z,0.8747,1
2011-11-02T07:00:00Z,0.2547,1
2011-11-02T08:00:00Z,-0.3553,1
2011-11-02T09:00:00Z,-0.7353,1
2011-11-02T10:00:00Z,-0.8153,1
2011-11-02T11:00:00Z,-0.5753,1
2011-11-02T12:00:00Z,-0.1153,1
2011-11-02T13:00:00Z,0.4547,1
2011-11-02T14:00:00Z,0.9947,1
2011-11-02T15:00:00Z,1.4847,1
2011-11-02T16:00:00Z,1.7347,1
2011-11-02T17:00:00Z,1.7247,1
2011-11-02T18:00:00Z,1.3347,1
2011-11-02T19:00:00Z,0.7247,1
2011-11-02T20:00:00Z,0.0447,1
2011-11-02T21:00:00Z,-0.6153,1
2011-11-02T22:00:00Z,-0.9353,1
2011-11-02T23:00:00Z,-0.9853,1
2011-11-03T00:00:00Z,-0.7253,1
2011-11-03T01:00:00Z,-0.3653,1
2011-11-03T02:00:00Z,0.1047,1
2011-11-03T03:00:00Z,0.6547,1
2011-11-03T04:00:00Z,1.0447,1
2011-11-03T05:00:00Z,1.3447,1
2011-11-03T06:00:00Z,1.3347,1
2011-11-03T07:00:00Z,1.0347,1
2011-11-03T08:00:00Z,0.5147,1
2011-11-03T09:00:00Z,0.0647,1
2011-11-03T10:00:00Z,-0.3853,1
2011-11-03T11:00:00Z,-0.5153,1
2011-11-03T12:00:00Z,-0.4053,1
2011-11-03T13:00:00Z,-0.0153,1
2011-11-03T14:00:00Z,0.4247,1
2011-11-03T15:00:00Z,0.9047,1
2011-11-03T16:00:00Z,1.2647,1
2011-11-03T17:00:00Z,1.5847,1
2011-11-03T18:00:00Z,1.5947,1
2011-11-03T19:00:00Z,1.3447,1
2011-11-03T20:00:00Z,0.7947,1
2011-11-03T21:00:00Z,0.1647,1
2011-11-03T22:00:00Z,-0.4353,1
2011-11-03T23:00:00Z,-0.8353,1
2011-11-04T00:00:00Z,-0.9853,1
2011-11-04T01:00:00Z,-0.8053,1
2011-11-04T02:00:00Z,-0.5053,1
2011-11-04T03:00:00Z,-0.0553,1
2011-11-04T04:00:00Z,0.4147,1
2011-11-04T05:00:00Z,0.8747,1
2011-11-04T06:00:00Z,1.1847,1
2011-11-04T07:00:00Z,1.2647,1
2011-11-04T08:00:00Z,1.0147,1
2011-11-04T09:00:00Z,0.5847,1
2011-11-04T10:00:00Z,0.0647,1
2011-11-04T11:00:00Z,-0.3653,1
2011-11-04T12:00:00Z,-0.5953,1
2011-11-04T13:00:00Z,-0.5153,1
2011-11-04T14:00:00Z,-0.2253,1
2011-11-04T15:00:00Z,0.1847,1
2011-11-04T16:00:00Z,0.5947,1
2011-11-04T17:00:00Z,0.9947,1
2011-11-04T18:00:00Z,1.3047,1
2011-11-04T20:00:00Z,1.2147,1
2011-11-04T21:00:00Z,0.7347,1
2011-11-04T22:00:00Z,0.1047,1
2011-11-04T23:00:00Z,-0.5053,1
2011-11-05T00:00:00Z,-0.9853,1
2011-11-05T01:00:00Z,-1.1953,1
2011-11-05T02:00:00Z,-1.0153,1
2011-11-05T03:00:00Z,-0.7153,1
2011-11-05T04:00:00Z,-0.2853,1
2011-11-05T05:00:00Z,0.1647,1
2011-11-05T06:00:00Z,0.6547,1
2011-11-05T07:00:00Z,0.9547,1
2011-11-05T08:00:00Z,1.0847,1
2011-11-05T09:00:00Z,0.8647,1
2011-11-05T10:00:00Z,0.4247,1
2011-11-05T11:00:00Z,-0.1253,1
2011-11-05T12:00:00Z,-0.6153,1
2011-11-05T13:00:00Z,-0.8853,1
2011-11-05T14:00:00Z,-0.8553,1
2011-11-05T15:00:00Z,-0.5953,1
2011-11-05T16:00:00Z,-0.1753,1
2011-11-05T17:00:00Z,0.3247,1
2011-11-05T18:00:00Z,0.7847,1
2011-11-05T19:00:00Z,1.0947,1
2011-11-05T20:00:00Z,1.2147,1
2011-11-05T21:00:00Z,1.0447,1
2011-11-05T22:00:00Z,0.5647,1
2011-11-05T23:00:00Z,-0.1053,1
2011-11-06T00:00:00Z,-0.7553,1
2011-11-06T01:00:00Z,-1.2453,1
2011-11-06T02:00:00Z,-1.4453,1
2011-11-06T03:00:00Z,-1.3253,1
2011-11-06T04:00:00Z,-0.9453,1
2011-11-06T05:00:00Z,-0.4453,1
2011-11-06T06:00:00Z,0.0747,1
2011-11-06T07:00:00Z,0.5347,1
2011-11-06T08:00:00Z,0.9147,1
2011-11-06T09:00:00Z,0.9747,1
2011-11-06T10:00:00Z,0.7347,1
2011-11-06T11:00:00Z,0.2247,1
2011-11-06T12:00:00Z,-0.3853,1
2011-11-06T13:00:00Z,-0.8953,1
2011-11-06T14:00:00Z,-1.2153,1
2011-11-06T15:00:00Z,-1.1153,1
2011-11-06T16:00:00Z,-0.7653,1
2011-11-06T17:00:00Z,-0.2553,1
2011-11-06T18:00:00Z,0.3047,1
2011-11-06T19:00:00Z,0.7347,1
2011-11-06T20:00:00Z,1.0647,1
2011-11-06T21:00:00Z,1.1747,1
2011-11-06T22:00:00Z,0.9347,1
2011-11-06T23:00:00Z,0.4047,1
2011-11-07T00:00:00Z,-0.3153,1
2011-11-07T01:00:00Z,-1.0153,1
2011-11-07T02:00:00Z,-1.4553,1
2011-11-07T03:00:00Z,-1.5853,1
2011-11-07T04:00:00Z,-1.3453,1
2011-11-07T05:00:00Z,-0.8753,1
2011-11-07T06:00:00Z,-0.2653,1
2011-11-07T07:00:00Z,0.2647,1
2011-11-07T08:00:00Z,0.7547,1
2011-11-07T09:00:00Z,1.0447,1
2011-11-07T10:00:00Z,1.0447,1
2011-11-07T11:00:00Z,0.7047,1
2011-11-07T12:00:00Z,0.0947,1
2011-11-07T13:00:00Z,-0.5953,1
2011-11-07T14:00:00Z,-1.1053,1
2011-11-07T15:00:00Z,-1.3253,1
2011-11-07T16:00:00Z,-1.1653,1
2011-11-07T17:00:00Z,-0.6953,1
2011-11-07T18:00:00Z,-0.0753,1
2011-11-07T19:00:00Z,0.5047,1
2011-11-07T20:00:00Z,1.0047,1
2011-11-07T21:00:00Z,1.2947,1
2011-11-07T22:00:00Z,1.2947,1
2011-11-07T23:00:00Z,0.9547,1
2011-11-08T00:00:00Z,0.3147,1
2011-11-08T01:00:00Z,-0.4453,1
2011-11-08T02:00:00Z,-1.0953,1
2011-11-08T03:00:00Z,-1.4653,1
2011-11-08T04:00:00Z,-1.4153,1
2011-11-08T05:00:00Z,-1.0353,1
2011-11-08T06:00:00Z,-0.4853,1
2011-11-08T07:00:00Z,0.1847,1
2011-11-08T08:00:00Z,0.7447,1
2011-11-08T09:00:00Z,1.1947,1
2011-11-08T10:00:00Z,1.3747,1
2011-11-08T11:00:00Z,1.1947,1
2011-11-08T12:00:00Z,0.6747,1
2011-11-08T13:00:00Z,-0.0753,1
2011-11-08T14:00:00Z,-0.8153,1
2011-11-08T15:00:00Z,-1.2853,1
2011-11-08T16:00:00Z,-1.3553,1
2011-11-08T17:00:00Z,-1.0152,1
2011-11-08T18:00:00Z,-0.4052,1
2011-11-08T19:00:00Z,0.2748,1
2011-11-08T20:00:00Z,0.8648,1
2011-11-08T21:00:00Z,1.3148,1
2011-11-08T22:00:00Z,1.5248,1
2011-11-08T23:00:00Z,1.3648,1
2011-11-09T00:00:00Z,0.8848,1
2011-11-09T01:00:00Z,0.1148,1
2011-11-09T02:00:00Z,-0.6852,1
2011-11-09T03:00:00Z,-1.2652,1
2011-11-09T04:00:00Z,-1.4652,1
2011-11-09T05:00:00Z,-1.2552,1
2011-11-09T06:00:00Z,-0.7252,1
2011-11-09T07:00:00Z,-0.0352,1
2011-11-09T08:00:00Z,0.6448,1
2011-11-09T09:00:00Z,1.1748,1
2011-11-09T10:00:00Z,1.5248,1
2011-11-09T11:00:00Z,1.4948,1
2011-11-09T12:00:00Z,1.1348,1
2011-11-09T13:00:00Z,0.4048,1
2011-11-09T14:00:00Z,-0.4352,1
2011-11-09T15:00:00Z,-1.1152,1
2011-11-09T16:00:00Z,-1.4352,1
2011-11-09T17:00:00Z,-1.3052,1
2011-11-09T18:00:00Z,-0.8152,1
2011-11-09T19:00:00Z,-0.1052,1
2011-11-09T20:00:00Z,0.6148,1
2011-11-09T21:00:00Z,1.1748,1
2011-11-09T22:00:00Z,1.5548,1
2011-11-09T23:00:00Z,1.6148,1
2011-11-10T00:00:00Z,1.2948,1
2011-11-10T01:00:00Z,0.6048,1
2011-11-10T02:00:00Z,-0.2452,1
2011-11-10T03:00:00Z,-1.0352,1
2011-11-10T04:00:00Z,-1.4852,1
2011-11-10T05:00:00Z,-1.4852,1
2011-11-10T06:00:00Z,-1.0852,1
2011-11-10T07:00:00Z,-0.4252,1
2011-11-10T08:00:00Z,0.2948,1
2011-11-10T09:00:00Z,0.9148,1
2011-11-10T10:00:00Z,1.3848,1
2011-11-10T11:00:00Z,1.6248,1
2011-11-10T12:00:00Z,1.4148,1
2011-11-10T13:00:00Z,0.8448,1
2011-11-10T14:00:00Z,0.0148,1
2011-11-10T15:00:00Z,-0.8152,1
2011-11-10T16:00:00Z,-1.3852,1
2011-11-10T17:00:00Z,-1.5452,1
2011-11-10T18:00:00Z,-1.2052,1
2011-11-10T19:00:00Z,-0.5752,1
2011-11-10T20:00:00Z,0.1448,1
2011-11-10T21:00:00Z,0.8048,1
2011-11-10T22:00:00Z,1.2848,1
2011-11-10T23:00:00Z,1.5548,1
2011-11-11T00:00:00Z,1.4348,1
2011-11-11T01:00:00Z,0.9448,1
2011-11-11T02:00:00Z,0.1548,1
2011-11-11T03:00:00Z,-0.7052,1
2011-11-11T04:00:00Z,-1.3452,1
2011-11-11T05:00:00Z,-1.5352,1
2011-11-11T06:00:00Z,-1.2952,1
2011-11-11T07:00:00Z,-0.7352,1
2011-11-11T08:00:00Z,0.0448,1
2011-11-11T09:00:00Z,0.7348,1
2011-11-11T10:00:00Z,1.3148,1
2011-11-11T11:00:00Z,1.6948,1
2011-11-11T12:00:00Z,1.7048,1
2011-11-11T13:00:00Z,1.2948,1
2011-11-11T14:00:00Z,0.5848,1
2011-11-11T15:00:00Z,-0.3152,1
2011-11-11T16:00:00Z,-1.0652,1
2011-11-11T17:00:00Z,-1.4852,1
2011-11-11T18:00:00Z,-1.4352,1
2011-11-11T19:00:00Z,-0.9552,1
2011-11-11T20:00:00Z,-0.2552,1
2011-11-11T21:00:00Z,0.5248,1
2011-11-11T22:00:00Z,1.1248,1
2011-11-11T23:00:00Z,1.5448,1
2011-11-12T00:00:00Z,1.6348,1
2011-11-12T01:00:00Z,1.3448,1
2011-11-12T02:00:00Z,0.6748,1
2011-11-12T03:00:00Z,-0.1852,1
2011-11-12T04:00:00Z,-0.9552,1
2011-11-12T05:00:00Z,-1.4052,1
2011-11-12T06:00:00Z,-1.3952,1
2011-11-12T07:00:00Z,-0.9752,1
2011-11-12T08:00:00Z,-0.2652,1
2011-11-12T09:00:00Z,0.4848,1
2011-11-12T10:00:00Z,1.1648,1
2011-11-12T11:00:00Z,1.6448,1
2011-11-12T12:00:00Z,1.8148,1
2011-11-12T13:00:00Z,1.6048,1
2011-11-12T14:00:00Z,1.0248,1
2011-11-12T15:00:00Z,0.1548,1
2011-11-12T16:00:00Z,-0.7752,1
2011-11-12T17:00:00Z,-1.4552,1
2011-11-12T18:00:00Z,-1.6952,1
2011-11-12T19:00:00Z,-1.4152,1
2011-11-12T20:00:00Z,-0.8052,1
2011-11-12T21:00:00Z,-0.0952,1
2011-11-12T22:00:00Z,0.5248,1
2011-11-12T23:00:00Z,1.0448,1
2011-11-13T00:00:00Z,1.3448,1
2011-11-13T01:00:00Z,1.2648,1
2011-11-13T02:00:00Z,0.8648,1
2011-11-13T03:00:00Z,0.0848,1
2011-11-13T04:00:00Z,-0.7252,1
2011-11-13T05:00:00Z,-1.3352,1
2011-11-13T06:00:00Z,-1.5152,1
2011-11-13T07:00:00Z,-1.2952,1
2011-11-13T08:00:00Z,-0.7352,1
2011-11-13T09:00:00Z,-0.0152,1
2011-11-13T10:00:00Z,0.6848,1
2011-11-13T11:00:00Z,1.2648,1
2011-11-13T12:00:00Z,1.6348,1
2011-11-13T13:00:00Z,1.6448,1
2011-11-13T14:00:00Z,1.2948,1
2011-11-13T15:00:00Z,0.5448,1
2011-11-13T16:00:00Z,-0.3152,1
2011-11-13T17:00:00Z,-1.0952,1
2011-11-13T18:00:00Z,-1.5552,1
2011-11-13T19:00:00Z,-1.5252,1
2011-11-13T20:00:00Z,-1.0652,1
2011-11-13T21:00:00Z,-0.3952,1
2011-11-13T22:00:00Z,0.3448,1
2011-11-13T23:00:00Z,0.9148,1
2011-11-14T00:00:00Z,1.3848,1
2011-11-14T02:00:00Z,1.2948,1
2011-11-14T03:00:00Z,0.7148,1
2011-11-14T04:00:00Z,-0.1252,1
2011-11-14T05:00:00Z,-0.8952,1
2011-11-14T06:00:00Z,-1.3852,1
2011-11-14T07:00:00Z,-1.4352,1
2011-11-14T08:00:00Z,-1.0852,1
2011-11-14T09:00:00Z,-0.4352,1
2011-11-14T10:00:00Z,0.2948,1
2011-11-14T11:00:00Z,0.9448,1
2011-11-14T12:00:00Z,1.4148,1
2011-11-14T13:00:00Z,1.6648,1
2011-11-14T14:00:00Z,1.5048,1
2011-11-14T15:00:00Z,1.0448,1
2011-11-14T16:00:00Z,0.2648,1
2011-11-14T17:00:00Z,-0.5752,1
2011-11-14T18:00:00Z,-1.2652,1
2011-11-14T19:00:00Z,-1.5752,1
2011-11-14T20:00:00Z,-1.3952,1
2011-11-14T21:00:00Z,-0.8752,1
2011-11-14T22:00:00Z,-0.2052,1
2011-11-14T23:00:00Z,0.4548,1
2011-11-15T00:00:00Z,0.9748,1
2011-11-15T01:00:00Z,1.3048,1
2011-11-15T02:00:00Z,1.3048,1
2011-11-15T03:00:00Z,0.9848,1
2011-11-15T04:00:00Z,0.3348,1
2011-11-15T05:00:00Z,-0.4252,1
2011-11-15T06:00:00Z,-1.0552,1
2011-11-15T07:00:00Z,-1.3452,1
2011-11-15T08:00:00Z,-1.2452,1
2011-11-15T09:00:00Z,-0.8052,1
2011-11-15T10:00:00Z,-0.1452,1
2011-11-15T11:00:00Z,0.4948,1
2011-11-15T12:00:00Z,1.0648,1
2011-11-15T13:00:00Z,1.4648,1
2011-11-15T14:00:00Z,1.5648,1
2011-11-15T15:00:00Z,1.2948,1
2011-11-15T16:00:00Z,0.6848,1
2011-11-15T17:00:00Z,-0.1152,1
2011-11-15T18:00:00Z,-0.8952,1
2011-11-15T19:00:00Z,-1.3952,1
2011-11-15T20:00:00Z,-1.5452,1
2011-11-15T21:00:00Z,-1.2552,1
2011-11-15T22:00:00Z,-0.6952,1
2011-11-15T23:00:00Z,-0.0452,1
2011-11-16T00:00:00Z,0.5648,1
2011-11-16T01:00:00Z,1.0548,1
2011-11-16T02:00:00Z,1.3048,1
2011-11-16T03:00:00Z,1.2248,1
2011-11-16T04:00:00Z,0.8148,1
2011-11-16T05:00:00Z,0.1348,1
2011-11-16T06:00:00Z,-0.5852,1
2011-11-16T07:00:00Z,-1.0952,1
2011-11-16T08:00:00Z,-1.2852,1
2011-11-16T09:00:00Z,-1.0852,1
2011-11-16T10:00:00Z,-0.5952,1
2011-11-16T11:00:00Z,-0.0052,1
2011-11-16T12:00:00Z,0.5848,1
2011-11-16T13:00:00Z,1.0948,1
2011-11-16T14:00:00Z,1.3948,1
2011-11-16T15:00:00Z,1.4248,1
2011-11-16T16:00:00Z,1.1348,1
2011-11-16T17:00:00Z,0.5248,1
2011-11-16T18:00:00Z,-0.2152,1
2011-11-16T19:00:00Z,-0.8852,1
2011-11-16T20:00:00Z,-1.3252,1
2011-11-16T21:00:00Z,-1.3452,1
2011-11-16T22:00:00Z,-1.0452,1
2011-11-16T23:00:00Z,-0.5352,1
2011-11-17T00:00:00Z,0.0548,1
2011-11-17T01:00:00Z,0.5748,1
2011-11-17T02:00:00Z,1.0048,1
2011-11-17T03:00:00Z,1.1848,1
2011-11-17T04:00:00Z,1.0748,1
2011-11-17T05:00:00Z,0.6548,1
2011-11-17T06:00:00Z,0.0148,1
2011-11-17T07:00:00Z,-0.6152,1
2011-11-17T08:00:00Z,-1.0152,1
2011-11-17T09:00:00Z,-1.1052,1
2011-11-17T10:00:00Z,-0.8652,1
2011-11-17T11:00:00Z,-0.4152,1
2011-11-17T12:00:00Z,0.1548,1
2011-11-17T13:00:00Z,0.7148,1
2011-11-17T14:00:00Z,1.1548,1
2011-11-17T15:00:00Z,1.4449,1
2011-11-17T16:00:00Z,1.4449,1
2011-11-17T17:00:00Z,1.0849,1
2011-11-17T18:00:00Z,0.4549,1
2011-11-17T19:00:00Z,-0.2451,1
2011-11-17T20:00:00Z,-0.8051,1
2011-11-17T21:00:00Z,-1.1251,1
2011-11-17T22:00:00Z,-1.1351,1
2011-11-17T23:00:00Z,-0.8251,1
2011-11-18T00:00:00Z,-0.3851,1
2011-11-18T01:00:00Z,0.1649,1
2011-11-18T02:00:00Z,0.6549,1
2011-11-18T03:00:00Z,1.0749,1
2011-11-18T04:00:00Z,1.2949,1
2011-11-18T05:00:00Z,1.1949,1
2011-11-18T06:00:00Z,0.7649,1
2011-11-18T07:00:00Z,0.1949,1
2011-11-18T08:00:00Z,-0.3951,1
2011-11-18T09:00:00Z,-0.7651,1
2011-11-18T10:00:00Z,-0.8251,1
2011-11-18T11:00:00Z,-0.6451,1
2011-11-18T12:00:00Z,-0.2451,1
2011-11-18T13:00:00Z,0.2449,1
2011-11-18T14:00:00Z,0.7449,1
2011-11-18T15:00:00Z,1.1549,1
2011-11-18T16:00:00Z,1.4349,1
2011-11-18T17:00:00Z,1.4049,1
2011-11-18T18:00:00Z,1.0849,1
2011-11-18T19:00:00Z,0.4749,1
2011-11-18T20:00:00Z,-0.2051,1
2011-11-18T21:00:00Z,-0.8251,1
2011-11-18T22:00:00Z,-1.1951,1
2011-11-18T23:00:00Z,-1.2751,1
2011-11-19T00:00:00Z,-1.0151,1
2011-11-19T01:00:00Z,-0.5951,1
2011-11-19T02:00:00Z,-0.0451,1
2011-11-19T03:00:00Z,0.4749,1
2011-11-19T04:00:00Z,0.9049,1
2011-11-19T05:00:00Z,1.1449,1
2011-11-19T06:00:00Z,1.0749,1
2011-11-19T07:00:00Z,0.7349,1
2011-11-19T08:00:00Z,0.1949,1
2011-11-19T09:00:00Z,-0.3451,1
2011-11-19T10:00:00Z,-0.7451,1
2011-11-19T11:00:00Z,-0.8751,1
2011-11-19T12:00:00Z,-0.6951,1
2011-11-19T13:00:00Z,-0.3451,1
2011-11-19T14:00:00Z,0.1149,1
2011-11-19T15:00:00Z,0.6049,1
2011-11-19T16:00:00Z,1.0249,1
2011-11-19T17:00:00Z,1.3149,1
2011-11-19T18:00:00Z,1.3649,1
2011-11-19T19:00:00Z,1.0849,1
2011-11-19T20:00:00Z,0.4849,1
2011-11-19T21:00:00Z,-0.2251,1
2011-11-19T22:00:00Z,-0.8951,1
2011-11-19T23:00:00Z,-1.3051,1
2011-11-20T00:00:00Z,-1.3951,1
2011-11-20T01:00:00Z,-1.1651,1
2011-11-20T02:00:00Z,-0.7351,1
2011-11-20T03:00:00Z,-0.1751,1
2011-11-20T04:00:00Z,0.3749,1
2011-11-20T05:00:00Z,0.8649,1
2011-11-20T06:00:00Z,1.1449,1
2011-11-20T07:00:00Z,1.1549,1
2011-11-20T08:00:00Z,0.8249,1
2011-11-20T09:00:00Z,0.2749,1
2011-11-20T10:00:00Z,-0.3151,1
2011-11-20T11:00:00Z,-0.8051,1
2011-11-20T12:00:00Z,-1.0451,1
2011-11-20T13:00:00Z,-0.9351,1
2011-11-20T14:00:00Z,-0.6051,1
2011-11-20T15:00:00Z,-0.1151,1
2011-11-20T16:00:00Z,0.4349,1
2011-11-20T17:00:00Z,0.9049,1
2011-11-20T18:00:00Z,1.2849,1
2011-11-20T19:00:00Z,1.3849,1
2011-11-20T20:00:00Z,1.1749,1
2011-11-20T21:00:00Z,0.6149,1
2011-11-20T22:00:00Z,-0.1051,1
2011-11-20T23:00:00Z,-0.8251,1
2011-11-21T00:00:00Z,-1.3151,1
2011-11-21T01:00:00Z,-1.4551,1
2011-11-21T02:00:00Z,-1.2451,1
2011-11-21T03:00:00Z,-0.7551,1
2011-11-21T04:00:00Z,-0.1351,1
2011-11-21T05:00:00Z,0.4749,1
2011-11-21T06:00:00Z,1.0049,1
2011-11-21T07:00:00Z,1.3249,1
2011-11-21T08:00:00Z,1.3349,1
2011-11-21T09:00:00Z,0.9849,1
2011-11-21T10:00:00Z,0.3549,1
2011-11-21T11:00:00Z,-0.3351,1
2011-11-21T12:00:00Z,-0.9151,1
2011-11-21T13:00:00Z,-1.1951,1
2011-11-21T14:00:00Z,-1.1051,1
2011-11-21T15:00:00Z,-0.7251,1
2011-11-21T16:00:00Z,-0.1851,1
2011-11-21T17:00:00Z,0.4249,1
2011-11-21T18:00:00Z,0.9749,1
2011-11-21T19:00:00Z,1.3849,1
2011-11-21T21:00:00Z,1.2449,1
2011-11-21T22:00:00Z,0.6149,1
2011-11-21T23:00:00Z,-0.1851,1
2011-11-22T00:00:00Z,-1.0251,1
2011-11-22T01:00:00Z,-1.5651,1
2011-11-22T02:00:00Z,-1.7051,1
2011-11-22T03:00:00Z,-1.4351,1
2011-11-22T04:00:00Z,-0.8751,1
2011-11-22T05:00:00Z,-0.1951,1
2011-11-22T06:00:00Z,0.4849,1
2011-11-22T07:00:00Z,1.0449,1
2011-11-22T08:00:00Z,1.3749,1
2011-11-22T09:00:00Z,1.3349,1
2011-11-22T10:00:00Z,0.9349,1
2011-11-22T11:00:00Z,0.2149,1
2011-11-22T12:00:00Z,-0.6051,1
2011-11-22T13:00:00Z,-1.2551,1
2011-11-22T14:00:00Z,-1.5451,1
2011-11-22T15:00:00Z,-1.3951,1
2011-11-22T16:00:00Z,-0.9151,1
2011-11-22T17:00:00Z,-0.2451,1
2011-11-22T18:00:00Z,0.4649,1
2011-11-22T19:00:00Z,1.0549,1
2011-11-22T20:00:00Z,1.5149,1
2011-11-22T21:00:00Z,1.6249,1
2011-11-22T22:00:00Z,1.2949,1
2011-11-22T23:00:00Z,0.6149,1
2011-11-23T00:00:00Z,-0.3251,1
2011-11-23T01:00:00Z,-1.2151,1
2011-11-23T02:00:00Z,-1.7351,1
2011-11-23T03:00:00Z,-1.8451,1
2011-11-23T04:00:00Z,-1.4651,1
2011-11-23T05:00:00Z,-0.7751,1
2011-11-23T06:00:00Z,0.0449,1
2011-11-23T07:00:00Z,0.8449,1
2011-11-23T08:00:00Z,1.4049,1
2011-11-23T09:00:00Z,1.7149,1
2011-11-23T10:00:00Z,1.6149,1
2011-11-23T11:00:00Z,1.0949,1
2011-11-23T12:00:00Z,0.2549,1
2011-11-23T13:00:00Z,-0.6751,1
2011-11-23T14:00:00Z,-1.3351,1
2011-11-23T15:00:00Z,-1.5951,1
2011-11-23T16:00:00Z,-1.4051,1
2011-11-23T17:00:00Z,-0.8451,1
2011-11-23T18:00:00Z,-0.0551,1
2011-11-23T19:00:00Z,0.6849,1
2011-11-23T20:00:00Z,1.2949,1
2011-11-23T21:00:00Z,1.6949,1
2011-11-23T22:00:00Z,1.7449,1
2011-11-23T23:00:00Z,1.3249,1
2011-11-24T00:00:00Z,0.5449,1
2011-11-24T01:00:00Z,-0.4751,1
2011-11-24T02:00:00Z,-1.3951,1
2011-11-24T03:00:00Z,-1.9451,1
2011-11-24T04:00:00Z,-1.9751,1
2011-11-24T05:00:00Z,-1.4851,1
2011-11-24T06:00:00Z,-0.7151,1
2011-11-24T07:00:00Z,0.2049,1
2011-11-24T08:00:00Z,0.9549,1
2011-11-24T09:00:00Z,1.5849,1
2011-11-24T10:00:00Z,1.8249,1
2011-11-24T11:00:00Z,1.6449,1
2011-11-24T12:00:00Z,1.0249,1
2011-11-24T13:00:00Z,0.0949,1
2011-11-24T14:00:00Z,-0.8751,1
2011-11-24T15:00:00Z,-1.5551,1
2011-11-24T16:00:00Z,-1.6551,1
2011-11-24T17:00:00Z,-1.3551,1
2011-11-24T18:00:00Z,-0.5851,1
2011-11-24T19:00:00Z,0.3549,1
2011-11-24T20:00:00Z,1.2349,1
2011-11-24T21:00:00Z,1.8549,1
2011-11-24T22:00:00Z,2.1949,1
2011-11-24T23:00:00Z,2.1949,1
2011-11-25T00:00:00Z,1.6549,1
2011-11-25T01:00:00Z,0.6949,1
2011-11-25T02:00:00Z,-0.4551,1
2011-11-25T03:00:00Z,-1.4451,1
2011-11-25T04:00:00Z,-1.9551,1
2011-11-25T05:00:00Z,-1.8851,1
2011-11-25T06:00:00Z,-1.2451,1
2011-11-25T07:00:00Z,-0.3651,1
2011-11-25T08:00:00Z,0.4549,1
2011-11-25T09:00:00Z,1.1349,1
2011-11-25T10:00:00Z,1.6049,1
2011-11-25T11:00:00Z,1.7749,1
2011-11-25T12:00:00Z,1.5549,1
2011-11-25T13:00:00Z,0.9049,1
2011-11-25T14:00:00Z,-0.0451,1
2011-11-25T15:00:00Z,-1.0751,1
2011-11-25T16:00:00Z,-1.7651,1
2011-11-25T17:00:00Z,-1.8951,1
2011-11-25T19:00:00Z,-0.7051,1
2011-11-25T20:00:00Z,0.1549,1
2011-11-25T21:00:00Z,0.8949,1
2011-11-25T22:00:00Z,1.4249,1
2011-11-25T23:00:00Z,1.6849,1
2011-11-26T00:00:00Z,1.5749,1
2011-11-26T01:00:00Z,0.9849,1
2011-11-26T02:00:00Z,0.0449,1
2011-11-26T03:00:00Z,-1.0651,1
2011-11-26T04:00:00Z,-1.8551,1
2011-11-26T05:00:00Z,-2.2051,1
2011-11-26T06:00:00Z,-1.8751,1
2011-11-26T07:00:00Z,-1.1251,1
2011-11-26T08:00:00Z,-0.0851,1
2011-11-26T09:00:00Z,0.8749,1
2011-11-26T10:00:00Z,1.6049,1
2011-11-26T11:00:00Z,2.0549,1
2011-11-26T12:00:00Z,2.1149,1
2011-11-26T13:00:00Z,1.665,1
2011-11-26T14:00:00Z,0.865,1
2011-11-26T15:00:00Z,-0.275,1
2011-11-26T16:00:00Z,-1.275,1
2011-11-26T17:00:00Z,-1.805,1
2011-11-26T18:00:00Z,-1.905,1
2011-11-26T19:00:00Z,-1.395,1
2011-11-26T20:00:00Z,-0.585,1
2011-11-26T21:00:00Z,0.315,1
2011-11-26T22:00:00Z,1.115,1
2011-11-26T23:00:00Z,1.715,1
2011-11-27T00:00:00Z,2.015,1
2011-11-27T01:00:00Z,1.895,1
2011-11-27T02:00:00Z,1.275,1
2011-11-27T03:00:00Z,0.345,1
2011-11-27T04:00:00Z,-0.685,1
2011-11-27T05:00:00Z,-1.355,1
2011-11-27T06:00:00Z,-1.525,1
2011-11-27T07:00:00Z,-1.185,1
2011-11-27T08:00:00Z,-0.565,1
2011-11-27T09:00:00Z,0.355,1
2011-11-27T10:00:00Z,1.065,1
2011-11-27T11:00:00Z,1.685,1
2011-11-27T12:00:00Z,1.905,1
2011-11-27T13:00:00Z,1.755,1
2011-11-27T14:00:00Z,1.215,1
2011-11-27T15:00:00Z,0.305,1
2011-11-27T16:00:00Z,-0.845,1
2011-11-27T17:00:00Z,-1.785,1
2011-11-27T18:00:00Z,-2.325,1
2011-11-27T19:00:00Z,-2.205,1
2011-11-27T20:00:00Z,-1.575,1
2011-11-27T21:00:00Z,-0.715,1
2011-11-27T22:00:00Z,0.145,1
2011-11-27T23:00:00Z,0.885,1
2011-11-28T00:00:00Z,1.415,1
2011-11-28T01:00:00Z,1.625,1
2011-11-28T02:00:00Z,1.425,1
2011-11-28T03:00:00Z,0.775,1
2011-11-28T04:00:00Z,-0.215,1
2011-11-28T05:00:00Z,-1.175,1
2011-11-28T06:00:00Z,-1.785,1
2011-11-28T07:00:00Z,-1.865,1
2011-11-28T08:00:00Z,-1.395,1
2011-11-28T09:00:00Z,-0.605,1
2011-11-28T10:00:00Z,0.305,1
2011-11-28T11:00:00Z,1.095,1
2011-11-28T12:00:00Z,1.725,1
2011-11-28T13:00:00Z,2.055,1
2011-11-28T14:00:00Z,1.955,1
2011-11-28T15:00:00Z,1.455,1
2011-11-28T16:00:00Z,0.515,1
2011-11-28T17:00:00Z,-0.505,1
2011-11-28T18:00:00Z,-1.345,1
2011-11-28T19:00:00Z,-1.745,1
2011-11-28T20:00:00Z,-1.635,1
2011-11-28T21:00:00Z,-1.085,1
2011-11-28T22:00:00Z,-0.345,1
2011-11-28T23:00:00Z,0.375,1
2011-11-29T00:00:00Z,1.015,1
2011-11-29T01:00:00Z,1.505,1
2011-11-29T02:00:00Z,1.715,1
2011-11-29T03:00:00Z,1.455,1
2011-11-29T04:00:00Z,0.815,1
2011-11-29T05:00:00Z,-0.055,1
2011-11-29T06:00:00Z,-0.795,1
2011-11-29T07:00:00Z,-1.195,1
2011-11-29T08:00:00Z,-1.165,1
2011-11-29T09:00:00Z,-0.715,1
2011-11-29T10:00:00Z,0.055,1
2011-11-29T11:00:00Z,0.815,1
2011-11-29T12:00:00Z,1.635,1
2011-11-29T13:00:00Z,2.115,1
2011-11-29T14:00:00Z,2.385,1
2011-11-29T15:00:00Z,2.055,1
2011-11-29T16:00:00Z,1.325,1
2011-11-29T17:00:00Z,0.295,1
2011-11-29T18:00:00Z,-0.755,1
2011-11-29T19:00:00Z,-1.525,1
2011-11-29T20:00:00Z,-1.795,1
2011-11-29T21:00:00Z,-1.675,1
2011-11-29T22:00:00Z,-1.135,1
2011-11-29T23:00:00Z,-0.455,1
2011-11-30T00:00:00Z,0.235,1
2011-11-30T01:00:00Z,0.835,1
2011-11-30T02:00:00Z,1.305,1
2011-11-30T03:00:00Z,1.425,1
2011-11-30T04:00:00Z,1.205,1
2011-11-30T05:00:00Z,0.535,1
2011-11-30T06:00:00Z,-0.265,1
2011-11-30T07:00:00Z,-1.005,1
2011-11-30T08:00:00Z,-1.335,1
2011-11-30T09:00:00Z,-1.315,1
2011-11-30T10:00:00Z,-0.875,1
2011-11-30T11:00:00Z,-0.265,1
2011-11-30T12:00:00Z,0.395,1
2011-11-30T13:00:00Z,0.955,1
2011-11-30T14:00:00Z,1.405,1
2011-11-30T15:00:00Z,1.605,1
2011-11-30T16:00:00Z,1.485,1
2011-11-30T17:00:00Z,0.935,1
2011-11-30T18:00:00Z,0.165,1
2011-11-30T19:00:00Z,-0.615,1
2011-11-30T20:00:00Z,-1.135,1
2011-11-30T21:00:00Z,-1.305,1
2011-11-30T22:00:00Z,-1.045,1
2011-11-30T23:00:00Z,-0.615,1
2011-12-01T00:00:00Z,0.065,1
2011-12-01T01:00:00Z,0.68,1
2011-12-01T02:00:00Z,1.32,1
2011-12-01T03:00:00Z,1.6,1
2011-12-01T04:00:00Z,1.66,1
2011-12-01T05:00:00Z,1.26,1
2011-12-01T06:00:00Z,0.53,1
2011-12-01T07:00:00Z,-0.18,1
2011-12-01T08:00:00Z,-0.84,1
2011-12-01T09:00:00Z,-1.19,1
2011-12-01T10:00:00Z,-1.15,1
2011-12-01T11:00:00Z,-0.78,1
2011-12-01T13:00:00Z,0.44,1
2011-12-01T14:00:00Z,0.97,1
2011-12-01T15:00:00Z,1.37,1
2011-12-01T16:00:00Z,1.49,1
2011-12-01T17:00:00Z,1.33,1
2011-12-01T18:00:00Z,0.83,1
2011-12-01T19:00:00Z,0.07,1
2011-12-01T20:00:00Z,-0.64,1
2011-12-01T21:00:00Z,-1.18,1
2011-12-01T22:00:00Z,-1.38,1
2011-12-01T23:00:00Z,-1.28,1
2011-12-02T00:00:00Z,-0.88,1
2011-12-02T01:00:00Z,-0.41,1
2011-12-02T02:00:00Z,0.11,1
2011-12-02T03:00:00Z,0.58,1
2011-12-02T04:00:00Z,0.9,1
2011-12-02T05:00:00Z,1,1
2011-12-02T06:00:00Z,0.8,1
2011-12-02T07:00:00Z,0.31,1
2011-12-02T08:00:00Z,-0.24,1
2011-12-02T09:00:00Z,-0.7,1
2011-12-02T10:00:00Z,-0.95,1
2011-12-02T11:00:00Z,-0.83,1
2011-12-02T12:00:00Z,-0.46,1
2011-12-02T13:00:00Z,0.05,1
2011-12-02T14:00:00Z,0.56,1
2011-12-02T15:00:00Z,1.03,1
2011-12-02T16:00:00Z,1.34,1
2011-12-02T17:00:00Z,1.47,1
2011-12-02T18:00:00Z,1.28,1
2011-12-02T19:00:00Z,0.79,1
2011-12-02T20:00:00Z,0.15,1
2011-12-02T21:00:00Z,-0.5,1
2011-12-02T22:00:00Z,-0.91,1
2011-12-02T23:00:00Z,-1.03,1
2011-12-03T00:00:00Z,-0.9,1
2011-12-03T01:00:00Z,-0.5,1
2011-12-03T02:00:00Z,-0.07,1
2011-12-03T03:00:00Z,0.38,1
2011-12-03T04:00:00Z,0.8,1
2011-12-03T05:00:00Z,1.08,1
2011-12-03T06:00:00Z,1.12,1
2011-12-03T07:00:00Z,0.91,1
2011-12-03T08:00:00Z,0.44,1
2011-12-03T09:00:00Z,-0.08,1
2011-12-03T10:00:00Z,-0.57,1
2011-12-03T11:00:00Z,-0.82,1
2011-12-03T12:00:00Z,-0.81,1
2011-12-03T13:00:00Z,-0.52,1
2011-12-03T14:00:00Z,-0.11,1
2011-12-03T15:00:00Z,0.37,1
2011-12-03T16:00:00Z,0.79,1
2011-12-03T17:00:00Z,1.14,1
2011-12-03T18:00:00Z,1.21,1
2011-12-03T19:00:00Z,1.07,1
2011-12-03T20:00:00Z,0.65,1
2011-12-03T21:00:00Z,0.03,1
2011-12-03T22:00:00Z,-0.51,1
2011-12-03T23:00:00Z,-0.93,1
2011-12-04T00:00:00Z,-1.03,1
2011-12-04T01:00:00Z,-0.88,1
2011-12-04T02:00:00Z,-0.59,1
2011-12-04T03:00:00Z,-0.2,1
2011-12-04T04:00:00Z,0.21,1
2011-12-04T05:00:00Z,0.63,1
2011-12-04T06:00:00Z,0.96,1
2011-12-04T07:00:00Z,1.02,1
2011-12-04T08:00:00Z,0.93,1
2011-12-04T09:00:00Z,0.51,1
2011-12-04T10:00:00Z,0.02,1
2011-12-04T11:00:00Z,-0.46,1
2011-12-04T12:00:00Z,-0.69,1
2011-12-04T13:00:00Z,-0.68,1
2011-12-04T14:00:00Z,-0.43,1
2011-12-04T15:00:00Z,-0.01,1
2011-12-04T16:00:00Z,0.41,1
2011-12-04T17:00:00Z,0.79,1
2011-12-04T18:00:00Z,1.1,1
2011-12-04T19:00:00Z,1.19,1
2011-12-04T20:00:00Z,1.07,1
2011-12-04T21:00:00Z,0.63,1
2011-12-04T22:00:00Z,0.05,1
2011-12-04T23:00:00Z,-0.54,1
2011-12-05T00:00:00Z,-1.03,1
2011-12-05T01:00:00Z,-1.23,1
2011-12-05T02:00:00Z,-1.14,1
2011-12-05T03:00:00Z,-0.83,1
2011-12-05T04:00:00Z,-0.34,1
2011-12-05T05:00:00Z,0.13,1
2011-12-05T06:00:00Z,0.58,1
2011-12-05T07:00:00Z,0.93,1
2011-12-05T08:00:00Z,1.08,1
2011-12-05T09:00:00Z,0.92,1
2011-12-05T10:00:00Z,0.53,1
2011-12-05T11:00:00Z,-0.04,1
2011-12-05T12:00:00Z,-0.53,1
2011-12-05T13:00:00Z,-0.85,1
2011-12-05T14:00:00Z,-0.87,1
2011-12-05T15:00:00Z,-0.67,1
2011-12-05T16:00:00Z,-0.25,1
2011-12-05T17:00:00Z,0.2,1
2011-12-05T18:00:00Z,0.61,1
2011-12-05T19:00:00Z,0.89,1
2011-12-05T20:00:00Z,1.01,1
2011-12-05T21:00:00Z,0.88,1
2011-12-05T22:00:00Z,0.52,1
2011-12-05T23:00:00Z,-0.02,1
2011-12-06T00:00:00Z,-0.6,1
2011-12-06T01:00:00Z,-1.01,1
2011-12-06T02:00:00Z,-1.19,1
2011-12-06T03:00:00Z,-1.05,1
2011-12-06T04:00:00Z,-0.75,1
2011-12-06T05:00:00Z,-0.28,1
2011-12-06T06:00:00Z,0.2,1
2011-12-06T07:00:00Z,0.7,1
2011-12-06T08:00:00Z,1,1
2011-12-06T09:00:00Z,1.08,1
2011-12-06T10:00:00Z,0.82,1
2011-12-06T11:00:00Z,0.31,1
2011-12-06T12:00:00Z,-0.29,1
2011-12-06T13:00:00Z,-0.84,1
2011-12-06T14:00:00Z,-1.13,1
2011-12-06T15:00:00Z,-1.13,1
2011-12-06T16:00:00Z,-0.82,1
2011-12-06T17:00:00Z,-0.31,1
2011-12-06T18:00:00Z,0.25,1
2011-12-06T19:00:00Z,0.71,1
2011-12-06T20:00:00Z,1.07,1
2011-12-06T21:00:00Z,1.2,1
2011-12-06T22:00:00Z,1.05,1
2011-12-06T23:00:00Z,0.59,1
2011-12-07T00:00:00Z,0.05,1
2011-12-07T01:00:00Z,-0.57,1
2011-12-07T02:00:00Z,-0.95,1
2011-12-07T03:00:00Z,-1.05,1
2011-12-07T04:00:00Z,-0.83,1
2011-12-07T05:00:00Z,-0.44,1
2011-12-07T06:00:00Z,0.16,1
2011-12-07T07:00:00Z,0.77,1
2011-12-07T08:00:00Z,1.16,1
2011-12-07T09:00:00Z,1.37,1
2011-12-07T10:00:00Z,1.27,1
2011-12-07T11:00:00Z,0.84,1
2011-12-07T12:00:00Z,0.2,1
2011-12-07T13:00:00Z,-0.49,1
2011-12-07T14:00:00Z,-1.04,1
2011-12-07T15:00:00Z,-1.3,1
2011-12-07T16:00:00Z,-1.16,1
2011-12-07T17:00:00Z,-0.79,1
2011-12-07T18:00:00Z,-0.31,1
2011-12-07T19:00:00Z,0.23,1
2011-12-07T20:00:00Z,0.7,1
2011-12-07T21:00:00Z,0.99,1
2011-12-07T22:00:00Z,1.08,1
2011-12-07T23:00:00Z,0.84,1
2011-12-08T00:00:00Z,0.28,1
2011-12-08T01:00:00Z,-0.44,1
2011-12-08T02:00:00Z,-1.05,1
2011-12-08T03:00:00Z,-1.4,1
2011-12-08T04:00:00Z,-1.42,1
2011-12-08T05:00:00Z,-1.08,1
2011-12-08T06:00:00Z,-0.51,1
2011-12-08T07:00:00Z,0.14,1
2011-12-08T08:00:00Z,0.74,1
2011-12-08T09:00:00Z,1.34,1
2011-12-08T10:00:00Z,1.64,1
2011-12-08T11:00:00Z,1.57,1
2011-12-08T12:00:00Z,1.24,1
2011-12-08T13:00:00Z,0.7,1
2011-12-08T14:00:00Z,0.12,1
2011-12-08T15:00:00Z,-0.27,1
2011-12-08T16:00:00Z,-0.51,1
2011-12-08T17:00:00Z,-0.37,1
2011-12-08T18:00:00Z,0.11,1
2011-12-08T19:00:00Z,0.61,1
2011-12-08T20:00:00Z,1.07,1
2011-12-08T21:00:00Z,1.3,1
2011-12-08T22:00:00Z,1.38,1
2011-12-08T23:00:00Z,1.32,1
2011-12-09T00:00:00Z,0.87,1
2011-12-09T01:00:00Z,0.07,1
2011-12-09T03:00:00Z,-1.34,1
2011-12-09T04:00:00Z,-1.58,1
2011-12-09T05:00:00Z,-1.4,1
2011-12-09T06:00:00Z,-0.88,1
2011-12-09T07:00:00Z,-0.2,1
2011-12-09T08:00:00Z,0.42,1
2011-12-09T09:00:00Z,0.96,1
2011-12-09T10:00:00Z,1.33,1
2011-12-09T11:00:00Z,1.39,1
2011-12-09T12:00:00Z,1.08,1
2011-12-09T13:00:00Z,0.45,1
2011-12-09T14:00:00Z,-0.36,1
2011-12-09T15:00:00Z,-1.06,1
2011-12-09T16:00:00Z,-1.51,1
2011-12-09T17:00:00Z,-1.51,1
2011-12-09T18:00:00Z,-1.12,1
2011-12-09T19:00:00Z,-0.49,1
2011-12-09T20:00:00Z,0.17,1
2011-12-09T21:00:00Z,0.77,1
2011-12-09T22:00:00Z,1.23,1
2011-12-09T23:00:00Z,1.4,1
2011-12-10T00:00:00Z,1.22,1
2011-12-10T01:00:00Z,0.66,1
2011-12-10T02:00:00Z,-0.1,1
2011-12-10T03:00:00Z,-0.88,1
2011-12-10T04:00:00Z,-1.39,1
2011-12-10T05:00:00Z,-1.41,1
2011-12-10T06:00:00Z,-1.09,1
2011-12-10T07:00:00Z,-0.49,1
2011-12-10T08:00:00Z,0.23,1
2011-12-10T09:00:00Z,0.84,1
2011-12-10T10:00:00Z,1.34,1
2011-12-10T11:00:00Z,1.59,1
2011-12-10T12:00:00Z,1.46,1
2011-12-10T13:00:00Z,0.97,1
2011-12-10T14:00:00Z,0.21,1
2011-12-10T15:00:00Z,-0.66,1
2011-12-10T16:00:00Z,-1.29,1
2011-12-10T17:00:00Z,-1.57,1
2011-12-10T18:00:00Z,-1.39,1
2011-12-10T19:00:00Z,-0.84,1
2011-12-10T20:00:00Z,-0.11,1
2011-12-10T21:00:00Z,0.59,1
2011-12-10T22:00:00Z,1.16,1
2011-12-10T23:00:00Z,1.55,1
2011-12-11T00:00:00Z,1.54,1
2011-12-11T01:00:00Z,1.17,1
2011-12-11T02:00:00Z,0.46,1
2011-12-11T03:00:00Z,-0.35,1
2011-12-11T04:00:00Z,-1.02,1
2011-12-11T05:00:00Z,-1.3,1
2011-12-11T06:00:00Z,-1.17,1
2011-12-11T07:00:00Z,-0.67,1
2011-12-11T08:00:00Z,0.02,1
2011-12-11T09:00:00Z,0.75,1
2011-12-11T10:00:00Z,1.34,1
2011-12-11T11:00:00Z,1.75,1
2011-12-11T12:00:00Z,1.87,1
2011-12-11T13:00:00Z,1.57,1
2011-12-11T14:00:00Z,0.87,1
2011-12-11T15:00:00Z,-0.03,1
2011-12-11T16:00:00Z,-0.91,1
2011-12-11T17:00:00Z,-1.44,1
2011-12-11T18:00:00Z,-1.59,1
2011-12-11T19:00:00Z,-1.16,1
2011-12-11T20:00:00Z,-0.54,1
2011-12-11T21:00:00Z,0.17,1
2011-12-11T22:00:00Z,0.79,1
2011-12-11T23:00:00Z,1.27,1
2011-12-12T00:00:00Z,1.49,1
2011-12-12T01:00:00Z,1.31,1
2011-12-12T02:00:00Z,0.82,1
2011-12-12T03:00:00Z,0.05,1
2011-12-12T04:00:00Z,-0.77,1
2011-12-12T05:00:00Z,-1.32,1
2011-12-12T06:00:00Z,-1.44,1
2011-12-12T07:00:00Z,-1.16,1
2011-12-12T08:00:00Z,-0.53,1
2011-12-12T09:00:00Z,0.25,1
2011-12-12T10:00:00Z,0.92,1
2011-12-12T11:00:00Z,1.46,1
2011-12-12T12:00:00Z,1.76,1
2011-12-12T13:00:00Z,1.66,1
2011-12-12T14:00:00Z,1.17,1
2011-12-12T15:00:00Z,0.4,1
2011-12-12T16:00:00Z,-0.49,1
2011-12-12T17:00:00Z,-1.24,1
2011-12-12T18:00:00Z,-1.49,1
2011-12-12T19:00:00Z,-1.38,1
2011-12-12T20:00:00Z,-0.84,1
2011-12-12T21:00:00Z,-0.07,1
2011-12-12T22:00:00Z,0.7,1
2011-12-12T23:00:00Z,1.41,1
2011-12-13T00:00:00Z,1.95,1
2011-12-13T01:00:00Z,2.02,1
2011-12-13T02:00:00Z,1.71,1
2011-12-13T03:00:00Z,0.96,1
2011-12-13T04:00:00Z,-0.07,1
2011-12-13T05:00:00Z,-0.85,1
2011-12-13T06:00:00Z,-1.2,1
2011-12-13T07:00:00Z,-1.13,1
2011-12-13T08:00:00Z,-0.71,1
2011-12-13T09:00:00Z,-0.08,1
2011-12-13T10:00:00Z,0.71,1
2011-12-13T11:00:00Z,1.35,1
2011-12-13T12:00:00Z,1.78,1
2011-12-13T13:00:00Z,2.01,1
2011-12-13T14:00:00Z,1.73,1
2011-12-13T15:00:00Z,1.21,1
2011-12-13T16:00:00Z,0.43,1
2011-12-13T17:00:00Z,-0.42,1
2011-12-13T18:00:00Z,-0.97,1
2011-12-13T19:00:00Z,-1.08,1
2011-12-13T20:00:00Z,-0.9,1
2011-12-13T21:00:00Z,-0.3,1
2011-12-13T22:00:00Z,0.39,1
2011-12-13T23:00:00Z,1.02,1
2011-12-14T00:00:00Z,1.5,1
2011-12-14T01:00:00Z,1.69,1
2011-12-14T02:00:00Z,1.63,1
2011-12-14T03:00:00Z,1.09,1
2011-12-14T04:00:00Z,0.37,1
2011-12-14T05:00:00Z,-0.46,1
2011-12-14T06:00:00Z,-1.09,1
2011-12-14T07:00:00Z,-1.31,1
2011-12-14T08:00:00Z,-1.11,1
2011-12-14T09:00:00Z,-0.6,1
2011-12-14T10:00:00Z,0.15,1
2011-12-14T11:00:00Z,0.85,1
2011-12-14T12:00:00Z,1.37,1
2011-12-14T13:00:00Z,1.76,1
2011-12-14T14:00:00Z,1.81,1
2011-12-14T15:00:00Z,1.43,1
2011-12-14T16:00:00Z,0.73,1
2011-12-14T17:00:00Z,-0.23,1
2011-12-14T18:00:00Z,-1.06,1
2011-12-14T19:00:00Z,-1.57,1
2011-12-14T20:00:00Z,-1.61,1
2011-12-14T21:00:00Z,-1.25,1
2011-12-14T22:00:00Z,-0.53,1
2011-12-14T23:00:00Z,0.18,1
2011-12-15T00:00:00Z,0.83,1
2011-12-15T01:00:00Z,1.34,1
2011-12-15T02:00:00Z,1.57,1
2011-12-15T03:00:00Z,1.43,1
2011-12-15T04:00:00Z,0.88,1
2011-12-15T05:00:00Z,0.08,1
2011-12-15T06:00:00Z,-0.76,1
2011-12-15T07:00:00Z,-1.26,1
2011-12-15T08:00:00Z,-1.47,1
2011-12-15T09:00:00Z,-1.16,1
2011-12-15T10:00:00Z,-0.62,1
2011-12-15T11:00:00Z,0.07,1
2011-12-15T12:00:00Z,0.66,1
2011-12-15T13:00:00Z,1.17,1
2011-12-15T14:00:00Z,1.49,1
2011-12-15T15:00:00Z,1.41,1
2011-12-15T16:00:00Z,0.98,1
2011-12-15T17:00:00Z,0.23,1
2011-12-15T18:00:00Z,-0.61,1
2011-12-15T19:00:00Z,-1.31,1
2011-12-15T20:00:00Z,-1.67,1
2011-12-15T21:00:00Z,-1.52,1
2011-12-15T22:00:00Z,-1.05,1
2011-12-15T23:00:00Z,-0.4,1
2011-12-16T00:00:00Z,0.26,1
2011-12-16T01:00:00Z,0.85,1
2011-12-16T02:00:00Z,1.28,1
2011-12-16T03:00:00Z,1.42,1
2011-12-16T04:00:00Z,1.16,1
2011-12-16T05:00:00Z,0.56,1
2011-12-16T06:00:00Z,-0.24,1
2011-12-16T07:00:00Z,-0.94,1
2011-12-16T08:00:00Z,-1.35,1
2011-12-16T09:00:00Z,-1.34,1
2011-12-16T10:00:00Z,-0.95,1
2011-12-16T11:00:00Z,-0.34,1
2011-12-16T12:00:00Z,0.31,1
2011-12-16T13:00:00Z,0.93,1
2011-12-16T14:00:00Z,1.44,1
2011-12-16T15:00:00Z,1.67,1
2011-12-16T16:00:00Z,1.54,1
2011-12-16T17:00:00Z,1.03,1
2011-12-16T18:00:00Z,0.23,1
2011-12-16T19:00:00Z,-0.65,1
2011-12-16T20:00:00Z,-1.36,1
2011-12-16T21:00:00Z,-1.7,1
2011-12-16T22:00:00Z,-1.61,1
2011-12-16T23:00:00Z,-1.18,1
2011-12-17T00:00:00Z,-0.63,1
2011-12-17T01:00:00Z,-0.02,1
2011-12-17T02:00:00Z,0.46,1
2011-12-17T03:00:00Z,0.82,1
2011-12-17T04:00:00Z,0.92,1
2011-12-17T05:00:00Z,0.68,1
2011-12-17T06:00:00Z,0.13,1
2011-12-17T07:00:00Z,-0.57,1
2011-12-17T08:00:00Z,-1.13,1
2011-12-17T09:00:00Z,-1.39,1
2011-12-17T10:00:00Z,-1.34,1
2011-12-17T11:00:00Z,-0.95,1
2011-12-17T12:00:00Z,-0.36,1
2011-12-17T13:00:00Z,0.23,1
2011-12-17T14:00:00Z,0.74,1
2011-12-17T15:00:00Z,1.14,1
2011-12-17T16:00:00Z,1.28,1
2011-12-17T17:00:00Z,1.08,1
2011-12-17T18:00:00Z,0.52,1
2011-12-17T19:00:00Z,-0.24,1
2011-12-17T20:00:00Z,-1.08,1
2011-12-17T21:00:00Z,-1.7,1
2011-12-17T22:00:00Z,-1.93,1
2011-12-17T23:00:00Z,-1.76,1
2011-12-18T00:00:00Z,-1.32,1
2011-12-18T01:00:00Z,-0.71,1
2011-12-18T02:00:00Z,-0.07,1
2011-12-18T03:00:00Z,0.51,1
2011-12-18T04:00:00Z,0.89,1
2011-12-18T05:00:00Z,0.99,1
2011-12-18T06:00:00Z,0.72,1
2011-12-18T07:00:00Z,0.23,1
2011-12-18T08:00:00Z,-0.45,1
2011-12-18T09:00:00Z,-1,1
2011-12-18T10:00:00Z,-1.28,1
2011-12-18T11:00:00Z,-1.24,1
2011-12-18T12:00:00Z,-0.89,1
2011-12-18T13:00:00Z,-0.41,1
2011-12-18T14:00:00Z,0.14,1
2011-12-18T15:00:00Z,0.67,1
2011-12-18T16:00:00Z,1.09,1
2011-12-18T17:00:00Z,1.3,1
2011-12-18T18:00:00Z,1.17,1
2011-12-18T19:00:00Z,0.67,1
2011-12-18T20:00:00Z,-0.05,1
2011-12-18T21:00:00Z,-0.82,1
2011-12-18T22:00:00Z,-1.39,1
2011-12-18T23:00:00Z,-1.64,1
2011-12-19T00:00:00Z,-1.5,1
2011-12-19T01:00:00Z,-1.08,1
2011-12-19T02:00:00Z,-0.51,1
2011-12-19T03:00:00Z,0.07,1
2011-12-19T04:00:00Z,0.65,1
2011-12-19T05:00:00Z,1.05,1
2011-12-19T06:00:00Z,1.17,1
2011-12-19T07:00:00Z,0.95,1
2011-12-19T08:00:00Z,0.45,1
2011-12-19T09:00:00Z,-0.21,1
2011-12-19T10:00:00Z,-0.78,1
2011-12-19T11:00:00Z,-1.07,1
2011-12-19T12:00:00Z,-1.08,1
2011-12-19T13:00:00Z,-0.73,1
2011-12-19T14:00:00Z,-0.13,1
2011-12-19T15:00:00Z,0.44,1
2011-12-19T16:00:00Z,0.96,1
2011-12-19T17:00:00Z,1.36,1
2011-12-19T18:00:00Z,1.57,1
2011-12-19T19:00:00Z,1.45,1
2011-12-19T20:00:00Z,0.99,1
2011-12-19T21:00:00Z,0.22,1
2011-12-19T22:00:00Z,-0.63,1
2011-12-19T23:00:00Z,-1.27,1
2011-12-20T00:00:00Z,-1.59,1
2011-12-20T01:00:00Z,-1.54,1
2011-12-20T02:00:00Z,-1.14,1
2011-12-20T03:00:00Z,-0.58,1
2011-12-20T04:00:00Z,0.04,1
2011-12-20T05:00:00Z,0.57,1
2011-12-20T06:00:00Z,0.98,1
2011-12-20T08:00:00Z,0.95,1
2011-12-20T09:00:00Z,0.49,1
2011-12-20T10:00:00Z,-0.23,1
2011-12-20T11:00:00Z,-0.87,1
2011-12-20T12:00:00Z,-1.27,1
2011-12-20T13:00:00Z,-1.31,1
2011-12-20T14:00:00Z,-1.07,1
2011-12-20T15:00:00Z,-0.63,1
2011-12-20T16:00:00Z,-0.08,1
2011-12-20T17:00:00Z,0.49,1
2011-12-20T18:00:00Z,0.95,1
2011-12-20T19:00:00Z,1.29,1
2011-12-20T20:00:00Z,1.29,1
2011-12-20T21:00:00Z,0.93,1
2011-12-20T22:00:00Z,0.23,1
2011-12-20T23:00:00Z,-0.53,1
2011-12-21T00:00:00Z,-1.16,1
2011-12-21T01:00:00Z,-1.57,1
2011-12-21T02:00:00Z,-1.47,1
2011-12-21T03:00:00Z,-1.1,1
2011-12-21T04:00:00Z,-0.5,1
2011-12-21T05:00:00Z,0.19,1
2011-12-21T06:00:00Z,0.76,1
2011-12-21T07:00:00Z,1.23,1
2011-12-21T08:00:00Z,1.39,1
2011-12-21T09:00:00Z,1.19,1
2011-12-21T10:00:00Z,0.65,1
2011-12-21T11:00:00Z,-0.1,1
2011-12-21T12:00:00Z,-0.85,1
2011-12-21T13:00:00Z,-1.38,1
2011-12-21T14:00:00Z,-1.51,1
2011-12-21T15:00:00Z,-1.28,1
2011-12-21T16:00:00Z,-0.78,1
2011-12-21T17:00:00Z,-0.15,1
2011-12-21T18:00:00Z,0.49,1
2011-12-21T19:00:00Z,1.04,1
2011-12-21T20:00:00Z,1.38,1
2011-12-21T21:00:00Z,1.38,1
2011-12-21T22:00:00Z,1.01,1
2011-12-21T23:00:00Z,0.32,1
2011-12-22T00:00:00Z,-0.52,1
2011-12-22T01:00:00Z,-1.26,1
2011-12-22T02:00:00Z,-1.67,1
2011-12-22T03:00:00Z,-1.62,1
2011-12-22T04:00:00Z,-1.19,1
2011-12-22T05:00:00Z,-0.55,1
2011-12-22T06:00:00Z,0.17,1
2011-12-22T07:00:00Z,0.81,1
2011-12-22T08:00:00Z,1.27,1
2011-12-22T09:00:00Z,1.43,1
2011-12-22T10:00:00Z,1.24,1
2011-12-22T11:00:00Z,0.68,1
2011-12-22T12:00:00Z,-0.13,1
2011-12-22T13:00:00Z,-0.95,1
2011-12-22T14:00:00Z,-1.51,1
2011-12-22T15:00:00Z,-1.64,1
2011-12-22T16:00:00Z,-1.38,1
2011-12-22T17:00:00Z,-0.83,1
2011-12-22T18:00:00Z,-0.11,1
2011-12-22T19:00:00Z,0.6,1
2011-12-22T20:00:00Z,1.2,1
2011-12-22T21:00:00Z,1.59,1
2011-12-22T22:00:00Z,1.61,1
2011-12-22T23:00:00Z,1.22,1
2011-12-23T00:00:00Z,0.45,1
2011-12-23T01:00:00Z,-0.42,1
2011-12-23T02:00:00Z,-1.21,1
2011-12-23T03:00:00Z,-1.54,1
2011-12-23T04:00:00Z,-1.45,1
2011-12-23T05:00:00Z,-0.91,1
2011-12-23T06:00:00Z,-0.18,1
2011-12-23T07:00:00Z,0.57,1
2011-12-23T08:00:00Z,1.24,1
2011-12-23T09:00:00Z,1.67,1
2011-12-23T10:00:00Z,1.79,1
2011-12-23T11:00:00Z,1.5,1
2011-12-23T12:00:00Z,0.78,1
2011-12-23T13:00:00Z,-0.17,1
2011-12-23T14:00:00Z,-1.12,1
2011-12-23T15:00:00Z,-1.74,1
2011-12-23T16:00:00Z,-1.94,1
2011-12-23T17:00:00Z,-1.6,1
2011-12-23T18:00:00Z,-0.99,1
2011-12-23T19:00:00Z,-0.15,1
2011-12-23T20:00:00Z,0.53,1
2011-12-23T21:00:00Z,1.12,1
2011-12-23T22:00:00Z,1.47,1
2011-12-23T23:00:00Z,1.41,1
2011-12-24T00:00:00Z,0.93,1
2011-12-24T01:00:00Z,0.08,1
2011-12-24T02:00:00Z,-0.92,1
2011-12-24T03:00:00Z,-1.69,1
2011-12-24T04:00:00Z,-2.06,1
2011-12-24T05:00:00Z,-1.84,1
2011-12-24T06:00:00Z,-1.24,1
2011-12-24T07:00:00Z,-0.42,1
2011-12-24T08:00:00Z,0.4,1
2011-12-24T09:00:00Z,1.06,1
2011-12-24T10:00:00Z,1.52,1
2011-12-24T11:00:00Z,1.62,1
2011-12-24T12:00:00Z,1.28,1
2011-12-24T13:00:00Z,0.57,1
2011-12-24T14:00:00Z,-0.38,1
2011-12-24T15:00:00Z,-1.3,1
2011-12-24T16:00:00Z,-1.82,1
2011-12-24T17:00:00Z,-1.88,1
2011-12-24T18:00:00Z,-1.43,1
2011-12-24T19:00:00Z,-0.67,1
2011-12-24T20:00:00Z,0.18,1
2011-12-24T21:00:00Z,0.92,1
2011-12-24T22:00:00Z,1.45,1
2011-12-24T23:00:00Z,1.74,1
2011-12-25T00:00:00Z,1.59,1
2011-12-25T01:00:00Z,0.98,1
2011-12-25T02:00:00Z,0.07,1
2011-12-25T03:00:00Z,-0.97,1
2011-12-25T04:00:00Z,-1.71,1
2011-12-25T05:00:00Z,-2.01,1
2011-12-25T06:00:00Z,-1.74,1
2011-12-25T07:00:00Z,-1.01,1
2011-12-25T08:00:00Z,-0.09,1
2011-12-25T09:00:00Z,0.71,1
2011-12-25T10:00:00Z,1.41,1
2011-12-25T11:00:00Z,1.83,1
2011-12-25T12:00:00Z,1.87,1
2011-12-25T13:00:00Z,1.46,1
2011-12-25T14:00:00Z,0.59,1
2011-12-25T15:00:00Z,-0.44,1
2011-12-25T16:00:00Z,-1.36,1
2011-12-25T17:00:00Z,-1.84,1
2011-12-25T18:00:00Z,-1.83,1
2011-12-25T19:00:00Z,-1.29,1
2011-12-25T20:00:00Z,-0.52,1
2011-12-25T21:00:00Z,0.24,1
2011-12-25T22:00:00Z,0.92,1
2011-12-25T23:00:00Z,1.43,1
2011-12-26T00:00:00Z,1.68,1
2011-12-26T01:00:00Z,1.46,1
2011-12-26T02:00:00Z,0.82,1
2011-12-26T03:00:00Z,-0.15,1
2011-12-26T04:00:00Z,-1.1,1
2011-12-26T05:00:00Z,-1.74,1
2011-12-26T06:00:00Z,-1.84,1
2011-12-26T07:00:00Z,-1.43,1
2011-12-26T08:00:00Z,-0.6,1
2011-12-26T09:00:00Z,0.33,1
2011-12-26T10:00:00Z,1.12,1
2011-12-26T11:00:00Z,1.71,1
2011-12-26T12:00:00Z,2.02,1
2011-12-26T13:00:00Z,1.85,1
2011-12-26T14:00:00Z,1.3,1
2011-12-26T15:00:00Z,0.31,1
2011-12-26T16:00:00Z,-0.76,1
2011-12-26T17:00:00Z,-1.62,1
2011-12-26T18:00:00Z,-1.98,1
2011-12-26T19:00:00Z,-1.84,1
2011-12-26T20:00:00Z,-1.18,1
2011-12-26T21:00:00Z,-0.32,1
2011-12-26T22:00:00Z,0.5,1
2011-12-26T23:00:00Z,1.12,1
2011-12-27T00:00:00Z,1.56,1
2011-12-27T01:00:00Z,1.65,1
2011-12-27T02:00:00Z,1.38,1
2011-12-27T03:00:00Z,0.61,1
2011-12-27T04:00:00Z,-0.38,1
2011-12-27T05:00:00Z,-1.36,1
2011-12-27T06:00:00Z,-1.86,1
2011-12-27T07:00:00Z,-1.88,1
2011-12-27T08:00:00Z,-1.38,1
2011-12-27T09:00:00Z,-0.59,1
2011-12-27T10:00:00Z,0.28,1
2011-12-27T11:00:00Z,1.01,1
2011-12-27T12:00:00Z,1.52,1
2011-12-27T13:00:00Z,1.72,1
2011-12-27T14:00:00Z,1.49,1
2011-12-27T15:00:00Z,0.84,1
2011-12-27T16:00:00Z,-0.16,1
2011-12-27T17:00:00Z,-1.19,1
2011-12-27T18:00:00Z,-1.89,1
2011-12-27T19:00:00Z,-2.09,1
2011-12-27T20:00:00Z,-1.73,1
2011-12-27T21:00:00Z,-1.07,1
2011-12-27T22:00:00Z,-0.22,1
2011-12-27T23:00:00Z,0.54,1
2011-12-28T00:00:00Z,1.14,1
2011-12-28T01:00:00Z,1.62,1
2011-12-28T02:00:00Z,1.68,1
2011-12-28T03:00:00Z,1.33,1
2011-12-28T04:00:00Z,0.54,1
2011-12-28T05:00:00Z,-0.39,1
2011-12-28T06:00:00Z,-1.14,1
2011-12-28T07:00:00Z,-1.55,1
2011-12-28T08:00:00Z,-1.39,1
2011-12-28T09:00:00Z,-0.85,1
2011-12-28T10:00:00Z,0.06,1
2011-12-28T11:00:00Z,0.87,1
2011-12-28T12:00:00Z,1.54,1
2011-12-28T13:00:00Z,1.92,1
2011-12-28T14:00:00Z,1.95,1
2011-12-28T15:00:00Z,1.64,1
2011-12-28T16:00:00Z,0.94,1
2011-12-28T17:00:00Z,-0.04,1
2011-12-28T18:00:00Z,-0.99,1
2011-12-28T19:00:00Z,-1.62,1
2011-12-28T20:00:00Z,-1.83,1
2011-12-28T21:00:00Z,-1.56,1
2011-12-28T22:00:00Z,-0.87,1
2011-12-28T23:00:00Z,-0.19,1
2011-12-29T00:00:00Z,0.38,1
2011-12-29T01:00:00Z,0.76,1
2011-12-29T02:00:00Z,0.98,1
2011-12-29T03:00:00Z,0.87,1
2011-12-29T04:00:00Z,0.48,1
2011-12-29T05:00:00Z,-0.29,1
2011-12-29T06:00:00Z,-1.07,1
2011-12-29T07:00:00Z,-1.59,1
2011-12-29T08:00:00Z,-1.63,1
2011-12-29T09:00:00Z,-1.44,1
2011-12-29T10:00:00Z,-0.77,1
2011-12-29T11:00:00Z,0.03,1
2011-12-29T12:00:00Z,0.77,1
2011-12-29T13:00:00Z,1.29,1
2011-12-29T14:00:00Z,1.7,1
2011-12-29T15:00:00Z,1.65,1
2011-12-29T16:00:00Z,1.27,1
2011-12-29T17:00:00Z,0.51,1
2011-12-29T18:00:00Z,-0.45,1
2011-12-29T19:00:00Z,-1.32,1
2011-12-29T20:00:00Z,-1.76,1
2011-12-29T21:00:00Z,-1.76,1
2011-12-29T22:00:00Z,-1.34,1
2011-12-29T23:00:00Z,-0.75,1
2011-12-30T00:00:00Z,-0.1,1
2011-12-30T01:00:00Z,0.42,1
2011-12-30T02:00:00Z,0.82,1
2011-12-30T03:00:00Z,1.02,1
2011-12-30T04:00:00Z,0.86,1
2011-12-30T05:00:00Z,0.37,1
2011-12-30T06:00:00Z,-0.35,1
2011-12-30T07:00:00Z,-1.12,1
2011-12-30T08:00:00Z,-1.59,1
2011-12-30T09:00:00Z,-1.66,1
2011-12-30T10:00:00Z,-1.33,1
2011-12-30T11:00:00Z,-0.73,1
2011-12-30T12:00:00Z,-0.02,1
2011-12-30T13:00:00Z,0.59,1
2011-12-30T14:00:00Z,1.05,1
2011-12-30T15:00:00Z,1.31,1
2011-12-30T16:00:00Z,1.24,1
2011-12-30T17:00:00Z,0.86,1
2011-12-30T18:00:00Z,0.17,1
2011-12-30T19:00:00Z,-0.58,1
2011-12-30T20:00:00Z,-1.18,1
2011-12-30T21:00:00Z,-1.46,1
2011-12-30T22:00:00Z,-1.34,1
2011-12-30T23:00:00Z,-0.95,1
2011-12-31T00:00:00Z,-0.4,1
2011-12-31T01:00:00Z,0.24,1
2011-12-31T02:00:00Z,0.73,1
2011-12-31T03:00:00Z,1.1,1
2011-12-31T04:00:00Z,1.16,1
2011-12-31T05:00:00Z,0.92,1
2011-12-31T06:00:00Z,0.37,1
2011-12-31T07:00:00Z,-0.36,1
2011-12-31T08:00:00Z,-0.98,1
2011-12-31T09:00:00Z,-1.32,1
2011-12-31T10:00:00Z,-1.33,1
2011-12-31T11:00:00Z,-0.95,1
2011-12-31T12:00:00Z,-0.4,1
2011-12-31T13:00:00Z,0.23,1
2011-12-31T14:00:00Z,0.79,1
2011-12-31T15:00:00Z,1.25,1
2011-12-31T16:00:00Z,1.48,1
2011-12-31T17:00:00Z,1.28,1
2011-12-31T18:00:00Z,0.89,1
2011-12-31T19:00:00Z,0.19,1
2011-12-31T20:00:00Z,-0.52,1
2011-12-31T21:00:00Z,-1.02,1
2011-12-31T22:00:00Z,-1.23,1
2011-12-31T23:00:00Z,-1.11,1
